0,0.7465708119094292,0.6477848648741481
1,0.7543578544471002,0.6477848648741481
2,0.7715456575777836,0.6477848648741481
3,0.7578230152860893,0.6477848648741481
4,0.8678610535286464,0.6477848648741481
5,0.7549361925547113,0.6477848648741481
6,0.5782752003259679,0.6477848648741481
7,0.8516068490015295,0.6477848648741481
8,0.7511196877846775,0.6477848648741481
9,0.6275366274235747,0.6477848648741481
10,0.6262577593640432,0.6477848648741481
11,0.7228723961855292,0.6477848648741481
12,0.8130661926504702,0.6477848648741481
13,0.5486703162577029,0.6477848648741481
14,0.6537591795165957,0.6477848648741481
15,0.4410889827534558,0.6477848648741481
16,0.48500112967517994,0.6477848648741481
17,0.6104678338159977,0.6477848648741481
18,0.7050183698289533,0.6477848648741481
19,0.5969267864341185,0.6477848648741481
20,0.5727535996723224,0.6477848648741481
21,0.5836943115418528,0.6477848648741481
22,0.4982587097765732,0.6477848648741481
23,0.5864489274595889,0.6477848648741481
24,0.46758823879127626,0.6477848648741481
25,0.6513093885530271,0.6477848648741481
26,0.7779563587056105,0.6477848648741481
27,0.602353755911546,0.6477848648741481
28,0.7643739970753716,0.6477848648741481
29,0.5778999372794112,0.6477848648741481
30,0.6723425803209617,0.6477848648741481
31,0.9586777593723916,0.6477848648741481
32,0.534411928635175,0.6477848648741481
33,0.7805969927763858,0.6477848648741481
34,0.685886769711784,0.6477848648741481
35,0.6636865543076258,0.6477848648741481
36,0.6785308273425906,0.6477848648741481
37,0.8187373663114016,0.6477848648741481
38,0.810028909315545,0.6477848648741481
39,0.6673506075752323,0.6477848648741481
40,0.5358249556590837,0.6477848648741481
41,0.598098639083691,0.6477848648741481
42,0.48363942758404743,0.6477848648741481
43,0.5060455349040957,0.6477848648741481
44,0.603995472021889,0.6477848648741481
45,0.5671404058907367,0.6477848648741481
46,0.5118831516699958,0.6477848648741481
47,0.5350854678793161,0.6477848648741481
48,0.4338497557928213,0.6477848648741481
49,0.550187158127756,0.6477848648741481
50,0.6981517144848097,0.6477848648741481
51,0.6044513104308465,0.6477848648741481
52,0.7145661617746885,0.6477848648741481
53,0.7016236213044642,0.6477848648741481
54,0.8046380719568674,0.6477848648741481
55,0.7744520570582998,0.6477848648741481
56,0.6879851088765444,0.6477848648741481
57,0.7784012860068006,0.6477848648741481
58,0.6718281807760469,0.6477848648741481
59,0.6870246616084809,0.6477848648741481
60,0.7719591598501249,0.6477848648741481
61,0.4558220168767905,0.6477848648741481
62,0.47360836271781565,0.6477848648741481
63,0.6446910058518976,0.6477848648741481
64,0.4313887030005142,0.6477848648741481
65,0.7690838079475748,0.6477848648741481
66,0.5095076250833067,0.6477848648741481
67,0.5032914911727022,0.6477848648741481
68,0.6258794120434785,0.6477848648741481
69,0.7617358209615754,0.6477848648741481
70,0.6915347889436416,0.6477848648741481
71,0.5934761206240312,0.6477848648741481
72,0.6602681055594659,0.6477848648741481
73,0.522866330588108,0.6477848648741481
74,0.5451438244885207,0.6477848648741481
75,0.6893483294969445,0.6477848648741481
76,0.7523961679114652,0.6477848648741481
77,0.7139482061225356,0.6477848648741481
78,0.7266247596382963,0.6477848648741481
79,0.7564482203321936,0.6477848648741481
80,0.48947121074782474,0.6477848648741481
81,0.7199012635915397,0.6477848648741481
82,0.6663979478025415,0.6477848648741481
83,0.6914265105715265,0.6477848648741481
84,0.8112305987433868,0.6477848648741481
85,0.8198310429067545,0.6477848648741481
86,0.6219305767285251,0.6477848648741481
87,0.6829706039634782,0.6477848648741481
88,0.4960428481445937,0.6477848648741481
89,0.7586380599703723,0.6477848648741481
90,0.7848630437967965,0.6477848648741481
91,0.6638468700158238,0.6477848648741481
92,0.6295709389816964,0.6477848648741481
93,0.517485288652312,0.6477848648741481
94,0.3471106651090994,0.6477848648741481
95,0.7566908182951267,0.6477848648741481
96,0.5491137789510254,0.6477848648741481
97,0.4604323583768693,0.6477848648741481
98,0.5534652513443673,0.6477848648741481
99,0.6670881846772059,0.6477848648741481
100,0.7207640133988211,0.6477848648741481
101,0.6900058536338215,0.6477848648741481
102,0.7450693118148962,0.6477848648741481
103,0.6123438419472677,0.6477848648741481
104,0.5544164335872686,0.6477848648741481
105,0.7174974827935932,0.6477848648741481
106,0.7661227818686283,0.6477848648741481
107,0.6569288449701917,0.6477848648741481
108,0.6964471597985951,0.6477848648741481
109,0.7924861103041648,0.6477848648741481
110,0.6021236165344218,0.6477848648741481
111,0.551706989459961,0.6477848648741481
112,0.6534867291542054,0.6477848648741481
113,0.6689704458490392,0.6477848648741481
114,0.6967973448363716,0.6477848648741481
115,0.5976717517631914,0.6477848648741481
116,0.5495906898802396,0.6477848648741481
117,0.59147799187357,0.6477848648741481
118,0.44658090274018114,0.6445303543503227
119,0.5253963063340382,0.6445303543503227
120,0.619099124435054,0.6445303543503227
121,0.5051793310787752,0.6445303543503227
122,0.6006330323466279,0.6445303543503227
123,0.56362926823354,0.6445303543503227
124,0.6731167866858988,0.6445303543503227
125,0.6313033210713056,0.6445303543503227
126,0.6476790176561307,0.6445303543503227
127,0.6860222779035603,0.6445303543503227
128,0.6978260306353989,0.6445303543503227
129,0.6208426145102116,0.6445303543503227
130,0.7365863934028293,0.6445303543503227
131,0.6070002410296546,0.6445303543503227
132,0.6193849845690287,0.6445303543503227
133,0.7382281837088579,0.6445303543503227
134,0.5500899826002417,0.6445303543503227
135,0.8415138304444659,0.6445303543503227
136,0.6602484067584793,0.6445303543503227
137,0.7956531036411063,0.6445303543503227
138,0.6575348399247212,0.6445303543503227
139,0.5605359392534975,0.6445303543503227
140,0.6421485197351174,0.6445303543503227
141,0.5154682982636523,0.6445303543503227
142,0.6318547654789831,0.6445303543503227
143,0.8337702050886223,0.6445303543503227
144,0.3944364920076444,0.6445303543503227
145,0.531631021944107,0.6445303543503227
146,0.5342797769915728,0.6445303543503227
147,0.4044814730978812,0.6445303543503227
148,0.7098026484850182,0.6445303543503227
149,0.32743795213923205,0.6445303543503227
150,0.5196340681129246,0.6445303543503227
151,0.6338161799053497,0.6445303543503227
152,0.7117053849543655,0.6445303543503227
153,0.6032530511372518,0.6445303543503227
154,0.8015166688777071,0.6445303543503227
155,0.8767691610830911,0.6445303543503227
156,0.7222255201690863,0.6445303543503227
157,0.719655304735537,0.6445303543503227
158,0.6757342483685327,0.6445303543503227
159,0.8023397146571323,0.6445303543503227
160,0.7238894288706824,0.6445303543503227
161,0.7271401185030893,0.6445303543503227
162,0.5966144306390847,0.6445303543503227
163,0.774002108562337,0.6445303543503227
164,0.7395661794753705,0.6445303543503227
165,0.6505622548722397,0.6445303543503227
166,0.5436210322226082,0.6445303543503227
167,0.6030419994263252,0.6445303543503227
168,0.6124776713683592,0.6445303543503227
169,0.5534196970936156,0.6445303543503227
170,0.5834803945242203,0.6445303543503227
171,0.5549974580100139,0.6445303543503227
172,0.6292163693153598,0.6445303543503227
173,0.6473528712571966,0.6445303543503227
174,0.609270435520834,0.6445303543503227
175,0.4723360194924306,0.6445303543503227
176,0.7053769727447216,0.6445303543503227
177,0.8711260189695664,0.6445303543503227
178,0.7066487345833143,0.6445303543503227
179,0.7157246222020568,0.6445303543503227
180,0.8494492964646645,0.6445303543503227
181,0.8289437581864798,0.6445303543503227
182,0.5562294635730718,0.6445303543503227
183,0.5968307081235692,0.6445303543503227
184,0.6831545265630273,0.6445303543503227
185,0.6267578752982774,0.6445303543503227
186,0.8252020238650072,0.6445303543503227
187,0.8306284238163457,0.6445303543503227
188,0.5532005729376764,0.6445303543503227
189,0.6205385721496156,0.6445303543503227
190,0.6779919728694307,0.6445303543503227
191,0.5083528842144692,0.6445303543503227
192,0.4237980907467592,0.6445303543503227
193,0.47420817897893336,0.6445303543503227
194,0.5211344890255534,0.6445303543503227
195,0.733263651216595,0.6445303543503227
196,0.6608269967212514,0.6445303543503227
197,0.530475286589297,0.6445303543503227
198,0.727792215077552,0.6445303543503227
199,0.7147425337509723,0.6445303543503227
200,0.5267587406418204,0.6445303543503227
201,0.7596348830796905,0.6445303543503227
202,0.5610893509620033,0.6445303543503227
203,0.7015556129040661,0.6445303543503227
204,0.694151974934816,0.6445303543503227
205,0.57539738935373,0.6445303543503227
206,0.8017183627536618,0.6445303543503227
207,0.8153681795214263,0.6445303543503227
208,0.649964457722234,0.6445303543503227
209,0.6988260137720725,0.6445303543503227
210,0.6138522746218967,0.6445303543503227
211,0.5873702614081825,0.6445303543503227
212,0.5172442453187334,0.6445303543503227
213,0.7855201828984256,0.6445303543503227
214,0.5864155602761829,0.6445303543503227
215,0.8515913623228715,0.6445303543503227
216,0.6071395533572138,0.6445303543503227
217,0.5931641806579497,0.6445303543503227
218,0.5689369297052002,0.6445303543503227
219,0.5726807339967633,0.6445303543503227
220,0.6510822773104842,0.6445303543503227
221,0.4373433279580999,0.6445303543503227
222,0.6572137896996468,0.6445303543503227
223,0.5775770925314185,0.6445303543503227
224,0.5260003860662922,0.6445303543503227
225,0.725447255263486,0.6445303543503227
226,0.6834440914057502,0.6445303543503227
227,0.6847791369930392,0.6445303543503227
228,0.6684075809995504,0.6445303543503227
229,0.7473724090245902,0.6445303543503227
230,0.6661340168322383,0.6445303543503227
231,0.8976721607730606,0.6445303543503227
232,0.7092084785540421,0.6445303543503227
233,0.6265261514080223,0.6445303543503227
234,0.8099075919544352,0.6445303543503227
235,0.5854964645566847,0.6445303543503227
236,0.5713144311782983,0.6445303543503227
237,0.6976415013589935,0.6445303543503227
238,0.5698091695390266,0.6445303543503227
239,0.6806752423172769,0.6445303543503227
240,0.7614197202007281,0.6445303543503227
241,0.6685966273983904,0.6445303543503227
242,0.6299657075790067,0.6445303543503227
243,0.6118460845740699,0.6445303543503227
244,0.5202094856063191,0.6445303543503227
245,0.7173682902124837,0.6445303543503227
246,0.48947420860083113,0.6445303543503227
247,0.5579635036279663,0.6445303543503227
248,0.33593682390688406,0.6445303543503227
249,0.4999198218352244,0.6445303543503227
250,0.7031630707287396,0.6445303543503227
251,0.9532914457819054,0.6445303543503227
252,0.6857202509312845,0.6445303543503227
253,0.7266432874164255,0.6445303543503227
254,0.6706284769505795,0.6445303543503227
255,0.6473328863600656,0.6445303543503227
256,0.6576429067758315,0.6445303543503227
257,0.7385508397921005,0.6445303543503227
258,0.7495519367333081,0.6445303543503227
259,0.6824270530334965,0.6445303543503227
260,0.6467445443972233,0.6445303543503227
261,0.6372407341221905,0.6445303543503227
262,0.7878260401597426,0.6445303543503227
263,0.5162290158023791,0.6445303543503227
264,0.5887702943783628,0.6445303543503227
265,0.5894568789096523,0.6445303543503227
266,0.4298583569944199,0.6445303543503227
267,0.5837476581311838,0.6445303543503227
268,0.6234407769521925,0.6445303543503227
269,0.6938471067312633,0.6445303543503227
270,0.7018006081096633,0.6445303543503227
271,0.5389695510693205,0.6445303543503227
272,0.42719927809803576,0.6445303543503227
273,0.7810085880964575,0.6445303543503227
274,0.4901501976201121,0.6445303543503227
275,0.5757815310368386,0.6445303543503227
276,0.6278588968451608,0.6445303543503227
277,0.7027076269319473,0.6445303543503227
278,0.7979148975805287,0.6445303543503227
279,0.5341919604050102,0.6445303543503227
280,0.7399540610902001,0.6445303543503227
281,0.658876548086501,0.6445303543503227
282,0.8653263476982934,0.6445303543503227
283,0.5650105186332862,0.6445303543503227
284,0.7276118842854723,0.6445303543503227
285,0.7355839245663148,0.6445303543503227
286,0.7030042929228423,0.6445303543503227
287,0.6536549615255769,0.6445303543503227
288,0.7678225553429944,0.6445303543503227
289,0.5820600127308646,0.6445303543503227
290,0.6322713412864649,0.5457655754355032
291,0.5860152288554616,0.5457655754355032
292,0.37175600008108367,0.5457655754355032
293,0.5444520513821899,0.5457655754355032
294,0.5069811485012611,0.5457655754355032
295,0.4841798316851914,0.5457655754355032
296,0.34995945177941634,0.5457655754355032
297,0.5877088237473527,0.5457655754355032
298,0.39308544977950094,0.5457655754355032
299,0.31617600248462113,0.5457655754355032
300,0.5432506007087665,0.5457655754355032
301,0.6515331150111835,0.5457655754355032
302,0.6716536121311024,0.5457655754355032
303,0.5179566064654983,0.5457655754355032
304,0.3951622096454559,0.5457655754355032
305,0.6922925562760107,0.5457655754355032
306,0.5874289034218622,0.5457655754355032
307,0.5733346680346085,0.5457655754355032
308,0.5820387052406902,0.5457655754355032
309,0.44077104590608507,0.5457655754355032
310,0.5230175861801843,0.5457655754355032
311,0.5896141248181177,0.5457655754355032
312,0.5703813962137647,0.5457655754355032
313,0.6372885879018332,0.5457655754355032
314,0.4646049456823628,0.5457655754355032
315,0.530832411553369,0.5457655754355032
316,0.4888222880686817,0.5457655754355032
317,0.44816431311554805,0.5457655754355032
318,0.47715538902224375,0.5457655754355032
319,0.46061288578216597,0.5457655754355032
320,0.48032803128900137,0.5457655754355032
321,0.5132593536420293,0.5457655754355032
322,0.6308186365467899,0.5457655754355032
323,0.4681235753620937,0.5457655754355032
324,0.6577227928415419,0.5457655754355032
325,0.5093708038432263,0.5457655754355032
326,0.3588420119699227,0.5457655754355032
327,0.45003481315028165,0.5457655754355032
328,0.6587510057755374,0.5457655754355032
329,0.5349069470230594,0.5457655754355032
330,0.6993556272422753,0.5457655754355032
331,0.4465952706322085,0.5457655754355032
332,0.565846959482839,0.5457655754355032
333,0.671171408938525,0.5457655754355032
334,0.6340891735539508,0.5457655754355032
335,0.551402185649206,0.5457655754355032
336,0.31991075130687296,0.5457655754355032
337,0.5792147628795072,0.5457655754355032
338,0.6915124545483153,0.5457655754355032
339,0.3582290047367043,0.5457655754355032
340,0.5101894316042737,0.5457655754355032
341,0.48230668769769647,0.5457655754355032
342,0.5094164029442352,0.5457655754355032
343,0.5891187714077194,0.5457655754355032
344,0.44495246528651655,0.5457655754355032
345,0.40863049478401686,0.5457655754355032
346,0.6163321916283775,0.5457655754355032
347,0.6748121056478381,0.5457655754355032
348,0.41508827604459,0.5457655754355032
349,0.47723021094790125,0.5457655754355032
350,0.5793259936968631,0.5457655754355032
351,0.573361532303704,0.5457655754355032
352,0.4696453839153907,0.5457655754355032
353,0.38359080378551974,0.5457655754355032
354,0.4445553344341109,0.5457655754355032
355,0.8466457868939513,0.5457655754355032
356,0.46899959967770755,0.5457655754355032
357,0.5407334965033941,0.5457655754355032
358,0.5637121955764832,0.5457655754355032
359,0.733232891855579,0.5457655754355032
360,0.39601020641344686,0.5457655754355032
361,0.6105196173326786,0.5457655754355032
362,0.42674018744194925,0.5457655754355032
363,0.44300921361718415,0.5457655754355032
364,0.42737252683156446,0.5457655754355032
365,0.5464998494980943,0.5457655754355032
366,0.43169200436796806,0.5457655754355032
367,0.5874500893422065,0.5457655754355032
368,0.35378151704524197,0.5457655754355032
369,0.4468939653050269,0.5457655754355032
370,0.2275654313863837,0.5457655754355032
371,0.5969809889407376,0.5457655754355032
372,0.7105487886017374,0.5457655754355032
373,0.23722917940318267,0.5457655754355032
374,0.3819829773685953,0.5457655754355032
375,0.4959406604544244,0.5457655754355032
376,0.4624261043057266,0.5457655754355032
377,0.7037672725842591,0.5457655754355032
378,0.5330432704570552,0.5457655754355032
379,0.5870542116993789,0.5457655754355032
380,0.3644985661323355,0.5457655754355032
381,0.6878163815905772,0.5457655754355032
382,0.4813725333824762,0.5457655754355032
383,0.625138974942193,0.5457655754355032
384,0.6270463109221411,0.5457655754355032
385,0.5881226580372859,0.5457655754355032
386,0.666990559000872,0.5457655754355032
387,0.5770411822735768,0.5457655754355032
388,0.8130564612276859,0.5457655754355032
389,0.5772749346566501,0.5457655754355032
390,0.45500622746091457,0.5457655754355032
391,0.3849450070086221,0.5457655754355032
392,0.5880333025255202,0.5457655754355032
393,0.3025463195326104,0.5457655754355032
394,0.39984379507371753,0.5457655754355032
395,0.46724546529583766,0.5457655754355032
396,0.5511410984135283,0.5457655754355032
397,0.6032289492133045,0.5457655754355032
398,0.6488363310038933,0.5457655754355032
399,0.6921881493439587,0.5457655754355032
400,0.4682381911163907,0.5457655754355032
401,0.46070811733548045,0.5457655754355032
402,-1.5790487055109448,-1.5896317277643905
403,-1.732556772402992,-1.5896317277643905
404,-1.5491583927648125,-1.5896317277643905
405,-1.4917883094299844,-1.5896317277643905
406,-1.5886899202666456,-1.5896317277643905
407,-1.561041920744337,-1.5896317277643905
408,-1.7477445742840263,-1.5896317277643905
409,-1.623659903236257,-1.5896317277643905
410,-1.3624841156122178,-1.5896317277643905
411,-1.5845707130278908,-1.5896317277643905
412,-1.87833588229227,-1.5896317277643905
413,-1.5407347222922352,-1.5896317277643905
414,-1.5194440534120603,-1.5896317277643905
415,-1.609343711147165,-1.5896317277643905
416,-1.4651539831174427,-1.5896317277643905
417,-1.745952914817963,-1.5896317277643905
418,-1.7112338535275153,-1.5896317277643905
419,-1.6652953980069005,-1.5896317277643905
420,-1.6605539618582723,-1.5896317277643905
421,-1.7046828262875833,-1.5896317277643905
422,-1.6296703577427147,-1.5896317277643905
423,-1.4858401904573766,-1.5896317277643905
424,-1.524284084676755,-1.5896317277643905
425,-1.5391463139473167,-1.5896317277643905
426,-1.3773160832856453,-1.5896317277643905
427,-1.682082820981099,-1.5896317277643905
428,-1.4583111301922262,-1.5896317277643905
429,-1.675360727643497,-1.5896317277643905
430,-1.3967355327572695,-1.5896317277643905
431,-1.5341494997499157,-1.5896317277643905
432,-1.5549031137890734,-1.5896317277643905
433,-1.4258825915053086,-1.5896317277643905
434,-1.524079707449774,-1.5896317277643905
435,-1.6083953396251847,-1.5896317277643905
436,-1.5714112771951187,-1.5896317277643905
437,-1.5209664447706261,-1.5896317277643905
438,-1.4224196823105197,-1.5896317277643905
439,-1.483606548884205,-1.5896317277643905
440,-1.7461358293844456,-1.5896317277643905
441,-1.7252398134079125,-1.5896317277643905
442,-1.7392165063997558,-1.5896317277643905
443,-1.6602943541362372,-1.5896317277643905
444,-1.4937127435842568,-1.5896317277643905
445,-1.7684134585730973,-1.5896317277643905
446,-1.7419572104384327,-1.5896317277643905
447,-1.4942572698080618,-1.5896317277643905
448,-1.6957157025748648,-1.5896317277643905
449,-1.64060688936577,-1.5896317277643905
450,-1.5303244666576674,-1.5896317277643905
451,-1.6799601221729097,-1.5896317277643905
452,-1.4136212064434546,-1.5896317277643905
453,-1.4689809459446912,-1.5896317277643905
454,-1.4160344631867716,-1.5896317277643905
455,-1.4926921832937239,-1.5896317277643905
456,-1.4478775318298662,-1.5896317277643905
457,-1.282614705149198,-1.5896317277643905
458,-1.611017467865534,-1.5896317277643905
459,-1.4033905883246687,-1.5896317277643905
460,-1.4347274019131246,-1.5896317277643905
461,-1.5676164060238793,-1.5896317277643905
462,-1.7177632661716797,-1.5896317277643905
463,-1.749562565591215,-1.5896317277643905
464,-1.4638689965234517,-1.5896317277643905
465,-1.7520173743116034,-1.5896317277643905
466,-1.6776909972814185,-1.5896317277643905
467,-1.5567822774928934,-1.5896317277643905
468,-1.8541769484434072,-1.5896317277643905
469,-1.7353668520203602,-1.5896317277643905
470,-1.7937475190009105,-1.5896317277643905
471,-1.6702208163548877,-1.5896317277643905
472,-1.4911141685329075,-1.5896317277643905
473,-1.8160470079761766,-1.5896317277643905
474,-1.6940620987707962,-1.5896317277643905
475,-1.4167326101801099,-1.5896317277643905
476,-1.5311532516157536,-1.5896317277643905
477,-1.4677951875315232,-1.5896317277643905
478,-1.4954078418530607,-1.5896317277643905
479,-1.3138626324909926,-1.5896317277643905
480,-1.409997843632075,-1.5896317277643905
481,-1.4917861070720069,-1.5896317277643905
482,-1.3809917181196916,-1.5896317277643905
483,-1.516667951397972,-1.5896317277643905
484,-1.6099147669649039,-1.5896317277643905
485,-1.3892215922485545,-1.5896317277643905
486,-1.600844178712187,-1.5896317277643905
487,-1.49328444372568,-1.5896317277643905
488,-1.6846686993114552,-1.5896317277643905
489,-1.5746196226726619,-1.5896317277643905
490,-1.670763140577285,-1.5896317277643905
491,-1.5804386975475941,-1.5896317277643905
492,-1.6218882735781863,-1.5896317277643905
493,-1.5212104098470765,-1.5896317277643905
494,-1.3925171235725302,-1.5896317277643905
495,-1.799545038170785,-1.5896317277643905
496,-1.6637841196227299,-1.5896317277643905
497,-1.7875186583107967,-1.5896317277643905
498,-1.6565960860469895,-1.5896317277643905
499,-1.781195098950523,-1.5896317277643905
500,-1.6379348335453146,-1.5896317277643905
501,-1.4541336030095517,-1.5896317277643905
502,-1.6351539670929582,-1.5896317277643905
503,-1.4248586311204283,-1.5896317277643905
504,-1.581683499512125,-1.5896317277643905
505,-1.5810854600528188,-1.5896317277643905
506,-1.4930536814817215,-1.5896317277643905
507,-1.5247797815300528,-1.5896317277643905
508,-1.5982195446449083,-1.5896317277643905
509,-1.6351177449099092,-1.5896317277643905
510,-1.6035059162674612,-1.5896317277643905
511,-1.4521078689767106,-1.5896317277643905
512,-1.6540621961355297,-1.5896317277643905
513,-1.6042748146778383,-1.5896317277643905
514,-1.4614824925006487,-1.5896317277643905
515,-1.673840802543161,-1.5896317277643905
516,-1.6751032946957596,-1.5896317277643905
517,-1.5990428027582457,-1.5896317277643905
518,-1.7224877971202468,-1.5896317277643905
519,-1.7113713691012287,-1.5896317277643905
520,-1.751404627059683,-1.5896317277643905
521,-1.5180032752748338,-1.5896317277643905
522,-1.465372887979571,-1.5896317277643905
523,-1.6686481728269709,-1.5896317277643905
524,-1.6810437056979788,-1.5896317277643905
525,-1.6452574092697696,-1.5896317277643905
526,-1.6826471721939673,-1.5896317277643905
527,-1.448021729522007,-1.5896317277643905
528,-1.7353341141907712,-1.5896317277643905
529,-1.5106723945301934,-1.5896317277643905
530,-1.440932983957072,-1.5896317277643905
531,-1.4925424326014103,-1.5896317277643905
532,-1.402116906231889,-1.5896317277643905
533,-1.5590835467774022,-1.5896317277643905
534,-1.5453443631148132,-1.5896317277643905
535,-1.5683368338421118,-1.5896317277643905
536,-1.5099702571674023,-1.5896317277643905
537,-1.8597419716430732,-1.5896317277643905
538,-1.7213958986826385,-1.5896317277643905
539,-1.505814960539797,-1.5896317277643905
540,-1.4860651300452428,-1.5896317277643905
541,-1.7393002398995427,-1.5896317277643905
542,-1.8378758162123758,-1.5896317277643905
543,-1.7798152244018843,-1.5896317277643905
544,-1.7815490672927368,-1.5896317277643905
545,-1.8551998103718248,-1.5896317277643905
546,-1.6473279112123604,-1.5896317277643905
547,-1.5708946462300508,-1.5896317277643905
548,-1.516451166687214,-1.5896317277643905
549,-1.7211140835986471,-1.5896317277643905
550,-1.5998949004685625,-1.5896317277643905
551,-1.6356664551231779,-1.5896317277643905
552,-1.6184940605383622,-1.5896317277643905
553,-1.53034223283885,-1.5896317277643905
554,-1.3488009280488178,-1.5896317277643905
555,-1.4583241327369136,-1.5896317277643905
556,-1.4313555863292369,-1.5896317277643905
557,-1.667300733817227,-1.5896317277643905
558,-1.6809197759872232,-1.5896317277643905
559,-1.448647167157717,-1.5896317277643905
560,-1.5560490818571655,-1.5896317277643905
561,-1.6197051723347922,-1.5896317277643905
562,-1.6255409288394285,-1.5896317277643905
563,-1.5634767104938134,-1.5896317277643905
564,-1.5158053522511996,-1.5896317277643905
565,-1.5574893760391377,-1.5896317277643905
566,-1.790772925877934,-1.5896317277643905
567,-1.6746813776254592,-1.5896317277643905
568,-1.6646787366879008,-1.5896317277643905
569,-1.4609530814316345,-1.5896317277643905
570,-1.6830022384674712,-1.5896317277643905
571,-1.6777092502295878,-1.5896317277643905
572,-1.6388657098379185,-1.5896317277643905
573,-1.8213194266571642,-1.5896317277643905
574,-1.6603017715474275,-1.5896317277643905
575,-1.5856641898525043,-1.5896317277643905
576,-1.4136996836303537,-1.5896317277643905
577,-1.3453984180306413,-1.5896317277643905
578,-1.4465833215172752,-1.5896317277643905
579,-1.5459757588095062,-1.5896317277643905
580,-1.4401918213927396,-1.5896317277643905
581,-1.4134238030733959,-1.5896317277643905
582,-1.3326552210201719,-1.5896317277643905
583,-1.4547826759220057,-1.5896317277643905
584,-1.4300023795630499,-1.5896317277643905
585,-1.6346663787735034,-1.5896317277643905
586,-1.4399915456109325,-1.5896317277643905
587,-1.7692415258794174,-1.5896317277643905
588,-1.4158622205908806,-1.5896317277643905
589,-1.6094091173886187,-1.5896317277643905
590,-1.5954563808147422,-1.5896317277643905
591,-1.7293622614134356,-1.5896317277643905
592,-1.5558851649545176,-1.5896317277643905
593,-1.7357127308534028,-1.5896317277643905
594,-2.0169026144702427,-1.5896317277643905
595,-1.5918730622497392,-1.5896317277643905
596,-1.5744399183487858,-1.5896317277643905
597,-1.4660820938947596,-1.5896317277643905
598,-1.7746060609009324,-1.5896317277643905
599,-1.6016164044317192,-1.5896317277643905
600,-1.7211423453192833,-1.5896317277643905
601,-1.6678403977207439,-1.5896317277643905
602,-1.55432275767271,-1.5896317277643905
603,-1.5136895074315513,-1.5896317277643905
604,-1.3627804103938406,-1.5896317277643905
605,-1.5356327507234686,-1.5896317277643905
606,-1.5707577193541133,-1.5896317277643905
607,-1.5466646958627188,-1.5896317277643905
608,-1.6080850368251374,-1.5896317277643905
609,-1.538577136867489,-1.5896317277643905
610,-1.635470929349285,-1.5896317277643905
611,-1.6042190340696303,-1.5896317277643905
612,-1.4854016303284536,-1.5896317277643905
613,-1.6536907401943428,-1.5896317277643905
614,-1.5160996551294645,-1.5896317277643905
615,-1.6239194982072787,-1.5896317277643905
616,-1.7078221119026644,-1.5896317277643905
617,-1.7596252800505794,-1.5896317277643905
618,-1.477182676972404,-1.5896317277643905
619,-1.703489717054712,-1.5896317277643905
620,-1.566453479521915,-1.5896317277643905
621,-1.6392599397989693,-1.5896317277643905
622,-1.779032693164543,-1.5896317277643905
623,-1.7274896271076945,-1.5896317277643905
624,-1.7059219133709898,-1.5896317277643905
625,-1.6223325812065332,-1.5896317277643905
626,-1.7544768938439097,-1.5896317277643905
627,-1.5340417302793996,-1.5896317277643905
628,-1.5160101809125246,-1.5896317277643905
629,-1.5300385304712898,-1.5896317277643905
630,-1.6123456291247429,-1.5896317277643905
631,-1.4581311014878346,-1.5896317277643905
632,-1.583471019559614,-1.5896317277643905
633,-1.5722953781539313,-1.5896317277643905
634,-1.5908751822284555,-1.5896317277643905
635,-1.3419476196285447,-1.5896317277643905
636,-1.517372607389211,-1.5896317277643905
637,-1.590830697640722,-1.5896317277643905
638,-1.6889416501845076,-1.5896317277643905
639,-1.617544388742811,-1.5896317277643905
640,-1.6162823846684395,-1.5896317277643905
641,-1.7858729512875517,-1.5896317277643905
642,-1.6542718838716568,-1.5896317277643905
643,-1.690242528500772,-1.5896317277643905
644,-1.7936767412336472,-1.5896317277643905
645,-1.6122573194315095,-1.5896317277643905
646,-1.6895936077645894,-1.5896317277643905
647,-1.763760531663364,-1.5896317277643905
648,-1.6727042075339806,-1.5896317277643905
649,-1.7569864517345277,-1.5896317277643905
650,-1.5433007723716332,-1.5896317277643905
651,-1.3849209290135895,-1.5896317277643905
652,-1.5352561546820027,-1.5896317277643905
653,-1.4643826423307762,-1.5896317277643905
654,-1.4567415349842532,-1.5896317277643905
655,-1.474142440952355,-1.5896317277643905
656,-1.4022314282007906,-1.5896317277643905
657,-1.6863565122127604,-1.5896317277643905
658,-1.3458904585581182,-1.5896317277643905
659,-1.4917213229271717,-1.5896317277643905
660,-1.6002158543787228,-1.5896317277643905
661,-1.6439845353307962,-1.5896317277643905
662,-1.4375411560203453,-1.5896317277643905
663,-1.3758271136107278,-1.5896317277643905
664,-1.7859668356341507,-1.5896317277643905
665,-1.4965871734388292,-1.5896317277643905
666,-1.67340216761718,-1.5896317277643905
667,-1.6655188927091626,-1.5896317277643905
668,-1.6405414545565355,-1.5896317277643905
669,-1.4753410518576313,-1.5896317277643905
670,-1.565309035085027,-1.5896317277643905
671,-1.7638574746240394,-1.5896317277643905
672,-1.5385770676668484,-1.5896317277643905
673,-1.6044482246665759,-1.5896317277643905
674,-1.5465439130677536,-1.5896317277643905
675,-1.5311482753441852,-1.5896317277643905
676,-1.6164667608057437,-1.5896317277643905
677,-1.490403800435483,-1.5896317277643905
678,-1.559214864611787,-1.5896317277643905
679,-1.6148026000583746,-1.5896317277643905
680,-1.4423634762200268,-1.5896317277643905
681,-1.4356241783874424,-1.5896317277643905
682,-1.5337276858063424,-1.5896317277643905
683,-1.6157545327295137,-1.5896317277643905
684,-1.618166876390121,-1.5896317277643905
685,-1.5585598747402043,-1.5896317277643905
686,-1.6707464832638723,-1.5896317277643905
687,-1.3421361873828457,-1.5896317277643905
688,-1.663238631486195,-1.5896317277643905
689,-1.4943077466665207,-1.5896317277643905
690,-1.473586032552281,-1.5896317277643905
691,-1.444269394317706,-1.5896317277643905
692,-1.6798816744606042,-1.5896317277643905
693,-1.6530123784925084,-1.5896317277643905
694,-1.4598842357240607,-1.5896317277643905
695,-1.6611216562665427,-1.5896317277643905
696,-1.727114636333344,-1.5896317277643905
697,-1.5534344581654234,-1.5896317277643905
698,-1.6917004804846276,-1.5896317277643905
699,-1.5234658152685752,-1.5896317277643905
700,-1.4309014524594357,-1.5896317277643905
701,-1.6879929707439094,-1.5896317277643905
702,-1.7337045715585682,-1.5896317277643905
703,-1.582594258769967,-1.5896317277643905
704,-1.5182391898482233,-1.5896317277643905
705,-1.3905006274564653,-1.5896317277643905
706,-1.4982091426597257,-1.5896317277643905
707,-1.5075620137472308,-1.5896317277643905
708,-1.5770309671264593,-1.5896317277643905
709,-1.3429325728890191,-1.5896317277643905
710,-1.4791434780206223,-1.5896317277643905
711,-1.571652320368677,-1.5896317277643905
712,-1.7400998359316415,-1.5896317277643905
713,-1.443226198975512,-1.5896317277643905
714,-1.7576967759085245,-1.5896317277643905
715,-1.6449924057509089,-1.5896317277643905
716,-1.5842968725008937,-1.5896317277643905
717,-1.7178215364804015,-1.5896317277643905
718,-1.6468492324998418,-1.5896317277643905
719,-1.6098401144143173,-1.5896317277643905
720,-1.656359387904067,-1.5896317277643905
721,-1.7380224949480676,-1.5896317277643905
722,-1.6859555140616382,-1.5896317277643905
723,-1.6741120916653889,-1.5896317277643905
724,-1.5889161680940118,-1.5896317277643905
725,-1.6906546454558014,-1.5896317277643905
726,-1.6801934406632184,-1.5896317277643905
727,-1.5722073982855262,-1.5896317277643905
728,-1.5787544981151613,-1.5896317277643905
729,-1.371261460601299,-1.5896317277643905
730,-1.5204763596875357,-1.5896317277643905
731,-1.5665470877974903,-1.5896317277643905
732,-1.575552573177097,-1.5896317277643905
733,-1.564033138431823,-1.5896317277643905
734,-1.6607439235264645,-1.5896317277643905
735,-1.699959141668467,-1.5896317277643905
736,-1.564309806850353,-1.5896317277643905
737,-1.6622206799780799,-1.5896317277643905
738,-1.6228796592517767,-1.5896317277643905
739,-1.571845808606962,-1.5896317277643905
740,-1.5920424724825986,-1.5896317277643905
741,-1.505679614467665,-1.5896317277643905
742,-1.6888983230502075,-1.5896317277643905
743,-1.8336218518408467,-1.5896317277643905
744,-1.7377602716690714,-1.5896317277643905
745,-1.5432915186631502,-1.5896317277643905
746,-1.755979801266626,-1.5896317277643905
747,-1.551506728704049,-1.5896317277643905
748,-1.4909839384000048,-1.5896317277643905
749,-1.554079510680728,-1.5896317277643905
750,-1.5071059917616492,-1.5896317277643905
751,-1.606691515122663,-1.5896317277643905
752,-1.4942014724939585,-1.5896317277643905
753,-1.5842651536631367,-1.5896317277643905
754,-1.4673242202923065,-1.5896317277643905
755,-1.680560682626153,-1.5896317277643905
756,-1.6992680216963794,-1.5896317277643905
757,-1.6825110727854116,-1.5896317277643905
758,-1.6287868121882372,-1.5896317277643905
759,-1.6620896890567014,-1.5896317277643905
760,-1.5947033447612164,-1.5896317277643905
761,-1.5325870274597908,-1.5896317277643905
762,-1.5773702199935606,-1.5896317277643905
763,-1.4073353944623213,-1.5896317277643905
764,-1.607791937841724,-1.5896317277643905
765,-1.6467606233976086,-1.5896317277643905
766,-1.47122614752212,-1.5896317277643905
767,-1.5074816229972203,-1.5896317277643905
768,-1.590237067019637,-1.5896317277643905
769,-1.6200358968586297,-1.5896317277643905
770,-1.639988781850557,-1.5896317277643905
771,-1.5958421910812837,-1.5896317277643905
772,-1.6541654382596707,-1.5896317277643905
773,0.10747336660240929,0.26581367537306
774,0.4435291089419553,0.26581367537306
775,0.2786545468902226,0.26581367537306
776,0.2457086422348857,0.26581367537306
777,0.48414811966250504,0.26581367537306
778,0.4001700895323646,0.26581367537306
779,0.35471505884042775,0.26581367537306
780,0.41969098094775514,0.26581367537306
781,0.4091230100735915,0.26581367537306
782,0.26896366816627415,0.26581367537306
783,0.46925770696646163,0.26581367537306
784,0.059334441133723756,0.26581367537306
785,0.279017860681663,0.26581367537306
786,0.22401638990407605,0.26581367537306
787,-1.5748136750666402,-1.7512906726751325
788,-1.6584040862489924,-1.7512906726751325
789,-1.8318581840948347,-1.7512906726751325
790,-1.5954322469764117,-1.7512906726751325
791,-1.9664986397504154,-1.7512906726751325
792,-1.7373572287501742,-1.7512906726751325
793,-1.8413225160147926,-1.7512906726751325
794,-1.7834208064035495,-1.7512906726751325
795,-1.5983363728480868,-1.7512906726751325
796,-1.736565804741483,-1.7512906726751325
797,-1.9600377123773849,-1.7512906726751325
798,-1.5290120809804189,-1.7512906726751325
799,-1.8919223438176351,-1.7512906726751325
800,-1.8084424921672684,-1.7512906726751325
801,-1.8109673851589891,-1.7512906726751325
802,-1.5759908206535633,-1.7512906726751325
803,-1.793247123488098,-1.7512906726751325
804,-1.7168916786032566,-1.7512906726751325
805,-1.6522090730546446,-1.7512906726751325
806,-1.7706110725263675,-1.7512906726751325
807,-1.5891891458384497,-1.7512906726751325
808,-1.6019447317669566,-1.7512906726751325
809,-1.7071600151250457,-1.7512906726751325
810,-1.8408502504550324,-1.7512906726751325
811,-1.8939123889876959,-1.7512906726751325
812,-1.6914514363369002,-1.7512906726751325
813,-1.7478346653601269,-1.7512906726751325
814,-1.7248202800355144,-1.7512906726751325
815,-1.6655300481996256,-1.7512906726751325
816,-1.741880248276073,-1.7512906726751325
817,-1.7093742724799905,-1.7512906726751325
818,-1.79141815547737,-1.7512906726751325
819,-1.907912072737865,-1.7512906726751325
820,-1.6966697756064384,-1.7512906726751325
821,-1.587721334881393,-1.7512906726751325
822,-1.600235052315744,-1.7512906726751325
823,-1.8998018499434952,-1.7512906726751325
824,-1.7428938609373106,-1.7512906726751325
825,-1.9526598247917386,-1.7512906726751325
826,-1.5797625117067826,-1.7512906726751325
827,-2.0299104844853826,-1.7512906726751325
828,-1.6358170350929986,-1.7512906726751325
829,-1.603966445519914,-1.7512906726751325
830,-1.575313911937335,-1.7512906726751325
831,-1.6988969918863002,-1.7512906726751325
832,-1.648888748325709,-1.7512906726751325
833,-1.7514015616293122,-1.7512906726751325
834,-1.87639924622744,-1.7512906726751325
835,-1.647308019578268,-1.7512906726751325
836,-1.7678611410709748,-1.7512906726751325
837,-1.7905033983754104,-1.7512906726751325
838,-1.8128687040349036,-1.7512906726751325
839,-1.7657388509854575,-1.7512906726751325
840,-1.9502855456560817,-1.7512906726751325
841,-1.9032158955584069,-1.7512906726751325
842,-1.8762270177098046,-1.7512906726751325
843,-1.8992896617469968,-1.7512906726751325
844,-1.7191565784126726,-1.7512906726751325
845,-1.935467919097594,-1.7512906726751325
846,-1.7682877827949521,-1.7512906726751325
847,-1.8098930871280474,-1.7512906726751325
848,-1.831075590971948,-1.7512906726751325
849,-1.6043022021433246,-1.7512906726751325
850,-1.6254497113415092,-1.7512906726751325
851,-1.9606081776362865,-1.7512906726751325
852,-1.837037085757545,-1.7512906726751325
853,-1.8374569927626658,-1.7512906726751325
854,-1.7469589700860142,-1.7512906726751325
855,-1.6203661072496618,-1.7512906726751325
856,-1.7582846593324897,-1.7512906726751325
857,-1.4770966214888401,-1.7512906726751325
858,-1.7797418199978075,-1.7512906726751325
859,-1.7368737055371444,-1.7512906726751325
860,-1.684811172798126,-1.7512906726751325
861,-1.6530355697070545,-1.7512906726751325
862,-1.6439073992537563,-1.7512906726751325
863,-1.825170887656601,-1.7512906726751325
864,-1.5964196251119203,-1.7512906726751325
865,-1.648128727476379,-1.7512906726751325
866,-1.9665927843023332,-1.7512906726751325
867,-1.7587683306941555,-1.7512906726751325
868,-1.8445663714316087,-1.7512906726751325
869,-1.9028410294089713,-1.7512906726751325
870,-1.7979709243637583,-1.7512906726751325
871,-1.6553687239170929,-1.7512906726751325
872,-1.793174436933764,-1.7512906726751325
873,-1.7145160786552418,-1.7512906726751325
874,-1.8161026465071997,-1.7512906726751325
875,-1.8481922824853805,-1.7512906726751325
876,-1.7848300035420868,-1.7512906726751325
877,-1.7752288439373896,-1.7512906726751325
878,-1.7113307811429495,-1.7512906726751325
879,-1.7129841722347356,-1.7512906726751325
880,-1.6032372192263087,-1.7512906726751325
881,-1.8219783189555423,-1.7512906726751325
882,-1.865439873497339,-1.7512906726751325
883,-1.6922981922286071,-1.7512906726751325
884,-1.7388382957784776,-1.7512906726751325
885,-1.7622043052259249,-1.7512906726751325
886,-1.6510598419474998,-1.7512906726751325
887,-1.8342169551523135,-1.7512906726751325
888,-1.9043840129471377,-1.7512906726751325
889,-1.7575072964733447,-1.7512906726751325
890,-1.6424702091922045,-1.7512906726751325
891,-1.8454936750046036,-1.7512906726751325
892,-1.9485083748488818,-1.7512906726751325
893,-1.7358395549853078,-1.7512906726751325
894,-1.8650476341903663,-1.7512906726751325
895,-1.7450001314165666,-1.7512906726751325
896,-1.7262555239662571,-1.7512906726751325
897,-1.7827465618436784,-1.7512906726751325
898,-1.8056695461928307,-1.7512906726751325
899,-1.7776138835978592,-1.7512906726751325
900,-1.855044540364047,-1.7512906726751325
901,-1.7420402179750496,-1.7512906726751325
902,-1.6207140325874039,-1.7512906726751325
903,-1.5639763418048602,-1.7512906726751325
904,-1.6168282743797637,-1.7512906726751325
905,-1.4891235182812557,-1.7512906726751325
906,-1.8147324157118072,-1.7512906726751325
907,-1.8854523854884,-1.7512906726751325
908,-1.5559798284141306,-1.7512906726751325
909,-1.7369108051997124,-1.7512906726751325
910,-1.7582610651894726,-1.7512906726751325
911,-1.7138739321299445,-1.7512906726751325
912,-1.7448342476706795,-1.7512906726751325
913,-1.7015673691940152,-1.7512906726751325
914,-1.880425281861621,-1.7512906726751325
915,-1.712243045680972,-1.7512906726751325
916,-1.8411764391961492,-1.7512906726751325
917,-1.799043444181446,-1.7512906726751325
918,-1.841696169895082,-1.7512906726751325
919,-1.87185462323435,-1.7512906726751325
920,-1.9694840392697115,-1.7512906726751325
921,-1.6764480785122737,-1.7512906726751325
922,-1.8088839362291087,-1.7512906726751325
923,-1.8248542894223692,-1.7512906726751325
924,-1.601414177438687,-1.7512906726751325
925,-1.7781535632676633,-1.7512906726751325
926,-1.6866134201290632,-1.7512906726751325
927,-1.688879304926412,-1.7512906726751325
928,-1.6262122325091177,-1.7512906726751325
929,-1.5919703678695725,-1.7512906726751325
930,-1.7228560178439778,-1.7512906726751325
931,-1.6662020019647799,-1.7512906726751325
932,-1.6598961097506257,-1.7512906726751325
933,-1.6440760112086514,-1.7512906726751325
934,-1.7484110935780424,-1.7512906726751325
935,-1.6270122465858707,-1.7512906726751325
936,-1.9594956207865084,-1.7512906726751325
937,-1.7051802619592407,-1.7512906726751325
938,-1.6301136107586467,-1.7512906726751325
939,-1.7280261056120458,-1.7512906726751325
940,-1.9809745685971447,-1.7512906726751325
941,-1.8834079009358982,-1.7512906726751325
942,-1.8043977191972516,-1.7512906726751325
943,-1.836385054536342,-1.7512906726751325
944,-1.9228902559332628,-1.7512906726751325
945,-1.705116047471822,-1.7512906726751325
946,-1.725674462643418,-1.7512906726751325
947,-1.5360503976230055,-1.7512906726751325
948,-1.8694124824773397,-1.7512906726751325
949,-1.5736456831895511,-1.7512906726751325
950,-1.9234789759040296,-1.7512906726751325
951,-1.714307891958997,-1.7512906726751325
952,-1.738061509155657,-1.7512906726751325
953,-1.7619796218739272,-1.7512906726751325
954,-1.5938216248531172,-1.7512906726751325
955,-1.567233283794253,-1.7512906726751325
956,-1.7108576156006832,-1.7512906726751325
957,-1.8724923255111263,-1.7512906726751325
958,-1.8690381273571874,-1.7512906726751325
959,-1.5519758146567773,-1.7512906726751325
960,-1.8447239026145437,-1.7512906726751325
961,-1.743371154902464,-1.7512906726751325
962,-1.7330768246163601,-1.7512906726751325
963,-1.7584150002994785,-1.7512906726751325
964,-1.7770829580020575,-1.7512906726751325
965,-1.7869600039575966,-1.7512906726751325
966,-1.6117461675341416,-1.7512906726751325
967,-1.7248331401999673,-1.7512906726751325
968,-1.8573063251009978,-1.7512906726751325
969,-1.8399876574058576,-1.7512906726751325
970,-1.9058512706662185,-1.7512906726751325
971,-1.735727612492786,-1.7512906726751325
972,-1.9137549084738834,-1.7512906726751325
973,-1.9002781568387186,-1.7512906726751325
974,-1.8683372037048136,-1.7512906726751325
975,-1.861344358722389,-1.7512906726751325
976,-1.757111315392363,-1.7512906726751325
977,-1.6794043949374144,-1.7512906726751325
978,-1.7006662892354436,-1.7512906726751325
979,-1.7360334795273382,-1.7512906726751325
980,-1.616597367638392,-1.7512906726751325
981,-1.7465616480257533,-1.7512906726751325
982,-1.778892817730377,-1.7512906726751325
983,-1.6055641458181251,-1.7512906726751325
984,-1.690433925609659,-1.7512906726751325
985,-1.803845772187459,-1.7512906726751325
986,-1.9211382187469221,-1.7512906726751325
987,-1.8062768765492392,-1.7512906726751325
988,-1.6942837042185401,-1.7512906726751325
989,-1.76497744406475,-1.7512906726751325
990,-1.9649068450009575,-1.7512906726751325
991,-1.7146912100311777,-1.7512906726751325
992,-1.7725368491721827,-1.7512906726751325
993,-1.721369115674064,-1.7512906726751325
994,-1.8693998061357326,-1.7512906726751325
995,-1.7202128972418722,-1.7512906726751325
996,-1.672273271471865,-1.7512906726751325
997,-1.7995650579431706,-1.7512906726751325
998,-1.8151311487120427,-1.7512906726751325
999,-1.7513007657314827,-1.7512906726751325
1000,-1.9620865355842763,-1.7512906726751325
1001,-1.7337339260687068,-1.7512906726751325
1002,-1.7432423542572724,-1.7512906726751325
1003,-1.5956986390978491,-1.7512906726751325
1004,-1.615771137230284,-1.7512906726751325
1005,-1.5173191485571975,-1.7512906726751325
1006,-1.642944451612749,-1.7512906726751325
1007,-1.5953198962421693,-1.7512906726751325
1008,-1.7939890369553793,-1.7512906726751325
1009,-1.7905115146981079,-1.7512906726751325
1010,-1.6936176126130043,-1.7512906726751325
1011,-1.7908579906362005,-1.7512906726751325
1012,-1.7241811351730016,-1.7512906726751325
1013,-1.752407817803496,-1.7512906726751325
1014,-1.861944020049046,-1.7512906726751325
1015,-1.7593403601952113,-1.7512906726751325
1016,-1.9243350276511182,-1.7512906726751325
1017,-1.7954171742996403,-1.7512906726751325
1018,-1.8130797030156065,-1.7512906726751325
1019,-1.8464098314413415,-1.7512906726751325
1020,-1.9131265028841091,-1.7512906726751325
1021,-1.8273022362754001,-1.7512906726751325
1022,-1.9096986157742715,-1.7512906726751325
1023,-1.6897595524501723,-1.7512906726751325
1024,-1.9202440381456731,-1.7512906726751325
1025,-1.72323253506572,-1.7512906726751325
1026,-1.7009052622280978,-1.7512906726751325
1027,-1.868579917467085,-1.7512906726751325
1028,-1.619618421226037,-1.7512906726751325
1029,-1.7959589627593147,-1.7512906726751325
1030,-1.787266214779248,-1.7512906726751325
1031,-1.691363508439135,-1.7512906726751325
1032,-1.6202934228451709,-1.7512906726751325
1033,-1.628969916173561,-1.7512906726751325
1034,-1.7437029590246942,-1.7512906726751325
1035,-1.7980077956968001,-1.7512906726751325
1036,-1.681914072051927,-1.7512906726751325
1037,-1.8353103834323594,-1.7512906726751325
1038,-1.5520309283532026,-1.7512906726751325
1039,-1.7489456653616604,-1.7512906726751325
1040,-1.922505818456838,-1.7512906726751325
1041,-1.8911603677175928,-1.7512906726751325
1042,-1.7675495522731124,-1.7512906726751325
1043,-1.5867827194742203,-1.7512906726751325
1044,-1.6926022713733624,-1.7512906726751325
1045,-1.7694006317243356,-1.7512906726751325
1046,-1.8496696635868008,-1.7512906726751325
1047,-1.6688099353904589,-1.7512906726751325
1048,-1.6785369260189338,-1.7512906726751325
1049,-1.935606809621263,-1.7512906726751325
1050,-1.685933532595175,-1.7512906726751325
1051,-1.719188551380761,-1.7512906726751325
1052,-1.8804689978317448,-1.7512906726751325
1053,-1.7096794233942174,-1.7512906726751325
1054,-1.8269331366613228,-1.7512906726751325
1055,-1.6763954081072259,-1.7512906726751325
1056,-1.6563063229315382,-1.7512906726751325
1057,-1.615381286306009,-1.7512906726751325
1058,-1.5515709117230225,-1.7512906726751325
1059,-1.5593973218870396,-1.7512906726751325
1060,-1.6187573671718618,-1.7512906726751325
1061,-1.8713935212799058,-1.7512906726751325
1062,-1.8037846955636625,-1.7512906726751325
1063,-1.8806922128834174,-1.7512906726751325
1064,-1.7044136538707761,-1.7512906726751325
1065,-1.78981043241336,-1.7512906726751325
1066,-1.8107699646785256,-1.7512906726751325
1067,-1.7629286725723392,-1.7512906726751325
1068,-1.8230026167568354,-1.7512906726751325
1069,-1.8034094967293868,-1.7512906726751325
1070,-1.7823537190855316,-1.7512906726751325
1071,-1.6278610031189094,-1.7512906726751325
1072,-1.8793371993859218,-1.7512906726751325
1073,-1.6710372344931865,-1.7512906726751325
1074,-1.8437550930955084,-1.7512906726751325
1075,-1.722646721206898,-1.7512906726751325
1076,-1.7987543895127607,-1.7512906726751325
1077,-1.7227724230809907,-1.7512906726751325
1078,-1.7653001430900226,-1.7512906726751325
1079,-1.768457069803676,-1.7512906726751325
1080,-1.6669144639043,-1.7512906726751325
1081,-1.7058009477993763,-1.7512906726751325
1082,-1.5292154685861914,-1.7512906726751325
1083,-1.9147771020912103,-1.7512906726751325
1084,-1.7819982482374845,-1.7512906726751325
1085,-1.6004649849516397,-1.7512906726751325
1086,-1.7892512738332227,-1.7512906726751325
1087,-1.7886283016648399,-1.7512906726751325
1088,-1.7246230181148272,-1.7512906726751325
1089,-1.7129572412738845,-1.7512906726751325
1090,-1.8150638451302723,-1.7512906726751325
1091,-1.7127706896404808,-1.7512906726751325
1092,-1.7322314458679795,-1.7512906726751325
1093,-1.7957116832723041,-1.7512906726751325
1094,-1.5828549034266393,-1.7512906726751325
1095,-1.856982038177241,-1.7512906726751325
1096,-1.7967685404094778,-1.7512906726751325
1097,-1.745127524563802,-1.7512906726751325
1098,-1.6332869182007492,-1.7512906726751325
1099,-1.5186696624032734,-1.7512906726751325
1100,-1.755742612765275,-1.7512906726751325
1101,-1.9404644484790639,-1.7512906726751325
1102,-1.7688062268756806,-1.7512906726751325
1103,-1.6543465782838873,-1.7512906726751325
1104,-1.7417602642818182,-1.7512906726751325
1105,-1.670068714946688,-1.7512906726751325
1106,-1.6610142640937158,-1.7512906726751325
1107,-1.7714674394535301,-1.7512906726751325
1108,-1.7420649509170314,-1.7512906726751325
1109,-1.589045141723106,-1.7512906726751325
1110,-1.7553007936354985,-1.7512906726751325
1111,-1.738754919660478,-1.7512906726751325
1112,-1.8068350358950398,-1.7512906726751325
1113,-1.7372226231382895,-1.7512906726751325
1114,-1.8363330280749803,-1.7512906726751325
1115,-1.6750835352175306,-1.7512906726751325
1116,-1.7805968755359107,-1.7512906726751325
1117,-1.9302957949029664,-1.7512906726751325
1118,-1.7202976752170531,-1.7512906726751325
1119,-1.7245181384135302,-1.7512906726751325
1120,-1.6896760214256175,-1.7512906726751325
1121,-1.7529648350005993,-1.7512906726751325
1122,-1.925228199957672,-1.7512906726751325
1123,-1.795086048453076,-1.7512906726751325
1124,-1.76602760837643,-1.7512906726751325
1125,-1.9389548577644569,-1.7512906726751325
1126,-1.680609045293623,-1.7512906726751325
1127,-1.9051175255719952,-1.7512906726751325
1128,-2.0052646860103573,-1.7512906726751325
1129,-1.6399414522527496,-1.7512906726751325
1130,-1.7635650284729407,-1.7512906726751325
1131,-1.7490978282683702,-1.7512906726751325
1132,-1.6863761717682837,-1.7512906726751325
1133,-1.7365145106013873,-1.7512906726751325
1134,-1.5982923422803792,-1.7512906726751325
1135,-1.8919686359374963,-1.7512906726751325
1136,-1.733211214794896,-1.7512906726751325
1137,-1.8732004194856413,-1.7512906726751325
1138,-1.735568222776524,-1.7512906726751325
1139,-1.7282097370834875,-1.7512906726751325
1140,-1.7687309318985924,-1.7512906726751325
1141,-1.7492346252090194,-1.7512906726751325
1142,-2.062980902003272,-1.7512906726751325
1143,-1.928426705420267,-1.7512906726751325
1144,-2.0246561745430505,-1.7512906726751325
1145,-1.7600638799849846,-1.7512906726751325
1146,-1.864774773795203,-1.7512906726751325
1147,-1.7356752794628403,-1.7512906726751325
1148,-1.72304374942245,-1.7512906726751325
1149,-1.744480391250604,-1.7512906726751325
1150,-1.6736021538961656,-1.7512906726751325
1151,-1.6996406634454688,-1.7512906726751325
1152,-1.6629334192199954,-1.7512906726751325
1153,-1.6236958488246815,-1.7512906726751325
1154,-1.7275466539250028,-1.7512906726751325
1155,-1.5579922433327091,-1.7512906726751325
1156,-1.7133967435931587,-1.7512906726751325
1157,-1.5964704781058043,-1.7512906726751325
1158,-1.7469520421765559,-1.7512906726751325
1159,-1.7435909778468637,-1.7512906726751325
1160,-1.6690568990265526,-1.7512906726751325
1161,-1.641718580649432,-1.7512906726751325
1162,-1.5628785551291824,-1.7512906726751325
1163,-1.6561064925265534,-1.7512906726751325
1164,-1.8047529276007852,-1.7512906726751325
1165,-1.683731004693781,-1.7512906726751325
1166,-1.8098945819556926,-1.7512906726751325
1167,-1.8302742757309525,-1.7512906726751325
1168,-1.8759134402619146,-1.7512906726751325
1169,-1.6453068489285838,-1.7512906726751325
1170,0.8870501088438361,0.9361573243032107
1171,0.882235188012786,0.9361573243032107
1172,0.897420467586664,0.9361573243032107
1173,0.9002687496846287,0.9361573243032107
1174,0.9730248336909176,0.9361573243032107
1175,1.091901218970415,0.9361573243032107
1176,1.0405394467153402,0.9361573243032107
1177,0.8684034435135622,0.9361573243032107
1178,0.9838814362088834,0.9361573243032107
1179,1.1846843518258756,0.9361573243032107
1180,1.0308749412417832,0.9361573243032107
1181,0.7306651197442776,0.9361573243032107
1182,1.0123497030877617,0.9361573243032107
1183,0.9426229776350746,0.9361573243032107
1184,1.0440840001813105,0.9361573243032107
1185,0.8685523246628435,0.9361573243032107
1186,0.9139951719961796,0.9361573243032107
1187,0.8762356952678496,0.9361573243032107
1188,1.0550103953180239,0.9361573243032107
1189,0.9576133938316939,0.9361573243032107
1190,0.939418994053454,0.9361573243032107
1191,0.7402150442319446,0.9361573243032107
1192,1.0257316220401935,0.9361573243032107
1193,0.6125040153246235,0.9361573243032107
1194,0.9740890447895983,0.9361573243032107
1195,0.8775949545538305,0.9361573243032107
1196,1.0299991958341692,0.9361573243032107
1197,0.8419685411671406,0.9361573243032107
1198,1.066923549240326,0.9361573243032107
1199,0.9785710414608633,0.9361573243032107
1200,0.8658673834886501,0.9361573243032107
1201,0.9160653003424242,0.9361573243032107
1202,1.1231928700550935,0.9361573243032107
1203,1.0111061114916715,0.9361573243032107
1204,0.8982749636670491,0.9361573243032107
1205,1.1998585627525349,0.9361573243032107
1206,0.9903637390962255,0.9361573243032107
1207,0.9798949567639073,0.9361573243032107
1208,1.125424580355157,0.9361573243032107
1209,1.254880191577829,0.9361573243032107
1210,0.9909132625009538,0.9361573243032107
1211,1.06829192518927,0.9361573243032107
1212,0.9748149914989654,0.9361573243032107
1213,1.0821627364965878,0.9361573243032107
1214,0.9258443096348524,0.9361573243032107
1215,1.039153936777567,0.9361573243032107
1216,0.7567868630366636,0.9361573243032107
1217,0.9769417233981849,0.9361573243032107
1218,0.8121196875621357,0.9361573243032107
1219,0.8689554999780222,0.9361573243032107
1220,0.8642882965629749,0.9361573243032107
1221,1.115456911188427,0.9361573243032107
1222,1.0221926610094143,0.9361573243032107
1223,0.95945080083357,0.9361573243032107
1224,0.9499379156021948,0.9361573243032107
1225,1.0075235387344172,0.9361573243032107
1226,0.9148588969550029,0.9361573243032107
1227,0.8309300190030549,0.9361573243032107
1228,1.0266651681047478,0.9361573243032107
1229,0.9635355776605485,0.9361573243032107
1230,0.9566782354878866,0.9361573243032107
1231,0.9053437928514463,0.9361573243032107
1232,0.8182518381231698,0.9361573243032107
1233,1.012030113043414,0.9361573243032107
1234,0.7530720933857421,0.9361573243032107
1235,0.9831172378006623,0.9361573243032107
1236,1.0116668415873227,0.9361573243032107
1237,0.9570588515248863,0.9361573243032107
1238,0.8127116134299486,0.9361573243032107
1239,1.0545502406965472,0.9361573243032107
1240,0.6631604875465075,0.9361573243032107
1241,0.9533741854989066,0.9361573243032107
1242,0.8935565810597135,0.9361573243032107
1243,0.8900596937705213,0.9361573243032107
1244,0.9399103151154866,0.9361573243032107
1245,0.7067446677418249,0.9361573243032107
1246,0.9744078764649748,0.9361573243032107
1247,0.9471939051642464,0.9361573243032107
1248,0.9199400379649357,0.9361573243032107
1249,0.9812712413922997,0.9361573243032107
1250,0.9355907773421864,0.9361573243032107
1251,1.0078997252467776,0.9361573243032107
1252,0.8005458929793315,0.9361573243032107
1253,1.0489913460437892,0.9361573243032107
1254,1.062909368329238,0.9361573243032107
1255,1.1300960312718382,0.9361573243032107
1256,0.9262862233839783,0.9361573243032107
1257,0.9901831075582035,0.9361573243032107
1258,1.0320863733945564,0.9361573243032107
1259,1.0863936847084315,0.9361573243032107
1260,1.004420328977978,0.9361573243032107
1261,0.8758875415991879,0.9361573243032107
1262,0.92944786794585,0.9361573243032107
1263,0.8613438513449818,0.9361573243032107
1264,0.871566053250871,0.9361573243032107
1265,0.8530354670023456,0.9361573243032107
1266,0.9477615115269594,0.9361573243032107
1267,0.6871153512309325,0.9361573243032107
1268,0.878204201484249,0.9361573243032107
1269,0.8628250074754731,0.9361573243032107
1270,0.8558423724553474,0.9361573243032107
1271,0.873083879797528,0.9361573243032107
1272,1.056548098853399,0.9361573243032107
1273,0.7967187242026582,0.9361573243032107
1274,1.0279139328712081,0.9361573243032107
1275,1.1175455199421198,0.9361573243032107
1276,0.9602020052757113,0.9361573243032107
1277,0.8308900552147216,0.9361573243032107
1278,0.9436173888895811,0.9361573243032107
1279,0.9775251898449862,0.9361573243032107
1280,1.0699858374713307,0.9361573243032107
1281,0.8993421673779773,0.9361573243032107
1282,0.8827183974507483,0.9361573243032107
1283,1.0577895963223956,0.9361573243032107
1284,0.957285997029723,0.9361573243032107
1285,1.0743412280405464,0.9361573243032107
1286,1.031552810084,0.9361573243032107
1287,0.988904951943276,0.9361573243032107
1288,0.976141926566076,0.9361573243032107
1289,0.9827491944469451,0.9361573243032107
1290,0.7534616326406268,0.9361573243032107
1291,1.026238870688969,0.9361573243032107
1292,0.6766840204174683,0.9361573243032107
1293,0.8706542796751422,0.9361573243032107
1294,0.9001765751392964,0.9361573243032107
1295,0.8413928958295998,0.9361573243032107
1296,0.8468283637347753,0.9361573243032107
1297,1.04231115306983,0.9361573243032107
1298,0.9095728276148736,0.9361573243032107
1299,1.0549461784178802,0.9361573243032107
1300,0.8619583880331609,0.9361573243032107
1301,0.948074644879669,0.9361573243032107
1302,0.8955182390745969,0.9361573243032107
1303,0.9399101874972287,0.9361573243032107
1304,1.0658607723927127,0.9361573243032107
1305,1.0909425328250826,0.9361573243032107
1306,0.989544408608157,0.9361573243032107
1307,0.8330107530482547,0.9361573243032107
1308,1.202941006289402,0.9361573243032107
1309,1.0879818328633968,0.9361573243032107
1310,1.0286772799935342,0.9361573243032107
1311,1.2262438931591155,0.9361573243032107
1312,0.897519444707406,0.9361573243032107
1313,0.9450785759931754,0.9361573243032107
1314,0.8725893385391461,0.9361573243032107
1315,0.8957749595720415,0.9361573243032107
1316,0.8319985492286265,0.9361573243032107
1317,1.0279266554511304,0.9361573243032107
1318,0.8596785042648142,0.9361573243032107
1319,0.7897113731180212,0.9361573243032107
1320,0.8782836874707599,0.9361573243032107
1321,0.9826397251107435,0.9361573243032107
1322,0.7236201394799268,0.9361573243032107
1323,0.882585204985342,0.9361573243032107
1324,0.9493544794740059,0.9361573243032107
1325,0.8872086384240232,0.9361573243032107
1326,0.9153471811737346,0.9361573243032107
1327,0.9497704661964568,0.9361573243032107
1328,0.8708726806638231,0.9361573243032107
1329,1.1597227700976882,0.9361573243032107
1330,1.0452603544062788,0.9361573243032107
1331,1.0467536169797158,0.9361573243032107
1332,1.099381843985817,0.9361573243032107
1333,1.1194631149988055,0.9361573243032107
1334,1.085362158726853,0.9361573243032107
1335,0.7455318869602874,0.9361573243032107
1336,0.928042748825786,0.9361573243032107
1337,0.8970562172246694,0.9361573243032107
1338,1.0125061658321137,0.9361573243032107
1339,0.7781494329418663,0.9361573243032107
1340,0.7977743239025439,0.9361573243032107
1341,0.8753650957541541,0.9361573243032107
1342,0.8122642171327252,0.9361573243032107
1343,0.7463719126724987,0.9361573243032107
1344,0.8575173489660873,0.9361573243032107
1345,0.8301309421355353,0.9361573243032107
1346,0.7729701258093614,0.9361573243032107
1347,0.8272256765226021,0.9361573243032107
1348,0.8020305133957603,0.9361573243032107
1349,0.8421589736748535,0.9361573243032107
1350,0.8639961048334284,0.9361573243032107
1351,1.142904213472729,0.9361573243032107
1352,0.9441263497624914,0.9361573243032107
1353,0.8286456822978555,0.9361573243032107
1354,0.9612555705092104,0.9361573243032107
1355,1.1037540913759056,0.9361573243032107
1356,0.9651845322064684,0.9361573243032107
1357,0.9372844229713226,0.9361573243032107
1358,1.0693488916713818,0.9361573243032107
1359,0.9694983358310759,0.9361573243032107
1360,1.0107391213809087,0.9361573243032107
1361,0.9767356470792368,0.9361573243032107
1362,0.9454544424356119,0.9361573243032107
1363,0.8948841090030419,0.9361573243032107
1364,0.9988806600814043,0.9361573243032107
1365,0.9451418615460664,0.9361573243032107
1366,0.890385790997701,0.9361573243032107
1367,0.961141545957156,0.9361573243032107
1368,0.9765716069080773,0.9361573243032107
1369,0.8566012141235411,0.9361573243032107
1370,0.9352020446220422,0.9361573243032107
1371,0.8056282738220524,0.9361573243032107
1372,0.990445002497811,0.9361573243032107
1373,0.9187930119082688,0.9361573243032107
1374,0.8845979180150446,0.9361573243032107
1375,1.0030089189414897,0.9361573243032107
1376,0.94163610763671,0.9361573243032107
1377,1.0177545422738628,0.9361573243032107
1378,1.0675913488884194,0.9361573243032107
1379,0.8980097386093034,0.9361573243032107
1380,1.144355468072205,0.9361573243032107
1381,0.8695730110548281,0.9361573243032107
1382,1.0206114928440806,0.9361573243032107
1383,0.9335699137879201,0.9361573243032107
1384,1.1940597435934537,0.9361573243032107
1385,0.9403430633606105,0.9361573243032107
1386,1.1304418521071815,0.9361573243032107
1387,0.9493635667714669,0.9361573243032107
1388,1.1287344455309658,0.9361573243032107
1389,0.882655668332933,0.9361573243032107
1390,0.9317809177682546,0.9361573243032107
1391,1.0632702225698734,0.9361573243032107
1392,0.6568947798362695,0.9361573243032107
1393,1.1852438174370616,0.9361573243032107
1394,0.6518745314016834,0.9361573243032107
1395,1.0180690171441902,0.9361573243032107
1396,0.6933805429181846,0.9361573243032107
1397,0.8329816904849568,0.9361573243032107
1398,0.7058467591873219,0.9361573243032107
1399,0.874489993232741,0.9361573243032107
1400,0.7751971606833978,0.9361573243032107
1401,1.1188220465615883,0.9361573243032107
1402,0.8781188192869126,0.9361573243032107
1403,0.9608390746745088,0.9361573243032107
1404,0.9303787824033871,0.9361573243032107
1405,0.9366768726923532,0.9361573243032107
1406,1.0677272504052076,0.9361573243032107
1407,1.0040422405296243,0.9361573243032107
1408,1.0423395952670265,0.9361573243032107
1409,0.8665801246934857,0.9361573243032107
1410,0.829387636060028,0.9361573243032107
1411,1.0241287002576545,0.9361573243032107
1412,0.8198643012999276,0.9361573243032107
1413,1.0714783894472923,0.9361573243032107
1414,0.878012141560866,0.9361573243032107
1415,0.9335518556123134,0.9361573243032107
1416,1.004281042238992,0.9361573243032107
1417,1.0250592707178108,0.9361573243032107
1418,0.8971305041914264,0.9361573243032107
1419,1.0554275728547795,0.9361573243032107
1420,0.8038268295434212,0.9361573243032107
1421,0.9233301347813128,0.9361573243032107
1422,1.015918095616985,0.9361573243032107
1423,0.9520502895928247,0.9361573243032107
1424,0.9143091290258825,0.9361573243032107
1425,0.9210297474648356,0.9361573243032107
1426,0.836743060726598,0.9361573243032107
1427,0.9697500050863019,0.9361573243032107
1428,1.06874449365445,0.9361573243032107
1429,1.0234807516004532,0.9361573243032107
1430,1.0570652618745315,0.9361573243032107
1431,0.8628010540333197,0.9361573243032107
1432,1.0474578623288555,0.9361573243032107
1433,0.828640441668695,0.9361573243032107
1434,0.9296988721209523,0.9361573243032107
1435,1.0251958107025867,0.9361573243032107
1436,1.084670451414084,0.9361573243032107
1437,0.9206622287781353,0.9361573243032107
1438,0.9756446021225919,0.9361573243032107
1439,0.7505932858244537,0.9361573243032107
1440,0.7709674613061407,0.9361573243032107
1441,0.9186643196512461,0.9361573243032107
1442,0.9134252083291496,0.9361573243032107
1443,0.7333407723811597,0.9361573243032107
1444,0.8816111335292824,0.9361573243032107
1445,0.794735868640848,0.9361573243032107
1446,0.9469093057933515,0.9361573243032107
1447,0.8283656880691752,0.9361573243032107
1448,0.862965558658294,0.9361573243032107
1449,1.1229854881783758,0.9361573243032107
1450,1.0231747427933278,0.9361573243032107
1451,0.9633385303221647,0.9361573243032107
1452,0.9296058707642538,0.9361573243032107
1453,0.8635345908516416,0.9361573243032107
1454,1.0472072737537717,0.9361573243032107
1455,1.0659692746991876,0.9361573243032107
1456,1.038556070915427,0.9361573243032107
1457,0.9468948865257809,0.9361573243032107
1458,0.9058148692750184,0.9361573243032107
1459,1.0500389642385113,0.9361573243032107
1460,0.9913189241276747,0.9361573243032107
1461,1.0544717034514597,0.9361573243032107
1462,0.901829256538832,0.9361573243032107
1463,0.8766356315008874,0.9361573243032107
1464,0.9211202439322751,0.9361573243032107
1465,0.9745434785195114,0.9361573243032107
1466,1.0172193920386308,0.9361573243032107
1467,0.9470396714677319,0.9361573243032107
1468,0.846870664944118,0.9361573243032107
1469,0.8805916913232736,0.9361573243032107
1470,0.729640511225594,0.9361573243032107
1471,0.9732810207207585,0.9361573243032107
1472,1.077660521809373,0.9361573243032107
1473,1.0190139415736919,0.9361573243032107
1474,0.91790500256461,0.9361573243032107
1475,1.052090762523715,0.9361573243032107
1476,1.050444704221058,0.9361573243032107
1477,0.8458817488340654,0.9361573243032107
1478,0.7751009932949564,0.9361573243032107
1479,1.1064369329856698,0.9361573243032107
1480,1.0059728644607735,0.9361573243032107
1481,0.9333278716967621,0.9361573243032107
1482,1.109552757157621,0.9361573243032107
1483,1.1703507265136728,0.9361573243032107
1484,1.041817151939939,0.9361573243032107
1485,0.9583276359900316,0.9361573243032107
1486,0.9690709822335574,0.9361573243032107
1487,0.9632104574974855,0.9361573243032107
1488,0.9190275936480014,0.9361573243032107
1489,0.9033524796545208,0.9361573243032107
1490,0.9941265730236654,0.9361573243032107
1491,0.8651100373701331,0.9361573243032107
1492,0.7880253946554101,0.9361573243032107
1493,0.9186795362601818,0.9361573243032107
1494,0.7589923121192995,0.9361573243032107
1495,0.8757695113516875,0.9361573243032107
1496,0.7360651998522492,0.9361573243032107
1497,0.8710191783923363,0.9361573243032107
1498,0.8277558504951916,0.9361573243032107
1499,0.7021497778516942,0.9361573243032107
1500,0.8436612714181065,0.9361573243032107
1501,0.943765109904428,0.9361573243032107
1502,0.9779628410183925,0.9361573243032107
1503,1.0406865499691285,0.9361573243032107
1504,0.993667226984316,0.9361573243032107
1505,0.8005414252423307,0.9361573243032107
1506,1.0394760197253214,0.9361573243032107
1507,1.0822559718683433,0.9361573243032107
1508,0.9195132291100956,0.9361573243032107
1509,1.0272665024153975,0.9361573243032107
1510,1.0418316255029483,0.9361573243032107
1511,0.9986024263218644,0.9361573243032107
1512,0.9218653552772448,0.9361573243032107
1513,1.0371130935069053,0.9361573243032107
1514,0.992331593027729,0.9361573243032107
1515,0.8555452208297264,0.9361573243032107
1516,0.8389524677078573,0.9361573243032107
1517,0.8796413751537592,0.9361573243032107
1518,0.827310742600893,0.9361573243032107
1519,0.8295296313384872,0.9361573243032107
1520,0.865227619588067,0.9361573243032107
1521,0.7940981248066054,0.9361573243032107
1522,0.9642042516760954,0.9361573243032107
1523,0.9535484831145198,0.9361573243032107
1524,0.9025169315128224,0.9361573243032107
1525,0.8983966255270397,0.9361573243032107
1526,0.9629125162638806,0.9361573243032107
1527,1.087379626541602,0.9361573243032107
1528,0.9578505807873182,0.9361573243032107
1529,0.8627952960527818,0.9361573243032107
1530,1.0365936284785,0.9361573243032107
1531,0.8192591522652963,0.9361573243032107
1532,0.897291270908715,0.9361573243032107
1533,1.0186012921072016,0.9361573243032107
1534,0.9940729991693007,0.9361573243032107
1535,0.8761310668481437,0.9361573243032107
1536,1.008499646674059,0.9361573243032107
1537,0.9941850034687454,0.9361573243032107
1538,0.9137897884788433,0.9361573243032107
1539,0.9171158242773164,0.9361573243032107
1540,0.9149303353338304,0.9361573243032107
1541,1.0135334819810604,0.9361573243032107
1542,1.0321923949923495,0.9361573243032107
1543,0.8435307945780885,0.9361573243032107
1544,1.0893678949052346,0.9361573243032107
1545,0.9934782917947765,0.9361573243032107
1546,0.6892948172164508,0.9361573243032107
1547,0.8678938285809625,0.9361573243032107
1548,0.7627816527307267,0.9361573243032107
1549,0.8299887361130026,0.9361573243032107
1550,0.8889664037603817,0.9361573243032107
1551,0.8659636297932719,0.9361573243032107
1552,1.0091641481829363,0.9361573243032107
1553,0.7192477766159402,0.9361573243032107
1554,0.9720855032580706,0.9361573243032107
1555,0.9537726837075746,0.9361573243032107
1556,0.9469735745177453,0.9361573243032107
1557,1.0658001320471244,0.9361573243032107
1558,1.0466476145690922,0.9361573243032107
1559,0.9660637766688054,0.9361573243032107
1560,0.9459848966181181,0.9361573243032107
1561,1.0126325279078128,0.9361573243032107
1562,1.0275127044019832,0.9361573243032107
1563,1.0897449379130637,0.9361573243032107
1564,1.182133725856482,0.9361573243032107
1565,1.0517782863988885,0.9361573243032107
1566,0.8271942812295342,0.9361573243032107
1567,0.8327887196228605,0.9361573243032107
1568,0.7740973111406074,0.9361573243032107
1569,0.8289575275551491,0.9361573243032107
1570,0.991906224460662,0.9361573243032107
1571,0.8605814556410193,0.9361573243032107
1572,0.7500741261341062,0.9361573243032107
1573,1.083329440200763,0.9361573243032107
1574,0.912303521989841,0.9361573243032107
1575,0.7740121303000076,0.9361573243032107
1576,0.666424565837565,0.9361573243032107
1577,1.0476040568737761,0.9361573243032107
1578,1.3134581430188197,0.9361573243032107
1579,0.9115391530696052,0.9361573243032107
1580,1.121583944295638,0.9361573243032107
1581,0.8710002991192778,0.9361573243032107
1582,0.8479763637338864,0.9361573243032107
1583,1.0548681513734484,0.9361573243032107
1584,0.8248603497609583,0.9361573243032107
1585,0.9687633412048228,0.9361573243032107
1586,1.028581612197323,0.9361573243032107
1587,0.9327263424087024,0.9361573243032107
1588,1.110785496848012,0.9361573243032107
1589,0.9262506937479329,0.9361573243032107
1590,1.0111551205846494,0.9361573243032107
1591,0.737284953884355,0.9361573243032107
1592,0.8306917316741511,0.9361573243032107
1593,0.8677255440230998,0.9361573243032107
1594,0.7636177469128972,0.9361573243032107
1595,0.916960126030911,0.9361573243032107
1596,0.8165612411453376,0.9361573243032107
1597,0.938890536853461,0.9361573243032107
1598,0.8192702327143264,0.9361573243032107
1599,0.9728576937011508,0.9361573243032107
1600,0.9550427374171013,0.9361573243032107
1601,1.0863992278216608,0.9361573243032107
1602,0.9372118495864162,0.9361573243032107
1603,1.0224315227254925,0.9361573243032107
1604,0.91593318084396,0.9361573243032107
1605,1.158416777443823,0.9361573243032107
1606,0.9318161360252027,0.9361573243032107
1607,1.0413890913629014,0.9361573243032107
1608,1.0643874833338958,0.9361573243032107
1609,0.7598167598142395,0.9361573243032107
1610,0.986173449928384,0.9361573243032107
1611,1.0096301489850004,0.9361573243032107
1612,0.8485275263664461,0.9361573243032107
1613,0.8996729325200934,0.9361573243032107
1614,0.9965613623216856,0.9361573243032107
1615,0.8100348801322325,0.9361573243032107
1616,0.8097715219863444,0.9361573243032107
1617,0.7768593999418046,0.9361573243032107
1618,1.0205618184793273,0.9361573243032107
1619,0.9059258483291497,0.9361573243032107
1620,1.05180772754354,0.9361573243032107
1621,1.0820632764224039,0.9361573243032107
1622,0.9345769003975576,0.9361573243032107
1623,0.7937458524226556,0.9361573243032107
1624,0.8677556171526863,0.9361573243032107
1625,0.9454831911503968,0.9361573243032107
1626,0.8927943981023995,0.9361573243032107
1627,0.8470153974454483,0.9361573243032107
1628,0.8968534652042902,0.9361573243032107
1629,1.054975575609932,0.9361573243032107
1630,0.9563817606605923,0.9361573243032107
1631,1.103761087374611,0.9361573243032107
1632,0.8606556831705856,0.9361573243032107
1633,1.0153602484013213,0.9361573243032107
1634,1.2307062982257473,0.9361573243032107
1635,0.921357732250888,0.9361573243032107
1636,0.8084424064528404,0.9361573243032107
1637,0.7729214571127772,0.9361573243032107
1638,0.8296424104675203,0.9361573243032107
1639,0.8756653825850039,0.9361573243032107
1640,0.8232589588486294,0.9361573243032107
1641,-0.8958021435221667,-1.0434238924842574
1642,-0.9499431612414484,-1.0434238924842574
1643,-1.1954052376057642,-1.0434238924842574
1644,-1.042762474101177,-1.0434238924842574
1645,-1.1228543825824457,-1.0434238924842574
1646,-1.0036449677180628,-1.0434238924842574
1647,-0.8873763762460929,-1.0434238924842574
1648,-0.9481123726236028,-1.0434238924842574
1649,-1.1364596084346952,-1.0434238924842574
1650,-0.8813820429443218,-1.0434238924842574
1651,-0.9968909844192856,-1.0434238924842574
1652,-1.0232600877827551,-1.0434238924842574
1653,-0.9926092518326293,-1.0434238924842574
1654,-0.8853636243011196,-1.0434238924842574
1655,-1.0069835928234756,-1.0434238924842574
1656,-0.9314361701761402,-1.0434238924842574
1657,-1.1090062044703226,-1.0434238924842574
1658,-0.9812454084194602,-1.0434238924842574
1659,-1.019224109376526,-1.0434238924842574
1660,-0.9918199389605796,-1.0434238924842574
1661,-0.8874327345649102,-1.0434238924842574
1662,-1.080920642341864,-1.0434238924842574
1663,-0.9748133809239469,-1.0434238924842574
1664,-1.2887187331135352,-1.0434238924842574
1665,-1.1436846203285256,-1.0434238924842574
1666,-1.1073531669634533,-1.0434238924842574
1667,-1.148302728368659,-1.0434238924842574
1668,-1.0278100085279767,-1.0434238924842574
1669,-0.9643556546742338,-1.0434238924842574
1670,-0.9711323060258414,-1.0434238924842574
1671,-1.169620987445269,-1.0434238924842574
1672,-0.9506463896348086,-1.0434238924842574
1673,-1.009146671622425,-1.0434238924842574
1674,-1.1822232579550274,-1.0434238924842574
1675,-1.0717217905691103,-1.0434238924842574
1676,-1.0136208720425794,-1.0434238924842574
1677,-0.9563353097717092,-1.0434238924842574
1678,-1.101361880914414,-1.0434238924842574
1679,-0.9768272435234074,-1.0434238924842574
1680,-1.092209307183552,-1.0434238924842574
1681,-0.8647185383771345,-1.0434238924842574
1682,-1.067156249078538,-1.0434238924842574
1683,-0.8853598057031806,-1.0434238924842574
1684,-0.7862810779535733,-1.0434238924842574
1685,-1.0621527365012946,-1.0434238924842574
1686,-1.1074554903799603,-1.0434238924842574
1687,-0.9966008395730954,-1.0434238924842574
1688,-1.094897123844905,-1.0434238924842574
1689,-1.2130119913835258,-1.0434238924842574
1690,-0.8497897028464381,-1.0434238924842574
1691,-1.0446543728676478,-1.0434238924842574
1692,-1.1611101495368739,-1.0434238924842574
1693,-1.2317428625048612,-1.0434238924842574
1694,-1.0562115406173431,-1.0434238924842574
1695,-1.0976614039155992,-1.0434238924842574
1696,-1.1137067688089712,-1.0434238924842574
1697,-1.1924195685890973,-1.0434238924842574
1698,-1.2009061377640238,-1.0434238924842574
1699,-0.8646958693033256,-1.0434238924842574
1700,-1.0255888489393254,-1.0434238924842574
1701,-1.1036174663216745,-1.0434238924842574
1702,-1.1381302601225793,-1.0434238924842574
1703,-1.0561900836014106,-1.0434238924842574
1704,-1.0124859129631771,-1.0434238924842574
1705,-1.138428669063208,-1.0434238924842574
1706,-1.0889393543803005,-1.0434238924842574
1707,-1.008547241007056,-1.0434238924842574
1708,-1.0943441337798436,-1.0434238924842574
1709,-0.9661442334163439,-1.0434238924842574
1710,-1.0280896462182945,-1.0434238924842574
1711,-1.1501068515407085,-1.0434238924842574
1712,-1.036469204444926,-1.0434238924842574
1713,-0.9912845114140215,-1.0434238924842574
1714,-0.9920783561393327,-1.0434238924842574
1715,-1.1744594037685778,-1.0434238924842574
1716,-1.0459265339523982,-1.0434238924842574
1717,-0.8231038349842683,-1.0434238924842574
1718,-1.1047663972700437,-1.0434238924842574
1719,-1.1331432018097771,-1.0434238924842574
1720,-0.9513203061166502,-1.0434238924842574
1721,-0.8842260542232647,-1.0434238924842574
1722,-1.0097107698860341,-1.0434238924842574
1723,-0.9236250520608561,-1.0434238924842574
1724,-0.8743105973153773,-1.0434238924842574
1725,-0.8496719563858025,-1.0434238924842574
1726,-1.0725710625179832,-1.0434238924842574
1727,-0.8506046451530076,-1.0434238924842574
1728,-1.1748754292264827,-1.0434238924842574
1729,-1.0599178485441074,-1.0434238924842574
1730,-0.9861801448924726,-1.0434238924842574
1731,-1.0425222693079383,-1.0434238924842574
1732,-1.213973519973182,-1.0434238924842574
1733,-0.9968799110134267,-1.0434238924842574
1734,-1.0092204119149273,-1.0434238924842574
1735,-0.932478911481888,-1.0434238924842574
1736,-1.056134038314278,-1.0434238924842574
1737,-0.9797200436648402,-1.0434238924842574
1738,-1.066987773768371,-1.0434238924842574
1739,-1.115497950374746,-1.0434238924842574
1740,-1.1171800242858965,-1.0434238924842574
1741,-1.1002732530695423,-1.0434238924842574
1742,-1.1390369125754856,-1.0434238924842574
1743,-1.061017503931149,-1.0434238924842574
1744,-1.155213453103677,-1.0434238924842574
1745,-1.1284055984416206,-1.0434238924842574
1746,-1.06998406283093,-1.0434238924842574
1747,-1.1140178376548662,-1.0434238924842574
1748,-1.1926651540143027,-1.0434238924842574
1749,-0.9366819515342326,-1.0434238924842574
1750,-1.2425622382871806,-1.0434238924842574
1751,-1.1209342110012512,-1.0434238924842574
1752,-1.0429206784220741,-1.0434238924842574
1753,-0.9944147380864138,-1.0434238924842574
1754,-0.9750106226829179,-1.0434238924842574
1755,-0.9809177595669829,-1.0434238924842574
1756,-1.0032508499719017,-1.0434238924842574
1757,-1.08306078842261,-1.0434238924842574
1758,-1.0173176727855378,-1.0434238924842574
1759,-1.0182552763879524,-1.0434238924842574
1760,-1.1577303816454743,-1.0434238924842574
1761,-1.0244008213185105,-1.0434238924842574
1762,-0.8735663341627845,-1.0434238924842574
1763,-1.054356126194377,-1.0434238924842574
1764,-1.0316537898884692,-1.0434238924842574
1765,-0.89682645252779,-1.0434238924842574
1766,-1.0958219801069318,-1.0434238924842574
1767,-1.0113320421730563,-1.0434238924842574
1768,-0.994464488519389,-1.0434238924842574
1769,-1.04542596913351,-1.0434238924842574
1770,-1.1535326299467321,-1.0434238924842574
1771,-1.2196534374755628,-1.0434238924842574
1772,-1.063407769665858,-1.0434238924842574
1773,-1.0206303579078038,-1.0434238924842574
1774,-1.0948970556690556,-1.0434238924842574
1775,-1.0254959602344882,-1.0434238924842574
1776,-0.969594319327087,-1.0434238924842574
1777,-1.0344244517803043,-1.0434238924842574
1778,-0.9377483649333122,-1.0434238924842574
1779,-0.8889313880931466,-1.0434238924842574
1780,-0.9504107195179723,-1.0434238924842574
1781,-0.9933290027940503,-1.0434238924842574
1782,-0.8936734750550341,-1.0434238924842574
1783,-0.8545518202193605,-1.0434238924842574
1784,-1.0180037561269195,-1.0434238924842574
1785,-1.151645078027953,-1.0434238924842574
1786,-1.0889474609272074,-1.0434238924842574
1787,-1.0476600573799593,-1.0434238924842574
1788,-0.9661244556709904,-1.0434238924842574
1789,-1.053633677603502,-1.0434238924842574
1790,-0.956497816833467,-1.0434238924842574
1791,-1.1826666327353865,-1.0434238924842574
1792,-1.2700489346820865,-1.0434238924842574
1793,-1.149676684754553,-1.0434238924842574
1794,-1.1177534662541864,-1.0434238924842574
1795,-1.1451386168789535,-1.0434238924842574
1796,-1.130878412492007,-1.0434238924842574
1797,-1.1749913530323048,-1.0434238924842574
1798,-1.1012506386138199,-1.0434238924842574
1799,-1.023108777259923,-1.0434238924842574
1800,-1.1088409563534798,-1.0434238924842574
1801,-1.0207069702025189,-1.0434238924842574
1802,-0.9613099199334064,-1.0434238924842574
1803,-1.0165473433224044,-1.0434238924842574
1804,-0.9229660043803168,-1.0434238924842574
1805,-1.1279838449989799,-1.0434238924842574
1806,-1.1600620725838313,-1.0434238924842574
1807,-1.0555752283816315,-1.0434238924842574
1808,-0.9534655469477491,-1.0434238924842574
1809,-0.8682154047289456,-1.0434238924842574
1810,-1.095290100505386,-1.0434238924842574
1811,-0.7649254799578108,-1.0434238924842574
1812,-1.0424173693413221,-1.0434238924842574
1813,-1.0884653908748565,-1.0434238924842574
1814,-0.916598906897307,-1.0434238924842574
1815,-0.9996896331658379,-1.0434238924842574
1816,-1.0550154268589693,-1.0434238924842574
1817,-1.2049120703575473,-1.0434238924842574
1818,-0.9875180916416724,-1.0434238924842574
1819,-1.0710198196372407,-1.0434238924842574
1820,-1.135986354414926,-1.0434238924842574
1821,-1.1888098057969314,-1.0434238924842574
1822,-1.007648544039848,-1.0434238924842574
1823,-1.0983659353333164,-1.0434238924842574
1824,-1.048082487638615,-1.0434238924842574
1825,-0.9749790728415668,-1.0434238924842574
1826,-1.0596834554739896,-1.0434238924842574
1827,-1.0825644187594416,-1.0434238924842574
1828,-1.138830316542537,-1.0434238924842574
1829,-0.8274128226231173,-1.0434238924842574
1830,-0.9749514013789354,-1.0434238924842574
1831,-0.9879535574614918,-1.0434238924842574
1832,-1.1008519203955254,-1.0434238924842574
1833,-1.0033193301485934,-1.0434238924842574
1834,-1.1306407778643655,-1.0434238924842574
1835,-1.0161343275716532,-1.0434238924842574
1836,-0.9628940933556918,-1.0434238924842574
1837,-1.10172101010946,-1.0434238924842574
1838,-0.9991938862654938,-1.0434238924842574
1839,-0.880850964523153,-1.0434238924842574
1840,-1.025012328103977,-1.0434238924842574
1841,-1.000428141032594,-1.0434238924842574
1842,-1.1665985815176698,-1.0434238924842574
1843,-1.157758845905926,-1.0434238924842574
1844,-1.1554489665185832,-1.0434238924842574
1845,-1.0351719427415367,-1.0434238924842574
1846,-1.047155260707742,-1.0434238924842574
1847,-0.8941990699944221,-1.0434238924842574
1848,-0.8755843739789316,-1.0434238924842574
1849,-1.016574842122801,-1.0434238924842574
1850,-1.036567761026895,-1.0434238924842574
1851,-1.0135315044190554,-1.0434238924842574
1852,-1.1967469386741125,-1.0434238924842574
1853,-0.9498599930600483,-1.0434238924842574
1854,-0.8518995268158867,-1.0434238924842574
1855,-0.9345309241175369,-1.0434238924842574
1856,-1.0908409723085075,-1.0434238924842574
1857,-1.0577839378902618,-1.0434238924842574
1858,-1.127220608044324,-1.0434238924842574
1859,-0.865232422502958,-1.0434238924842574
1860,-0.9918152278503782,-1.0434238924842574
1861,-0.8867036512923769,-1.0434238924842574
1862,-0.9341002825401911,-1.0434238924842574
1863,-0.9293281593518448,-1.0434238924842574
1864,-1.0412608090175535,-1.0434238924842574
1865,-1.0424826629087185,-1.0434238924842574
1866,-1.1188092266497882,-1.0434238924842574
1867,-1.1365310381003557,-1.0434238924842574
1868,-1.3224286721911627,-1.0434238924842574
1869,-1.1814987545853814,-1.0434238924842574
1870,-1.1641200817602566,-1.0434238924842574
1871,-1.0242886631509127,-1.0434238924842574
1872,-1.0644128418222774,-1.0434238924842574
1873,-0.9543109770778103,-1.0434238924842574
1874,-0.9859619148880796,-1.0434238924842574
1875,-1.070053552901001,-1.0434238924842574
1876,-1.0801744226693761,-1.0434238924842574
1877,-1.1036299616075658,-1.0434238924842574
1878,-1.0067237045268773,-1.0434238924842574
1879,-0.9881780377695624,-1.0434238924842574
1880,-1.0483983282534477,-1.0434238924842574
1881,-1.225671875059526,-1.0434238924842574
1882,-1.0525694620302692,-1.0434238924842574
1883,-1.0287945856125016,-1.0434238924842574
1884,-0.8079904156380582,-1.0434238924842574
1885,-1.0637553971949627,-1.0434238924842574
1886,-0.9190961982100058,-1.0434238924842574
1887,-1.0810077437965795,-1.0434238924842574
1888,-1.0682701454233097,-1.0434238924842574
1889,-1.053543155260309,-1.0434238924842574
1890,-0.9636937411858986,-1.0434238924842574
1891,-1.1567407483517047,-1.0434238924842574
1892,-1.079026605203062,-1.0434238924842574
1893,-1.1633426912735478,-1.0434238924842574
1894,-1.1474481640666183,-1.0434238924842574
1895,-1.0484761332815378,-1.0434238924842574
1896,-0.9819357225308574,-1.0434238924842574
1897,-1.030153064222283,-1.0434238924842574
1898,-1.0250189043830449,-1.0434238924842574
1899,-1.1363192483456281,-1.0434238924842574
1900,-1.0206629992824359,-1.0434238924842574
1901,-1.1536145362929566,-1.0434238924842574
1902,-0.9704221856865449,-1.0434238924842574
1903,-0.9413321104933207,-1.0434238924842574
1904,-1.0072885590261387,-1.0434238924842574
1905,-1.0363904752924225,-1.0434238924842574
1906,-0.8545230227537663,-1.0434238924842574
1907,-0.9365592547511891,-1.0434238924842574
1908,-0.9916126610932666,-1.0434238924842574
1909,-0.9572418147039968,-1.0434238924842574
1910,-1.1013997465458591,-1.0434238924842574
1911,-0.8064063727016939,-1.0434238924842574
1912,-0.9582270726756622,-1.0434238924842574
1913,-1.1554251009455063,-1.0434238924842574
1914,-1.1467179219719028,-1.0434238924842574
1915,-1.0884924049449292,-1.0434238924842574
1916,-1.0847283475934981,-1.0434238924842574
1917,-1.2846704379814722,-1.0434238924842574
1918,-1.1852669182371467,-1.0434238924842574
1919,-1.1315130261931565,-1.0434238924842574
1920,-1.1102479983895792,-1.0434238924842574
1921,-0.9740459121969385,-1.0434238924842574
1922,-1.2829100946422496,-1.0434238924842574
1923,-1.003128251553609,-1.0434238924842574
1924,-1.1359028632750174,-1.0434238924842574
1925,-0.9594633744007879,-1.0434238924842574
1926,-1.081703217853554,-1.0434238924842574
1927,-1.010605281680537,-1.0434238924842574
1928,-0.9116871788064124,-1.0434238924842574
1929,-0.9609998034020288,-1.0434238924842574
1930,-1.0377532425866545,-1.0434238924842574
1931,-0.9933892414768941,-1.0434238924842574
1932,-0.7472633527876326,-1.0434238924842574
1933,-1.20414994267098,-1.0434238924842574
1934,-1.0283220015737928,-1.0434238924842574
1935,-1.0571399042798497,-1.0434238924842574
1936,-0.8992598661138136,-1.0434238924842574
1937,-1.1109835647405848,-1.0434238924842574
1938,-0.974591069886181,-1.0434238924842574
1939,-1.242349657517397,-1.0434238924842574
1940,-0.8776705529698334,-1.0434238924842574
1941,-1.0768872350642413,-1.0434238924842574
1942,-1.0286045767272904,-1.0434238924842574
1943,-1.1223293260360128,-1.0434238924842574
1944,-1.1687121960086926,-1.0434238924842574
1945,-1.1768023592794399,-1.0434238924842574
1946,-0.9162963568295337,-1.0434238924842574
1947,-1.244380818329026,-1.0434238924842574
1948,-0.9441036694826397,-1.0434238924842574
1949,-1.2075117448507604,-1.0434238924842574
1950,-1.223136443205382,-1.0434238924842574
1951,-0.9742855757879365,-1.0434238924842574
1952,-0.9370553817588197,-1.0434238924842574
1953,-1.1107944612408898,-1.0434238924842574
1954,-1.0459877084267777,-1.0434238924842574
1955,-0.9481768232984469,-1.0434238924842574
1956,-1.0962354074594796,-1.0434238924842574
1957,-1.0707484313883664,-1.0434238924842574
1958,-0.9123106132208059,-1.0434238924842574
1959,-1.0218795799346718,-1.0434238924842574
1960,-0.9453873131732373,-1.0434238924842574
1961,-0.9033319068721863,-1.0434238924842574
1962,-1.080864344276506,-1.0434238924842574
1963,-1.1568851016251165,-1.0434238924842574
1964,-1.1378300575674765,-1.0434238924842574
1965,-1.215787679562901,-1.0434238924842574
1966,-0.9496381929571527,-1.0434238924842574
1967,-1.1348147206020875,-1.0434238924842574
1968,-1.1369175850308875,-1.0434238924842574
1969,-1.198643534417795,-1.0434238924842574
1970,-1.2170896149071677,-1.0434238924842574
1971,-1.0829618024077348,-1.0434238924842574
1972,-1.151786856850427,-1.0434238924842574
1973,-0.9898578882297414,-1.0434238924842574
1974,-1.0026614374680949,-1.0434238924842574
1975,-1.056915098745231,-1.0434238924842574
1976,-0.9957703792205953,-1.0434238924842574
1977,-1.0192978218419493,-1.0434238924842574
1978,-0.9574650568052339,-1.0434238924842574
1979,-1.017461376230441,-1.0434238924842574
1980,-1.0431076220900832,-1.0434238924842574
1981,-0.8926850020405247,-1.0434238924842574
1982,-1.0662572704393272,-1.0434238924842574
1983,-1.0354494739812679,-1.0434238924842574
1984,-1.086707848659571,-1.0434238924842574
1985,-0.9561246098535796,-1.0434238924842574
1986,-0.912570678497596,-1.0434238924842574
1987,-1.0347962928709935,-1.0434238924842574
1988,-1.0681880742708147,-1.0434238924842574
1989,-1.0157252070774745,-1.0434238924842574
1990,-0.9650336134263431,-1.0434238924842574
1991,-1.0352648280777468,-1.0434238924842574
1992,-1.159565804576033,-1.0434238924842574
1993,-1.031027235607006,-1.0434238924842574
1994,-1.2217221190203222,-1.0434238924842574
1995,-1.1889782829576359,-1.0434238924842574
1996,-1.0382429222869285,-1.0434238924842574
1997,-0.9542945185361678,-1.0434238924842574
1998,-1.0604560867932122,-1.0434238924842574
1999,-1.075712559418173,-1.0434238924842574
2000,-1.1594965305443217,-1.0434238924842574
2001,-1.018872640650142,-1.0434238924842574
2002,-0.8086174211716418,-1.0434238924842574
2003,-1.0450270983359795,-1.0434238924842574
2004,-0.9583773517529259,-1.0434238924842574
2005,-0.9278770298837378,-1.0434238924842574
2006,-1.051985639075328,-1.0434238924842574
2007,-0.8866334857764555,-1.0434238924842574
2008,-0.9651376966688954,-1.0434238924842574
2009,-1.0248995911010126,-1.0434238924842574
2010,-0.9078999263324266,-1.0434238924842574
2011,-0.8249442313291787,-1.0434238924842574
2012,-1.1183940153820036,-1.0434238924842574
2013,-1.0534853286419865,-1.0434238924842574
2014,-0.8948980237235241,-1.0434238924842574
2015,-1.270308106307937,-1.0434238924842574
2016,-1.1555702408694473,-1.0434238924842574
2017,-1.0692294847879946,-1.0434238924842574
2018,-1.0003519325873298,-1.0434238924842574
2019,-0.9159126020989558,-1.0434238924842574
2020,-0.9427799610203604,-1.0434238924842574
2021,-1.1049706925327005,-1.0434238924842574
2022,-1.075646712098122,-1.0434238924842574
2023,-1.1451399785328846,-1.0434238924842574
2024,-1.0183681454225266,-1.0434238924842574
2025,-0.968785185879683,-1.0434238924842574
2026,-1.054768672613841,-1.0434238924842574
2027,-1.2815857718207424,-1.0434238924842574
2028,-1.1626505411898318,-1.0434238924842574
2029,-1.0059320752580003,-1.0434238924842574
2030,-1.0396015642131777,-1.0434238924842574
2031,-0.969282684815996,-1.0434238924842574
2032,-0.9179733381882059,-1.0434238924842574
2033,-1.094942491034826,-1.0434238924842574
2034,-1.0069861112829201,-1.0434238924842574
2035,-1.0127968689897877,-1.0434238924842574
2036,-0.9454489292037892,-1.0434238924842574
2037,-1.0540845425088474,-1.0434238924842574
2038,-1.1290159303805187,-1.0434238924842574
2039,-0.8940417305630662,-1.0434238924842574
2040,-1.0732536924199683,-1.0434238924842574
2041,-1.102762912381899,-1.0434238924842574
2042,-1.2045842383343022,-1.0434238924842574
2043,-1.1071275633213722,-1.0434238924842574
2044,-1.0901782711216519,-1.0434238924842574
2045,-1.2865325292753051,-1.0434238924842574
2046,-1.1731384110607215,-1.0434238924842574
2047,-1.1117304668149945,-1.0434238924842574
2048,-1.0772300118709475,-1.0434238924842574
2049,-1.030871703695851,-1.0434238924842574
2050,-1.0365935795682453,-1.0434238924842574
2051,-1.0737172520118456,-1.0434238924842574
2052,-1.0208712946957557,-1.0434238924842574
2053,-0.9475928773083544,-1.0434238924842574
2054,-1.0410823621798817,-1.0434238924842574
2055,-1.0545212336807324,-1.0434238924842574
2056,-1.122196383690801,-1.0434238924842574
2057,-0.9519583831716142,-1.0434238924842574
2058,-1.0504396599957644,-1.0434238924842574
2059,-0.9169665016041562,-1.0434238924842574
2060,-0.8618926934217149,-1.0434238924842574
2061,-0.9977489630861636,-1.0434238924842574
2062,-1.0450320503160893,-1.0434238924842574
2063,-1.0235911741790455,-1.0434238924842574
2064,-1.1412429544906995,-1.0434238924842574
2065,-1.1675636722772447,-1.0434238924842574
2066,-0.898361964812505,-1.0434238924842574
2067,-1.1640643350253117,-1.0434238924842574
2068,-1.0494937604413048,-1.0434238924842574
2069,-1.1222602944683076,-1.0434238924842574
2070,-1.1652448090856322,-1.0434238924842574
2071,-1.166192119263119,-1.0434238924842574
2072,-1.2304835323869148,-1.0434238924842574
2073,-0.923420752726482,-1.0434238924842574
2074,-1.1141001280682903,-1.0434238924842574
2075,-1.0134986634004566,-1.0434238924842574
2076,-1.0402316394400484,-1.0434238924842574
2077,-1.0976327768312746,-1.0434238924842574
2078,-0.8073957603823141,-1.0434238924842574
2079,-1.0526044456349617,-1.0434238924842574
2080,-1.0811333653865962,-1.0434238924842574
2081,-0.9555536596343603,-1.0434238924842574
2082,-1.0047850881571896,-1.0434238924842574
2083,-0.8301653087285951,-1.0434238924842574
2084,-1.018379060885453,-1.0434238924842574
2085,-0.8513020410643857,-1.0434238924842574
2086,-1.0818188198627592,-1.0434238924842574
2087,-1.0372867403491333,-1.0434238924842574
2088,-1.011585635038847,-1.0434238924842574
2089,-0.9675803423412466,-1.0434238924842574
2090,-1.103254406053342,-1.0434238924842574
2091,-1.009313682030907,-1.0434238924842574
2092,-1.09711561526345,-1.0434238924842574
2093,-0.9657313650664123,-1.0434238924842574
2094,-1.0142698572878885,-1.0434238924842574
2095,-1.2028986262486825,-1.0434238924842574
2096,-1.1461451324639236,-1.0434238924842574
2097,-0.9281411919762653,-1.0434238924842574
2098,-0.8318225023451085,-1.0434238924842574
2099,-1.0392250364430027,-1.0434238924842574
2100,-0.8282306505587763,-1.0434238924842574
2101,-0.9263998091995913,-1.0434238924842574
2102,-1.1222295468752388,-1.0434238924842574
2103,-1.0458537857810601,-1.0434238924842574
2104,-1.0286776434013425,-1.0434238924842574
2105,-0.9617187563767096,-1.0434238924842574
2106,-1.010463644537258,-1.0434238924842574
2107,-1.1264829105030056,-1.0434238924842574
2108,-1.0122690869973467,-1.0434238924842574
2109,-1.0269267567985865,-1.0434238924842574
2110,-0.9315977063906486,-1.0434238924842574
2111,-1.0493956050383737,-1.0434238924842574
2112,-0.9537774450879489,-1.0434238924842574
2113,-0.9195935531585574,-1.0434238924842574
2114,-0.9843406945888686,-1.0434238924842574
2115,-1.0675358905461632,-1.0434238924842574
2116,-1.1647246622074476,-1.0434238924842574
2117,-1.0166593739264767,-1.0434238924842574
2118,-1.0974897234725374,-1.0434238924842574
2119,-1.176568425811954,-1.0434238924842574
2120,-1.11164307004525,-1.0434238924842574
2121,-0.8668448447938392,-1.0434238924842574
2122,-0.9557779391236355,-1.0434238924842574
2123,-1.07402003240442,-1.0434238924842574
2124,-1.1525138617584707,-1.0434238924842574
2125,-1.0651348970606838,-1.0434238924842574
2126,-1.181121724029172,-1.0434238924842574
2127,-1.1606014999409084,-1.0434238924842574
2128,-0.835520064636775,-1.0434238924842574
2129,-1.0058516749761401,-1.0434238924842574
2130,-0.9399279814981909,-1.0434238924842574
2131,-1.1045131319177648,-1.0434238924842574
2132,-0.97830674941604,-1.0434238924842574
2133,-1.0022854279697369,-1.0434238924842574
2134,-1.0521540988679565,-1.0434238924842574
2135,-1.0583905881813014,-1.0434238924842574
2136,-0.8692877187663001,-1.0434238924842574
2137,-0.7825499946690606,-1.0434238924842574
2138,-1.0205871696439932,-1.0434238924842574
2139,-1.1463198280767515,-1.0434238924842574
2140,-0.9171258903000258,-1.0434238924842574
2141,-1.191282604781116,-1.0434238924842574
2142,-0.9613195170057265,-1.0434238924842574
2143,-1.1839505311169516,-1.0434238924842574
2144,-1.0040946946856235,-1.0434238924842574
2145,-0.9452706129010214,-1.0434238924842574
2146,-1.2215896993646502,-1.0434238924842574
2147,-1.1512205252471306,-1.0434238924842574
2148,-1.026215783458491,-1.0434238924842574
2149,-1.1018366635789012,-1.0434238924842574
2150,-0.8148622378417568,-1.0434238924842574
2151,-1.0024551357722593,-1.0434238924842574
2152,-1.0150010422486229,-1.0434238924842574
2153,-1.125735481077854,-1.0434238924842574
2154,-1.1467068166546706,-1.0434238924842574
2155,-1.0442399267239237,-1.0434238924842574
2156,-1.0962975272688678,-1.0434238924842574
2157,-0.8641219612890335,-1.0434238924842574
2158,-1.1366732680313911,-1.0434238924842574
2159,-0.8706659357931932,-1.0434238924842574
2160,-1.0890151406708668,-1.0434238924842574
2161,-1.1022284021942435,-1.0434238924842574
2162,-0.847499723583869,-1.0434238924842574
2163,-1.044481427934154,-1.0434238924842574
2164,-1.046998575851933,-1.0434238924842574
2165,-1.131388190024298,-1.0434238924842574
2166,-1.1075723073974655,-1.0434238924842574
2167,-0.9636532177030837,-1.0434238924842574
2168,-1.1289432386591043,-1.0434238924842574
2169,-1.0380295020410797,-1.0434238924842574
2170,-1.105016053481142,-1.0434238924842574
2171,-1.0873665630555955,-1.0434238924842574
2172,-1.1088697532109828,-1.0434238924842574
2173,-1.1010215830129884,-1.0434238924842574
2174,-1.2176956927329552,-1.0434238924842574
2175,-0.9721703539585216,-1.0434238924842574
2176,-1.172535366476447,-1.0434238924842574
2177,-1.2387859245187125,-1.0434238924842574
2178,-1.0841806673346586,-1.0434238924842574
2179,-1.121604994512858,-1.0434238924842574
2180,-0.9707857503470531,-1.0434238924842574
2181,-0.8050774017997349,-1.0434238924842574
2182,-0.9351308105348579,-1.0434238924842574
2183,-0.9923987594121599,-1.0434238924842574
2184,-0.8018177106650701,-1.0434238924842574
2185,-1.1504262858639154,-1.0434238924842574
2186,-0.9348843402476882,-1.0434238924842574
2187,-0.969055463760808,-1.0434238924842574
2188,-1.1046659670490453,-1.0434238924842574
2189,-1.1088728033657755,-1.0434238924842574
2190,-1.0755679705844479,-1.0434238924842574
2191,-1.0749367776554104,-1.0434238924842574
2192,-1.0058283820458822,-1.0434238924842574
2193,-1.221628171753237,-1.0434238924842574
2194,-1.3180463884805762,-1.0434238924842574
2195,-1.1016731760102003,-1.0434238924842574
2196,-1.047406252590121,-1.0434238924842574
2197,-1.3025847318117036,-1.0434238924842574
2198,-0.965507562701574,-1.0434238924842574
2199,-0.8650833278038825,-1.0434238924842574
2200,-0.9069888614727563,-1.0434238924842574
2201,-1.1698916708900255,-1.0434238924842574
2202,-1.0388544620061024,-1.0434238924842574
2203,-0.8846689633500997,-1.0434238924842574
2204,-1.127305916464241,-1.0434238924842574
2205,-1.0979047553946888,-1.0434238924842574
2206,-0.9525322937466256,-1.0434238924842574
2207,-0.9406000278485376,-1.0434238924842574
2208,-1.132941554143126,-1.0434238924842574
2209,-1.0780805849171593,-1.0434238924842574
2210,-1.0896607328027192,-1.0434238924842574
2211,-0.9935985702224583,-1.0434238924842574
2212,-0.948281186490695,-1.0434238924842574
2213,-0.8722960626941683,-1.0434238924842574
2214,-1.0745761618925183,-1.0434238924842574
2215,-1.176489859441871,-1.0434238924842574
2216,-1.1292514593494396,-1.0434238924842574
2217,-1.1716480284814215,-1.0434238924842574
2218,-1.130566516739758,-1.0434238924842574
2219,-1.1420717505570963,-1.0434238924842574
2220,-0.9947624979547103,-1.0434238924842574
2221,-1.198901830435105,-1.0434238924842574
2222,-0.9909955722203843,-1.0434238924842574
2223,-1.041263201343261,-1.0434238924842574
2224,-1.0126865420030213,-1.0434238924842574
2225,-1.0627107289470008,-1.0434238924842574
2226,-0.9735341770727114,-1.0434238924842574
2227,-1.2120497055438753,-1.0434238924842574
2228,-0.897890063584796,-1.0434238924842574
2229,-0.9219633016522687,-1.0434238924842574
2230,-0.925415632885303,-1.0434238924842574
2231,-0.9614255851481645,-1.0434238924842574
2232,-0.9599553093930699,-1.0434238924842574
2233,-0.988551128078697,-1.0434238924842574
2234,-0.9185613260741277,-1.0434238924842574
2235,-0.8187333624345775,-1.0434238924842574
2236,-0.9411915951193437,-1.0434238924842574
2237,-0.9879324319045985,-1.0434238924842574
2238,-0.8837138489011918,-1.0434238924842574
2239,-0.9230434699077861,-1.0434238924842574
2240,-1.024181223445177,-1.0434238924842574
2241,-0.9821696607012806,-1.0434238924842574
2242,-0.9876954809592595,-1.0434238924842574
2243,-1.0254597929652516,-1.0434238924842574
2244,-1.1120199195890499,-1.0434238924842574
2245,-1.1657697566331786,-1.0434238924842574
2246,-1.3286119310206594,-1.0434238924842574
2247,-0.956127066947998,-1.0434238924842574
2248,-0.8881712654060196,-1.0434238924842574
2249,-1.1209665548710137,-1.0434238924842574
2250,-1.0471386040151272,-1.0434238924842574
2251,-1.0763404494995872,-1.0434238924842574
2252,-0.8444836072496676,-1.0434238924842574
2253,-1.0624349630524799,-1.0434238924842574
2254,-0.9515851224367712,-1.0434238924842574
2255,-0.9203941838286978,-1.0434238924842574
2256,-0.7435830630706319,-1.0434238924842574
2257,-1.024559037084771,-1.0434238924842574
2258,-0.9799750620176154,-1.0434238924842574
2259,-1.0422975426923746,-1.0434238924842574
2260,-0.9584579289329143,-1.0434238924842574
2261,-0.9489970306465865,-1.0434238924842574
2262,-1.0235022110794618,-1.0434238924842574
2263,-0.9897696520145892,-1.0434238924842574
2264,-1.137667335906629,-1.0434238924842574
2265,-1.062924708145856,-1.0434238924842574
2266,-1.117508091170084,-1.0434238924842574
2267,-1.2474289950173343,-1.0434238924842574
2268,-1.0794855956424618,-1.0434238924842574
2269,-1.3987941207324295,-1.0434238924842574
2270,-1.1832906876175746,-1.0434238924842574
2271,-1.1024206183234715,-1.0434238924842574
2272,-1.0421332065644235,-1.0434238924842574
2273,-1.0670960432314736,-1.0434238924842574
2274,-1.0323267709574362,-1.0434238924842574
2275,-0.9325503723354271,-1.0434238924842574
2276,-1.066702239680538,-1.0434238924842574
2277,-1.0630484168902414,-1.0434238924842574
2278,-1.094571443293245,-1.0434238924842574
2279,-1.0455208653494361,-1.0434238924842574
2280,-0.9510786583568509,-1.0434238924842574
2281,-0.9764444907053724,-1.0434238924842574
2282,-1.0612956188105045,-1.0434238924842574
2283,-1.0231758871100887,-1.0434238924842574
2284,-0.9694030107859106,-1.0434238924842574
2285,-0.9360329543469985,-1.0434238924842574
2286,-1.1886520647998802,-1.0434238924842574
2287,-1.0464725329523663,-1.0434238924842574
2288,-1.07311311302286,-1.0434238924842574
2289,-1.1775093450877436,-1.0434238924842574
2290,-1.0669977287358752,-1.0434238924842574
2291,-1.19992282227908,-1.0434238924842574
2292,-1.179784554473213,-1.0434238924842574
2293,-1.0644050991337455,-1.0434238924842574
2294,-1.0097070029425088,-1.0434238924842574
2295,-1.0103952672565577,-1.0434238924842574
2296,-1.1844120201771715,-1.0434238924842574
2297,-1.0989785055058223,-1.0434238924842574
2298,-0.8781834937998072,-1.0434238924842574
2299,-1.2258944007169081,-1.0434238924842574
2300,-1.0132550012266393,-1.0434238924842574
2301,-1.0060311689233576,-1.0434238924842574
2302,-0.9112592345487913,-1.0434238924842574
2303,-1.0104658621306821,-1.0434238924842574
2304,-0.9410316070016941,-1.0434238924842574
2305,-0.9319071971277981,-1.0434238924842574
2306,-0.9132585106374521,-1.0434238924842574
2307,-0.9292229692183106,-1.0434238924842574
2308,-1.0078569828042683,-1.0434238924842574
2309,-0.8829740726964852,-1.0434238924842574
2310,-1.0847458274016901,-1.0434238924842574
2311,-1.0286927968915531,-1.0434238924842574
2312,-1.111469262149534,-1.0434238924842574
2313,-1.125663273200438,-1.0434238924842574
2314,-1.041552918524581,-1.0434238924842574
2315,-1.0759413041180372,-1.0434238924842574
2316,-1.011603452888244,-1.0434238924842574
2317,-1.0367621852021878,-1.0434238924842574
2318,-0.9453523844527495,-1.0434238924842574
2319,-1.1920234458066912,-1.0434238924842574
2320,-1.1111807276385248,-1.0434238924842574
2321,-1.2710197293136805,-1.0434238924842574
2322,-1.0678132670253861,-1.0434238924842574
2323,-1.0745015061125425,-1.0434238924842574
2324,-1.033845352493899,-1.0434238924842574
2325,-1.004364867586347,-1.0434238924842574
2326,-0.941638343485277,-1.0434238924842574
2327,-1.0402814635878403,-1.0434238924842574
2328,-1.129081265791428,-1.0434238924842574
2329,-0.8060447254799915,-1.0434238924842574
2330,-0.9779737658056573,-1.0434238924842574
2331,-1.0742354583502896,-1.0434238924842574
2332,-0.971090118890737,-1.0434238924842574
2333,-1.0289074274999706,-1.0434238924842574
2334,-1.3117452850791416,-1.0434238924842574
2335,-0.9268302366860998,-1.0434238924842574
2336,0.16872060800896663,0.34148582677921346
2337,0.23343105709155437,0.34148582677921346
2338,0.3906220670721075,0.34148582677921346
2339,0.3322382140411722,0.34148582677921346
2340,0.4245280297618242,0.34148582677921346
2341,0.22484642864192084,0.34148582677921346
2342,0.19686954724231934,0.34148582677921346
2343,0.23939818124489576,0.34148582677921346
2344,0.14468089300443518,0.34148582677921346
2345,0.32903332691907405,0.34148582677921346
2346,0.4408461984656595,0.34148582677921346
2347,0.2535874734833974,0.34148582677921346
2348,0.41421647637713266,0.34148582677921346
2349,0.21798208079789327,0.34148582677921346
2350,0.4320362432931982,0.34148582677921346
2351,0.3862924075138094,0.34148582677921346
2352,0.42029612155433954,0.34148582677921346
2353,0.43040680795271613,0.34148582677921346
2354,0.4217028809413557,0.34148582677921346
2355,0.30962601134254863,0.34148582677921346
2356,0.3577218615470311,0.34148582677921346
2357,0.4000505078691718,0.34148582677921346
2358,0.4119852225965632,0.34148582677921346
2359,0.2802580975865844,0.34148582677921346
2360,0.3128752685711898,0.34148582677921346
2361,0.23649562570136526,0.34148582677921346
2362,0.3811254381012625,0.34148582677921346
2363,0.30255034430400496,0.34148582677921346
2364,0.3055503807089155,0.34148582677921346
2365,0.2899001561568015,0.34148582677921346
2366,0.22198129911944112,0.34148582677921346
2367,0.24364192028890538,0.34148582677921346
2368,0.2527032841261892,0.34148582677921346
2369,0.2876440230723822,0.34148582677921346
2370,0.35533093446707553,0.34148582677921346
2371,0.2483220399396757,0.34148582677921346
2372,0.29912860990794826,0.34148582677921346
2373,0.30440704559200416,0.34148582677921346
2374,0.3319977902011133,0.34148582677921346
2375,0.39336181615758026,0.34148582677921346
2376,0.21214728944332178,0.34148582677921346
2377,0.4189197416274742,0.34148582677921346
2378,0.2555229272552238,0.34148582677921346
2379,0.2634114093757938,0.34148582677921346
2380,0.3545301617445015,0.34148582677921346
2381,0.4918483048724767,0.34148582677921346
2382,0.29756373842737865,0.34148582677921346
2383,0.27501232517290075,0.34148582677921346
2384,0.5255814168110982,0.34148582677921346
2385,0.1871898421720211,0.34148582677921346
2386,0.3372002370970406,0.34148582677921346
2387,0.2764500681393235,0.34148582677921346
2388,0.4476064213505228,0.34148582677921346
2389,0.23820963175090393,0.34148582677921346
2390,0.40113497158371364,0.34148582677921346
2391,0.25938548055744176,0.34148582677921346
2392,0.14168482420579873,0.34148582677921346
2393,0.3768947494954038,0.34148582677921346
2394,0.1254243866104916,0.34148582677921346
2395,0.3066752019537552,0.34148582677921346
2396,0.18974641643322418,0.34148582677921346
2397,0.42398315060700215,0.34148582677921346
2398,0.3833168287634653,0.34148582677921346
2399,0.39341773627974225,0.34148582677921346
2400,0.3137853711198192,0.34148582677921346
2401,0.18411584828994354,0.34148582677921346
2402,0.49398660950241086,0.34148582677921346
2403,0.5317124388286327,0.34148582677921346
2404,0.3226407110633757,0.34148582677921346
2405,0.3931941992842491,0.34148582677921346
2406,0.45992862828388215,0.34148582677921346
2407,0.4688616079852471,0.34148582677921346
2408,0.5394577892908784,0.34148582677921346
2409,0.3914122841637343,0.34148582677921346
2410,0.4023283950984827,0.34148582677921346
2411,0.28558187365614307,0.34148582677921346
2412,0.33493513806351966,0.34148582677921346
2413,0.29991863345961184,0.34148582677921346
2414,0.27219730151697163,0.34148582677921346
2415,0.3472248306894964,0.34148582677921346
2416,0.25630718843627626,0.34148582677921346
2417,0.2684958007225007,0.34148582677921346
2418,0.34871949007521663,0.34148582677921346
2419,0.23441499751331887,0.34148582677921346
2420,0.19867854521424022,0.34148582677921346
2421,0.38183412522155546,0.34148582677921346
2422,0.3765581786855251,0.34148582677921346
2423,0.12020600585375063,0.34148582677921346
2424,0.3256680341183288,0.34148582677921346
2425,0.3505243615869655,0.34148582677921346
2426,0.44928559948279106,0.34148582677921346
2427,0.455594656501845,0.34148582677921346
2428,0.3456103884592075,0.34148582677921346
2429,0.2489974895095422,0.34148582677921346
2430,0.40389056500644366,0.34148582677921346
2431,0.43039485604430333,0.34148582677921346
2432,0.5384522810982997,0.34148582677921346
2433,0.31840072652149454,0.34148582677921346
2434,0.4973955158749077,0.34148582677921346
2435,0.3344517095215679,0.34148582677921346
2436,0.3767859329788803,0.34148582677921346
2437,0.375688482385621,0.34148582677921346
2438,0.24923292608281564,0.34148582677921346
2439,0.21163133893149816,0.34148582677921346
2440,0.399162844897107,0.34148582677921346
2441,0.334155559418591,0.34148582677921346
2442,0.1422862752201098,0.34148582677921346
2443,0.2807652913434523,0.34148582677921346
2444,0.19147998305308728,0.34148582677921346
2445,0.21348607070502446,0.34148582677921346
2446,0.26386319900080946,0.34148582677921346
2447,0.29854906808988824,0.34148582677921346
2448,0.14656897886546497,0.34148582677921346
2449,0.30333642808401495,0.34148582677921346
2450,0.3852335237531709,0.34148582677921346
2451,0.31475652796658826,0.34148582677921346
2452,0.43481424569406923,0.34148582677921346
2453,0.27941796282408027,0.34148582677921346
2454,0.35982768773208595,0.34148582677921346
2455,0.2757411384371021,0.34148582677921346
2456,0.38093555515953337,0.34148582677921346
2457,0.25872374893977457,0.34148582677921346
2458,0.26644762502788016,0.34148582677921346
2459,0.3290907877517495,0.34148582677921346
2460,0.4467053592662608,0.34148582677921346
2461,0.32523807107212477,0.34148582677921346
2462,0.5088439583709637,0.34148582677921346
2463,0.35010260441092417,0.34148582677921346
2464,0.24991460899060125,0.34148582677921346
2465,0.2900181719827823,0.34148582677921346
2466,0.10480315740989787,0.34148582677921346
2467,0.3914214583373856,0.34148582677921346
2468,0.3417756967051955,0.34148582677921346
2469,0.30242310308112735,0.34148582677921346
2470,0.3447966133768659,0.34148582677921346
2471,0.2416295234368918,0.34148582677921346
2472,0.3995242666247788,0.34148582677921346
2473,0.24675078219073324,0.34148582677921346
2474,0.4421276707850665,0.34148582677921346
2475,0.4992804574985579,0.34148582677921346
2476,0.3528937464991625,0.34148582677921346
2477,0.1701044211551816,0.34148582677921346
2478,0.35067144999595473,0.34148582677921346
2479,0.5903237445611559,0.34148582677921346
2480,0.5487473372889575,0.34148582677921346
2481,0.33129126760389377,0.34148582677921346
2482,0.18862514073262104,0.34148582677921346
2483,0.22515207267261253,0.34148582677921346
2484,0.4210688673567335,0.34148582677921346
2485,0.43352446933213873,0.34148582677921346
2486,0.3032097508893708,0.34148582677921346
2487,0.5009006470216627,0.34148582677921346
2488,0.4519557337685593,0.34148582677921346
2489,0.28358936724683564,0.34148582677921346
2490,0.35912740866151116,0.34148582677921346
2491,0.29391627518256863,0.34148582677921346
2492,0.4507364675219103,0.34148582677921346
2493,0.2994498495452606,0.34148582677921346
2494,0.2320598347893183,0.34148582677921346
2495,0.28075373225143835,0.34148582677921346
2496,0.3116599701568448,0.34148582677921346
2497,0.3637911694189479,0.34148582677921346
2498,0.28456436043294603,0.34148582677921346
2499,0.2504976985364548,0.34148582677921346
2500,0.19624173887202223,0.34148582677921346
2501,0.29789931526153446,0.34148582677921346
2502,0.5875968429800368,0.34148582677921346
2503,0.3652338745927437,0.34148582677921346
2504,0.26678480689327433,0.34148582677921346
2505,0.22064269929871894,0.34148582677921346
2506,0.5426740900006164,0.34148582677921346
2507,0.49706403852180026,0.34148582677921346
2508,0.34647536686606306,0.34148582677921346
2509,0.5612831882977684,0.34148582677921346
2510,0.27631334003833585,0.34148582677921346
2511,0.44770085433494855,0.34148582677921346
2512,0.29038490366753994,0.34148582677921346
2513,0.30247592404992374,0.34148582677921346
2514,1.3993975802522942,1.3794390057097767
2515,1.4509189926883967,1.3794390057097767
2516,1.2905548390046888,1.3794390057097767
2517,1.2920520390091668,1.3794390057097767
2518,1.4204279583035102,1.3794390057097767
2519,1.1484889330273593,1.3794390057097767
2520,1.497566985161013,1.3794390057097767
2521,1.3845208304931176,1.3794390057097767
2522,1.445386770948396,1.3794390057097767
2523,1.3845513840408992,1.3794390057097767
2524,1.4265582031955382,1.3794390057097767
2525,1.3637773229822143,1.3794390057097767
2526,1.522856806766245,1.3794390057097767
2527,1.504458110292199,1.3794390057097767
2528,1.6108985419148358,1.3794390057097767
2529,1.3492689632397346,1.3794390057097767
2530,1.432683051302293,1.3794390057097767
2531,1.464391576480503,1.3794390057097767
2532,1.4722591591254681,1.3794390057097767
2533,1.3592899156812295,1.3794390057097767
2534,1.5203417574939484,1.3794390057097767
2535,1.3156197038816586,1.3794390057097767
2536,1.3172492546620487,1.3794390057097767
2537,1.4143461853271364,1.3794390057097767
2538,1.4783423360094916,1.3794390057097767
2539,1.5105543206736471,1.3794390057097767
2540,1.3289173428006034,1.3794390057097767
2541,1.3324532614765823,1.3794390057097767
2542,1.4613544277405652,1.3794390057097767
2543,1.233842556551458,1.3794390057097767
2544,1.3963141909141408,1.3794390057097767
2545,1.2699505033657685,1.3794390057097767
2546,1.431346729775576,1.3794390057097767
2547,1.3096710294007943,1.3794390057097767
2548,1.3653278042769128,1.3794390057097767
2549,1.3544178820956805,1.3794390057097767
2550,1.173012729253325,1.3794390057097767
2551,1.3928044638227637,1.3794390057097767
2552,1.4346187433665807,1.3794390057097767
2553,1.5503781378632917,1.3794390057097767
2554,1.4361317413907084,1.3794390057097767
2555,1.49198792584435,1.3794390057097767
2556,1.455809070964685,1.3794390057097767
2557,1.541332676717416,1.3794390057097767
2558,1.4632521812414754,1.3794390057097767
2559,1.5006568812176535,1.3794390057097767
2560,1.2483382726914123,1.3794390057097767
2561,1.4665584817695951,1.3794390057097767
2562,1.4631628554779779,1.3794390057097767
2563,1.317255910151181,1.3794390057097767
2564,1.2970030634683656,1.3794390057097767
2565,1.369789666306716,1.3794390057097767
2566,1.3500240796626222,1.3794390057097767
2567,1.1594968615113204,1.3794390057097767
2568,1.3351499925845352,1.3794390057097767
2569,1.2386652439621149,1.3794390057097767
2570,1.3678318347653642,1.3794390057097767
2571,1.3321651324202342,1.3794390057097767
2572,1.45932481773627,1.3794390057097767
2573,1.2250606538686735,1.3794390057097767
2574,1.2118446665399216,1.3794390057097767
2575,1.4164389423299228,1.3794390057097767
2576,1.2854282509271402,1.3794390057097767
2577,1.290706370696257,1.3794390057097767
2578,1.4265130950147602,1.3794390057097767
2579,1.3853339882038087,1.3794390057097767
2580,1.6429321179177483,1.3794390057097767
2581,1.6003681372068352,1.3794390057097767
2582,1.1950441211402472,1.3794390057097767
2583,1.5082074831994565,1.3794390057097767
2584,1.3308846509102463,1.3794390057097767
2585,1.6418911160018155,1.3794390057097767
2586,1.4730394588478364,1.3794390057097767
2587,1.4436401736908537,1.3794390057097767
2588,1.3892527957385135,1.3794390057097767
2589,1.2991605804133275,1.3794390057097767
2590,1.3632113890718625,1.3794390057097767
2591,1.1069588846921423,1.3794390057097767
2592,1.5528776850888342,1.3794390057097767
2593,1.2988612267499293,1.3794390057097767
2594,1.2520843764599068,1.3794390057097767
2595,1.3996840247286058,1.3794390057097767
2596,1.3243269251985614,1.3794390057097767
2597,1.3471361168274396,1.3794390057097767
2598,1.2812174941190901,1.3794390057097767
2599,1.4134107126660178,1.3794390057097767
2600,1.476284429497938,1.3794390057097767
2601,1.4905976143439719,1.3794390057097767
2602,1.3626890525132993,1.3794390057097767
2603,1.5263711403373086,1.3794390057097767
2604,1.6325058051911259,1.3794390057097767
2605,1.375909425337193,1.3794390057097767
2606,1.5436607106001528,1.3794390057097767
2607,1.5111886947953979,1.3794390057097767
2608,1.5617782036289043,1.3794390057097767
2609,1.439650613074205,1.3794390057097767
2610,1.203423488405192,1.3794390057097767
2611,1.5193252549218903,1.3794390057097767
2612,1.2151155441872317,1.3794390057097767
2613,1.4225138406772357,1.3794390057097767
2614,1.278711327262948,1.3794390057097767
2615,1.3437282924819003,1.3794390057097767
2616,1.2115627334040637,1.3794390057097767
2617,1.396807019383369,1.3794390057097767
2618,1.2617315304466572,1.3794390057097767
2619,1.3760780532954562,1.3794390057097767
2620,1.4093638782050097,1.3794390057097767
2621,1.3289722062307492,1.3794390057097767
2622,1.3583103863801969,1.3794390057097767
2623,1.3750372317331416,1.3794390057097767
2624,1.370805011792582,1.3794390057097767
2625,1.2936796213209076,1.3794390057097767
2626,1.262483445245933,1.3794390057097767
2627,1.5234168259468233,1.3794390057097767
2628,1.351846814947824,1.3794390057097767
2629,1.3939438590140085,1.3794390057097767
2630,1.4562952669159426,1.3794390057097767
2631,1.5212840013398092,1.3794390057097767
2632,1.5100776439627315,1.3794390057097767
2633,1.4324082253159243,1.3794390057097767
2634,1.4627905643395964,1.3794390057097767
2635,1.25806364591592,1.3794390057097767
2636,1.272036902470639,1.3794390057097767
2637,1.4662126759261183,1.3794390057097767
2638,1.4578574376434685,1.3794390057097767
2639,1.13034620881641,1.3794390057097767
2640,1.3973427856984082,1.3794390057097767
2641,1.23288052054084,1.3794390057097767
2642,1.3287888385696236,1.3794390057097767
2643,1.3345407524384183,1.3794390057097767
2644,1.4294397961364875,1.3794390057097767
2645,1.287592083282083,1.3794390057097767
2646,1.3601209078899306,1.3794390057097767
2647,1.4609623871299813,1.3794390057097767
2648,1.4460562633337672,1.3794390057097767
2649,1.337763450621213,1.3794390057097767
2650,1.3638666379976865,1.3794390057097767
2651,1.345503771394988,1.3794390057097767
2652,1.4366063401683753,1.3794390057097767
2653,1.4607450613266182,1.3794390057097767
2654,1.489083012061572,1.3794390057097767
2655,1.4590312803053065,1.3794390057097767
2656,1.4312947500795472,1.3794390057097767
2657,1.3353483807122688,1.3794390057097767
2658,1.5233856704411515,1.3794390057097767
2659,1.4074903324993433,1.3794390057097767
2660,1.560227094390421,1.3794390057097767
2661,1.1974717935067865,1.3794390057097767
2662,1.3829891442549613,1.3794390057097767
2663,1.4163291099519648,1.3794390057097767
2664,1.4253317972089132,1.3794390057097767
2665,1.3418630933084985,1.3794390057097767
2666,1.2514028328767781,1.3794390057097767
2667,1.2549622711602277,1.3794390057097767
2668,1.3614496534789975,1.3794390057097767
2669,1.2771467227433546,1.3794390057097767
2670,1.3005920193697067,1.3794390057097767
2671,1.373506727762985,1.3794390057097767
2672,1.3319364976328683,1.3794390057097767
2673,1.2285605768160734,1.3794390057097767
2674,1.176247668193229,1.3794390057097767
2675,1.4957894123872355,1.3794390057097767
2676,1.328149563531499,1.3794390057097767
2677,1.5209793341583182,1.3794390057097767
2678,1.4149335409707557,1.3794390057097767
2679,1.2135645122040033,1.3794390057097767
2680,1.5554136877974791,1.3794390057097767
2681,1.4039668775812106,1.3794390057097767
2682,1.5135607448989075,1.3794390057097767
2683,1.4453208063888998,1.3794390057097767
2684,1.3964513407102703,1.3794390057097767
2685,1.5621815815375386,1.3794390057097767
2686,1.3875506987890753,1.3794390057097767
2687,1.4130173097963608,1.3794390057097767
2688,1.3965957276069723,1.3794390057097767
2689,1.2021112986551914,1.3794390057097767
2690,1.3286780969144356,1.3794390057097767
2691,1.3254703132810746,1.3794390057097767
2692,1.403868614132077,1.3794390057097767
2693,1.1645286713855725,1.3794390057097767
2694,1.4767174927558417,1.3794390057097767
2695,1.3390162493418238,1.3794390057097767
2696,1.30215185468572,1.3794390057097767
2697,1.469804183978364,1.3794390057097767
2698,1.6130135988217538,1.3794390057097767
2699,1.4103031993713064,1.3794390057097767
2700,1.200625287221474,1.3794390057097767
2701,1.4204831154577027,1.3794390057097767
2702,1.456531944585914,1.3794390057097767
2703,1.4442503017677009,1.3794390057097767
2704,1.4505479285344958,1.3794390057097767
2705,1.463749509235495,1.3794390057097767
2706,1.332284578572505,1.3794390057097767
2707,1.3585302149019978,1.3794390057097767
2708,1.4202802981473188,1.3794390057097767
2709,1.5868315377996836,1.3794390057097767
2710,1.2879474532526385,1.3794390057097767
2711,1.509694817896448,1.3794390057097767
2712,1.3423061734551882,1.3794390057097767
2713,1.3438587564601119,1.3794390057097767
2714,1.4161653935492202,1.3794390057097767
2715,1.3669248210060028,1.3794390057097767
2716,1.5669450797535343,1.3794390057097767
2717,1.256922409068153,1.3794390057097767
2718,1.212120668820163,1.3794390057097767
2719,1.4644312838886155,1.3794390057097767
2720,1.3147726342081099,1.3794390057097767
2721,1.4349081622550275,1.3794390057097767
2722,1.5655758974205118,1.3794390057097767
2723,1.4589472761034248,1.3794390057097767
2724,1.453769238976212,1.3794390057097767
2725,1.4157538286022047,1.3794390057097767
2726,1.3410076497359422,1.3794390057097767
2727,1.3350014490653452,1.3794390057097767
2728,1.5055007744305033,1.3794390057097767
2729,1.2571551714543527,1.3794390057097767
2730,1.3479771905064994,1.3794390057097767
2731,1.4345654872744895,1.3794390057097767
2732,1.4397535915999733,1.3794390057097767
2733,1.407593863949714,1.3794390057097767
2734,1.3542657649206042,1.3794390057097767
2735,1.4483748478852343,1.3794390057097767
2736,1.4724049008955298,1.3794390057097767
2737,1.4908247549908686,1.3794390057097767
2738,1.4530486598999903,1.3794390057097767
2739,1.3108209710029552,1.3794390057097767
2740,1.3566535768005397,1.3794390057097767
2741,1.3556589226395868,1.3794390057097767
2742,1.411820341162915,1.3794390057097767
2743,1.2800279382191813,1.3794390057097767
2744,1.5020290764691877,1.3794390057097767
2745,1.280729801004617,1.3794390057097767
2746,1.3914925569000598,1.3794390057097767
2747,1.4747483316202115,1.3794390057097767
2748,1.3661906782793471,1.3794390057097767
2749,1.4607354603072498,1.3794390057097767
2750,1.3951620557800484,1.3794390057097767
2751,1.545069211023699,1.3794390057097767
2752,1.451954110425843,1.3794390057097767
2753,1.479525187174188,1.3794390057097767
2754,1.5113248309032647,1.3794390057097767
2755,1.4149840726586516,1.3794390057097767
2756,1.3966928394011473,1.3794390057097767
2757,1.4009523835823452,1.3794390057097767
2758,1.4129830267327186,1.3794390057097767
2759,1.5629994524521833,1.3794390057097767
2760,1.3156325325611848,1.3794390057097767
2761,1.4733447274680473,1.3794390057097767
2762,1.4125392549761762,1.3794390057097767
2763,1.4590458146094676,1.3794390057097767
2764,1.1802534925320614,1.3794390057097767
2765,1.44413828109907,1.3794390057097767
2766,1.392562003694198,1.3794390057097767
2767,1.167668915041967,1.3794390057097767
2768,1.3123228536008087,1.3794390057097767
2769,1.390042989617385,1.3794390057097767
2770,1.3283480550651405,1.3794390057097767
2771,1.3914220474379093,1.3794390057097767
2772,1.2954359791653554,1.3794390057097767
2773,1.2395095134994176,1.3794390057097767
2774,1.34192394061042,1.3794390057097767
2775,1.4593658007991548,1.3794390057097767
2776,1.3905846164727687,1.3794390057097767
2777,1.4325492109182258,1.3794390057097767
2778,1.5358501834616272,1.3794390057097767
2779,1.497972165660373,1.3794390057097767
2780,1.6096279900787327,1.3794390057097767
2781,1.3137007196361177,1.3794390057097767
2782,1.534461630669271,1.3794390057097767
2783,1.5896883185440354,1.3794390057097767
2784,1.4349460143813855,1.3794390057097767
2785,1.499594578772677,1.3794390057097767
2786,1.2820174422304442,1.3794390057097767
2787,1.4010050865764343,1.3794390057097767
2788,1.2116003331798044,1.3794390057097767
2789,1.3377818431872224,1.3794390057097767
2790,1.2422905774276176,1.3794390057097767
2791,1.4566404473422696,1.3794390057097767
2792,1.2996584485463138,1.3794390057097767
2793,1.410299964571056,1.3794390057097767
2794,1.2209537682274867,1.3794390057097767
2795,1.1962396182516655,1.3794390057097767
2796,1.3094477040971992,1.3794390057097767
2797,1.2241112046515776,1.3794390057097767
2798,1.362436720725389,1.3794390057097767
2799,1.2489175813322788,1.3794390057097767
2800,1.4270536570699437,1.3794390057097767
2801,1.4051175849941036,1.3794390057097767
2802,1.374356477553047,1.3794390057097767
2803,1.4994073234306884,1.3794390057097767
2804,1.5142009443764086,1.3794390057097767
2805,1.498361664173294,1.3794390057097767
2806,1.5407148663798256,1.3794390057097767
2807,1.3443975186120412,1.3794390057097767
2808,1.6019969421874245,1.3794390057097767
2809,1.5215194296621215,1.3794390057097767
2810,1.4066734546884878,1.3794390057097767
2811,1.5131525244098605,1.3794390057097767
2812,1.4464068413197586,1.3794390057097767
2813,1.352319430974817,1.3794390057097767
2814,1.3302431719810384,1.3794390057097767
2815,1.4350300407543304,1.3794390057097767
2816,1.2550288235948472,1.3794390057097767
2817,1.4929392729400943,1.3794390057097767
2818,1.3290836566387316,1.3794390057097767
2819,1.3977247553535241,1.3794390057097767
2820,1.271305160395039,1.3794390057097767
2821,1.2325141308443417,1.3794390057097767
2822,1.3154691173777366,1.3794390057097767
2823,1.609590918177914,1.3794390057097767
2824,1.337209147915344,1.3794390057097767
2825,1.2459004997902154,1.3794390057097767
2826,1.5225711519540015,1.3794390057097767
2827,1.3819221660985295,1.3794390057097767
2828,1.3276831007561878,1.3794390057097767
2829,1.4916883362331528,1.3794390057097767
2830,1.4383552857576651,1.3794390057097767
2831,1.482580200595179,1.3794390057097767
2832,1.3903247405576598,1.3794390057097767
2833,1.4624190696172397,1.3794390057097767
2834,1.5900621095527625,1.3794390057097767
2835,1.5011300289509393,1.3794390057097767
2836,1.5153438898563723,1.3794390057097767
2837,1.3946737583205708,1.3794390057097767
2838,1.475951169297217,1.3794390057097767
2839,1.3858342586788102,1.3794390057097767
2840,1.258364634067185,1.3794390057097767
2841,1.3634560030450866,1.3794390057097767
2842,1.217200921632085,1.3794390057097767
2843,1.4351139086434055,1.3794390057097767
2844,1.29358510467937,1.3794390057097767
2845,1.3069896783279673,1.3794390057097767
2846,1.3559062304491398,1.3794390057097767
2847,1.202089245462156,1.3794390057097767
2848,1.20635751398821,1.3794390057097767
2849,1.4491756732097174,1.3794390057097767
2850,1.423353332600843,1.3794390057097767
2851,1.4087374707329015,1.3794390057097767
2852,1.4694388236915876,1.3794390057097767
2853,1.552250916627225,1.3794390057097767
2854,1.3771648541691854,1.3794390057097767
2855,1.4388705996688398,1.3794390057097767
2856,1.378164281282816,1.3794390057097767
2857,1.3237826374215502,1.3794390057097767
2858,1.38847750020546,1.3794390057097767
2859,1.319318768722046,1.3794390057097767
2860,1.2897913886818886,1.3794390057097767
2861,1.269568240730096,1.3794390057097767
2862,1.1286825503612876,1.3794390057097767
2863,1.2399942514136446,1.3794390057097767
2864,1.3015721492684513,1.3794390057097767
2865,1.5502903293794115,1.3794390057097767
2866,1.4512534865379878,1.3794390057097767
2867,1.3714247965402244,1.3794390057097767
2868,1.244290353514472,1.3794390057097767
2869,1.3278026804391125,1.3794390057097767
2870,1.5014408852665961,1.3794390057097767
2871,1.3847618532258033,1.3794390057097767
2872,1.5225599899504008,1.3794390057097767
2873,1.4206365067381432,1.3794390057097767
2874,1.3626507019838656,1.3794390057097767
2875,1.31329050111636,1.3794390057097767
2876,1.4481335093828593,1.3794390057097767
2877,1.2727366829442484,1.3794390057097767
2878,1.366397921941992,1.3794390057097767
2879,1.4776367667443873,1.3794390057097767
2880,1.3118714004225842,1.3794390057097767
2881,1.4451336509204067,1.3794390057097767
2882,1.4594078672004014,1.3794390057097767
2883,1.4535349791292984,1.3794390057097767
2884,1.2615121492708257,1.3794390057097767
2885,1.410914757555505,1.3794390057097767
2886,1.357158435455866,1.3794390057097767
2887,1.277341311177058,1.3794390057097767
2888,1.3575325825828288,1.3794390057097767
2889,1.5352355599899687,1.3794390057097767
2890,1.3165814181334903,1.3794390057097767
2891,1.3898154535105822,1.3794390057097767
2892,1.3075815447941876,1.3794390057097767
2893,1.387737658835505,1.3794390057097767
2894,1.3485443220935738,1.3794390057097767
2895,1.4249316976645547,1.3794390057097767
2896,1.2241451319188226,1.3794390057097767
2897,1.368799997549705,1.3794390057097767
2898,1.1616685941702916,1.3794390057097767
2899,1.1401105086167063,1.3794390057097767
2900,1.4987343790740013,1.3794390057097767
2901,1.3353391240260875,1.3794390057097767
2902,1.5447885144775004,1.3794390057097767
2903,1.2796718492678767,1.3794390057097767
2904,1.4666396745006087,1.3794390057097767
2905,1.3645727000820258,1.3794390057097767
2906,1.3867757855374667,1.3794390057097767
2907,1.4227930697852567,1.3794390057097767
2908,1.3866374030223274,1.3794390057097767
2909,1.6268854925470684,1.3794390057097767
2910,1.5120612534619429,1.3794390057097767
2911,1.3707678128118954,1.3794390057097767
2912,1.4141010524124302,1.3794390057097767
2913,1.3194446592203648,1.3794390057097767
2914,1.4105658386678197,1.3794390057097767
2915,1.2850519918327903,1.3794390057097767
2916,1.297362852042392,1.3794390057097767
2917,1.2892260613166109,1.3794390057097767
2918,1.4614516575525467,1.3794390057097767
2919,1.1292916326004607,1.3794390057097767
2920,1.2532302508008168,1.3794390057097767
2921,1.346416087276633,1.3794390057097767
2922,1.332967328458816,1.3794390057097767
2923,1.4236000439554306,1.3794390057097767
2924,1.441708632778792,1.3794390057097767
2925,1.3321629541064315,1.3794390057097767
2926,1.3460891898187133,1.3794390057097767
2927,1.4477634911785406,1.3794390057097767
2928,1.4609764685852802,1.3794390057097767
2929,1.5631315886534618,1.3794390057097767
2930,1.3592574936423376,1.3794390057097767
2931,1.4295996720266082,1.3794390057097767
2932,1.2458224598243937,1.3794390057097767
2933,1.566023587581576,1.3794390057097767
2934,1.3510644645724401,1.3794390057097767
2935,1.521144788337979,1.3794390057097767
2936,1.3196112020295125,1.3794390057097767
2937,1.470729220771703,1.3794390057097767
2938,1.3593907973330728,1.3794390057097767
2939,1.4795281169039125,1.3794390057097767
2940,1.2503359100192548,1.3794390057097767
2941,1.4597840759975416,1.3794390057097767
2942,1.378264619059942,1.3794390057097767
2943,1.1810324842846356,1.3794390057097767
2944,1.4163986156334234,1.3794390057097767
2945,1.2104444115870723,1.3794390057097767
2946,1.2716053200317403,1.3794390057097767
2947,1.3205683090374254,1.3794390057097767
2948,1.4532426110911967,1.3794390057097767
2949,1.2845724268735708,1.3794390057097767
2950,1.4168403003815329,1.3794390057097767
2951,1.3453249497462603,1.3794390057097767
2952,1.347406752908547,1.3794390057097767
2953,1.4376093656359568,1.3794390057097767
2954,1.0844668271486992,1.3794390057097767
2955,1.395851850747759,1.3794390057097767
2956,1.493625262304271,1.3794390057097767
2957,1.4300081771761006,1.3794390057097767
2958,1.254754461065323,1.3794390057097767
2959,1.4157119790383645,1.3794390057097767
2960,1.434507437432534,1.3794390057097767
2961,1.2843296408285345,1.3794390057097767
2962,1.4540530997486159,1.3794390057097767
2963,1.321468798258339,1.3794390057097767
2964,1.344521602216752,1.3794390057097767
2965,1.3895660858551735,1.3794390057097767
2966,1.2389079529324274,1.3794390057097767
2967,1.340381310386809,1.3794390057097767
2968,1.1530558112604403,1.3794390057097767
2969,1.1746936875267258,1.3794390057097767
2970,1.2987621333829282,1.3794390057097767
2971,1.1898177894602069,1.3794390057097767
2972,1.310723084027136,1.3794390057097767
2973,1.4312838391440972,1.3794390057097767
2974,1.467783829967274,1.3794390057097767
2975,1.4944409361526385,1.3794390057097767
2976,1.5176731218445139,1.3794390057097767
2977,1.2694247439017194,1.3794390057097767
2978,1.3593351905613702,1.3794390057097767
2979,1.2821281730979346,1.3794390057097767
2980,1.3988858198635905,1.3794390057097767
2981,1.324896013586942,1.3794390057097767
2982,1.4630555084255066,1.3794390057097767
2983,1.4008365968894034,1.3794390057097767
2984,1.2227002370981679,1.3794390057097767
2985,1.5446608151502204,1.3794390057097767
2986,1.4089776590536116,1.3794390057097767
2987,1.3552374472003845,1.3794390057097767
2988,1.2389849053094713,1.3794390057097767
2989,1.4647260104920274,1.3794390057097767
2990,1.3597843588180096,1.3794390057097767
2991,1.4187286489189255,1.3794390057097767
2992,1.3601985328233979,1.3794390057097767
2993,1.3749606520399436,1.3794390057097767
2994,1.2885449054444464,1.3794390057097767
2995,1.3985795004740056,1.3794390057097767
2996,1.413119635679992,1.3794390057097767
2997,1.2423510722896747,1.3794390057097767
2998,1.3559785512276816,1.3794390057097767
2999,1.4674300516893533,1.3794390057097767
3000,1.2684728083097139,1.3794390057097767
3001,1.3219600650210108,1.3794390057097767
3002,1.4885207065867494,1.3794390057097767
3003,1.5113225437673625,1.3794390057097767
3004,1.4050104189362516,1.3794390057097767
3005,1.4438472350996474,1.3794390057097767
3006,1.2455006198688077,1.3794390057097767
3007,1.4177938353216442,1.3794390057097767
3008,1.3088534542937886,1.3794390057097767
3009,1.431888714361512,1.3794390057097767
3010,1.3112775283340365,1.3794390057097767
3011,1.336583552666437,1.3794390057097767
3012,1.1531779905251707,1.3794390057097767
3013,1.4136347606343165,1.3794390057097767
3014,1.1727244337542517,1.3794390057097767
3015,1.3444215027887547,1.3794390057097767
3016,1.3752878911733775,1.3794390057097767
3017,1.260357324378221,1.3794390057097767
3018,1.3847748111982296,1.3794390057097767
3019,1.2058930823118232,1.3794390057097767
3020,1.4303519021788145,1.3794390057097767
3021,1.2078467486948778,1.3794390057097767
3022,1.3902488136476248,1.3794390057097767
3023,1.34165610404981,1.3794390057097767
3024,1.4872689044035166,1.3794390057097767
3025,1.146515697329572,1.3794390057097767
3026,1.4418279257503417,1.3794390057097767
3027,1.3628567566523202,1.3794390057097767
3028,1.313768052495998,1.3794390057097767
3029,1.4848732492845302,1.3794390057097767
3030,1.4791544125571523,1.3794390057097767
3031,1.386825350206894,1.3794390057097767
3032,1.417311699425965,1.3794390057097767
3033,1.3998342376897797,1.3794390057097767
3034,1.3382543143530035,1.3794390057097767
3035,1.4984141763625025,1.3794390057097767
3036,1.3966447748414406,1.3794390057097767
3037,1.5474443192252927,1.3794390057097767
3038,1.378067270667513,1.3794390057097767
3039,1.4176692976871952,1.3794390057097767
3040,1.235513768992827,1.3794390057097767
3041,1.3555528536898167,1.3794390057097767
3042,1.2847018808826385,1.3794390057097767
3043,1.3189218767264592,1.3794390057097767
3044,1.2556949295922866,1.3794390057097767
3045,1.2517551043368182,1.3794390057097767
3046,1.4262844694450862,1.3794390057097767
3047,1.3098387196928982,1.3794390057097767
3048,1.5322150704631397,1.3794390057097767
3049,1.308939203106688,1.3794390057097767
3050,1.2310502138949557,1.3794390057097767
3051,0.3535850317695475,0.3806955982902292
3052,0.31243394370618893,0.3806955982902292
3053,0.39598473200992224,0.3806955982902292
3054,0.4250604275302608,0.3806955982902292
3055,0.3042526328922085,0.3806955982902292
3056,0.40017215597050515,0.3806955982902292
3057,0.42325919955927627,0.3806955982902292
3058,0.3681541192343803,0.3806955982902292
3059,0.3410454263611526,0.3806955982902292
3060,0.34481740293454166,0.3806955982902292
3061,0.3605073985520053,0.3806955982902292
3062,0.3256819659702054,0.3806955982902292
3063,0.36087768214319027,0.3806955982902292
3064,0.33971916244025097,0.3806955982902292
3065,0.3196146216067305,0.3806955982902292
3066,0.28781426238125996,0.3806955982902292
3067,0.23674954337638426,0.3806955982902292
3068,0.20605236686079292,0.3806955982902292
3069,0.294893176973187,0.3806955982902292
3070,0.21435105220877312,0.3806955982902292
3071,0.35855413446162276,0.3806955982902292
3072,0.3860142620294642,0.3806955982902292
3073,0.47246794393582336,0.3806955982902292
3074,0.39062679256204796,0.3806955982902292
3075,0.2350421539574339,0.3806955982902292
3076,0.3507880291158931,0.3806955982902292
3077,0.21571142072629224,0.3806955982902292
3078,0.3350588032168039,0.3806955982902292
3079,0.5201010663294952,0.3806955982902292
3080,0.4810159385258118,0.3806955982902292
3081,0.47484306005729077,0.3806955982902292
3082,0.4324038949114416,0.3806955982902292
3083,0.42859873136075327,0.3806955982902292
3084,0.3105273857451083,0.3806955982902292
3085,0.4280563580977236,0.3806955982902292
3086,0.24858434796883902,0.3806955982902292
3087,0.6051167283202189,0.3806955982902292
3088,0.4074071221260253,0.3806955982902292
3089,0.3475437539979233,0.3806955982902292
3090,0.3544539251345839,0.3806955982902292
3091,0.31219928980571526,0.3806955982902292
3092,0.44927702288308374,0.3806955982902292
3093,0.45221652914316934,0.3806955982902292
3094,0.44815813210141653,0.3806955982902292
3095,0.39452631199712984,0.3806955982902292
3096,0.2946691585224057,0.3806955982902292
3097,0.46121785703512974,0.3806955982902292
3098,0.2851289107289818,0.3806955982902292
3099,0.35071788663127906,0.3806955982902292
3100,0.4358050635272144,0.3806955982902292
3101,0.3950797723906509,0.3806955982902292
3102,0.3031709921514597,0.3806955982902292
3103,0.4643644404252536,0.3806955982902292
3104,0.4140856228248807,0.3806955982902292
3105,0.48582338829072463,0.3806955982902292
3106,0.32617706635862626,0.3806955982902292
3107,0.47212827217561437,0.3806955982902292
3108,0.4331171538141674,0.3806955982902292
3109,0.4106132543719646,0.3806955982902292
3110,0.6304325341831326,0.3806955982902292
3111,0.3221753322874348,0.3806955982902292
3112,0.2185794210785889,0.3806955982902292
3113,0.4217195618742638,0.3806955982902292
3114,0.3605226769775559,0.3806955982902292
3115,0.27704144193743735,0.3806955982902292
3116,0.36892028920246445,0.3806955982902292
3117,0.38565066350597366,0.3806955982902292
3118,0.29066972590991635,0.3806955982902292
3119,0.14505668234083166,0.3806955982902292
3120,0.49955268706296696,0.3806955982902292
3121,0.44864538768384477,0.3806955982902292
3122,0.5051325174220781,0.3806955982902292
3123,0.30160951029720956,0.3806955982902292
3124,0.48591768014719505,0.3806955982902292
3125,0.2952100426748515,0.3806955982902292
3126,0.37451095823863384,0.3806955982902292
3127,0.3902973592091398,0.3806955982902292
3128,0.3414470281000817,0.3806955982902292
3129,0.5424676784932823,0.3806955982902292
3130,0.5481398190528306,0.3806955982902292
3131,0.434877988568705,0.3806955982902292
3132,0.4342133503719234,0.3806955982902292
3133,0.32352301317050275,0.3806955982902292
3134,0.3162843049600057,0.3806955982902292
3135,0.35034020071058547,0.3806955982902292
3136,0.253778120167671,0.3806955982902292
3137,0.47695324059677735,0.3806955982902292
3138,0.2748292673160028,0.3806955982902292
3139,0.1357921755267074,0.3806955982902292
3140,0.3501587093931492,0.3806955982902292
3141,0.21621644574955007,0.3806955982902292
3142,0.24654680500071255,0.3806955982902292
3143,0.2771399911664863,0.3806955982902292
3144,0.19444829329987842,0.3806955982902292
3145,0.41247520844261604,0.3806955982902292
3146,0.44880178033962964,0.3806955982902292
3147,0.35919430635901567,0.3806955982902292
3148,0.4432151234891198,0.3806955982902292
3149,0.45453470955772224,0.3806955982902292
3150,0.3536045854847969,0.3806955982902292
3151,0.43318609972673583,0.3806955982902292
3152,0.2852525672311856,0.3806955982902292
3153,0.4443966851957831,0.3806955982902292
3154,0.21042167127403102,0.3806955982902292
3155,0.432108858121089,0.3806955982902292
3156,0.4657408803449242,0.3806955982902292
3157,0.10832148824668439,0.3806955982902292
3158,0.44495835352725055,0.3806955982902292
3159,0.39201448769256797,0.3806955982902292
3160,0.442532366403274,0.3806955982902292
3161,0.3691109109114105,0.3806955982902292
3162,0.21781201945413406,0.3806955982902292
3163,0.34851287028771444,0.3806955982902292
3164,0.3856244305367459,0.3806955982902292
3165,0.14405515165946933,0.3806955982902292
3166,0.24887043163319145,0.3806955982902292
3167,0.25110626106435385,0.3806955982902292
3168,0.30185882505877604,0.3806955982902292
3169,0.4647897631994607,0.3806955982902292
3170,0.2944768569951365,0.3806955982902292
3171,0.4119334235784452,0.3806955982902292
3172,0.5347877741708911,0.3806955982902292
3173,0.5428758861412225,0.3806955982902292
3174,0.5214833688966531,0.3806955982902292
3175,0.4264984787455597,0.3806955982902292
3176,0.3896507936118336,0.3806955982902292
3177,0.3798993849623781,0.3806955982902292
3178,0.5629756595713561,0.3806955982902292
3179,0.700539039891122,0.3806955982902292
3180,0.5916719331332203,0.3806955982902292
3181,0.535191727629534,0.3806955982902292
3182,0.5450368070923377,0.3806955982902292
3183,0.21831631254756018,0.3806955982902292
3184,0.3071687267835109,0.3806955982902292
3185,0.48704549421755533,0.3806955982902292
3186,0.3108655813925694,0.3806955982902292
3187,0.46937734861758834,0.3806955982902292
3188,0.3124412489452483,0.3806955982902292
3189,0.3984616904785914,0.3806955982902292
3190,0.33601556811810174,0.3806955982902292
3191,0.3392706416690802,0.3806955982902292
3192,0.41368511023825083,0.3806955982902292
3193,0.6272102086768098,0.3806955982902292
3194,0.3987757609670729,0.3806955982902292
3195,0.35101952187858054,0.3806955982902292
3196,0.43198484108356644,0.3806955982902292
3197,0.29800982269699006,0.3806955982902292
3198,0.3985488465510514,0.3806955982902292
3199,0.31785130223058594,0.3806955982902292
3200,0.5203402622782428,0.3806955982902292
3201,0.5041295187926041,0.3806955982902292
3202,0.3310355702746388,0.3806955982902292
3203,0.5154481980049392,0.3806955982902292
3204,0.37079444729818906,0.3806955982902292
3205,0.3450879187032515,0.3806955982902292
3206,0.4747413248590928,0.3806955982902292
3207,0.4880906885629436,0.3806955982902292
3208,0.35982029504130497,0.3806955982902292
3209,0.41638273202549175,0.3806955982902292
3210,0.5142896214982356,0.3806955982902292
3211,0.37201969446209393,0.3806955982902292
3212,0.22408438949780216,0.3806955982902292
3213,0.361920060915047,0.3806955982902292
3214,0.3432603687848379,0.3806955982902292
3215,0.3645965761799858,0.3806955982902292
3216,0.2440803340589503,0.3806955982902292
3217,0.35745972339988014,0.3806955982902292
3218,0.28631440063013197,0.3806955982902292
3219,0.43493590254600717,0.3806955982902292
3220,0.3812276539908381,0.3806955982902292
3221,0.24685270926845382,0.3806955982902292
3222,0.1530411246320112,0.3806955982902292
3223,0.3401748185960622,0.3806955982902292
3224,0.2568336433128272,0.3806955982902292
3225,0.3985117226710224,0.3806955982902292
3226,0.32533625726097926,0.3806955982902292
3227,0.540889729005294,0.3806955982902292
3228,0.33134256251137184,0.3806955982902292
3229,0.4440385229953526,0.3806955982902292
3230,0.43017228464977353,0.3806955982902292
3231,0.4544073840641327,0.3806955982902292
3232,0.5491621093196775,0.3806955982902292
3233,0.45902347653880204,0.3806955982902292
3234,0.47423616176485134,0.3806955982902292
3235,0.5442147501975744,0.3806955982902292
3236,0.26756003707549275,0.3806955982902292
3237,0.451927872762394,0.3806955982902292
3238,0.4128192967314217,0.3806955982902292
3239,0.518344930457435,0.3806955982902292
3240,0.32902168779669916,0.3806955982902292
3241,0.48633170081670807,0.3806955982902292
3242,0.22151403834599592,0.3806955982902292
3243,0.34282964412047395,0.3806955982902292
3244,0.33607593871741354,0.3806955982902292
3245,0.45410816637932494,0.3806955982902292
3246,0.3362196471965201,0.3806955982902292
3247,0.344919597897876,0.3806955982902292
3248,0.2690767991973355,0.3806955982902292
3249,0.3714734715473722,0.3806955982902292
3250,0.3445518958587227,0.3806955982902292
3251,0.34609052193916384,0.3806955982902292
3252,0.5094748408331777,0.3806955982902292
3253,0.3917457516458049,0.3806955982902292
3254,0.35758227635913054,0.3806955982902292
3255,0.4404019785029212,0.3806955982902292
3256,0.4225265152095154,0.3806955982902292
3257,0.484393600691968,0.3806955982902292
3258,0.6183846485717159,0.3806955982902292
3259,0.446130245184057,0.3806955982902292
3260,0.3453134984195324,0.3806955982902292
3261,0.5761291317324619,0.3806955982902292
3262,0.46328995887309216,0.3806955982902292
3263,0.13525019895561316,0.3806955982902292
3264,0.41249043032188093,0.3806955982902292
3265,0.1874080385224624,0.3806955982902292
3266,0.31361236058984876,0.3806955982902292
3267,0.2928615307455653,0.3806955982902292
3268,0.1747513989014639,0.3806955982902292
3269,0.21871770611960234,0.3806955982902292
3270,0.3815321752262686,0.3806955982902292
3271,0.31564496679238274,0.3806955982902292
3272,0.28823535625611135,0.3806955982902292
3273,0.29308909161796326,0.3806955982902292
3274,0.31753330920722056,0.3806955982902292
3275,0.5440091034110638,0.3806955982902292
3276,0.34106628530500804,0.3806955982902292
3277,0.32647149133830544,0.3806955982902292
3278,0.5501794397931151,0.3806955982902292
3279,0.4781134499313262,0.3806955982902292
3280,0.35687365234232793,0.3806955982902292
3281,0.35973220007719564,0.3806955982902292
3282,0.2503804719063346,0.3806955982902292
3283,0.6014016157071321,0.3806955982902292
3284,0.40418218259910377,0.3806955982902292
3285,0.40209171127106785,0.3806955982902292
3286,0.3155033113437383,0.3806955982902292
3287,0.490841504288267,0.3806955982902292
3288,0.4456619286786689,0.3806955982902292
3289,0.38354280977091376,0.3806955982902292
3290,0.45690876850221124,0.3806955982902292
3291,0.37173449375777023,0.3806955982902292
3292,0.32282623448602493,0.3806955982902292
3293,0.31510493095432146,0.3806955982902292
3294,0.4017361232194103,0.3806955982902292
3295,0.32642936738326817,0.3806955982902292
3296,0.4054817952658202,0.3806955982902292
3297,0.22164895170196794,0.3806955982902292
3298,0.4371851553568117,0.3806955982902292
3299,0.29570418498472684,0.3806955982902292
3300,0.4250525198832471,0.3806955982902292
3301,0.3847042994888687,0.3806955982902292
3302,0.5657795696605367,0.3806955982902292
3303,0.4427278683271381,0.3806955982902292
3304,0.3179358324915284,0.3806955982902292
3305,0.354792124459461,0.3806955982902292
3306,0.41137352559929047,0.3806955982902292
3307,0.33708451433025066,0.3806955982902292
3308,0.4545546235964466,0.3806955982902292
3309,0.4233894390236149,0.3806955982902292
3310,0.4707303216738754,0.3806955982902292
3311,0.30024853757457237,0.3806955982902292
3312,0.5136179462947076,0.3806955982902292
3313,0.14044715084338594,0.3806955982902292
3314,0.39531162871301895,0.3806955982902292
3315,0.3603543743142462,0.3806955982902292
3316,0.4725276786209379,0.3806955982902292
3317,0.5038558840570255,0.3806955982902292
3318,0.30323318339977523,0.3806955982902292
3319,0.1993818176459639,0.3806955982902292
3320,0.32083957342313485,0.3806955982902292
3321,0.3286680887378087,0.3806955982902292
3322,0.36641078411106065,0.3806955982902292
3323,0.17348827878589884,0.3806955982902292
3324,0.4891597525105169,0.3806955982902292
3325,0.14833735985497543,0.3806955982902292
3326,0.3420802690263359,0.3806955982902292
3327,0.36792345950726035,0.3806955982902292
3328,0.3041350907685535,0.3806955982902292
3329,0.33307563535598017,0.3806955982902292
3330,0.37520008504590197,0.3806955982902292
3331,0.37750793779139563,0.3806955982902292
3332,0.46660920285132196,0.3806955982902292
3333,0.4099578646578569,0.3806955982902292
3334,0.4112668045723209,0.3806955982902292
3335,0.41924140703525525,0.3806955982902292
3336,0.3218669221216293,0.3806955982902292
3337,0.22762434941852563,0.3806955982902292
3338,0.2824866845769069,0.3806955982902292
3339,0.28584486497120265,0.3806955982902292
3340,0.3315348330220183,0.3806955982902292
3341,0.40501862366482866,0.3806955982902292
3342,0.27046692846766646,0.3806955982902292
3343,0.3145827989962675,0.3806955982902292
3344,0.19651515794306723,0.3806955982902292
3345,0.2738088011220213,0.3806955982902292
3346,0.35107348560383617,0.3806955982902292
3347,0.5035363169142038,0.3806955982902292
3348,0.424148614617885,0.3806955982902292
3349,0.3410529544559088,0.3806955982902292
3350,0.40731086036200265,0.3806955982902292
3351,0.3631543045495788,0.3806955982902292
3352,0.26695559022646653,0.3806955982902292
3353,0.40761679227773956,0.3806955982902292
3354,0.48845321274495973,0.3806955982902292
3355,0.554855634886803,0.3806955982902292
3356,0.5074776016258478,0.3806955982902292
3357,0.5705543224150682,0.3806955982902292
3358,0.4568011006997138,0.3806955982902292
3359,0.4045619073861396,0.3806955982902292
3360,0.32007669645140124,0.3806955982902292
3361,0.45098291370991506,0.3806955982902292
3362,0.2585981091224111,0.3806955982902292
3363,0.4530083894127073,0.3806955982902292
3364,0.3140854442279315,0.3806955982902292
3365,0.3857776396817429,0.3806955982902292
3366,0.4355696396862946,0.3806955982902292
3367,0.3427806686505524,0.3806955982902292
3368,0.1932346427290928,0.3806955982902292
3369,0.23213296578682566,0.3806955982902292
3370,0.21898099820648229,0.3806955982902292
3371,0.3089298735404145,0.3806955982902292
3372,0.5288625780183156,0.3806955982902292
3373,0.25652599276300114,0.3806955982902292
3374,0.48945186750137953,0.3806955982902292
3375,0.2934336353849901,0.3806955982902292
3376,0.2660716764768452,0.3806955982902292
3377,0.47481107314725746,0.3806955982902292
3378,0.5439475694040149,0.3806955982902292
3379,0.42145577348879515,0.3806955982902292
3380,0.5781664619295545,0.3806955982902292
3381,0.3649983430442575,0.3806955982902292
3382,0.4758081137580562,0.3806955982902292
3383,0.5033803809690248,0.3806955982902292
3384,0.49468745300856454,0.3806955982902292
3385,0.18985481737412746,0.3806955982902292
3386,0.3442423643600436,0.3806955982902292
3387,0.5080018602436446,0.3806955982902292
3388,0.5074627285169094,0.3806955982902292
3389,0.3081624052479492,0.3806955982902292
3390,0.25884521280722356,0.3806955982902292
3391,0.33441974878307934,0.3806955982902292
3392,0.44412762433373976,0.3806955982902292
3393,0.3032231650459244,0.3806955982902292
3394,0.37943941208475307,0.3806955982902292
3395,0.3019582971368332,0.3806955982902292
3396,0.27104321726810443,0.3806955982902292
3397,0.4140608605795437,0.3806955982902292
3398,0.42029439270342517,0.3806955982902292
3399,0.4232341226001776,0.3806955982902292
3400,0.35970574661102306,0.3806955982902292
3401,0.47459967434528816,0.3806955982902292
3402,0.36976776010603984,0.3806955982902292
3403,0.49735451808687786,0.3806955982902292
3404,0.30434894718058486,0.3806955982902292
3405,0.4156490489831006,0.3806955982902292
3406,0.5933504922857908,0.3806955982902292
3407,0.4312505703728233,0.3806955982902292
3408,0.45850561024892256,0.3806955982902292
3409,0.3593259877538943,0.3806955982902292
3410,0.27933515229331124,0.4322001393939146
3411,0.5604765934821709,0.4322001393939146
3412,0.370856316768477,0.4322001393939146
3413,0.5076926979605363,0.4322001393939146
3414,0.37572112906565464,0.4322001393939146
3415,0.6035721253049607,0.4322001393939146
3416,0.4176131735198655,0.4322001393939146
3417,0.5437066905586259,0.4322001393939146
3418,0.2865215952986827,0.4322001393939146
3419,0.3890204722514127,0.4322001393939146
3420,0.2051779178683505,0.4322001393939146
3421,0.6286175147782821,0.4322001393939146
3422,0.2853712530754826,0.4322001393939146
3423,0.24861841949606722,0.4322001393939146
3424,0.2782561123010312,0.4322001393939146
3425,0.403914563447493,0.4322001393939146
3426,0.5054941446869903,0.4322001393939146
3427,0.46810504200499603,0.4322001393939146
3428,0.6378712341261905,0.4322001393939146
3429,0.4749837662357978,0.4322001393939146
3430,0.35729227983017936,0.4322001393939146
3431,0.42100241964724955,0.4322001393939146
3432,0.5101548130483275,0.4322001393939146
3433,0.4678073256485808,0.4322001393939146
3434,0.5346786517717363,0.4322001393939146
3435,0.3654752227265135,0.4322001393939146
3436,0.4888274655303022,0.4322001393939146
3437,0.5716817165862818,0.4322001393939146
3438,0.5876983847164892,0.4322001393939146
3439,0.35185106775457436,0.4322001393939146
3440,0.5411456735475697,0.4322001393939146
3441,0.3005696768215287,0.4322001393939146
3442,0.39877962260584626,0.4322001393939146
3443,0.5761823600700051,0.4322001393939146
3444,0.2854532801861063,0.4322001393939146
3445,0.3526332970205298,0.4322001393939146
3446,0.3996116263683381,0.4322001393939146
3447,0.5774992289707919,0.4322001393939146
3448,0.3822921446838012,0.4322001393939146
3449,0.6022722612347707,0.4322001393939146
3450,0.49077047647771566,0.4322001393939146
3451,0.39704092196079577,0.4322001393939146
3452,0.34455629562922013,0.4322001393939146
3453,0.5365830447367952,0.4322001393939146
3454,0.3755934549332048,0.4322001393939146
3455,0.3958118033178001,0.4322001393939146
3456,0.3097415689622908,0.4322001393939146
3457,0.38229391611949326,0.4322001393939146
3458,0.37352838823405843,0.4322001393939146
3459,0.49471298640307265,0.4322001393939146
3460,0.36897139440119037,0.4322001393939146
3461,0.3447919828327199,0.4322001393939146
3462,0.4565953683646039,0.4322001393939146
3463,0.4840609958218944,0.4322001393939146
3464,0.28863830338577656,0.4322001393939146
3465,0.4967188864763177,0.4322001393939146
3466,0.36323024228965795,0.4322001393939146
3467,0.38309290261877715,0.4322001393939146
3468,0.5183507544310184,0.4322001393939146
3469,0.26672744961439115,0.4322001393939146
3470,0.4098178496025603,0.4322001393939146
3471,0.2843546790829006,0.4322001393939146
3472,0.6097849908749637,0.4322001393939146
3473,0.36070247965507135,0.4322001393939146
3474,0.2947217461172684,0.4322001393939146
3475,0.3443663738471519,0.4322001393939146
3476,0.3439911896312508,0.4322001393939146
3477,0.34089965214682716,0.4322001393939146
3478,0.3942484553450689,0.4322001393939146
3479,0.5815561800643005,0.4322001393939146
3480,0.5370244975426439,0.4322001393939146
3481,0.5265688352250971,0.4322001393939146
3482,0.5927882839079657,0.4322001393939146
3483,0.4407530833460233,0.4322001393939146
3484,0.47345658943211416,0.4322001393939146
3485,0.4443963193407838,0.4322001393939146
3486,0.28764718043977766,0.4322001393939146
3487,0.4205012623898436,0.4322001393939146
3488,0.43287838426222225,0.4322001393939146
3489,0.42751729983389036,0.4322001393939146
3490,0.43642806604983797,0.4322001393939146
3491,0.5291088397481581,0.4322001393939146
3492,0.3758563348130607,0.4322001393939146
3493,0.4276957470348548,0.4322001393939146
3494,0.30978326420459745,0.4322001393939146
3495,0.31876577107821047,0.4322001393939146
3496,0.39418680417338137,0.4322001393939146
3497,0.36369978844034845,0.4322001393939146
3498,0.3044334166274237,0.4322001393939146
3499,0.31986510459293493,0.4322001393939146
3500,0.41995669763101146,0.4322001393939146
3501,0.48580500316839825,0.4322001393939146
3502,0.5171244906580478,0.4322001393939146
3503,0.3680822249357534,0.4322001393939146
3504,0.5238001564614849,0.4322001393939146
3505,0.5787719427746612,0.4322001393939146
3506,0.5330240171347463,0.4322001393939146
3507,0.409921534759052,0.4322001393939146
3508,0.7322202627771848,0.4322001393939146
3509,0.5079336506192348,0.4322001393939146
3510,0.4970641283195556,0.4322001393939146
3511,0.4571742876561469,0.4322001393939146
3512,0.31722600058608624,0.4322001393939146
3513,0.2712664917839766,0.4322001393939146
3514,0.41948641834356726,0.4322001393939146
3515,0.3754077568650772,0.4322001393939146
3516,0.38397395808221524,0.4322001393939146
3517,0.3725537919529957,0.4322001393939146
3518,0.32635529938531627,0.4322001393939146
3519,0.27114938922459986,0.4322001393939146
3520,0.1573097078769224,0.4322001393939146
3521,0.4354541101188473,0.4322001393939146
3522,0.4494914707492171,0.4322001393939146
3523,0.3334713615261192,0.4322001393939146
3524,0.36068068411304893,0.4322001393939146
3525,0.2363919518351351,0.4322001393939146
3526,0.4402258157328916,0.4322001393939146
3527,0.38162134993384667,0.4322001393939146
3528,0.4474920917918093,0.4322001393939146
3529,0.3663586897512066,0.4322001393939146
3530,0.29086195005693394,0.4322001393939146
3531,0.45480475770742035,0.4322001393939146
3532,0.542265402240726,0.4322001393939146
3533,0.5542505449094847,0.4322001393939146
3534,0.421024351929837,0.4322001393939146
3535,0.6275355323957181,0.4322001393939146
3536,0.3356594255458813,0.4322001393939146
3537,0.4977513423637616,0.4322001393939146
3538,0.3498290082776128,0.4322001393939146
3539,0.43557053589691763,0.4322001393939146
3540,0.31150646634827234,0.4322001393939146
3541,0.16425485525298203,0.4322001393939146
3542,0.3816797076758479,0.4322001393939146
3543,0.30093294213234156,0.4322001393939146
3544,0.2659002293401968,0.4322001393939146
3545,0.44069858582527016,0.4322001393939146
3546,0.4184698212683267,0.4322001393939146
3547,0.6229778355035515,0.4322001393939146
3548,0.4917907918984361,0.4322001393939146
3549,0.488310142075279,0.4322001393939146
3550,0.4668690043282459,0.4322001393939146
3551,0.41430496315425824,0.4322001393939146
3552,0.5326234041437603,0.4322001393939146
3553,0.42531599629493066,0.4322001393939146
3554,0.3524851548256077,0.4322001393939146
3555,0.4366332506994117,0.4322001393939146
3556,0.5276789559011975,0.4322001393939146
3557,0.5248039507948701,0.4322001393939146
3558,0.5646528701772948,0.4322001393939146
3559,0.5575741194416095,0.4322001393939146
3560,0.39864318212081185,0.4322001393939146
3561,0.3416096543480797,0.4322001393939146
3562,0.46987813715495097,0.4322001393939146
3563,0.2680459808399026,0.4322001393939146
3564,0.46748884829489523,0.4322001393939146
3565,0.39872981673091534,0.4322001393939146
3566,0.16191840419419526,0.4322001393939146
3567,0.4255230727499453,0.4322001393939146
3568,0.4074638053652512,0.4322001393939146
3569,0.32830465213129767,0.4322001393939146
3570,0.44644608671554664,0.4322001393939146
3571,0.3328515687391837,0.4322001393939146
3572,0.4208399136164133,0.4322001393939146
3573,0.32179702547648636,0.4322001393939146
3574,0.457167528912751,0.4322001393939146
3575,0.3743492435455502,0.4322001393939146
3576,0.2734080115070011,0.4322001393939146
3577,0.5699006035699128,0.4322001393939146
3578,0.4882268296902417,0.4322001393939146
3579,0.5778372979794131,0.4322001393939146
3580,0.47692142183142694,0.4322001393939146
3581,0.5501781732341026,0.4322001393939146
3582,0.6060517369864167,0.4322001393939146
3583,0.5664489638596216,0.4322001393939146
3584,0.3502831466571984,0.4322001393939146
3585,0.3717192007433761,0.4322001393939146
3586,0.4781616700252185,0.4322001393939146
3587,0.4875621281412681,0.4322001393939146
3588,0.5353677319462926,0.4322001393939146
3589,0.6406185504308258,0.4322001393939146
3590,0.38238103647368465,0.4322001393939146
3591,0.22119862120405984,0.4322001393939146
3592,0.2572217641142901,0.4322001393939146
3593,0.5529493754518043,0.4322001393939146
3594,0.4806454394769093,0.4322001393939146
3595,0.5419315470138772,0.4322001393939146
3596,0.41877843516508945,0.4322001393939146
3597,0.46673678332889557,0.4322001393939146
3598,0.34900950317178137,0.4322001393939146
3599,0.37738541424825234,0.4322001393939146
3600,0.5969978714194143,0.4322001393939146
3601,0.21812140662684085,0.4322001393939146
3602,0.5428222565474824,0.4322001393939146
3603,0.5161033043078704,0.4322001393939146
3604,0.43826494531269505,0.4322001393939146
3605,0.4940279828158024,0.4322001393939146
3606,0.6947942888742636,0.4322001393939146
3607,0.4856356897528518,0.4322001393939146
3608,0.48562419774997806,0.4322001393939146
3609,0.6166188554020768,0.4322001393939146
3610,0.5205340152726129,0.4322001393939146
3611,0.6138263738485692,0.4322001393939146
3612,0.24178201525379475,0.4322001393939146
3613,0.43000154786755496,0.4322001393939146
3614,0.3744414120699262,0.4322001393939146
3615,0.3741479867495067,0.4322001393939146
3616,0.3315163581814149,0.4322001393939146
3617,0.53608385325339,0.4322001393939146
3618,0.23241470890777882,0.4322001393939146
3619,0.7231420780744253,0.4322001393939146
3620,0.3689876052982243,0.4322001393939146
3621,0.4390624596409223,0.4322001393939146
3622,0.28946638379357226,0.4322001393939146
3623,0.3776172934014011,0.4322001393939146
3624,0.5704825311033827,0.4322001393939146
3625,0.21731406364484324,0.4322001393939146
3626,0.4767456084168103,0.4322001393939146
3627,0.5285462158313621,0.4322001393939146
3628,0.4779435864653243,0.4322001393939146
3629,0.4548750033546278,0.4322001393939146
3630,0.5961755061893277,0.4322001393939146
3631,0.6555845319310962,0.4322001393939146
3632,0.5878519094386917,0.4322001393939146
3633,0.3642733040368372,0.4322001393939146
3634,0.6563767627344521,0.4322001393939146
3635,0.44857243632311544,0.4322001393939146
3636,0.6041171002991935,0.4322001393939146
3637,0.3904958740547239,0.4322001393939146
3638,0.5295391758763295,0.4322001393939146
3639,0.4929528708075035,0.4322001393939146
3640,0.5495371518566806,0.4322001393939146
3641,0.3308593376463766,0.4322001393939146
3642,0.41029336370549996,0.4322001393939146
3643,0.37511926247775257,0.4322001393939146
3644,0.29093546505282486,0.4322001393939146
3645,0.2954477063971027,0.4322001393939146
3646,0.4784325738816574,0.4322001393939146
3647,0.2966622924775901,0.4322001393939146
3648,0.30980776753082184,0.4322001393939146
3649,0.5085034714313383,0.4322001393939146
3650,0.30733253106047614,0.4322001393939146
3651,0.43144517791671233,0.4322001393939146
3652,0.556127575373886,0.4322001393939146
3653,0.3990489831403009,0.4322001393939146
3654,0.4921355240940595,0.4322001393939146
3655,0.34660696699106197,0.4322001393939146
3656,0.5212443180188074,0.4322001393939146
3657,0.6410515860156439,0.4322001393939146
3658,0.3571708630661464,0.4322001393939146
3659,0.615049663143693,0.4322001393939146
3660,0.3217736341159205,0.4322001393939146
3661,0.27650455647061056,0.4322001393939146
3662,0.4348066995778405,0.4322001393939146
3663,0.46773365960208707,0.4322001393939146
3664,0.7921763184033912,0.4322001393939146
3665,0.2453664400183524,0.4322001393939146
3666,0.49109145164571893,0.4322001393939146
3667,0.30962204592028986,0.4322001393939146
3668,0.13992299641293932,0.4322001393939146
3669,0.44471158498415636,0.4322001393939146
3670,0.4670737678288241,0.4322001393939146
3671,0.3528808723714983,0.4322001393939146
3672,0.3621657034245812,0.4322001393939146
3673,0.3762746527949216,0.4322001393939146
3674,0.4574227822258749,0.4322001393939146
3675,0.5485590271684796,0.4322001393939146
3676,0.5186391057611375,0.4322001393939146
3677,0.7136997323373794,0.4322001393939146
3678,0.3938172050757592,0.4322001393939146
3679,0.5835797914432798,0.4322001393939146
3680,0.2903925668662508,0.4322001393939146
3681,0.3711949765377468,0.4322001393939146
3682,0.28066574152556756,0.4322001393939146
3683,0.4726643573563328,0.4322001393939146
3684,0.5692496629576271,0.4322001393939146
3685,0.39579272374336705,0.4322001393939146
3686,0.4270350776824475,0.4322001393939146
3687,0.4753628122449799,0.4322001393939146
3688,0.5933418497099754,0.4322001393939146
3689,0.279580707091376,0.4322001393939146
3690,0.5526073532839579,0.4322001393939146
3691,0.40113008502445113,0.4322001393939146
3692,0.37699435711252777,0.4322001393939146
3693,0.47850356471614186,0.4322001393939146
3694,0.47018671523515304,0.4322001393939146
3695,0.12638400068136482,0.4322001393939146
3696,0.4511292402374104,0.4322001393939146
3697,0.4558263541049079,0.4322001393939146
3698,0.301498662188979,0.4322001393939146
3699,0.5125163910612218,0.4322001393939146
3700,0.440987371877258,0.4322001393939146
3701,0.3172946053152418,0.4322001393939146
3702,0.47301568765596014,0.4322001393939146
3703,0.33014645803451864,0.4322001393939146
3704,0.5259793984092173,0.4322001393939146
3705,0.5822466815228947,0.4322001393939146
3706,0.38368262711989204,0.4322001393939146
3707,0.5764610631946402,0.4322001393939146
3708,0.48167406422723275,0.4322001393939146
3709,0.39330358617385774,0.4322001393939146
3710,0.45142412963726825,0.4322001393939146
3711,0.5840514051430145,0.4322001393939146
3712,0.544880622198757,0.4322001393939146
3713,0.5011825476615431,0.4322001393939146
3714,0.23052595352288632,0.4322001393939146
3715,0.2861589067545542,0.4322001393939146
3716,0.4048256723754188,0.4322001393939146
3717,0.30186793028999326,0.4322001393939146
3718,0.44802635089686305,0.4322001393939146
3719,0.3195601396745828,0.4322001393939146
3720,0.6590349460702116,0.4322001393939146
3721,0.406066990085557,0.4322001393939146
3722,0.21680861290880338,0.4322001393939146
3723,0.274657100425995,0.4322001393939146
3724,0.42467281820937586,0.4322001393939146
3725,0.27731818918123186,0.4322001393939146
3726,0.6075864186754427,0.4322001393939146
3727,0.35835012428379776,0.4322001393939146
3728,0.4010488843126074,0.4322001393939146
3729,0.3771140321906992,0.4322001393939146
3730,0.5910488040659317,0.4322001393939146
3731,0.6486648665189386,0.4322001393939146
3732,0.3881022724388602,0.4322001393939146
3733,0.4343127316267674,0.4322001393939146
3734,0.539641399807142,0.4322001393939146
3735,0.45634907571547834,0.4322001393939146
3736,0.3376526816270623,0.4322001393939146
3737,0.35222267402688134,0.4322001393939146
3738,0.2833008140403299,0.4322001393939146
3739,0.4543188501950742,0.4322001393939146
3740,0.3230611723182845,0.4322001393939146
3741,0.41051652567017594,0.4322001393939146
3742,0.2808404841578875,0.4322001393939146
3743,0.4488096793665334,0.4322001393939146
3744,0.3794838831860237,0.4322001393939146
3745,0.4217727065552347,0.4322001393939146
3746,0.45626528955594803,0.4322001393939146
3747,0.44610590282716156,0.4322001393939146
3748,0.5838327269727074,0.4322001393939146
3749,0.40634935305581643,0.4322001393939146
3750,0.34769194644117846,0.4322001393939146
3751,0.48634999291715775,0.4322001393939146
3752,0.4295463902493579,0.4322001393939146
3753,0.48416399974895585,0.4322001393939146
3754,0.5639252618388585,0.4322001393939146
3755,0.5157126421615583,0.4322001393939146
3756,0.2644934316458538,0.4322001393939146
3757,0.5319056628881529,0.4322001393939146
3758,0.6883850662845213,0.4322001393939146
3759,0.580125748109856,0.4322001393939146
3760,0.33809595311454066,0.4322001393939146
3761,0.3967975561544717,0.4322001393939146
3762,0.41953905773081396,0.4322001393939146
3763,0.30632513353271895,0.4322001393939146
3764,0.2950515799851232,0.4322001393939146
3765,0.2125551498218886,0.4322001393939146
3766,0.38049174138459474,0.4322001393939146
3767,0.4411690383701028,0.4322001393939146
3768,0.42431164050585346,0.4322001393939146
3769,0.30990117564961017,0.4322001393939146
3770,0.37341458555533114,0.4322001393939146
3771,0.2969857226227855,0.4322001393939146
3772,0.4333143615424369,0.4322001393939146
3773,0.32839557087682,0.4322001393939146
3774,0.18936871455326024,0.4322001393939146
3775,0.5947348394872272,0.4322001393939146
3776,0.20135992004268974,0.4322001393939146
3777,0.6006172304457027,0.4322001393939146
3778,0.5206516259279504,0.4322001393939146
3779,0.5714955536779186,0.4322001393939146
3780,0.6341275463035395,0.4322001393939146
3781,0.5142374819925267,0.4322001393939146
3782,0.49086708439640475,0.4322001393939146
3783,0.5313464479082296,0.4322001393939146
3784,0.4619070421778401,0.4322001393939146
3785,0.4398114612258013,0.4322001393939146
3786,0.6324707033959759,0.4322001393939146
3787,0.5082836762309539,0.4322001393939146
3788,0.44061229212823655,0.4322001393939146
3789,0.22950927620197373,0.4322001393939146
3790,0.32429938110224577,0.4322001393939146
3791,0.3330795534852519,0.4322001393939146
3792,0.25898176958777264,0.4322001393939146
3793,0.3069355761283834,0.4322001393939146
3794,0.41748562086374663,0.4322001393939146
3795,0.48670256256584765,0.4322001393939146
3796,0.4320567805635062,0.4322001393939146
3797,0.21891121225539412,0.4322001393939146
3798,0.44149973139859744,0.4322001393939146
3799,0.27536654971453917,0.4322001393939146
3800,0.45904787600251595,0.4322001393939146
3801,0.5937205290258497,0.4322001393939146
3802,0.4406087268253473,0.4322001393939146
3803,0.48739951371361906,0.4322001393939146
3804,0.3921787782789969,0.4322001393939146
3805,0.43657864361010323,0.4322001393939146
3806,0.46891051691156643,0.4322001393939146
3807,0.38309040613720263,0.4322001393939146
3808,0.5488350931278129,0.4322001393939146
3809,0.49546663313204353,0.4322001393939146
3810,0.33006545686512684,0.4322001393939146
3811,0.5392866016151218,0.4322001393939146
3812,0.33595600667112874,0.4322001393939146
3813,0.5384922609348846,0.4322001393939146
3814,0.49188880909165295,0.4322001393939146
3815,0.19263525761695266,0.4322001393939146
3816,0.47644266899930243,0.4322001393939146
3817,0.39312871825573353,0.4322001393939146
3818,0.4793803034184189,0.4322001393939146
3819,0.5075548068224107,0.4322001393939146
3820,0.46785009933207666,0.4322001393939146
3821,0.42992735833651297,0.4322001393939146
3822,0.5298759925073891,0.4322001393939146
3823,0.4213719249386057,0.4322001393939146
3824,0.43411999117162664,0.4322001393939146
3825,0.5052080007035281,0.4322001393939146
3826,0.4877465654015969,0.4322001393939146
3827,0.4823699686628252,0.4322001393939146
3828,0.4517368371465402,0.4322001393939146
3829,0.4608774765810404,0.4322001393939146
3830,0.37869880427155134,0.4322001393939146
3831,0.4345889236713997,0.4322001393939146
3832,0.5670499401923232,0.4322001393939146
3833,0.31509976123216565,0.4322001393939146
3834,0.5986439665971203,0.4322001393939146
3835,0.5090235528989601,0.4322001393939146
3836,0.4844845746130395,0.4322001393939146
3837,0.45957057071535834,0.4322001393939146
3838,0.36493504417364153,0.4322001393939146
3839,0.31071785002822194,0.4322001393939146
3840,0.3349908196923098,0.4322001393939146
3841,0.3517319013574756,0.4322001393939146
3842,0.3756363585939782,0.4322001393939146
3843,0.2767790285269718,0.4322001393939146
3844,0.29182954435418934,0.4322001393939146
3845,0.4176850316935944,0.4322001393939146
3846,0.6283420809943902,0.4322001393939146
3847,0.4019079912598902,0.4322001393939146
3848,0.23687938129209452,0.4322001393939146
3849,0.3398835810297672,0.4322001393939146
3850,0.3143448464699022,0.4322001393939146
3851,0.6128658987160472,0.4322001393939146
3852,0.5307119891239718,0.4322001393939146
3853,0.36945604264633153,0.4322001393939146
3854,0.30336232736879953,0.4322001393939146
3855,0.4826467569365507,0.4322001393939146
3856,0.4117208123978387,0.4322001393939146
3857,0.4418253246990524,0.4322001393939146
3858,0.5422258418419749,0.4322001393939146
3859,0.495114905555825,0.4322001393939146
3860,0.5597239339771248,0.4322001393939146
3861,0.4389879492432108,0.4322001393939146
3862,0.6219247461012442,0.4322001393939146
3863,0.5036488645688105,0.4322001393939146
3864,0.4059787360507221,0.4322001393939146
3865,0.46774187915872456,0.4322001393939146
3866,0.32655455035308023,0.4322001393939146
3867,0.5023105455625538,0.4322001393939146
3868,0.25729976030718715,0.4322001393939146
3869,0.4897384027270704,0.4322001393939146
3870,0.4954649430300675,0.4322001393939146
3871,0.3436645472777769,0.4322001393939146
3872,0.42318427329562286,0.4322001393939146
3873,0.34488490905596514,0.4322001393939146
3874,0.521035214637805,0.4322001393939146
3875,0.3958090322642888,0.4322001393939146
3876,0.5136672775617072,0.4322001393939146
3877,0.3967393198626586,0.4322001393939146
3878,0.4435111847478956,0.4322001393939146
3879,0.6670934025024045,0.4322001393939146
3880,0.48140077458060065,0.4322001393939146
3881,0.5249155557986113,0.4322001393939146
3882,0.6760510974066403,0.4322001393939146
3883,0.6303397366063238,0.4322001393939146
3884,0.4702414914033272,0.4322001393939146
3885,0.6652239412962229,0.4322001393939146
3886,0.47321328132632917,0.4322001393939146
3887,0.5510069131343015,0.4322001393939146
3888,0.38614514249855675,0.4322001393939146
3889,0.4966439426669673,0.4322001393939146
3890,0.4443578470594567,0.4322001393939146
3891,0.48368384606983383,0.4322001393939146
3892,0.5707538970008929,0.4322001393939146
3893,0.4264141055935268,0.4322001393939146
3894,0.386224843490943,0.4322001393939146
3895,0.3858560053007334,0.4322001393939146
3896,0.3681835980554899,0.4322001393939146
3897,0.3086918069830104,0.4322001393939146
3898,0.5895315153187628,0.4322001393939146
3899,0.5541541863358194,0.4322001393939146
3900,0.5904056673224544,0.4322001393939146
3901,0.2126702695485817,0.4322001393939146
3902,0.34024946637226516,0.4322001393939146
3903,0.36451634515547676,0.4322001393939146
3904,0.4331667109568079,0.4322001393939146
3905,0.5779433452729147,0.4322001393939146
3906,0.4104093195714038,0.4322001393939146
3907,0.31389263475204365,0.4322001393939146
3908,0.5777209639452489,0.4322001393939146
3909,0.5924087687148754,0.4322001393939146
3910,0.44821428960673954,0.4322001393939146
3911,0.6283051052901251,0.4322001393939146
3912,0.4637612462748139,0.4322001393939146
3913,0.37376785339767166,0.4322001393939146
3914,0.40018857546067493,0.4322001393939146
3915,0.5581118693576221,0.4322001393939146
3916,0.1565481437952241,0.4322001393939146
3917,0.4540214580855176,0.4322001393939146
3918,0.3545226774448582,0.4322001393939146
3919,0.23095037304220772,0.4322001393939146
3920,0.2002513958839204,0.4322001393939146
3921,0.22665372382687532,0.4322001393939146
3922,0.33744831895631977,0.4322001393939146
3923,0.49192611500637395,0.4322001393939146
3924,0.5149397383176343,0.4322001393939146
3925,0.3522974851294804,0.4322001393939146
3926,0.4907366472467372,0.4322001393939146
3927,0.49394402501183066,0.4322001393939146
3928,0.29118460954259984,0.4322001393939146
3929,0.4523653940966186,0.4322001393939146
3930,0.42793900762190096,0.4322001393939146
3931,0.681522333177682,0.4322001393939146
3932,0.3876330793623748,0.4322001393939146
3933,0.46850914821710565,0.4322001393939146
3934,0.5852961541987577,0.4322001393939146
3935,0.25859222339683696,0.4322001393939146
3936,0.4027823438502685,0.4322001393939146
3937,0.5180391862805008,0.4322001393939146
3938,0.5907542510467545,0.4322001393939146
3939,0.3747043336764312,0.4322001393939146
3940,0.4696180060404243,0.4322001393939146
3941,0.4831470787622262,0.4322001393939146
3942,0.4966480857126273,0.4322001393939146
3943,0.31700535750352116,0.4322001393939146
3944,0.26316533281825216,0.4322001393939146
3945,0.5214720372066783,0.4322001393939146
3946,0.33332070320337287,0.4322001393939146
3947,0.3260147971203501,0.4322001393939146
3948,0.42600862738747125,0.4322001393939146
3949,0.3523474448333724,0.4322001393939146
3950,0.666021440236483,0.4322001393939146
3951,0.5437336521622391,0.4322001393939146
3952,0.4946294090812526,0.4322001393939146
3953,0.49981731882462016,0.4322001393939146
3954,0.5228674291125962,0.4322001393939146
3955,0.3711855897389864,0.4322001393939146
3956,0.6738666672703901,0.4322001393939146
3957,0.31778875802036627,0.4322001393939146
3958,0.5059344039660421,0.4322001393939146
3959,0.46945630908659963,0.4322001393939146
3960,0.5334164614145123,0.4322001393939146
3961,0.4562897715612189,0.4322001393939146
3962,0.48910984656144757,0.4322001393939146
3963,0.34893255784714916,0.4322001393939146
3964,0.4848000757382869,0.4322001393939146
3965,0.2454448259786925,0.4322001393939146
3966,0.4026932164387128,0.4322001393939146
3967,0.3572609314262212,0.4322001393939146
3968,0.4032039467263981,0.4322001393939146
3969,0.18587844396265085,0.4322001393939146
3970,0.42124529341451356,0.4322001393939146
3971,0.26644634469982986,0.4322001393939146
3972,0.4631145544586874,0.4322001393939146
3973,0.33207507781653434,0.4322001393939146
3974,0.3186363750071676,0.4322001393939146
3975,0.345916280959025,0.4322001393939146
3976,0.5789418866115396,0.4322001393939146
3977,0.2981405450536756,0.4322001393939146
3978,0.6146073319952817,0.4322001393939146
3979,0.37944333898218396,0.4322001393939146
3980,0.4370942403676743,0.4322001393939146
3981,0.6112628580161655,0.4322001393939146
3982,0.4006086110609756,0.4322001393939146
3983,0.4998644489195997,0.4322001393939146
3984,0.7740336484909658,0.4322001393939146
3985,0.6600339251865985,0.4322001393939146
3986,0.4844879988774864,0.4322001393939146
3987,0.41153479380285085,0.4322001393939146
3988,0.4044385784551673,0.4322001393939146
3989,0.36761265085959544,0.4322001393939146
3990,0.3900939712300306,0.4322001393939146
3991,0.2718142793357542,0.4322001393939146
3992,0.44658917833138395,0.4322001393939146
3993,0.4554050940957043,0.4322001393939146
3994,0.4388249294814254,0.4322001393939146
3995,0.37860442917589054,0.4322001393939146
3996,0.4151582968034675,0.4322001393939146
3997,0.3041087202044127,0.4322001393939146
3998,0.35483145309739944,0.4322001393939146
3999,0.46430620356333635,0.4322001393939146
4000,0.37241464241520084,0.4322001393939146
4001,0.48314417990323033,0.4322001393939146
4002,0.6410508231783203,0.4322001393939146
4003,0.4887435950001249,0.4322001393939146
4004,0.3718014587976844,0.4322001393939146
4005,0.5500541581951273,0.4322001393939146
4006,0.37065753587402184,0.4322001393939146
4007,0.2226192390330252,0.4322001393939146
4008,0.5430508174871398,0.4322001393939146
4009,0.6306591805969756,0.4322001393939146
4010,0.3167751751217392,0.4322001393939146
4011,0.3690926441684118,0.4322001393939146
4012,0.41986301667203413,0.4322001393939146
4013,0.5507927028780316,0.4322001393939146
4014,0.3911824712957673,0.4322001393939146
4015,0.3990470825759086,0.4322001393939146
4016,0.4321391545633571,0.4322001393939146
4017,0.24831882296058827,0.4322001393939146
4018,0.29850522552543457,0.4322001393939146
4019,0.4223815342999959,0.4322001393939146
4020,0.3053863914039381,0.4322001393939146
4021,0.3314725022077576,0.4322001393939146
4022,0.38939911864644433,0.4322001393939146
4023,0.4263981602542524,0.4322001393939146
4024,0.5755051412439719,0.4322001393939146
4025,0.33045178657895513,0.4322001393939146
4026,0.4042473458472312,0.4322001393939146
4027,0.42263757871649077,0.4322001393939146
4028,0.3631432452607841,0.4322001393939146
4029,0.5837977507791808,0.4322001393939146
4030,0.5373557695655358,0.4322001393939146
4031,0.5265802684040404,0.4322001393939146
4032,0.41354978839136236,0.4322001393939146
4033,0.4289350581630844,0.4322001393939146
4034,0.45344623309325305,0.4322001393939146
4035,0.37388864647076925,0.4322001393939146
4036,0.42857461497202215,0.4322001393939146
4037,0.3212975521349528,0.4322001393939146
4038,0.3931934571427956,0.4322001393939146
4039,0.43111820247298027,0.4322001393939146
4040,0.404595851886593,0.4322001393939146
4041,0.32756513376769175,0.4322001393939146
4042,0.2672573881465502,0.4322001393939146
4043,0.295094127979342,0.4322001393939146
4044,0.34862869876252556,0.4322001393939146
4045,0.2885674307197917,0.4322001393939146
4046,0.2917275011320416,0.4322001393939146
4047,0.4655137710625553,0.4322001393939146
4048,0.32458150487342713,0.4322001393939146
4049,0.3905918832436374,0.4322001393939146
4050,0.31610930081800437,0.4322001393939146
4051,0.42330694372307975,0.4322001393939146
4052,0.5151424550243221,0.4322001393939146
4053,0.4764095262818912,0.4322001393939146
4054,0.5535953414899469,0.4322001393939146
4055,0.5890278323282393,0.4322001393939146
4056,0.3603372878311645,0.4322001393939146
4057,0.5344836124985719,0.4322001393939146
4058,0.42985398741316394,0.4322001393939146
4059,0.5773312605237931,0.4322001393939146
4060,0.611134266007058,0.4322001393939146
4061,0.4716694443276198,0.4322001393939146
4062,0.41447712261432024,0.4322001393939146
4063,0.5987428164317182,0.4322001393939146
4064,0.33157545359041124,0.4322001393939146
4065,0.3608763920891375,0.4322001393939146
4066,0.4053087733511983,0.4322001393939146
4067,0.41501157567463653,0.4322001393939146
4068,0.31805275903510405,0.4322001393939146
4069,0.35118836467513576,0.4322001393939146
4070,0.3080897417770857,0.4322001393939146
4071,0.5821129518693131,0.4322001393939146
4072,0.41055526334005166,0.4322001393939146
4073,0.5190567818960522,0.4322001393939146
4074,0.4769788496026893,0.4322001393939146
4075,0.49720678737730056,0.4322001393939146
4076,0.3336271275706672,0.4322001393939146
4077,0.572044357330743,0.4322001393939146
4078,0.5721620461858337,0.4322001393939146
4079,0.42420872512561136,0.4322001393939146
4080,0.6697905433992236,0.4322001393939146
4081,0.502218489418729,0.4322001393939146
4082,0.5263269153335409,0.4322001393939146
4083,0.5324588932009086,0.4322001393939146
4084,0.4160084162787081,0.4322001393939146
4085,0.610621711210371,0.4322001393939146
4086,0.5202970686762858,0.4322001393939146
4087,0.4794818129731024,0.4322001393939146
4088,0.6100929566316243,0.4322001393939146
4089,0.47140184855202666,0.4322001393939146
4090,0.25343742098290967,0.4322001393939146
4091,0.2971185881233026,0.4322001393939146
4092,0.3327219393450628,0.4322001393939146
4093,0.3460264131048905,0.4322001393939146
4094,0.3485190072768979,0.4322001393939146
4095,0.3263402258464796,0.4322001393939146
4096,0.3349716246860222,0.4322001393939146
4097,0.35594953227782705,0.4322001393939146
4098,0.41623993989189556,0.4322001393939146
4099,0.49265107362452565,0.4322001393939146
4100,0.564385755053051,0.4322001393939146
4101,0.38125350941864194,0.4322001393939146
4102,0.6172424000747715,0.4322001393939146
4103,0.47948854462129953,0.4322001393939146
4104,0.41974478199699145,0.4322001393939146
4105,0.3875553865364554,0.4322001393939146
4106,0.5721682679750957,0.4322001393939146
4107,0.4343032090041379,0.4322001393939146
4108,0.49363942973413283,0.4322001393939146
4109,0.252002835602989,0.4322001393939146
4110,0.4177936231928565,0.4322001393939146
4111,0.3775773685920266,0.4322001393939146
4112,0.22544820859419348,0.4322001393939146
4113,0.5335914520261086,0.4322001393939146
4114,0.41107232257683957,0.4322001393939146
4115,0.3605622450188193,0.4322001393939146
4116,0.28827894978173146,0.4322001393939146
4117,0.3237015854816437,0.4322001393939146
4118,0.30105421328514614,0.4322001393939146
4119,0.3557005497636137,0.4322001393939146
4120,0.46393240147446435,0.4322001393939146
4121,0.5241663614257707,0.4322001393939146
4122,0.29067605947577707,0.4322001393939146
4123,0.6129989656479536,0.4322001393939146
4124,0.48471803069669245,0.4322001393939146
4125,0.5160549159953618,0.4322001393939146
4126,0.44600464308336385,0.4322001393939146
4127,0.42025071221270316,0.4322001393939146
4128,0.629174033658943,0.4322001393939146
4129,0.6402561848831598,0.4322001393939146
4130,0.6238578668408228,0.4322001393939146
4131,0.49689729398259086,0.4322001393939146
4132,0.43739383220060807,0.4322001393939146
4133,0.33578864293572735,0.4322001393939146
4134,0.36838803599999154,0.4322001393939146
4135,0.44141606263938826,0.4322001393939146
4136,0.2713395995349689,0.4322001393939146
4137,0.5165767648774092,0.4322001393939146
4138,0.49742056995600437,0.4322001393939146
4139,0.5279129850702442,0.4322001393939146
4140,0.28519909965434237,0.4322001393939146
4141,0.4103841847009875,0.4322001393939146
4142,0.41582068529734634,0.4322001393939146
4143,0.5517723402562041,0.4322001393939146
4144,0.6426779127704606,0.4322001393939146
4145,0.31055547153958085,0.4322001393939146
4146,0.5520582707622971,0.4322001393939146
4147,0.3628535921408978,0.4322001393939146
4148,0.36938126275617783,0.4322001393939146
4149,0.46522091960093287,0.4322001393939146
4150,0.4118206555153398,0.4322001393939146
4151,0.3869084596482263,0.4322001393939146
4152,0.2805606717801351,0.4322001393939146
4153,0.4407709720845621,0.4322001393939146
4154,0.36083954532225065,0.4322001393939146
4155,0.4074158244047404,0.4322001393939146
4156,0.5378831714423111,0.4322001393939146
4157,0.38273424648970933,0.4322001393939146
4158,0.5874536545816521,0.4322001393939146
4159,0.453771467569359,0.4322001393939146
4160,0.547597586837031,0.4322001393939146
4161,0.345159913721944,0.4322001393939146
4162,0.4936010213266088,0.4322001393939146
4163,0.5347023662899969,0.4322001393939146
4164,0.2988720167414776,0.4322001393939146
4165,0.3098380034951192,0.4322001393939146
4166,0.42878874824311,0.4322001393939146
4167,0.41690668518465174,0.4322001393939146
4168,0.40467919746082576,0.4322001393939146
4169,0.503924988661829,0.4322001393939146
4170,0.29549692726243004,0.4322001393939146
4171,0.3627954612808306,0.4322001393939146
4172,0.43879531257778326,0.4322001393939146
4173,0.3016581153639614,0.4322001393939146
4174,0.3375446050847077,0.4322001393939146
4175,0.4060374660101528,0.4322001393939146
4176,0.4775401443237777,0.4322001393939146
4177,0.38209186225035163,0.4322001393939146
4178,0.5118221948944119,0.4322001393939146
4179,0.20304885349352847,0.4322001393939146
4180,0.5585159688963629,0.4322001393939146
4181,0.4199791973620075,0.4322001393939146
4182,0.41224039194740436,0.4322001393939146
4183,0.524974275058247,0.4322001393939146
4184,0.424437364866343,0.4322001393939146
4185,0.31548448816939556,0.4322001393939146
4186,0.4046655432638797,0.4322001393939146
4187,0.5550507639498339,0.4322001393939146
4188,0.4222320427033431,0.4322001393939146
4189,0.2835246774131236,0.4322001393939146
4190,0.31652770335138225,0.4322001393939146
4191,0.3530636497415174,0.4322001393939146
4192,0.322523644459445,0.4322001393939146
4193,0.18831178687933744,0.4322001393939146
4194,0.41551173289958543,0.4322001393939146
4195,0.18883450413655478,0.4322001393939146
4196,0.4085292027002335,0.4322001393939146
4197,0.47239228202934197,0.4322001393939146
4198,0.5328544852053844,0.4322001393939146
4199,0.48392370213225977,0.4322001393939146
4200,0.36034646200436493,0.4322001393939146
4201,0.4408001727976681,0.4322001393939146
4202,0.3059750174969031,0.4322001393939146
4203,0.4243336957650701,0.4322001393939146
4204,0.7005510273637211,0.4322001393939146
4205,0.6196513840827789,0.4322001393939146
4206,0.61127562168178,0.4322001393939146
4207,0.4614832562898636,0.4322001393939146
4208,0.46737835962505453,0.4322001393939146
4209,0.5233572780573368,0.4322001393939146
4210,0.4787246144048948,0.4322001393939146
4211,0.5236935778300114,0.4322001393939146
4212,0.46188813896866787,0.4322001393939146
4213,0.32932564278623855,0.4322001393939146
4214,0.4355759804238214,0.4322001393939146
4215,0.33577380633150117,0.4322001393939146
4216,0.4030112630855996,0.4322001393939146
4217,0.37494244108836783,0.4322001393939146
4218,0.3124643900753695,0.4322001393939146
4219,0.34724748132712147,0.4322001393939146
4220,0.3831198806865037,0.4322001393939146
4221,0.20961050855318927,0.4322001393939146
4222,0.29365816739570144,0.4322001393939146
4223,0.4159162404972906,0.4322001393939146
4224,0.4387606140109216,0.4322001393939146
4225,0.34537654392979705,0.4322001393939146
4226,0.4881539523490889,0.4322001393939146
4227,0.5334361505289275,0.4322001393939146
4228,0.37378356541306773,0.4322001393939146
4229,0.5202163887845979,0.4322001393939146
4230,0.3991804538315464,0.4322001393939146
4231,0.48610557988823044,0.4322001393939146
4232,0.4577871459366929,0.4322001393939146
4233,0.5576160593556645,0.4322001393939146
4234,0.46373915350144385,0.4322001393939146
4235,0.30807061494555377,0.4322001393939146
4236,0.44445676441969767,0.4322001393939146
4237,0.4963563640744967,0.4322001393939146
4238,0.3298693818471225,0.4322001393939146
4239,0.3123549783917811,0.4322001393939146
4240,0.4055417526286146,0.4322001393939146
4241,0.5417973958904163,0.4322001393939146
4242,0.3402340564290265,0.4322001393939146
4243,0.34162899873393743,0.4322001393939146
4244,0.36849226850308847,0.4322001393939146
4245,0.4450603764293844,0.4322001393939146
4246,0.3416133809312987,0.4322001393939146
4247,0.34951822509623276,0.4322001393939146
4248,0.43811577801883644,0.4322001393939146
4249,0.5238599146723047,0.4322001393939146
4250,0.24167709336704224,0.4322001393939146
4251,0.4619322556505136,0.4322001393939146
4252,0.5093600332359907,0.4322001393939146
4253,0.5859717491980537,0.4322001393939146
4254,0.41175335699672827,0.4322001393939146
4255,0.27322025836379793,0.4322001393939146
4256,0.55951216381114,0.4322001393939146
4257,0.617964872638137,0.4322001393939146
4258,0.4406552892469056,0.4322001393939146
4259,0.46349782795356986,0.4322001393939146
4260,0.39950366257693354,0.4322001393939146
4261,0.3853195544215407,0.4322001393939146
4262,0.46738941000631157,0.4322001393939146
4263,0.32698508050912056,0.4322001393939146
4264,0.4244806042549138,0.4322001393939146
4265,0.4634085615577343,0.4322001393939146
4266,0.29216055014902653,0.4322001393939146
4267,0.35993320821406627,0.4322001393939146
4268,0.5359663525698196,0.4322001393939146
4269,0.3552626587559156,0.4322001393939146
4270,0.33547563638998906,0.4322001393939146
4271,0.3189054646564552,0.4322001393939146
4272,0.25826029512174115,0.4322001393939146
4273,0.22932975379760553,0.4322001393939146
4274,0.45821517596853806,0.4322001393939146
4275,0.41125063367525666,0.4322001393939146
4276,0.44020961154384397,0.4322001393939146
4277,0.5177075959301205,0.4322001393939146
4278,0.6129477142761294,0.4322001393939146
4279,0.5110576359673936,0.4322001393939146
4280,0.4223346903475334,0.4322001393939146
4281,0.33305736926354046,0.4322001393939146
4282,0.5782576190890533,0.4322001393939146
4283,0.42723820288137726,0.4322001393939146
4284,0.5626823622353813,0.4322001393939146
4285,0.44091630125521514,0.4322001393939146
4286,0.24962184834967127,0.4322001393939146
4287,0.4977234096847771,0.4322001393939146
4288,0.552648363625686,0.4322001393939146
4289,0.25936519405530123,0.4322001393939146
4290,0.43127552461492047,0.4322001393939146
4291,0.5239266628669689,0.4322001393939146
4292,0.3924727761975398,0.4322001393939146
4293,0.29883362995375606,0.4322001393939146
4294,0.449107089141201,0.4322001393939146
4295,0.35406642101445446,0.4322001393939146
4296,0.237137699596897,0.4322001393939146
4297,0.2856099127755417,0.4322001393939146
4298,0.4702517412169439,0.4322001393939146
4299,0.37710128362664586,0.4322001393939146
4300,0.26012071216765414,0.4322001393939146
4301,0.40037144809496705,0.4322001393939146
4302,0.547573898737651,0.4322001393939146
4303,0.3453781776239555,0.4322001393939146
4304,0.6026635293689131,0.4322001393939146
4305,0.3648255452672233,0.4322001393939146
4306,0.4348622962793682,0.4322001393939146
4307,0.5933915994546297,0.4322001393939146
4308,0.5820403640841003,0.4322001393939146
4309,0.6371011187133991,0.4322001393939146
4310,0.37954026769339466,0.4322001393939146
4311,0.5150760369995202,0.4322001393939146
4312,0.5000660841453688,0.4322001393939146
4313,0.46810646971236647,0.4322001393939146
4314,0.39277791733598155,0.4322001393939146
4315,0.48336983334905326,0.4322001393939146
4316,0.5082696542229087,0.4322001393939146
4317,0.31354298768065036,0.4322001393939146
4318,0.41976134332027065,0.4322001393939146
4319,0.07140844666987764,0.4322001393939146
4320,0.5097774364563556,0.4322001393939146
4321,0.4098220924748631,0.4322001393939146
4322,0.19616994867380477,0.4322001393939146
4323,0.3239263863716804,0.4322001393939146
4324,0.28990139529680503,0.4322001393939146
4325,0.41158615418463224,0.4322001393939146
4326,0.45319747874646915,0.4322001393939146
4327,0.5309967500417888,0.4322001393939146
4328,0.449316736617541,0.4322001393939146
4329,0.5872515545018079,0.4322001393939146
4330,0.5487496406864963,0.4322001393939146
4331,0.45272528677872376,0.4322001393939146
4332,0.4535824930425001,0.4322001393939146
4333,0.6331703579059418,0.4322001393939146
4334,0.518744891918557,0.4322001393939146
4335,0.5201537864445804,0.4322001393939146
4336,0.3574322670843677,0.4322001393939146
4337,0.5545431149132966,0.4322001393939146
4338,0.5415576995617146,0.4322001393939146
4339,0.4943823454391867,0.4322001393939146
4340,0.5913031663283693,0.4322001393939146
4341,0.3729196655711675,0.4322001393939146
4342,0.5168904519485598,0.4322001393939146
4343,0.45647828874131774,0.4322001393939146
4344,0.41718521042512424,0.4322001393939146
4345,0.2636123226963407,0.4322001393939146
4346,0.4250476998272008,0.4322001393939146
4347,0.42846425189518805,0.4322001393939146
4348,0.502684840397813,0.4322001393939146
4349,0.24189759200728186,0.4322001393939146
4350,0.37114107089002457,0.4322001393939146
4351,0.47977543290219504,0.4322001393939146
4352,0.4612557921090716,0.4322001393939146
4353,0.4160229640234811,0.4322001393939146
4354,0.5867736191191415,0.4322001393939146
4355,0.4696083998621448,0.4322001393939146
4356,0.5511146487340687,0.4322001393939146
4357,0.3496445180259877,0.4322001393939146
4358,0.4965692556608982,0.4322001393939146
4359,0.4040020381617049,0.4322001393939146
4360,0.30863314332679387,0.4322001393939146
4361,0.5519418987671915,0.4322001393939146
4362,0.3888638203469546,0.4322001393939146
4363,0.5416251619652119,0.4322001393939146
4364,0.6146029431799248,0.4322001393939146
4365,0.38440997155206935,0.4322001393939146
4366,0.43774450052521874,0.4322001393939146
4367,0.23676805435056147,0.4322001393939146
4368,0.49760009851126696,0.4322001393939146
4369,0.22069577571791693,0.4322001393939146
4370,0.2595982520638664,0.4322001393939146
4371,0.5930627608822987,0.4322001393939146
4372,0.5327882149593389,0.4322001393939146
4373,0.5010388726233875,0.4322001393939146
4374,0.5908498530622268,0.4322001393939146
4375,0.256145049523767,0.4322001393939146
4376,-1.8127801438107232,-1.8898950492270654
4377,-1.7368636951713181,-1.8898950492270654
4378,-2.0131508670162654,-1.8898950492270654
4379,-2.0412248318827597,-1.8898950492270654
4380,-1.8508633789918374,-1.8898950492270654
4381,-1.840262068063456,-1.8898950492270654
4382,-1.946905373959869,-1.8898950492270654
4383,-1.9330337321824111,-1.8898950492270654
4384,-1.8893717550581368,-1.8898950492270654
4385,-1.857029195254761,-1.8898950492270654
4386,-1.877795297815418,-1.8898950492270654
4387,-1.8298141041999532,-1.8898950492270654
4388,-1.9578269720243973,-1.8898950492270654
4389,-1.7289444301097772,-1.8898950492270654
4390,-1.7837535256590697,-1.8898950492270654
4391,-1.9424672287210878,-1.8898950492270654
4392,-1.7434870941426723,-1.8898950492270654
4393,-1.8212264843694588,-1.8898950492270654
4394,-1.837466288251698,-1.8898950492270654
4395,-1.9528400621334527,-1.8898950492270654
4396,-1.993999047687614,-1.8898950492270654
4397,-1.825718787540986,-1.8898950492270654
4398,-1.8848635138674399,-1.8898950492270654
4399,-1.7885939941773958,-1.8898950492270654
4400,-1.8107867077757231,-1.8898950492270654
4401,-1.6425171478076968,-1.8898950492270654
4402,-1.8653438497950838,-1.8898950492270654
4403,-2.0155278393863063,-1.8898950492270654
4404,-1.8596230650244732,-1.8898950492270654
4405,-1.7851333277096761,-1.8898950492270654
4406,-1.934125742069303,-1.8898950492270654
4407,-1.7975333122513093,-1.8898950492270654
4408,-1.875961254207727,-1.8898950492270654
4409,-1.90385382944203,-1.8898950492270654
4410,-2.091177704424846,-1.8898950492270654
4411,-1.6100930434989857,-1.8898950492270654
4412,-1.8690816486093733,-1.8898950492270654
4413,-1.9047137604568627,-1.8898950492270654
4414,-1.9312270724766838,-1.8898950492270654
4415,-1.8942393327304057,-1.8898950492270654
4416,-1.835505858618424,-1.8898950492270654
4417,-1.8506566527335189,-1.8898950492270654
4418,-2.0259205113831507,-1.8898950492270654
4419,-2.0167202231369696,-1.8898950492270654
4420,-1.978164403153447,-1.8898950492270654
4421,-1.9601095470897871,-1.8898950492270654
4422,-1.8300515709134044,-1.8898950492270654
4423,-1.8853980620286075,-1.8898950492270654
4424,-2.021519168493064,-1.8898950492270654
4425,-1.7220065093207628,-1.8898950492270654
4426,-1.988512061629179,-1.8898950492270654
4427,-1.908820070484484,-1.8898950492270654
4428,-1.8177380435605146,-1.8898950492270654
4429,-1.6950473682415068,-1.8898950492270654
4430,-1.7387262332096631,-1.8898950492270654
4431,-1.8813752379111612,-1.8898950492270654
4432,-1.8171203620917091,-1.8898950492270654
4433,-1.7586466381679653,-1.8898950492270654
4434,-2.0086207837036727,-1.8898950492270654
4435,-1.9800494066788952,-1.8898950492270654
4436,-1.8711498221450251,-1.8898950492270654
4437,-1.8567471796746045,-1.8898950492270654
4438,-1.8197691023630962,-1.8898950492270654
4439,-1.8704627227063637,-1.8898950492270654
4440,-1.9507904822371351,-1.8898950492270654
4441,-1.8810900111450584,-1.8898950492270654
4442,-2.1277737097260934,-1.8898950492270654
4443,-1.8778514997624032,-1.8898950492270654
4444,-1.9242431914264009,-1.8898950492270654
4445,-2.010612878783192,-1.8898950492270654
4446,-1.7519298727435453,-1.8898950492270654
4447,-2.1874482106187982,-1.8898950492270654
4448,-2.047684928128044,-1.8898950492270654
4449,-1.9993341254878707,-1.8898950492270654
4450,-1.828795853343695,-1.8898950492270654
4451,-1.8559383738428876,-1.8898950492270654
4452,-1.8571389803011344,-1.8898950492270654
4453,-1.9278916450441317,-1.8898950492270654
4454,-1.7712138974087246,-1.8898950492270654
4455,-1.8999586682043736,-1.8898950492270654
4456,-1.719523223573154,-1.8898950492270654
4457,-1.7425147793524243,-1.8898950492270654
4458,-1.8400576376220952,-1.8898950492270654
4459,-1.8842741023212226,-1.8898950492270654
4460,-1.807164681484514,-1.8898950492270654
4461,-1.8980683681301218,-1.8898950492270654
4462,-1.7819863069898316,-1.8898950492270654
4463,-1.973551522093339,-1.8898950492270654
4464,-1.7417347245174002,-1.8898950492270654
4465,-2.038443314640195,-1.8898950492270654
4466,-2.041856782751513,-1.8898950492270654
4467,-1.969354916532128,-1.8898950492270654
4468,-2.0003935190439663,-1.8898950492270654
4469,-2.0460209480110727,-1.8898950492270654
4470,-1.910854530604235,-1.8898950492270654
4471,-1.9672456951361321,-1.8898950492270654
4472,-1.8244080153730846,-1.8898950492270654
4473,-1.945194844942851,-1.8898950492270654
4474,-1.9535293344294953,-1.8898950492270654
4475,-2.02901651809043,-1.8898950492270654
4476,-1.9559459529269265,-1.8898950492270654
4477,-1.8104838687997193,-1.8898950492270654
4478,-1.8098678452083186,-1.8898950492270654
4479,-2.008450652225624,-1.8898950492270654
4480,-1.8428293796108348,-1.8898950492270654
4481,-1.9962187006267578,-1.8898950492270654
4482,-1.938476763289367,-1.8898950492270654
4483,-1.8671177002037875,-1.8898950492270654
4484,-1.912633126659372,-1.8898950492270654
4485,-1.868865890167834,-1.8898950492270654
4486,-1.8205686313642109,-1.8898950492270654
4487,-1.9093873151252783,-1.8898950492270654
4488,-1.8260386083722182,-1.8898950492270654
4489,-1.9572014932927144,-1.8898950492270654
4490,-1.7401141993098541,-1.8898950492270654
4491,-2.0879813786792325,-1.8898950492270654
4492,-1.9254070539477728,-1.8898950492270654
4493,-1.9508002864998295,-1.8898950492270654
4494,-1.9883282909307274,-1.8898950492270654
4495,-1.9920956496485538,-1.8898950492270654
4496,-2.099767518269049,-1.8898950492270654
4497,-1.8867900521969574,-1.8898950492270654
4498,-1.8752926905405691,-1.8898950492270654
4499,-1.874139393425699,-1.8898950492270654
4500,-1.7929042139983373,-1.8898950492270654
4501,-1.8647670144791295,-1.8898950492270654
4502,-1.9159038185393793,-1.8898950492270654
4503,-1.9034645432153743,-1.8898950492270654
4504,-1.8880866963916099,-1.8898950492270654
4505,-1.7982949411054703,-1.8898950492270654
4506,-1.802204848183462,-1.8898950492270654
4507,-1.7938475593076646,-1.8898950492270654
4508,-1.867091292914746,-1.8898950492270654
4509,-1.8360899270667217,-1.8898950492270654
4510,-1.9097910625430146,-1.8898950492270654
4511,-1.9472683216339546,-1.8898950492270654
4512,-2.0358174836401073,-1.8898950492270654
4513,-1.9786356866623105,-1.8898950492270654
4514,-2.1009870694969877,-1.8898950492270654
4515,-1.9960582918846337,-1.8898950492270654
4516,-2.0229909255713956,-1.8898950492270654
4517,-1.848331453107997,-1.8898950492270654
4518,-1.967985973605929,-1.8898950492270654
4519,-1.8868761389422701,-1.8898950492270654
4520,-2.1094335827138564,-1.8898950492270654
4521,-2.068459517996178,-1.8898950492270654
4522,-2.0274816679051346,-1.8898950492270654
4523,-1.8403001212535732,-1.8898950492270654
4524,-1.858953588350105,-1.8898950492270654
4525,-1.8479536651120436,-1.8898950492270654
4526,-1.836478621005307,-1.8898950492270654
4527,-1.9209057180047031,-1.8898950492270654
4528,-1.7152603063908987,-1.8898950492270654
4529,-1.6956045778702316,-1.8898950492270654
4530,-1.8066734392868589,-1.8898950492270654
4531,-1.858927063363668,-1.8898950492270654
4532,-1.9248090607297559,-1.8898950492270654
4533,-1.7972043690712456,-1.8898950492270654
4534,-1.8204211909100494,-1.8898950492270654
4535,-1.7016343811956736,-1.8898950492270654
4536,-1.845841602325368,-1.8898950492270654
4537,-1.9118910742109316,-1.8898950492270654
4538,-1.9727270005797828,-1.8898950492270654
4539,-1.9085279394540018,-1.8898950492270654
4540,-2.1101676145485344,-1.8898950492270654
4541,-1.9071889235990138,-1.8898950492270654
4542,-2.176714921306805,-1.8898950492270654
4543,-1.9501784462942873,-1.8898950492270654
4544,-2.1593803306482,-1.8898950492270654
4545,-1.9705216891369834,-1.8898950492270654
4546,-2.0811434416830825,-1.8898950492270654
4547,-1.9381500392949766,-1.8898950492270654
4548,-1.9351759156558808,-1.8898950492270654
4549,-1.998199286572508,-1.8898950492270654
4550,-2.0017352752115793,-1.8898950492270654
4551,-1.8711025859671397,-1.8898950492270654
4552,-1.9723222963766995,-1.8898950492270654
4553,-1.8347507813778474,-1.8898950492270654
4554,-1.9203536007741895,-1.8898950492270654
4555,-1.7323819421874764,-1.8898950492270654
4556,-1.8278960404981628,-1.8898950492270654
4557,-1.696932957369974,-1.8898950492270654
4558,-1.8068819229010347,-1.8898950492270654
4559,-1.7078061542973768,-1.8898950492270654
4560,-1.9072057297429963,-1.8898950492270654
4561,-1.9035588727872295,-1.8898950492270654
4562,-2.051066249127235,-1.8898950492270654
4563,-1.8940692892254616,-1.8898950492270654
4564,-1.9548859263227054,-1.8898950492270654
4565,-1.9296975546417512,-1.8898950492270654
4566,-1.8638479583454133,-1.8898950492270654
4567,-2.0465725900936205,-1.8898950492270654
4568,-2.065787439150638,-1.8898950492270654
4569,-1.9667573290703373,-1.8898950492270654
4570,-1.8618238232935214,-1.8898950492270654
4571,-1.8534594314326072,-1.8898950492270654
4572,-2.096108571420479,-1.8898950492270654
4573,-1.9726213858180162,-1.8898950492270654
4574,-1.8515923603637507,-1.8898950492270654
4575,-1.9911732257896029,-1.8898950492270654
4576,-2.043256137150339,-1.8898950492270654
4577,-1.8802068346168521,-1.8898950492270654
4578,-1.8675791077844754,-1.8898950492270654
4579,-1.8801954147233226,-1.8898950492270654
4580,-1.9985081325706213,-1.8898950492270654
4581,-1.7131652133600757,-1.8898950492270654
4582,-1.6582444781857366,-1.8898950492270654
4583,-1.8721692044400007,-1.8898950492270654
4584,-1.7532844757282975,-1.8898950492270654
4585,-1.7633493181574476,-1.8898950492270654
4586,-1.889912892651732,-1.8898950492270654
4587,-1.8886612196110377,-1.8898950492270654
4588,-1.9820349888319833,-1.8898950492270654
4589,-1.8684982118713103,-1.8898950492270654
4590,-1.9486359336773746,-1.8898950492270654
4591,-1.8270764333871146,-1.8898950492270654
4592,-1.9429106772242022,-1.8898950492270654
4593,-2.031418987695549,-1.8898950492270654
4594,-1.9252091954961912,-1.8898950492270654
4595,-1.9821586322606233,-1.8898950492270654
4596,-1.994774073118718,-1.8898950492270654
4597,-1.9980584362323557,-1.8898950492270654
4598,-1.9251645161537352,-1.8898950492270654
4599,-1.8155810044929495,-1.8898950492270654
4600,-1.7385348852901807,-1.8898950492270654
4601,-1.7249778060687293,-1.8898950492270654
4602,-1.6905580231167296,-1.8898950492270654
4603,-1.7435631017623214,-1.8898950492270654
4604,-1.80233995899763,-1.8898950492270654
4605,-1.8074237058705003,-1.8898950492270654
4606,-2.065466255974145,-1.8898950492270654
4607,-1.7813067259138515,-1.8898950492270654
4608,-1.722155719736877,-1.8898950492270654
4609,-1.757833676213046,-1.8898950492270654
4610,-2.0351512326983716,-1.8898950492270654
4611,-1.9840200681035198,-1.8898950492270654
4612,-2.0421061976074775,-1.8898950492270654
4613,-1.7937122580898492,-1.8898950492270654
4614,-1.9124592088998273,-1.8898950492270654
4615,-1.7497844429790796,-1.8898950492270654
4616,-1.9256730200322458,-1.8898950492270654
4617,-1.8793324677490053,-1.8898950492270654
4618,-2.0686960083417554,-1.8898950492270654
4619,-1.902043233472097,-1.8898950492270654
4620,-1.8453671840297172,-1.8898950492270654
4621,-1.7969349090435638,-1.8898950492270654
4622,-1.9153561121661753,-1.8898950492270654
4623,-2.005248947276122,-1.8898950492270654
4624,-1.883677467838444,-1.8898950492270654
4625,-1.7229473581668135,-1.8898950492270654
4626,-1.8841863266683054,-1.8898950492270654
4627,-1.7899613047023335,-1.8898950492270654
4628,-1.8744506187351513,-1.8898950492270654
4629,-1.7350044055161848,-1.8898950492270654
4630,-1.739165595391976,-1.8898950492270654
4631,-1.8701913710830014,-1.8898950492270654
4632,-1.6795986836745034,-1.8898950492270654
4633,-1.8615823145215895,-1.8898950492270654
4634,-1.8062523786765694,-1.8898950492270654
4635,-1.6412950457527982,-1.8898950492270654
4636,-1.8812891974069768,-1.8898950492270654
4637,-1.890652603302245,-1.8898950492270654
4638,-2.0604741691785087,-1.8898950492270654
4639,-1.9828549303569503,-1.8898950492270654
4640,-1.8777659318214097,-1.8898950492270654
4641,-1.853222509597404,-1.8898950492270654
4642,-1.9576609767821096,-1.8898950492270654
4643,-1.8751568148380648,-1.8898950492270654
4644,-1.8681273789273307,-1.8898950492270654
4645,-1.9241407729327886,-1.8898950492270654
4646,-1.8892186017422652,-1.8898950492270654
4647,-1.9214541762502924,-1.8898950492270654
4648,-1.9076779328746214,-1.8898950492270654
4649,-1.8799984072510454,-1.8898950492270654
4650,-1.8737492423621134,-1.8898950492270654
4651,-1.8862098290667755,-1.8898950492270654
4652,-1.9871091994794419,-1.8898950492270654
4653,-1.9291978971013761,-1.8898950492270654
4654,-1.9363366656437415,-1.8898950492270654
4655,-1.839033507401136,-1.8898950492270654
4656,-1.87859675857595,-1.8898950492270654
4657,-1.7869526607408075,-1.8898950492270654
4658,-1.7490681167950362,-1.8898950492270654
4659,-2.0023228986203483,-1.8898950492270654
4660,-1.9575906833179142,-1.8898950492270654
4661,-1.746706248220345,-1.8898950492270654
4662,-1.8317389066695213,-1.8898950492270654
4663,-1.7494321997815279,-1.8898950492270654
4664,-2.013478023158506,-1.8898950492270654
4665,-2.038176192172373,-1.8898950492270654
4666,-1.9123506362875458,-1.8898950492270654
4667,-1.9350047404061208,-1.8898950492270654
4668,-1.937320168142636,-1.8898950492270654
4669,-2.2976775177549653,-1.8898950492270654
4670,-1.8775199321568015,-1.8898950492270654
4671,-1.9689772615424508,-1.8898950492270654
4672,-1.8293874600102629,-1.8898950492270654
4673,-2.0928058191060037,-1.8898950492270654
4674,-1.8033656243980816,-1.8898950492270654
4675,-2.0349691180599883,-1.8898950492270654
4676,-1.7033491216711145,-1.8898950492270654
4677,-1.9247791433903905,-1.8898950492270654
4678,-1.9144038227651616,-1.8898950492270654
4679,-1.731764121017629,-1.8898950492270654
4680,-2.098668751415045,-1.8898950492270654
4681,-1.8310498102987345,-1.8898950492270654
4682,-1.713690434112063,-1.8898950492270654
4683,-1.8848524159864137,-1.8898950492270654
4684,-1.7373106580592128,-1.8898950492270654
4685,-1.8303043456291537,-1.8898950492270654
4686,-1.8726980036255256,-1.8898950492270654
4687,-1.8849010455641142,-1.8898950492270654
4688,-1.689546368764156,-1.8898950492270654
4689,-2.122394736112811,-1.8898950492270654
4690,-1.9317510139954577,-1.8898950492270654
4691,-1.9524231531743659,-1.8898950492270654
4692,-2.0256526591141406,-1.8898950492270654
4693,-1.7892402427398058,-1.8898950492270654
4694,-1.957204959079653,-1.8898950492270654
4695,-1.8312648594612884,-1.8898950492270654
4696,-1.690454966803477,-1.8898950492270654
4697,-2.0454938598530132,-1.8898950492270654
4698,-1.8433812202171527,-1.8898950492270654
4699,-1.9053222087194306,-1.8898950492270654
4700,-1.9356429282976126,-1.8898950492270654
4701,-1.8707264646543307,-1.8898950492270654
4702,-1.9101117095157607,-1.8898950492270654
4703,-1.681579765726212,-1.8898950492270654
4704,-1.8915436670954944,-1.8898950492270654
4705,-1.8036582559047354,-1.8898950492270654
4706,-1.7583464180647352,-1.8898950492270654
4707,-1.88468012257953,-1.8898950492270654
4708,-1.8270316134350297,-1.8898950492270654
4709,-1.8128228925843082,-1.8898950492270654
4710,-1.8450445947054341,-1.8898950492270654
4711,-1.9106650164383534,-1.8898950492270654
4712,-1.8947107740774591,-1.8898950492270654
4713,-1.781467780044843,-1.8898950492270654
4714,-1.8803242596194067,-1.8898950492270654
4715,-1.8597112562020452,-1.8898950492270654
4716,-1.8629471211777153,-1.8898950492270654
4717,-1.8646007018908621,-1.8898950492270654
4718,-2.0610637774536786,-1.8898950492270654
4719,-1.906881639147448,-1.8898950492270654
4720,-2.0065618008871327,-1.8898950492270654
4721,-1.9639783801232364,-1.8898950492270654
4722,-1.8374990255191972,-1.8898950492270654
4723,-1.6728366727131025,-1.8898950492270654
4724,-2.004049100565934,-1.8898950492270654
4725,-2.048098118761301,-1.8898950492270654
4726,-1.9812275452194859,-1.8898950492270654
4727,-1.7296402137324298,-1.8898950492270654
4728,-1.9403025522065005,-1.8898950492270654
4729,-1.7296043356297928,-1.8898950492270654
4730,-1.8597648861873648,-1.8898950492270654
4731,-1.8756812541375931,-1.8898950492270654
4732,-1.8424264627926743,-1.8898950492270654
4733,-1.8531736380624426,-1.8898950492270654
4734,-1.7330652596099778,-1.8898950492270654
4735,-1.6643319240878647,-1.8898950492270654
4736,-1.74206174207067,-1.8898950492270654
4737,-1.8284193753060423,-1.8898950492270654
4738,-1.908456827771284,-1.8898950492270654
4739,-2.042763523675268,-1.8898950492270654
4740,-1.889525147966943,-1.8898950492270654
4741,-2.0430067796986173,-1.8898950492270654
4742,-1.9948313846947892,-1.8898950492270654
4743,-1.9338190380441893,-1.8898950492270654
4744,-1.8655797245266712,-1.8898950492270654
4745,-2.020886566017579,-1.8898950492270654
4746,-1.9823710160391295,-1.8898950492270654
4747,-2.05148838101364,-1.8898950492270654
4748,-1.9765647333764813,-1.8898950492270654
4749,-1.8643591269045174,-1.8898950492270654
4750,-1.848498984825721,-1.8898950492270654
4751,-1.8889605353904448,-1.8898950492270654
4752,-1.949539805761535,-1.8898950492270654
4753,-1.8678436513585361,-1.8898950492270654
4754,-1.7676282989449252,-1.8898950492270654
4755,-1.8494346079401423,-1.8898950492270654
4756,-1.5896441659117213,-1.8898950492270654
4757,-1.779985674546591,-1.8898950492270654
4758,-1.7142751852651714,-1.8898950492270654
4759,-1.721919442926457,-1.8898950492270654
4760,-1.8857756706475903,-1.8898950492270654
4761,-1.867221574069338,-1.8898950492270654
4762,-1.8084279664496334,-1.8898950492270654
4763,-1.850476531152946,-1.8898950492270654
4764,-1.8750508773667405,-1.8898950492270654
4765,-1.925957332006924,-1.8898950492270654
4766,-1.9516709318669416,-1.8898950492270654
4767,-2.0657756721469265,-1.8898950492270654
4768,-2.1426116620929547,-1.8898950492270654
4769,-2.0690484297418785,-1.8898950492270654
4770,-2.102113350458564,-1.8898950492270654
4771,-1.92235283554996,-1.8898950492270654
4772,-1.800530082454576,-1.8898950492270654
4773,-2.045908477969204,-1.8898950492270654
4774,-1.8765386421351176,-1.8898950492270654
4775,-1.8110484060783456,-1.8898950492270654
4776,-1.8710457443688422,-1.8898950492270654
4777,-1.628866025272925,-1.8898950492270654
4778,-1.6799162131253262,-1.8898950492270654
4779,-1.7198253730811008,-1.8898950492270654
4780,-1.7804880496508615,-1.8898950492270654
4781,-1.6929968861053097,-1.8898950492270654
4782,-1.6830076163496357,-1.8898950492270654
4783,-1.966829382295407,-1.8898950492270654
4784,-1.7678499002116392,-1.8898950492270654
4785,-1.6328351614859116,-1.8898950492270654
4786,-1.8280985133509071,-1.8898950492270654
4787,-2.021084653106903,-1.8898950492270654
4788,-1.712001751120939,-1.8898950492270654
4789,-1.903177995595618,-1.8898950492270654
4790,-1.8300101169101666,-1.8898950492270654
4791,-1.9067481528766514,-1.8898950492270654
4792,-2.15319774273744,-1.8898950492270654
4793,-1.9904495673746847,-1.8898950492270654
4794,-1.9075415943665308,-1.8898950492270654
4795,-1.9295401382214272,-1.8898950492270654
4796,-1.8513318978428615,-1.8898950492270654
4797,-2.004422454602366,-1.8898950492270654
4798,-1.9396279944242172,-1.8898950492270654
4799,-1.9490563087993402,-1.8898950492270654
4800,-1.8945140038197974,-1.8898950492270654
4801,-1.8412023112462914,-1.8898950492270654
4802,-1.699874517243173,-1.8898950492270654
4803,-1.9220938761831479,-1.8898950492270654
4804,-1.9563651960580895,-1.8898950492270654
4805,-1.6895388246007939,-1.8898950492270654
4806,-1.831418340822327,-1.8898950492270654
4807,-1.6845713609152506,-1.8898950492270654
4808,-1.8625548235624294,-1.8898950492270654
4809,-1.956939559281993,-1.8898950492270654
4810,-1.8555627324538946,-1.8898950492270654
4811,-1.986818298510496,-1.8898950492270654
4812,-1.8516281108352073,-1.8898950492270654
4813,-1.801875498906154,-1.8898950492270654
4814,-1.91070185865221,-1.8898950492270654
4815,-1.8521001969688844,-1.8898950492270654
4816,-1.8836965648493496,-1.8898950492270654
4817,-1.8075772372005474,-1.8898950492270654
4818,-1.830777261691335,-1.8898950492270654
4819,-1.838822184216743,-1.8898950492270654
4820,-1.9398788591736067,-1.8898950492270654
4821,-1.823667927396479,-1.8898950492270654
4822,-2.2276627251974497,-1.8898950492270654
4823,-1.898233642027102,-1.8898950492270654
4824,-2.1348149593509267,-1.8898950492270654
4825,-1.7375858333370573,-1.8898950492270654
4826,-1.907966338197202,-1.8898950492270654
4827,-1.8074416568443834,-1.8898950492270654
4828,-1.7945498275159808,-1.8898950492270654
4829,0.15667652617935118,-0.08017189726770475
4830,0.06323385569495103,-0.08017189726770475
4831,-0.18960677758510455,-0.08017189726770475
4832,-0.0023577345061117014,-0.08017189726770475
4833,0.0873097843612082,-0.08017189726770475
4834,-0.04489300411645454,-0.08017189726770475
4835,-0.19294332516580123,-0.08017189726770475
4836,-0.09913486615303334,-0.08017189726770475
4837,0.010219739397192078,-0.08017189726770475
4838,0.15675371152279438,-0.08017189726770475
4839,-0.04426485873497059,-0.08017189726770475
4840,-0.08107762787301123,-0.08017189726770475
4841,-0.24528059072654892,-0.08017189726770475
4842,-0.014888467210012878,-0.08017189726770475
4843,-0.029735297840195025,-0.08017189726770475
4844,-0.1552188687965613,-0.08017189726770475
4845,-0.1452238161126227,-0.08017189726770475
4846,-0.09877778121586622,-0.08017189726770475
4847,-0.09456395682746685,-0.08017189726770475
4848,-0.05650291631062078,-0.08017189726770475
4849,-0.14745405033549064,-0.08017189726770475
4850,-0.07480775223196158,-0.08017189726770475
4851,-0.2648240330903018,-0.08017189726770475
4852,-0.04230345616103473,-0.08017189726770475
4853,0.03798650072126069,-0.08017189726770475
4854,-0.04926455473091132,-0.08017189726770475
4855,0.00031838298165328544,-0.08017189726770475
4856,-0.06333561659160537,-0.08017189726770475
4857,0.004922921985718885,-0.08017189726770475
4858,0.051160833848407576,-0.08017189726770475
4859,-0.19748477950217636,-0.08017189726770475
4860,0.054220551125329496,-0.08017189726770475
4861,0.020675586665375438,-0.08017189726770475
4862,-0.19585757745731616,-0.08017189726770475
4863,-0.12708575528645413,-0.08017189726770475
4864,0.03481141031132706,-0.08017189726770475
4865,-0.25359432769593454,-0.08017189726770475
4866,-0.1922676872019947,-0.08017189726770475
4867,-0.39132717832709163,-0.08017189726770475
4868,0.0682120978244386,-0.08017189726770475
4869,-0.12703911395290965,-0.08017189726770475
4870,-0.0019664804184733667,-0.08017189726770475
4871,-0.2196063114903216,-0.08017189726770475
4872,-0.0796491741080334,-0.08017189726770475
4873,-0.2921045607396316,-0.08017189726770475
4874,-0.07504744947761754,-0.08017189726770475
4875,-0.12125920795048797,-0.08017189726770475
4876,0.07249672422147041,-0.08017189726770475
4877,-0.12678784983272923,-0.08017189726770475
4878,0.13886505386538905,-0.08017189726770475
4879,0.09877573001833467,-0.08017189726770475
4880,0.05391058760914646,-0.08017189726770475
4881,-0.0068997961110600844,-0.08017189726770475
4882,0.05365588700648381,-0.08017189726770475
4883,-0.06251071671579198,-0.08017189726770475
4884,-0.06974016818398293,-0.08017189726770475
4885,0.04805933448891929,-0.08017189726770475
4886,-0.06166111337086902,-0.08017189726770475
4887,-0.06904451614930705,-0.08017189726770475
4888,-0.25395919402291606,-0.08017189726770475
4889,0.023122695753699442,-0.08017189726770475
4890,0.1159040221729698,-0.08017189726770475
4891,-0.10679581503780533,-0.08017189726770475
4892,-0.15975004717756797,-0.08017189726770475
4893,-0.18360114854936732,-0.08017189726770475
4894,0.00611891304724578,-0.08017189726770475
4895,-0.22379660468614201,-0.08017189726770475
4896,-0.161035929732617,-0.08017189726770475
4897,-0.0642357353542119,-0.08017189726770475
4898,-0.2407814429535169,-0.08017189726770475
4899,-0.15692145579442573,-0.08017189726770475
4900,-0.2690691723641488,-0.08017189726770475
4901,0.04820890749807887,-0.08017189726770475
4902,-0.017365353022958722,-0.08017189726770475
4903,0.1986483147959666,-0.08017189726770475
4904,0.15216725743927817,-0.08017189726770475
4905,0.07313968879502689,-0.08017189726770475
4906,-0.10002866409561431,-0.08017189726770475
4907,0.1350637549202019,-0.08017189726770475
4908,-0.10978823126650289,-0.08017189726770475
4909,-0.22234937077721817,-0.08017189726770475
4910,0.17161857766914906,-0.08017189726770475
4911,-0.14602732610754238,-0.08017189726770475
4912,-0.11373478644034507,-0.08017189726770475
4913,-0.3203128220844249,-0.08017189726770475
4914,-0.14297394655510892,-0.08017189726770475
4915,0.08632784523465696,-0.08017189726770475
4916,-0.18365487033858208,-0.08017189726770475
4917,-0.18169897335526125,-0.08017189726770475
4918,-0.06687136176544384,-0.08017189726770475
4919,-0.29528971877250265,-0.08017189726770475
4920,-0.2863349496858189,-0.08017189726770475
4921,-0.021306381244358248,-0.08017189726770475
4922,-0.09745376905584041,-0.08017189726770475
4923,-0.1574693672452432,-0.08017189726770475
4924,-0.12633622636911576,-0.08017189726770475
4925,-0.07531575824440619,-0.08017189726770475
4926,-0.036178070065889745,-0.08017189726770475
4927,-0.1217579245798831,-0.08017189726770475
4928,-0.20906982670462557,-0.08017189726770475
4929,0.0037853194142360436,-0.08017189726770475
4930,0.0021854298838334257,-0.08017189726770475
4931,0.024038334602195892,-0.08017189726770475
4932,0.1547280022987274,-0.08017189726770475
4933,-0.05800134527475998,-0.08017189726770475
4934,-0.030208139100537518,-0.08017189726770475
4935,-0.18107734112584511,-0.08017189726770475
4936,-0.12203983185818784,-0.08017189726770475
4937,-0.2534464478055838,-0.08017189726770475
4938,-0.11915259573132488,-0.08017189726770475
4939,-0.07363174414531022,-0.08017189726770475
4940,-0.2830693973390192,-0.08017189726770475
4941,-0.19281029237926622,-0.08017189726770475
4942,-0.08438509215547409,-0.08017189726770475
4943,-0.018138952521601647,-0.08017189726770475
4944,-0.3835817867392283,-0.08017189726770475
4945,-0.17073574578566394,-0.08017189726770475
4946,-0.21362520120693798,-0.08017189726770475
4947,-0.033582140030792317,-0.08017189726770475
4948,-0.08024759381735062,-0.08017189726770475
4949,0.004876316367696521,-0.08017189726770475
4950,-0.04095503288747386,-0.08017189726770475
4951,-0.005279712506133133,-0.08017189726770475
4952,0.20796995161307602,-0.08017189726770475
4953,-0.05021468905333235,-0.08017189726770475
4954,0.10123946165828843,-0.08017189726770475
4955,-0.04880053739726828,-0.08017189726770475
4956,0.11315029873357273,-0.08017189726770475
4957,-0.11219237703916615,-0.08017189726770475
4958,-0.008652600101346337,-0.08017189726770475
4959,-0.06810529433821731,-0.08017189726770475
4960,-0.18239162064333442,-0.08017189726770475
4961,-0.19203874086313089,-0.08017189726770475
4962,-0.13638925814551792,-0.08017189726770475
4963,-0.11429963409527281,-0.08017189726770475
4964,0.003379374516959556,-0.08017189726770475
4965,-0.18056315956488736,-0.08017189726770475
4966,-0.17200583890189858,-0.08017189726770475
4967,-0.08830547600804334,-0.08017189726770475
4968,-0.04046624050648629,-0.08017189726770475
4969,-0.1874237864768416,-0.08017189726770475
4970,-0.10779720826414044,-0.08017189726770475
4971,-0.07559455664699866,-0.08017189726770475
4972,-0.25159338168110607,-0.08017189726770475
4973,-0.0006608455020606328,-0.08017189726770475
4974,-0.07759564817457021,-0.08017189726770475
4975,0.07762304330652041,-0.08017189726770475
4976,-0.13511116084559152,-0.08017189726770475
4977,0.049086874793285794,-0.08017189726770475
4978,0.026927506419789256,-0.08017189726770475
4979,0.026989201228466157,-0.08017189726770475
4980,0.12320774341722618,-0.08017189726770475
4981,0.09636973137814722,-0.08017189726770475
4982,-0.022008753308686596,-0.08017189726770475
4983,-0.09175417867558146,-0.08017189726770475
4984,-0.17760246966315107,-0.08017189726770475
4985,-0.1381913757919998,-0.08017189726770475
4986,-0.23884823622671777,-0.08017189726770475
4987,-0.087100366862305,-0.08017189726770475
4988,-0.12449201350377287,-0.08017189726770475
4989,-0.1457443821239107,-0.08017189726770475
4990,-0.311074285605297,-0.08017189726770475
4991,-0.21391118126448966,-0.08017189726770475
4992,-0.21667986965010533,-0.08017189726770475
4993,-0.1848931413896195,-0.08017189726770475
4994,-0.17721881294162245,-0.08017189726770475
4995,0.013363515834112515,-0.08017189726770475
4996,-0.19469826987599964,-0.08017189726770475
4997,-0.05297862102492745,-0.08017189726770475
4998,0.05505568888781269,-0.08017189726770475
4999,0.025205294932249774,-0.08017189726770475
