0,0.3844012966700158,0.4253830743915068
1,0.6912584780023828,0.4253830743915068
2,0.45125732803632035,0.4253830743915068
3,0.6599677611327215,0.4253830743915068
4,0.4894673719658672,0.4253830743915068
5,0.6897152964942147,0.4253830743915068
6,0.6251139528557064,0.4253830743915068
7,0.683460150134026,0.4253830743915068
8,0.7233736287195067,0.4253830743915068
9,0.7036157553298324,0.4253830743915068
10,0.5115747070003465,0.4253830743915068
11,0.4922828591366625,0.4253830743915068
12,0.5708806681570766,0.4253830743915068
13,0.4125896664512321,0.4253830743915068
14,0.3699367014606606,0.4253830743915068
15,0.3252162976722921,0.4253830743915068
16,0.27381809026480997,0.4253830743915068
17,0.06907595195886079,0.4253830743915068
18,0.11667981477180414,0.4253830743915068
19,0.28501402103893314,0.4253830743915068
20,0.32829826018871816,0.4253830743915068
21,0.27287730623746265,0.4253830743915068
22,0.1879206560408318,0.4253830743915068
23,0.29303020258209556,0.4253830743915068
24,0.4060906688581116,0.4253830743915068
25,0.2918841665369965,0.4253830743915068
26,0.4957026497652027,0.4253830743915068
27,0.5101552563595052,0.4253830743915068
28,0.5233885253728229,0.4253830743915068
29,0.6230606539084524,0.4253830743915068
30,0.6772440652466384,0.4253830743915068
31,0.6210191821754271,0.4253830743915068
32,0.6163773123579118,0.4253830743915068
33,0.7866526230922282,0.4253830743915068
34,0.6563638914737113,0.4253830743915068
35,0.5892869933051734,0.4253830743915068
36,0.4769484553583717,0.4253830743915068
37,0.5345641807325309,0.4253830743915068
38,0.5518069889902179,0.4253830743915068
39,0.2875008381330272,0.4253830743915068
40,0.21492812172757286,0.4253830743915068
41,0.2663743575543456,0.4253830743915068
42,0.3214918167913454,0.4253830743915068
43,0.11229788701249907,0.4253830743915068
44,0.18782564529307025,0.4253830743915068
45,0.14655016484868774,0.4253830743915068
46,0.3160832402196092,0.4253830743915068
47,0.16461994855542625,0.4253830743915068
48,0.3542378096225221,0.4253830743915068
49,0.4898521281578896,0.4253830743915068
50,0.6331287109452516,0.4253830743915068
51,0.3506880076324781,0.4253830743915068
52,0.5856552784136441,0.4253830743915068
53,0.6986905862299498,0.4253830743915068
54,0.6870948637849809,0.4253830743915068
55,0.6570820511583488,0.4253830743915068
56,0.6763223635941323,0.4253830743915068
57,0.5660942596517736,0.4253830743915068
58,0.7677767744504335,0.4253830743915068
59,0.7393720436239123,0.4253830743915068
60,0.5875961039231861,0.4253830743915068
61,0.3997149524024226,0.4253830743915068
62,0.463895391649274,0.4253830743915068
63,0.29649909569427474,0.4253830743915068
64,0.29369837210844135,0.4253830743915068
65,0.2857094579612445,0.4253830743915068
66,0.16703244024604053,0.4253830743915068
67,0.25291994378848304,0.4253830743915068
68,0.18475487448164304,0.4253830743915068
69,0.3062656660078885,0.4253830743915068
70,0.08797610072761383,0.4253830743915068
71,0.29175811368205207,0.4253830743915068
72,0.09242012144878123,0.4253830743915068
73,0.16138601523760984,0.4253830743915068
74,0.3683494301438871,0.4253830743915068
75,0.34859394600074745,0.4253830743915068
76,0.4506682027617928,0.4253830743915068
77,0.61433881893991,0.4253830743915068
78,0.6163147500578452,0.4253830743915068
79,0.5288606242073792,0.4253830743915068
80,0.5488018907281665,0.4253830743915068
81,0.6447657050588307,0.4253830743915068
82,0.6187284988437705,0.4253830743915068
83,0.7052362079282939,0.4253830743915068
84,0.7304295477220275,0.4253830743915068
85,0.5809473387898838,0.4253830743915068
86,0.8133056715259401,0.4253830743915068
87,0.5303019436221625,0.4253830743915068
88,0.5062832022088269,0.4253830743915068
89,0.3182925439841139,0.4253830743915068
90,0.30549552889599874,0.4253830743915068
91,0.32181513814438933,0.4253830743915068
92,0.13117797228279926,0.4253830743915068
93,0.05230395575149782,0.4253830743915068
94,0.17731821391820604,0.4253830743915068
95,0.28257852924126314,0.4253830743915068
96,0.05725803703900045,0.4253830743915068
97,0.2538974475545449,0.4253830743915068
98,0.16097952636248586,0.4253830743915068
99,0.24836269881861844,0.4253830743915068
100,0.5308694572168784,0.4253830743915068
101,0.2679892148287014,0.4253830743915068
102,0.5635176417598369,0.4253830743915068
103,0.649283887831606,0.4253830743915068
104,0.7511681523872322,0.4253830743915068
105,0.6801175111319216,0.4253830743915068
106,0.8033355744524685,0.4253830743915068
107,0.7115451656561631,0.4253830743915068
108,0.6202005074386028,0.4253830743915068
109,0.7067318115941763,0.4253830743915068
110,0.5158298348809444,0.4253830743915068
111,0.642628417681498,0.4253830743915068
112,0.5858300068090485,0.4253830743915068
113,0.265550016347027,0.4253830743915068
114,0.47679432752376527,0.4253830743915068
115,0.22482373941570977,0.4253830743915068
116,0.33815462673438534,0.4253830743915068
117,0.1056996870946523,0.4253830743915068
118,0.33433121129009946,0.4253830743915068
119,0.37755607607024533,0.4253830743915068
120,0.2433753868286781,0.4253830743915068
121,0.3387700593088846,0.4253830743915068
122,0.2205668753815275,0.4253830743915068
123,0.37006479085483324,0.4253830743915068
124,0.4577903459182283,0.4253830743915068
125,0.3446972483907589,0.4253830743915068
126,0.40294694643055373,0.4253830743915068
127,0.5519285189128922,0.4253830743915068
128,0.3745937752043892,0.4253830743915068
129,0.76926884248701,0.4253830743915068
130,0.7099722914854374,0.4253830743915068
131,0.6386147565609958,0.4253830743915068
132,0.711592886322808,0.4253830743915068
133,0.7558091421265838,0.4253830743915068
134,0.5733215754849178,0.4253830743915068
135,0.8111016333060271,0.4253830743915068
136,0.5874667716130102,0.4253830743915068
137,0.49360596284199276,0.4253830743915068
138,0.437059286974536,0.4253830743915068
139,0.38228451216945863,0.4253830743915068
140,0.29551941965430306,0.4253830743915068
141,0.2529102963579939,0.4253830743915068
142,0.29614898032369175,0.4253830743915068
143,0.18546209224526367,0.4253830743915068
144,0.05925426853496765,0.4253830743915068
145,0.1185148617225984,0.4253830743915068
146,0.14865225029697876,0.4253830743915068
147,0.4202234606724501,0.4253830743915068
148,0.4300363637907697,0.4253830743915068
149,0.4259141346770033,0.4253830743915068
150,0.32349914208552283,0.4253830743915068
151,0.567033810842157,0.4253830743915068
152,0.43452583900366093,0.4253830743915068
153,0.548437455961752,0.4253830743915068
154,0.7560328416933282,0.4253830743915068
155,0.8244777912635812,0.4253830743915068
156,0.8030780631666393,0.4253830743915068
157,0.5322565411184459,0.4253830743915068
158,0.7347996469180705,0.4253830743915068
159,0.44258536911218527,0.4253830743915068
160,0.5582950012979088,0.4253830743915068
161,0.4971828653400711,0.4253830743915068
162,0.26928069714894665,0.4253830743915068
163,0.4172413386058877,0.4253830743915068
164,0.18728517425804087,0.4253830743915068
165,0.15013745700680112,0.4253830743915068
166,0.336174415538574,0.4253830743915068
167,0.30339186186444717,0.4253830743915068
168,0.10714209395206853,0.4253830743915068
169,0.15302077433919772,0.4253830743915068
170,0.042642279902718794,0.4253830743915068
171,0.26144438220538957,0.4253830743915068
172,0.26153480111048993,0.4253830743915068
173,0.3670740306675305,0.4253830743915068
174,0.31375987102076686,0.4253830743915068
175,0.5543917760073925,0.4253830743915068
176,0.5899025359869973,0.4253830743915068
177,0.7543757362668502,0.4253830743915068
178,0.6686700920541447,0.4253830743915068
179,0.7303674615901438,0.4253830743915068
180,0.8094365927107813,0.4253830743915068
181,0.7426915953620981,0.4253830743915068
182,0.5909931626998844,0.4253830743915068
183,0.5771890748061795,0.4253830743915068
184,0.5600211609091594,0.4253830743915068
185,0.6502527691037301,0.4253830743915068
186,0.6677865210248066,0.4253830743915068
187,0.5779806290140991,0.4253830743915068
188,0.6352538813205076,0.6696975558380791
189,0.3472077741586963,0.6696975558380791
190,0.5626962245457655,0.6696975558380791
191,0.4647596291999926,0.6696975558380791
192,0.25629022575713967,0.6696975558380791
193,0.38334011344098534,0.6696975558380791
194,0.472283274238152,0.6696975558380791
195,0.4991873843824434,0.6696975558380791
196,0.49710591369198065,0.6696975558380791
197,0.5605250509495762,0.6696975558380791
198,0.6172423443107646,0.6696975558380791
199,0.42003351066708927,0.6696975558380791
200,0.5958931954196836,0.6696975558380791
201,0.9094298829636384,0.6696975558380791
202,0.7683673502768366,0.6696975558380791
203,0.6669397316539067,0.6696975558380791
204,0.7557752420375248,0.6696975558380791
205,0.8871472051403426,0.6696975558380791
206,0.7846154497425496,0.6696975558380791
207,1.125458984306684,0.6696975558380791
208,0.822187198308202,0.6696975558380791
209,0.9228748066250431,0.6696975558380791
210,0.8487137967421906,0.6696975558380791
211,1.0046041846528055,0.6696975558380791
212,0.6914679778398296,0.6696975558380791
213,0.5783088712941411,0.6696975558380791
214,0.5298181717586261,0.6696975558380791
215,0.4544207130416372,0.6696975558380791
216,0.30326108837369314,0.6696975558380791
217,0.22085059319397937,0.6696975558380791
218,0.38352070773022945,0.6696975558380791
219,0.35853730808394146,0.6696975558380791
220,0.45019008298903335,0.6696975558380791
221,0.4007442921190233,0.6696975558380791
222,0.64354194227237,0.6696975558380791
223,0.5566142664112931,0.6696975558380791
224,0.4883841662138623,0.6696975558380791
225,0.8839812918167519,0.6696975558380791
226,0.6284329897894676,0.6696975558380791
227,0.8422029638981957,0.6696975558380791
228,0.8004489779054837,0.6696975558380791
229,0.7923758348896938,0.6696975558380791
230,0.8215734969878024,0.6696975558380791
231,0.9978764619530872,0.6696975558380791
232,0.9124586269864378,0.6696975558380791
233,0.7671340483979656,0.6696975558380791
234,0.7357855029612033,0.6696975558380791
235,0.789129636825443,0.6696975558380791
236,0.7403089509524365,0.6696975558380791
237,0.809116796560381,0.6696975558380791
238,0.6693681174582388,0.6696975558380791
239,0.6066351409835327,0.6696975558380791
240,0.5381777728391399,0.6696975558380791
241,0.4972333990757408,0.6696975558380791
242,0.46439006514040987,0.6696975558380791
243,0.3569543056310337,0.6696975558380791
244,0.413916815923266,0.6696975558380791
245,0.4211784133163996,0.6696975558380791
246,0.4526446276392591,0.6696975558380791
247,0.6310573739267673,0.6696975558380791
248,0.4790998073406428,0.6696975558380791
249,0.6575299728417012,0.6696975558380791
250,0.8524299621953538,0.6696975558380791
251,0.947052407821061,0.6696975558380791
252,0.772717880433504,0.6696975558380791
253,0.9160701791706396,0.6696975558380791
254,0.9279773198957877,0.6696975558380791
255,1.0733073100840116,0.6696975558380791
256,0.8792795643865956,0.6696975558380791
257,0.8208257110273631,0.6696975558380791
258,0.9793819885900772,0.6696975558380791
259,0.9117596902840504,0.6696975558380791
260,0.6677279911412443,0.6696975558380791
261,0.9084549464373347,0.6696975558380791
262,0.825908841815033,0.6696975558380791
263,0.6649159457375144,0.6696975558380791
264,0.6302767940684656,0.6696975558380791
265,0.5501605045934994,0.6696975558380791
266,0.5487919305220517,0.6696975558380791
267,0.4404851396604874,0.6696975558380791
268,0.5403928797453954,0.6696975558380791
269,0.3266662261833343,0.6696975558380791
270,0.38119569484847304,0.6696975558380791
271,0.5472805954768025,0.6696975558380791
272,0.28912897351071604,0.6696975558380791
273,0.6856274796083457,0.6696975558380791
274,0.6322519045917326,0.6696975558380791
275,0.5245434753943978,0.6696975558380791
276,0.6242608896669961,0.6696975558380791
277,0.80188948389572,0.6696975558380791
278,0.8361487280456376,0.6696975558380791
279,0.7557709703147697,0.6696975558380791
280,0.980195509577122,0.6696975558380791
281,0.8441736283222381,0.6696975558380791
282,0.7940037074933497,0.6696975558380791
283,0.7676037995526146,0.6696975558380791
284,0.9630559668344524,0.6696975558380791
285,0.7474718850786719,0.6696975558380791
286,0.8045540270498501,0.6696975558380791
287,0.7346867636992507,0.6696975558380791
288,0.7601860166246136,0.6696975558380791
289,0.42402496925947086,0.6696975558380791
290,0.5389934691973776,0.6696975558380791
291,0.42064129029115893,0.6696975558380791
292,0.4209971862105413,0.6696975558380791
293,0.368723269359162,0.6696975558380791
294,0.3949385556981405,0.6696975558380791
295,0.23441274704673182,0.6696975558380791
296,0.36011082743000666,0.6696975558380791
297,0.40917307841149086,0.6696975558380791
298,0.5422972645287506,0.6696975558380791
299,0.509882164852888,0.6696975558380791
300,0.8300363255983803,0.6696975558380791
301,0.8973029115571896,0.6696975558380791
302,0.7360101111093673,0.6696975558380791
303,0.7935660683625942,0.6696975558380791
304,0.8656709416017045,0.6696975558380791
305,0.9511063529630079,0.6696975558380791
306,0.9403815121521182,0.6696975558380791
307,1.007743902615559,0.6696975558380791
308,0.8097273490801365,0.6696975558380791
309,0.9269762223865792,0.6696975558380791
310,0.8328461992400926,0.6696975558380791
311,0.7314455629329402,0.6696975558380791
312,0.8652363335154822,0.6696975558380791
313,0.7040428575842191,0.6696975558380791
314,0.618874450726543,0.6696975558380791
315,0.4877460072584179,0.6696975558380791
316,0.5874118244823872,0.6696975558380791
317,0.36801440115619133,0.6696975558380791
318,0.23687798900580387,0.6696975558380791
319,0.4751111573938802,0.6696975558380791
320,0.49547161419860564,0.6696975558380791
321,0.40654774903019075,0.6696975558380791
322,0.4067581673793997,0.6696975558380791
323,0.5762100293189619,0.6696975558380791
324,0.5026400164167354,0.6696975558380791
325,0.5844719068231765,0.6696975558380791
326,0.7118185070997569,0.6696975558380791
327,0.9812977050503274,0.6696975558380791
328,0.8433591750285665,0.6696975558380791
329,0.8386085359213986,0.6696975558380791
330,0.943612649550537,0.6696975558380791
331,0.9734051931450458,0.6696975558380791
332,0.9745465365629051,0.6696975558380791
333,1.0828920043655619,0.6696975558380791
334,0.9336256430704796,0.6696975558380791
335,0.7214442520928565,0.6696975558380791
336,0.7575587475075671,0.6696975558380791
337,0.6306837015021002,0.6696975558380791
338,0.6137953038240204,0.6696975558380791
339,0.498013147217293,0.6696975558380791
340,0.5714889395831162,0.6696975558380791
341,0.34073170035482403,0.6696975558380791
342,0.2899558414840381,0.6696975558380791
343,0.4282453139266895,0.6696975558380791
344,0.4085667870621823,0.6696975558380791
345,0.416738233393635,0.6696975558380791
346,0.49877590911051906,0.6696975558380791
347,0.6059793278689218,0.6696975558380791
348,0.5787497178883408,0.6696975558380791
349,0.5678460055718743,0.6696975558380791
350,0.6686700313997396,0.6696975558380791
351,0.7483486595692362,0.6696975558380791
352,0.994989394329156,0.6696975558380791
353,0.8840293008705749,0.6696975558380791
354,0.9325949768972631,0.6696975558380791
355,1.0669043456226173,0.6696975558380791
356,0.9217692427532201,0.6696975558380791
357,0.9577266033704686,0.6696975558380791
358,0.851676254270797,0.6696975558380791
359,0.8313760259465526,0.6696975558380791
360,0.8473822057131658,0.6696975558380791
361,0.7539370364157966,0.6696975558380791
362,0.5494139231929078,0.6696975558380791
363,0.6239217776627635,0.6696975558380791
364,0.5888379626880101,0.6696975558380791
365,0.49660782663904646,0.6696975558380791
366,0.4371669208181719,0.6696975558380791
367,0.6857173432159605,0.6696975558380791
368,0.2203585570984497,0.6696975558380791
369,0.34588685647825523,0.6696975558380791
370,0.49194551428236255,0.6696975558380791
371,0.38315613260836234,0.6696975558380791
372,0.4511745858441232,0.6696975558380791
373,0.5246162815404727,0.6696975558380791
374,0.610797884549357,0.6696975558380791
375,0.6337724503108422,0.6696975558380791
376,0.7555927860535483,0.6696975558380791
377,0.688418210603144,0.6696975558380791
378,0.7714405514337923,0.6696975558380791
379,0.8896425399395174,0.6696975558380791
380,1.0270620002771473,0.6696975558380791
381,1.0167912543641893,0.6696975558380791
382,0.9840217052332978,0.6696975558380791
383,0.8776664539947066,0.6696975558380791
384,0.8203857249745483,0.6696975558380791
385,0.8761789591602156,0.6696975558380791
386,0.714222121312147,0.6696975558380791
387,0.7681003063207504,0.6696975558380791
388,0.7165513106370371,0.6696975558380791
389,0.608044097191188,0.6696975558380791
390,0.45150204986419024,0.6696975558380791
391,0.47029556185781596,0.6696975558380791
392,0.48371195222219054,0.6696975558380791
393,0.45093855252703063,0.6696975558380791
394,0.30306293735469214,0.6696975558380791
395,0.3696322293331091,0.6696975558380791
396,0.4055118942496905,0.6696975558380791
397,0.462298074393505,0.6696975558380791
398,0.608606150368868,0.6696975558380791
399,0.6577221193287259,0.6696975558380791
400,0.6222399346111335,0.6696975558380791
401,0.8437344259098923,0.6696975558380791
402,0.8300852261532627,0.6696975558380791
403,0.8259669479207119,0.6696975558380791
404,0.9259619465950344,0.6696975558380791
405,0.8238173615242074,0.6696975558380791
406,0.8856017537650319,0.6696975558380791
407,0.8341640214410768,0.6696975558380791
408,0.9900245574856028,0.6696975558380791
409,0.6977186492509053,0.6696975558380791
410,0.8461281746055532,0.6696975558380791
411,0.723263494397339,0.6696975558380791
412,0.7361882876099206,0.6696975558380791
413,0.6423593169115852,0.6696975558380791
414,0.7072910300677925,0.6696975558380791
415,0.53581617050307,0.6696975558380791
416,0.5294682219276623,0.6696975558380791
417,0.31110012369237783,0.6696975558380791
418,0.4920218582552903,0.6696975558380791
419,0.38089862841485345,0.6696975558380791
420,0.37296085565740034,0.6696975558380791
421,0.486824895194499,0.6696975558380791
422,0.5141467338993873,0.6696975558380791
423,0.7207848741389662,0.6696975558380791
424,0.6381928281594307,0.6696975558380791
425,0.6590194912631792,0.6696975558380791
426,0.8782282363021924,0.6696975558380791
427,0.8394255368242355,0.6696975558380791
428,0.7068823250920458,0.6696975558380791
429,0.7786118694941679,0.6696975558380791
430,0.9799675571063592,0.6696975558380791
431,1.0483680676179807,0.6696975558380791
432,0.8677199241352825,0.6696975558380791
433,0.8193515148574556,0.6696975558380791
434,0.6411189714246066,0.6696975558380791
435,0.5983512133486827,0.6696975558380791
436,0.7848273391043246,0.6696975558380791
437,0.6112000026548815,0.6696975558380791
438,0.7396012603297312,0.6696975558380791
439,0.40568332101948207,0.6696975558380791
440,0.36182539162632155,0.6696975558380791
441,0.4288948000262265,0.6696975558380791
442,0.5640915698623885,0.6696975558380791
443,0.3669202520113708,0.6696975558380791
444,0.45998705391661,0.6696975558380791
445,0.5734533035281584,0.6696975558380791
446,0.5020533009386492,0.6696975558380791
447,0.47276907959094433,0.6696975558380791
448,0.49779601042937033,0.6696975558380791
449,0.8012164850153527,0.6696975558380791
450,0.6876034523276603,0.6696975558380791
451,0.9704369669816574,0.6696975558380791
452,0.7371835601835806,0.6696975558380791
453,0.8055916245009569,0.6696975558380791
454,0.9695178789632621,0.6696975558380791
455,0.8979569185428065,0.6696975558380791
456,0.9776607050279813,0.6696975558380791
457,0.9781592041281524,0.6696975558380791
458,1.0007565973186803,0.6696975558380791
459,0.8341147075538085,0.6696975558380791
460,0.799354302880494,0.6696975558380791
461,0.7037721128009858,0.6696975558380791
462,0.6574424322886171,0.6696975558380791
463,0.6420413023237578,0.6696975558380791
464,0.8318623507587668,0.6696975558380791
465,0.5899832253665716,0.6696975558380791
466,0.22424625933151837,0.6696975558380791
467,0.3813008358467387,0.6696975558380791
468,0.465981445438455,0.6696975558380791
469,0.34585694147469637,0.6696975558380791
470,0.3505620224117002,0.6696975558380791
471,0.6104406731538637,0.6696975558380791
472,0.5913188458229792,0.6696975558380791
473,0.6082844908100533,0.6696975558380791
474,0.5330337458808323,0.6696975558380791
475,0.5966446691610697,0.6696975558380791
476,0.5389040017118369,0.6696975558380791
477,0.8574329103119268,0.6696975558380791
478,0.912782505907493,0.6696975558380791
479,0.7843818774516147,0.6696975558380791
480,0.978999908260005,0.6696975558380791
481,0.7602337316990977,0.6696975558380791
482,0.9660867173116773,0.6696975558380791
483,0.8998360746186803,0.6696975558380791
484,0.9056437954032859,0.6696975558380791
485,0.9061908137950375,0.6696975558380791
486,0.5971272244047822,0.6696975558380791
487,0.7777394735484016,0.6696975558380791
488,0.5702003109315454,0.6696975558380791
489,0.5615469978303218,0.6696975558380791
490,0.6774221283264038,0.6696975558380791
491,0.4525229265337085,0.6696975558380791
492,0.39567758286520127,0.6696975558380791
493,0.41905074350453564,0.6696975558380791
494,0.3292800107185818,0.6696975558380791
495,0.36246411575138626,0.6696975558380791
496,0.45057316147503823,0.6696975558380791
497,0.45983167329458724,0.6696975558380791
498,0.7064104335270291,0.6696975558380791
499,0.5398620971248472,0.6696975558380791
500,0.5783440972927485,0.6696975558380791
501,0.72675018464681,0.6696975558380791
502,0.7674494219277923,0.6696975558380791
503,0.8363840336047244,0.6696975558380791
504,0.743942691089226,0.6696975558380791
505,0.7220983011260408,0.6696975558380791
506,0.8453130792585958,0.6696975558380791
507,0.8498358372467172,0.6696975558380791
508,1.051297795282547,0.6696975558380791
509,0.772952436535812,0.6696975558380791
510,0.6442004823514337,0.6696975558380791
511,0.6376242635894755,0.6696975558380791
512,0.7168830304712023,0.6696975558380791
513,0.7399376004559411,0.6696975558380791
514,0.6027486906716748,0.6696975558380791
515,0.4480996109386729,0.6696975558380791
516,0.405148314115351,0.6696975558380791
517,0.49391918900309806,0.6696975558380791
518,0.2033531598921008,0.6696975558380791
519,0.47195344959662117,0.6696975558380791
520,0.3980462009641721,0.6696975558380791
521,0.4347035510406214,0.6696975558380791
522,0.46193622248624,0.6696975558380791
523,0.6084157472935987,0.6696975558380791
524,0.6234457291381352,0.6696975558380791
525,0.7867258577229025,0.6696975558380791
526,0.7543358876842927,0.6696975558380791
527,0.9185234639120383,0.6696975558380791
528,0.985234345800615,0.6696975558380791
529,0.787158668973994,0.6696975558380791
530,0.8321308873546108,0.6696975558380791
531,1.1912600142142986,0.6696975558380791
532,1.0336185094779458,0.6696975558380791
533,0.9988010738655947,0.6696975558380791
534,0.964875743665717,0.6696975558380791
535,0.6535062223149098,0.6696975558380791
536,0.643686439378267,0.6696975558380791
537,0.44292668242164585,0.6696975558380791
538,0.74112670052172,0.6696975558380791
539,0.4657989863961399,0.6696975558380791
540,0.5071200494366594,0.6696975558380791
541,0.5536706829017388,0.6696975558380791
542,0.39035395415706353,0.6696975558380791
543,0.6420004151449026,0.6696975558380791
544,0.4789036427938408,0.6696975558380791
545,0.48332138812965464,0.6696975558380791
546,0.6527864928336605,0.6696975558380791
547,0.45823913608840827,0.6696975558380791
548,0.5148966657159584,0.6696975558380791
549,0.538751619769822,0.6696975558380791
550,0.6391898466399152,0.6696975558380791
551,0.6859287922902687,0.6696975558380791
552,0.7795662232868384,0.6696975558380791
553,0.8263127185435626,0.6696975558380791
554,1.0081746979733892,0.6696975558380791
555,0.9228504082572637,0.6696975558380791
556,0.9828532071534972,0.6696975558380791
557,0.9426749204918846,0.6696975558380791
558,0.8111439454928009,0.6696975558380791
559,0.938510054722496,0.6696975558380791
560,0.7898332232246084,0.6696975558380791
561,0.8260804208734646,0.6696975558380791
562,0.7225970124088801,0.6696975558380791
563,0.5457702043003306,0.6696975558380791
564,0.5574669432903322,0.6696975558380791
565,0.4248318686315618,0.6696975558380791
566,0.3620212626541177,0.6696975558380791
567,0.5126227502275131,0.6696975558380791
568,0.3921816843718448,0.6696975558380791
569,0.3702609215299423,0.6696975558380791
570,0.4111391106808134,0.6696975558380791
571,0.47490676896083134,0.6696975558380791
572,0.6327099329064105,0.6696975558380791
573,0.6937980790604656,0.6696975558380791
574,0.5629955578206894,0.6696975558380791
575,0.731669579379441,0.6696975558380791
576,0.7182075760530181,0.6696975558380791
577,0.813178244667232,0.6696975558380791
578,0.7185558640320464,0.6696975558380791
579,0.906243322732466,0.6696975558380791
580,0.889064589529508,0.6696975558380791
581,0.9007812334851406,0.6696975558380791
582,0.921143918224117,0.6696975558380791
583,0.8797764740863173,0.6696975558380791
584,0.7900794861754094,0.6696975558380791
585,1.0380604863719198,0.6696975558380791
586,0.5687081980055096,0.6696975558380791
587,0.6803168199099763,0.6696975558380791
588,0.7174738046378414,0.6696975558380791
589,0.42712223916437453,0.6696975558380791
590,0.5387244393315163,0.6696975558380791
591,0.6230038498811601,0.6696975558380791
592,0.5718720591161505,0.6696975558380791
593,0.3693343210924418,0.6696975558380791
594,0.10551451115881391,0.6696975558380791
595,0.32799495798356487,0.6696975558380791
596,0.5396987851182476,0.6696975558380791
597,0.5001153736528253,0.6696975558380791
598,0.5435061642604181,0.6696975558380791
599,0.44676441673449996,0.6696975558380791
600,0.5849004218752751,0.6696975558380791
601,0.5983893745470511,0.6696975558380791
602,0.9221921082777055,0.6696975558380791
603,0.6603595315455697,0.6696975558380791
604,0.8623312607007334,0.6696975558380791
605,0.9130972335195613,0.6696975558380791
606,0.9998978132825294,0.6696975558380791
607,0.8095333416196304,0.6696975558380791
608,0.8334363079289235,0.6696975558380791
609,0.9278002761003177,0.6696975558380791
610,0.9521610253679673,0.6696975558380791
611,0.7627673643675521,0.6696975558380791
612,0.8184820049151067,0.6696975558380791
613,0.5558195108403746,0.6696975558380791
614,0.5800307118496879,0.6696975558380791
615,0.6039872300966661,0.6696975558380791
616,0.3468511505484227,0.6696975558380791
617,0.4175038136925776,0.6696975558380791
618,0.5123482318039405,0.6696975558380791
619,0.3273393530994605,0.6696975558380791
620,0.545209114544288,0.6696975558380791
621,0.46968172233016336,0.6696975558380791
622,0.5811256658901512,0.6696975558380791
623,0.6083536465637832,0.6696975558380791
624,0.7121034321079226,0.6696975558380791
625,0.6788249933308911,0.6696975558380791
626,0.7153516074227138,0.6696975558380791
627,0.4928651372115564,0.6696975558380791
628,0.6723240678675051,0.6696975558380791
629,0.844720050091894,0.6696975558380791
630,0.84537263653265,0.6696975558380791
631,0.8899475449382588,0.6696975558380791
632,0.9405079293623798,0.6696975558380791
633,0.956112207481419,0.6696975558380791
634,0.8778881556363929,0.6696975558380791
635,0.7692469458449009,0.6696975558380791
636,0.7398984007954708,0.6696975558380791
637,0.5300466681282867,0.6696975558380791
638,0.6753951138534504,0.6696975558380791
639,0.5564206494003152,0.6696975558380791
640,0.3264468500450242,0.6696975558380791
641,0.398020839007156,0.6696975558380791
642,0.5489724357964935,0.6696975558380791
643,0.6576317090391492,0.6696975558380791
644,0.49889799984766914,0.6696975558380791
645,0.6654862398809596,0.6696975558380791
646,0.5374488462446956,0.6696975558380791
647,0.5081216004143891,0.6696975558380791
648,0.6261338728508342,0.6696975558380791
649,0.45073547640889466,0.6696975558380791
650,0.6537241415391207,0.6696975558380791
651,0.5960595104754053,0.6696975558380791
652,0.8848922404751929,0.6696975558380791
653,0.8159920818761806,0.6696975558380791
654,0.6638015328227936,0.6696975558380791
655,0.9802978207860708,0.6696975558380791
656,0.8260453630837568,0.6696975558380791
657,0.7765549998344139,0.6696975558380791
658,1.0203958861990117,0.6696975558380791
659,1.04927865831359,0.6696975558380791
660,0.8569430532589701,0.6696975558380791
661,0.6669945354296912,0.6696975558380791
662,0.7171270146134148,0.6696975558380791
663,0.6330989328090533,0.6696975558380791
664,0.5914431985589821,0.6696975558380791
665,0.20723009284220617,0.6696975558380791
666,0.4983071774321037,0.6696975558380791
667,0.38330766520105203,0.6696975558380791
668,0.35292561022874636,0.6696975558380791
669,0.4717266730786175,0.6696975558380791
670,0.41018022135292664,0.6696975558380791
671,0.45394500759432865,0.6696975558380791
672,0.3790880358386347,0.6696975558380791
673,0.5364834928321729,0.6696975558380791
674,0.6460123042452393,0.6696975558380791
675,0.7795004828376703,0.6696975558380791
676,0.7906316067251286,0.6696975558380791
677,0.8953450253250406,0.6696975558380791
678,0.7031838876561879,0.6696975558380791
679,0.7479679749060562,0.6696975558380791
680,1.1127316995915548,0.6696975558380791
681,0.8233703468268808,0.6696975558380791
682,1.0618584608327077,0.6696975558380791
683,0.9048714812231755,0.6696975558380791
684,1.0838394631944643,0.6696975558380791
685,0.7127199356517879,0.6696975558380791
686,0.7181236260209737,0.6696975558380791
687,0.708725880179124,0.6696975558380791
688,0.6820469517064498,0.6696975558380791
689,0.7509234216988024,0.6696975558380791
690,0.5744033697676599,0.6696975558380791
691,0.6825136512316297,0.6696975558380791
692,0.41007488524098845,0.6696975558380791
693,0.5256742574700407,0.6696975558380791
694,0.3670767674662692,0.6696975558380791
695,0.44217910531095495,0.6696975558380791
696,0.5013995371699502,0.6696975558380791
697,0.5339129234870557,0.6696975558380791
698,0.5960166762614925,0.6696975558380791
699,0.6457208406269911,0.6696975558380791
700,0.7213655541272157,0.6696975558380791
701,0.6239095418615875,0.6696975558380791
702,0.610475925757742,0.6696975558380791
703,0.8916610111562254,0.6696975558380791
704,0.9747577987688076,0.6696975558380791
705,0.7632289232261564,0.6696975558380791
706,0.9729833599595437,0.6696975558380791
707,0.9584842823489156,0.6696975558380791
708,0.7437220108336648,0.6696975558380791
709,0.7980548058292153,0.6696975558380791
710,0.641701595375708,0.6696975558380791
711,0.7147702929563797,0.6696975558380791
712,0.693391988923977,0.6696975558380791
713,0.6059748091820998,0.6696975558380791
714,0.6159520618028227,0.6696975558380791
715,0.43554217928821193,0.6696975558380791
716,0.3974282844561463,0.6696975558380791
717,0.2532177941287028,0.6696975558380791
718,0.4123729793566909,0.6696975558380791
719,0.4486264640168529,0.6696975558380791
720,0.23550614078521578,0.6696975558380791
721,0.42003031443511296,0.6696975558380791
722,0.5513360334342867,0.6696975558380791
723,0.4561484908000046,0.6696975558380791
724,0.5629413157927132,0.6696975558380791
725,0.7972865352792577,0.6696975558380791
726,0.8654523370257621,0.6696975558380791
727,0.8578368071903393,0.6696975558380791
728,0.7953946670104018,0.6696975558380791
729,0.8060681544794335,0.6696975558380791
730,0.993376565138514,0.6696975558380791
731,0.881291146426555,0.6696975558380791
732,0.7751023029784935,0.6696975558380791
733,1.1260437767398312,0.6696975558380791
734,0.8684369971613407,0.6696975558380791
735,0.8277660252546494,0.6696975558380791
736,0.597782518504591,0.6696975558380791
737,0.7378810671481358,0.6696975558380791
738,0.6223676701331167,0.6696975558380791
739,0.5989412413863864,0.6696975558380791
740,0.4942938854027496,0.6696975558380791
741,0.41520519741979356,0.6696975558380791
742,0.46230157889612034,0.6696975558380791
743,0.3343447524997012,0.6696975558380791
744,0.33409006702730926,0.6696975558380791
745,0.37554292549681817,0.6696975558380791
746,0.4376560504185336,0.6696975558380791
747,0.2193921985638523,0.6696975558380791
748,0.4274382992512444,0.6696975558380791
749,0.6085783845874676,0.6696975558380791
750,0.6153697948132015,0.6696975558380791
751,0.6991428787599849,0.6696975558380791
752,0.539025273834452,0.6696975558380791
753,0.7040949627634524,0.6696975558380791
754,0.7525714976303031,0.6696975558380791
755,0.8532873935322037,0.6696975558380791
756,0.8199540607759845,0.6696975558380791
757,1.0111414227689333,0.6696975558380791
758,0.8467601219224699,0.6696975558380791
759,0.869230239462907,0.6696975558380791
760,0.9158231942086187,0.6696975558380791
761,0.8758317833308666,0.6696975558380791
762,0.7469284446538933,0.6696975558380791
763,0.5669376195451377,0.6696975558380791
764,0.5875227481961441,0.6696975558380791
765,0.5486518556192312,0.6696975558380791
766,0.5155845329106927,0.6696975558380791
767,0.3230064766229965,0.6696975558380791
768,0.42765911732545725,0.6696975558380791
769,0.5597838301659408,0.6696975558380791
770,0.5596802426220205,0.6696975558380791
771,0.4195570649997664,0.6696975558380791
772,0.4281905217017966,0.6696975558380791
773,0.5511652783739781,0.6696975558380791
774,0.6727389146095962,0.6696975558380791
775,0.7369341675351815,0.6696975558380791
776,0.7205214707879568,0.6696975558380791
777,0.6033857271846662,0.6696975558380791
778,0.83229947148985,0.6696975558380791
779,0.813210033505994,0.6696975558380791
780,1.0701393220344357,0.6696975558380791
781,0.9133750804630667,0.6696975558380791
782,0.8450347919991261,0.6696975558380791
783,1.0035190578208961,0.6696975558380791
784,0.8735556321746364,0.6696975558380791
785,0.7062187868193863,0.6696975558380791
786,0.7306586494413817,0.6696975558380791
787,0.5914854196681202,0.6696975558380791
788,0.7543984108775617,0.6696975558380791
789,0.5571683639415942,0.6696975558380791
790,0.3529797586461606,0.6696975558380791
791,0.6804656142587749,0.6696975558380791
792,0.42822819976825255,0.6696975558380791
793,0.3001317947663153,0.6696975558380791
794,0.483715323907575,0.6696975558380791
795,0.4621972084457341,0.6696975558380791
796,0.2621536223325823,0.6696975558380791
797,0.3952128778635642,0.6696975558380791
798,0.396668810413207,0.6696975558380791
799,0.5195691225197266,0.6696975558380791
800,0.7968802032199904,0.6696975558380791
801,0.9461231434982141,0.6696975558380791
802,0.7515913460138594,0.6696975558380791
803,0.7440676144912065,0.6696975558380791
804,0.9049242516751612,0.6696975558380791
805,0.8836110292122183,0.6696975558380791
806,0.8557854618791416,0.6696975558380791
807,0.9955478788760179,0.6696975558380791
808,0.9230104143349739,0.6696975558380791
809,0.879171155456084,0.6696975558380791
810,0.8536533267496079,0.6696975558380791
811,0.6917003309051265,0.6696975558380791
812,0.6738881364534359,0.6696975558380791
813,0.8361498066468184,0.6696975558380791
814,0.508150253144308,0.6696975558380791
815,0.7639929083785639,0.6696975558380791
816,0.29478469592641476,0.6696975558380791
817,0.49511615309649504,0.6696975558380791
818,0.4812060353238957,0.6696975558380791
819,0.340020650945954,0.6696975558380791
820,0.48599625784787515,0.6696975558380791
821,0.5606510567026595,0.6696975558380791
822,0.4722265817652024,0.6696975558380791
823,0.4875576671890558,0.6696975558380791
824,0.6200663347897206,0.6696975558380791
825,0.6225208831720177,0.6696975558380791
826,0.733045919899072,0.6696975558380791
827,0.9295169646244512,0.6696975558380791
828,0.846641998883248,0.6696975558380791
829,0.9164424649705961,0.6696975558380791
830,0.894213499822337,0.6696975558380791
831,1.0223637225597422,0.6696975558380791
832,0.7666020034991297,0.6696975558380791
833,0.9572323172937467,0.6696975558380791
834,0.8614082530046185,0.6696975558380791
835,0.9858759164331891,0.6696975558380791
836,0.6963006694453938,0.6696975558380791
837,0.5735223297209816,0.6696975558380791
838,0.6157907164210862,0.6696975558380791
839,0.5028941036735675,0.6696975558380791
840,0.6363371802969422,0.6696975558380791
841,0.32963128518795193,0.6696975558380791
842,0.2974688056565739,0.6696975558380791
843,0.2671803846060141,0.6696975558380791
844,0.49894747506271864,0.6696975558380791
845,0.33909279664719705,0.6696975558380791
846,0.44941626138629287,0.6696975558380791
847,0.41870178618298926,0.6696975558380791
848,0.3217776772617332,0.6696975558380791
849,0.6442573557980694,0.6696975558380791
850,0.660410883972218,0.6696975558380791
851,0.87010126238671,0.6696975558380791
852,0.9665888597516477,0.6696975558380791
853,0.9423146812410574,0.6696975558380791
854,0.8912331403833951,0.6696975558380791
855,1.2358576664286514,0.6696975558380791
856,0.7235241342992209,0.6696975558380791
857,0.8505921311227442,0.6696975558380791
858,0.7825996050877001,0.6696975558380791
859,0.8833102433435818,0.6696975558380791
860,0.8970115433599557,0.6696975558380791
861,0.7741145509711945,0.6696975558380791
862,0.7716862108762828,0.6696975558380791
863,0.7673511950675874,0.6696975558380791
864,0.5597272750847041,0.6696975558380791
865,0.7007419573923521,0.6696975558380791
866,0.4703526027635119,0.6696975558380791
867,0.2440551936807214,0.6696975558380791
868,0.4312199459295847,0.6696975558380791
869,0.4588382097163584,0.6696975558380791
870,0.49368566596548813,0.6696975558380791
871,0.6592911724671604,0.6696975558380791
872,0.48534097285204636,0.6696975558380791
873,0.5486724824688097,0.6696975558380791
874,0.5196566726553544,0.6696975558380791
875,0.5598619354289868,0.6696975558380791
876,0.7051717729233438,0.6696975558380791
877,0.5020287785138415,0.6696975558380791
878,0.7961786686064181,0.6696975558380791
879,1.0631492665830957,0.6696975558380791
880,0.9349194797481506,0.6696975558380791
881,0.9045898247945675,0.6696975558380791
882,1.1011995941996375,0.6696975558380791
883,0.9716927457482551,0.6696975558380791
884,0.9858989642973279,0.6696975558380791
885,0.7354934247375808,0.6696975558380791
886,1.0115154457648188,0.6696975558380791
887,0.631540960518542,0.6696975558380791
888,0.5961253991632481,0.6696975558380791
889,0.5443594088645506,0.6696975558380791
890,0.4576191668940885,0.6696975558380791
891,0.5310567977875136,0.6696975558380791
892,0.3020859335711075,0.6696975558380791
893,0.21134358511894855,0.6696975558380791
894,0.31924666945209457,0.6696975558380791
895,0.2163530882405216,0.6696975558380791
896,0.5962562100245516,0.6696975558380791
897,0.3348309947594983,0.6696975558380791
898,0.5449218571002736,0.6696975558380791
899,0.5325287515466098,0.6696975558380791
900,0.49224025728352816,0.6696975558380791
901,0.7495241167474308,0.6696975558380791
902,0.7688449418711342,0.6696975558380791
903,0.8852999266192244,0.6696975558380791
904,0.7536854621263384,0.6696975558380791
905,0.8483347695720946,0.6696975558380791
906,0.9408279568406304,0.6696975558380791
907,0.9663388576076697,0.6696975558380791
908,1.0262963530556188,0.6696975558380791
909,0.7598199621181224,0.6696975558380791
910,0.8785920555742514,0.6696975558380791
911,0.7801417771493842,0.6696975558380791
912,0.7402721723233872,0.6696975558380791
913,0.81314757674952,0.6696975558380791
914,0.5134873996237067,0.6696975558380791
915,0.40762841598058125,0.6696975558380791
916,0.3018948400625719,0.6696975558380791
917,0.305803020335906,0.6696975558380791
918,0.3893369393924529,0.6696975558380791
919,0.530782128415485,0.6696975558380791
920,0.36501871043803685,0.6696975558380791
921,0.5106164801423771,0.6696975558380791
922,0.5073012707590766,0.6696975558380791
923,0.5853123406897413,0.6696975558380791
924,0.5266220958429566,0.6696975558380791
925,0.6372946656314274,0.6696975558380791
926,0.5899150307726064,0.6696975558380791
927,0.8421564228479339,0.6696975558380791
928,0.8659432707611749,0.6696975558380791
929,1.009868304125003,0.6696975558380791
930,0.853766624156207,0.6696975558380791
931,1.0108228609120147,0.6696975558380791
932,0.8989071015494986,0.6696975558380791
933,1.0092654967742272,0.6696975558380791
934,0.9472289808287656,0.6696975558380791
935,0.9711804486951375,0.6696975558380791
936,0.7141143580484711,0.6696975558380791
937,0.6665312273809091,0.6696975558380791
938,0.6314635420368525,0.6696975558380791
939,0.6611315403843712,0.6696975558380791
940,0.5449500270595976,0.6696975558380791
941,0.4577970673889512,0.6696975558380791
942,0.3881807157560771,0.6696975558380791
943,0.3324129206389874,0.6696975558380791
944,0.30094892000200424,0.6696975558380791
945,0.6156129888235827,0.6696975558380791
946,0.39725523209818464,0.6696975558380791
947,0.3450106455469796,0.6696975558380791
948,0.5271120368574576,0.6696975558380791
949,0.722975103385068,0.6696975558380791
950,0.560185664226399,0.6696975558380791
951,0.6156821298545143,0.6696975558380791
952,0.7420316013459991,0.6696975558380791
953,0.7680182540307061,0.6696975558380791
954,0.8921018553499527,0.6696975558380791
955,0.7277814297297653,0.6696975558380791
956,0.8535392309924437,0.6696975558380791
957,1.068333338585428,0.6696975558380791
958,0.8938847455265311,0.6696975558380791
959,0.8068743689300134,0.6696975558380791
960,0.8948896338115402,0.6696975558380791
961,0.795932419600183,0.6696975558380791
962,0.6341475628230872,0.6696975558380791
963,0.6936459848057261,0.6696975558380791
964,0.5345199604936784,0.6696975558380791
965,0.57670344528269,0.6696975558380791
966,0.44726279161769256,0.6696975558380791
967,0.3428398722022643,0.6696975558380791
968,0.31319318723891065,0.6696975558380791
969,0.3473610729306563,0.6696975558380791
970,0.33865910774432934,0.6696975558380791
971,0.49946297001399753,0.6696975558380791
972,0.26102724426948654,0.6696975558380791
973,0.3489461904501364,0.6696975558380791
974,0.6141531915220005,0.6696975558380791
975,0.5291811354611078,0.6696975558380791
976,0.6875743906468093,0.6696975558380791
977,0.7877157552430181,0.6696975558380791
978,0.7005731118497651,0.6696975558380791
979,0.9705644114924712,0.6696975558380791
980,0.9145468964438811,0.6696975558380791
981,0.8897234918451442,0.6696975558380791
982,0.8629396904106013,0.6696975558380791
983,1.0175018480428406,0.6696975558380791
984,0.8092191470768992,0.6696975558380791
985,0.7958727843497884,0.6696975558380791
986,0.7769327355341331,0.6696975558380791
987,0.7177438114023101,0.6696975558380791
988,0.6415496618175965,0.6696975558380791
989,0.5317837286845559,0.6696975558380791
990,0.4097953578027886,0.6696975558380791
991,0.6421964012971171,0.6696975558380791
992,0.31182844623502576,0.6696975558380791
993,0.4862863363967251,0.6696975558380791
994,0.4763553764301287,0.6696975558380791
995,0.3482233421113289,0.6696975558380791
996,0.5911391747955722,0.6696975558380791
997,0.44858144235196695,0.6696975558380791
998,0.6185982337900582,0.6696975558380791
999,0.7341523951263279,0.6696975558380791
1000,0.8875500300239768,0.6696975558380791
1001,0.836640374819901,0.6696975558380791
1002,0.8433950673427393,0.6696975558380791
1003,0.860917820813665,0.6696975558380791
1004,0.8563334155219582,0.6696975558380791
1005,1.063345832560607,0.6696975558380791
1006,1.1152435760060946,0.6696975558380791
1007,0.8906412605073412,0.6696975558380791
1008,0.93441171187545,0.6696975558380791
1009,0.8312243485204237,0.6696975558380791
1010,0.7729528677480746,0.6696975558380791
1011,0.7630241058097211,0.6696975558380791
1012,0.6838088899570115,0.6696975558380791
1013,0.6397106642259486,0.6696975558380791
1014,0.43864582327569385,0.6696975558380791
1015,0.5186615317055265,0.6696975558380791
1016,0.6076085415540826,0.6696975558380791
1017,0.6990748505624637,0.6696975558380791
1018,0.42292058742154637,0.6696975558380791
1019,0.41129475274569294,0.6696975558380791
1020,0.42839368340047357,0.6696975558380791
1021,0.27433300348263584,0.6696975558380791
1022,0.4592153167370135,0.6696975558380791
1023,0.5686631567285281,0.6696975558380791
1024,0.3593550901345906,0.6696975558380791
1025,0.7325454038527917,0.6696975558380791
1026,0.7980340225245224,0.6696975558380791
1027,0.8087786587955479,0.6696975558380791
1028,0.7437742971943005,0.6696975558380791
1029,0.9137983911347849,0.6696975558380791
1030,1.0566362748632452,0.6696975558380791
1031,0.6658640423021087,0.6696975558380791
1032,0.9710574508085862,0.6696975558380791
1033,1.0054648262478985,0.6696975558380791
1034,1.0616600207548927,0.6696975558380791
1035,0.602988941743205,0.6696975558380791
1036,0.7391339611347614,0.6696975558380791
1037,0.6900335767851044,0.6696975558380791
1038,0.6374904087729317,0.6696975558380791
1039,0.6180468869041279,0.6696975558380791
1040,0.6262748963107828,0.6696975558380791
1041,0.5237572840966125,0.6696975558380791
1042,0.331581568050638,0.6696975558380791
1043,0.23841077982948689,0.6696975558380791
1044,0.34062750306989015,0.6696975558380791
1045,0.31123769402251933,0.6696975558380791
1046,0.5982858521658111,0.6696975558380791
1047,0.4253714230241932,0.6696975558380791
1048,0.652102591234949,0.6696975558380791
1049,0.5974135374632128,0.6696975558380791
1050,0.8579132786353283,0.6696975558380791
1051,0.9015283511313779,0.6696975558380791
1052,0.713510963634103,0.6696975558380791
1053,1.0485650263796162,0.6696975558380791
1054,0.834071746900477,0.6696975558380791
1055,1.015744974566163,0.6696975558380791
1056,1.0058179483081953,0.6696975558380791
1057,0.8993970741440114,0.6696975558380791
1058,0.8728931367904311,0.6696975558380791
1059,0.8662991926470299,0.6696975558380791
1060,0.6929914938889606,0.6696975558380791
1061,0.7346872175833391,0.6696975558380791
1062,0.7480271980705234,0.6696975558380791
1063,0.5761182687144706,0.6696975558380791
1064,0.6157232789294904,0.6696975558380791
1065,0.5127890532192361,0.6696975558380791
1066,0.37279522533065845,0.6696975558380791
1067,0.27774695033709385,0.6696975558380791
1068,0.3225102258697019,0.6696975558380791
1069,0.21225673378149285,0.6696975558380791
1070,0.5589598834664904,0.6696975558380791
1071,0.5761374516312064,0.6696975558380791
1072,0.6021499356243776,0.6696975558380791
1073,0.5107196389772306,0.6696975558380791
1074,0.6595656922551643,0.6696975558380791
1075,0.7344995835633695,0.6696975558380791
1076,0.6750614829894752,0.6696975558380791
1077,0.7379301375795281,0.6696975558380791
1078,0.8307113851739159,0.6696975558380791
1079,0.9369290033924175,0.6696975558380791
1080,0.8521783025435912,0.6696975558380791
1081,0.9349837289735571,0.6696975558380791
1082,0.8024616179303061,0.6696975558380791
1083,0.7431308724361213,0.6696975558380791
1084,0.9153981216752938,0.6696975558380791
1085,0.7271295877866053,0.6696975558380791
1086,0.7814025429581896,0.6696975558380791
1087,0.7746859358079636,0.6696975558380791
1088,0.7737217933020949,0.6696975558380791
1089,0.5356721163037474,0.6696975558380791
1090,0.546009959514022,0.6696975558380791
1091,0.5011211959724865,0.6696975558380791
1092,0.47439056381954103,0.6696975558380791
1093,-1.2533868054948838,-0.8730647400157693
1094,-1.1085033968491362,-0.8730647400157693
1095,-1.245695349615232,-0.8730647400157693
1096,-1.2606834127724627,-0.8730647400157693
1097,-1.052105652650791,-0.8730647400157693
1098,-0.8937052839048127,-0.8730647400157693
1099,-1.111759983315761,-0.8730647400157693
1100,-0.7703387607346506,-0.8730647400157693
1101,-0.970060858683252,-0.8730647400157693
1102,-0.6480033093846833,-0.8730647400157693
1103,-0.8391671660615554,-0.8730647400157693
1104,-0.786006867067157,-0.8730647400157693
1105,-0.5585675074569423,-0.8730647400157693
1106,-0.7367311721502756,-0.8730647400157693
1107,-0.6502246049838689,-0.8730647400157693
1108,-0.6885496270715986,-0.8730647400157693
1109,-0.6311253713366937,-0.8730647400157693
1110,-0.8061627003356201,-0.8730647400157693
1111,-0.7286041172226286,-0.8730647400157693
1112,-1.1100767132516585,-0.8730647400157693
1113,-0.930509425559931,-0.8730647400157693
1114,-1.0853854433753827,-0.8730647400157693
1115,-0.9572102196080484,-0.8730647400157693
1116,-0.9480141504722828,-0.8730647400157693
1117,-1.0421104607268181,-0.8730647400157693
1118,-1.0804463969654454,-0.8730647400157693
1119,-1.115023935994157,-0.8730647400157693
1120,-1.1458080186938628,-0.8730647400157693
1121,-1.0551369804862762,-0.8730647400157693
1122,-1.0733836558446541,-0.8730647400157693
1123,-1.000508564064572,-0.8730647400157693
1124,-0.7606746169711434,-0.8730647400157693
1125,-0.9339859975543766,-0.8730647400157693
1126,-0.8190694883764763,-0.8730647400157693
1127,-0.6699702195224129,-0.8730647400157693
1128,-0.8344608642625437,-0.8730647400157693
1129,-0.5550868165357732,-0.8730647400157693
1130,-0.5090828291192789,-0.8730647400157693
1131,-0.5034906913522923,-0.8730647400157693
1132,-0.6457732185786413,-0.8730647400157693
1133,-0.6704872945399192,-0.8730647400157693
1134,-0.6019876862992042,-0.8730647400157693
1135,-0.7346333233663986,-0.8730647400157693
1136,-0.8210432439916626,-0.8730647400157693
1137,-0.663623249213587,-0.8730647400157693
1138,-0.7724364225423669,-0.8730647400157693
1139,-0.7691830904532347,-0.8730647400157693
1140,-1.0688002346093568,-0.8730647400157693
1141,-1.0378956638901113,-0.8730647400157693
1142,-1.1637026569737718,-0.8730647400157693
1143,-1.0515089670097924,-0.8730647400157693
1144,-1.0274931387411006,-0.8730647400157693
1145,-1.1346279283720992,-0.8730647400157693
1146,-1.2152949999239642,-0.8730647400157693
1147,-1.0556853129987547,-0.8730647400157693
1148,-0.9484578124733594,-0.8730647400157693
1149,-0.9364475390799838,-0.8730647400157693
1150,-0.93107559076115,-0.8730647400157693
1151,-0.7129597984931666,-0.8730647400157693
1152,-0.6448526116139842,-0.8730647400157693
1153,-0.7933534828539407,-0.8730647400157693
1154,-0.6667804527531707,-0.8730647400157693
1155,-0.4805247407439054,-0.8730647400157693
1156,-0.513674298310014,-0.8730647400157693
1157,-0.6017773957281638,-0.8730647400157693
1158,-0.6377755666185757,-0.8730647400157693
1159,-0.8155371262483297,-0.8730647400157693
1160,-0.6935428912794821,-0.8730647400157693
1161,-0.6929413409770456,-0.8730647400157693
1162,-0.9487971055857725,-0.8730647400157693
1163,-0.7864874194215732,-0.8730647400157693
1164,-1.0919236840552342,-0.8730647400157693
1165,-1.1690239635535558,-0.8730647400157693
1166,-0.9175102650749104,-0.8730647400157693
1167,-1.1216696581611103,-0.8730647400157693
1168,-1.2164630365587743,-0.8730647400157693
1169,-1.125560366565033,-0.8730647400157693
1170,-1.0583501109758227,-0.8730647400157693
1171,-1.1381392323953854,-0.8730647400157693
1172,-1.112574061506531,-0.8730647400157693
1173,-0.9827652710565244,-0.8730647400157693
1174,-0.8949510469674344,-0.8730647400157693
1175,-0.7972010451191306,-0.8730647400157693
1176,-0.8640863157501678,-0.8730647400157693
1177,-0.6200502323099942,-0.8730647400157693
1178,-0.6613667097082048,-0.8730647400157693
1179,-0.8025571080870688,-0.8730647400157693
1180,-0.5999399061445313,-0.8730647400157693
1181,-0.45062481209256,-0.8730647400157693
1182,-0.6112496816598862,-0.8730647400157693
1183,-0.617582068611836,-0.8730647400157693
1184,-0.6441404258912673,-0.8730647400157693
1185,-0.6896163577795742,-0.8730647400157693
1186,-0.9008466717124974,-0.8730647400157693
1187,-0.9573631283222774,-0.8730647400157693
1188,-1.0098921727233454,-0.8730647400157693
1189,-0.9770282200746424,-0.8730647400157693
1190,-0.8698955633902892,-0.8730647400157693
1191,-1.2173470937025677,-0.8730647400157693
1192,-1.1984420179390225,-0.8730647400157693
1193,-1.089858180494442,-0.8730647400157693
1194,-1.1902366115902765,-0.8730647400157693
1195,-0.996836744784468,-0.8730647400157693
1196,-0.9877242217242275,-0.8730647400157693
1197,-1.0523383180430452,-0.8730647400157693
1198,-1.1368638015879133,-0.8730647400157693
1199,-0.9148037022523157,-0.8730647400157693
1200,-0.8434640271879601,-0.8730647400157693
1201,0.15110196657812713,0.03790733389351085
1202,0.22968551482026187,0.03790733389351085
1203,0.3076993066199456,0.03790733389351085
1204,0.12317815269292104,0.03790733389351085
1205,0.36522925877671836,0.03790733389351085
1206,0.23883983763609018,0.03790733389351085
1207,0.32130686420195254,0.03790733389351085
1208,0.13351426781450484,0.03790733389351085
1209,0.12070140452136115,0.03790733389351085
1210,0.10505941578606383,0.03790733389351085
1211,0.1356445805149094,0.03790733389351085
1212,0.18823151952882342,0.03790733389351085
1213,-0.07526270231315006,0.03790733389351085
1214,-0.02123909597559305,0.03790733389351085
1215,-0.1373323012370169,0.03790733389351085
1216,-0.05774134341197204,0.03790733389351085
1217,-0.20288554429415417,0.03790733389351085
1218,-0.30443397674233835,0.03790733389351085
1219,-0.2545909043516108,0.03790733389351085
1220,-0.16794944851194984,0.03790733389351085
1221,-0.13400254081219531,0.03790733389351085
1222,-0.13176163210770592,0.03790733389351085
1223,0.1459891593645326,0.03790733389351085
1224,0.04472581689914163,0.03790733389351085
1225,0.12099598539633831,0.03790733389351085
1226,-0.016981058972670382,0.03790733389351085
1227,0.11271655848702844,0.03790733389351085
1228,0.2603068476376248,0.03790733389351085
1229,0.27895623488528487,0.03790733389351085
1230,0.35927251214943906,0.03790733389351085
1231,0.33765471864626856,0.03790733389351085
1232,0.3864783269398818,0.03790733389351085
1233,0.36926158062140824,0.03790733389351085
1234,0.10236710230442024,0.03790733389351085
1235,0.21303635071092517,0.03790733389351085
1236,0.05875506373538629,0.03790733389351085
1237,-0.07359363652017296,0.03790733389351085
1238,-0.10092926793320066,0.03790733389351085
1239,-0.10702985554806882,0.03790733389351085
1240,-0.32179281368060053,0.03790733389351085
1241,-0.06996871807670282,0.03790733389351085
1242,-0.01531751265945297,0.03790733389351085
1243,-0.24653098612034777,0.03790733389351085
1244,-0.035165422870381435,0.03790733389351085
1245,-0.2939513049398832,0.03790733389351085
1246,-0.14838803680533752,0.03790733389351085
1247,-0.007082775197476104,0.03790733389351085
1248,0.1096288827092258,0.03790733389351085
1249,0.008490719137961206,0.03790733389351085
1250,-0.18962308859865437,0.03790733389351085
1251,0.14606192449944444,0.03790733389351085
1252,0.16228510534425034,0.03790733389351085
1253,0.1342220044522478,0.03790733389351085
1254,0.16295901969797566,0.03790733389351085
1255,0.10162372473956277,0.03790733389351085
1256,0.3857283725382279,0.03790733389351085
1257,0.14299351586506326,0.03790733389351085
1258,0.2634271049341105,0.03790733389351085
1259,0.32468361078988406,0.03790733389351085
1260,0.0393069331731663,0.03790733389351085
1261,0.3175168374241622,0.03790733389351085
1262,-0.027365592325825482,0.03790733389351085
1263,-0.09721457001933662,0.03790733389351085
1264,-0.11354704861447376,0.03790733389351085
1265,-0.19754456851068666,0.03790733389351085
1266,-0.17285758725512496,0.03790733389351085
1267,-0.328177812049393,0.03790733389351085
1268,-0.2678622925984814,0.03790733389351085
1269,-0.3057826565785181,0.03790733389351085
1270,-0.33486343865798707,0.03790733389351085
1271,-0.294160977046316,0.03790733389351085
1272,-0.2357043909646015,0.03790733389351085
1273,-0.08926403845950351,0.03790733389351085
1274,-0.03923882297171255,0.03790733389351085
1275,-0.0890471742325579,0.03790733389351085
1276,0.1720618807218826,0.03790733389351085
1277,0.30788119725340496,0.03790733389351085
1278,0.5739838678944825,0.03790733389351085
1279,0.23300884758349377,0.03790733389351085
1280,0.3360654360230343,0.03790733389351085
1281,0.23155690212103758,0.03790733389351085
1282,0.3148365898844251,0.03790733389351085
1283,0.2662783124589647,0.03790733389351085
1284,0.3032187344830256,0.03790733389351085
1285,0.09345150568516591,0.03790733389351085
1286,0.021890327605049942,0.03790733389351085
1287,-0.028362137211708067,0.03790733389351085
1288,-0.09255701234919535,0.03790733389351085
1289,-0.15564482340358177,0.03790733389351085
1290,-0.045473873196075,0.03790733389351085
1291,-0.24795826266301105,0.03790733389351085
1292,-0.16869493657289641,0.03790733389351085
1293,-0.2493802993513072,0.03790733389351085
1294,-0.36181848081888784,0.03790733389351085
1295,-0.10625868452235752,0.03790733389351085
1296,-0.07876852487337901,0.03790733389351085
1297,-0.11474765007915799,0.03790733389351085
1298,-0.31821436198685876,0.03790733389351085
1299,-0.030363288272243827,0.03790733389351085
1300,-0.02464215075189286,0.03790733389351085
1301,0.1884762884834566,0.03790733389351085
1302,-0.00022752287077296152,0.03790733389351085
1303,0.26850372018889146,0.03790733389351085
1304,0.2400538131947393,0.03790733389351085
1305,0.04073646609408535,0.03790733389351085
1306,0.564738956044261,0.03790733389351085
1307,0.4463223236533313,0.03790733389351085
1308,0.03681215959374856,0.03790733389351085
1309,0.143154928096341,0.03790733389351085
1310,0.2355382538033925,0.03790733389351085
1311,0.2745368501828754,0.03790733389351085
1312,0.13191130807151621,0.03790733389351085
1313,-0.051379299676021825,0.03790733389351085
1314,-0.1034215592569972,0.03790733389351085
1315,0.008690071572939065,0.03790733389351085
1316,-0.1365342636626163,0.03790733389351085
1317,-0.1344024552702514,0.03790733389351085
1318,-0.05048198209551366,0.03790733389351085
1319,-0.19376657450599044,0.03790733389351085
1320,-1.3945612885998182,-1.198146444418278
1321,-1.33920659222215,-1.198146444418278
1322,-1.292438320561676,-1.198146444418278
1323,-1.2088016034182223,-1.198146444418278
1324,-1.2695062822870917,-1.198146444418278
1325,-1.2426285327378652,-1.198146444418278
1326,-1.1415750700704943,-1.198146444418278
1327,-0.7812869673629503,-1.198146444418278
1328,-1.1056713531016202,-1.198146444418278
1329,-0.9727409897503325,-1.198146444418278
1330,-0.9333092438249101,-1.198146444418278
1331,-1.020322503754759,-1.198146444418278
1332,-0.9807618757035673,-1.198146444418278
1333,-1.061898123015691,-1.198146444418278
1334,-0.9685936477983045,-1.198146444418278
1335,-1.1760656541051193,-1.198146444418278
1336,-1.147870380276914,-1.198146444418278
1337,-1.2137179134669334,-1.198146444418278
1338,-1.0762682031607749,-1.198146444418278
1339,-1.4789748189216418,-1.198146444418278
1340,-1.2248491121692833,-1.198146444418278
1341,-1.3502327460174943,-1.198146444418278
1342,-1.5618485526336459,-1.198146444418278
1343,-1.5893922541847334,-1.198146444418278
1344,-1.525135879955818,-1.198146444418278
1345,-1.439450676733951,-1.198146444418278
1346,-1.641595914238992,-1.198146444418278
1347,-1.3068593918425844,-1.198146444418278
1348,-1.288388390479604,-1.198146444418278
1349,-1.2073657306941903,-1.198146444418278
1350,-1.2962979316355927,-1.198146444418278
1351,-1.244253098487767,-1.198146444418278
1352,-0.977361642454333,-1.198146444418278
1353,-1.0803938282674959,-1.198146444418278
1354,-0.9521326467449742,-1.198146444418278
1355,-1.0676020481347286,-1.198146444418278
1356,-0.9966380721786985,-1.198146444418278
1357,-0.8550225327531372,-1.198146444418278
1358,-0.8770502076024764,-1.198146444418278
1359,-0.897576535595939,-1.198146444418278
1360,-1.3218392061229722,-1.198146444418278
1361,-1.0335445930602298,-1.198146444418278
1362,-1.2690096648155338,-1.198146444418278
1363,-1.271013419772445,-1.198146444418278
1364,-1.2518606169523654,-1.198146444418278
1365,-1.3583833127756715,-1.198146444418278
1366,-1.614472025103719,-1.198146444418278
1367,-1.4268010249892087,-1.198146444418278
1368,-1.3293430565363495,-1.198146444418278
1369,-1.495403331583708,-1.198146444418278
1370,-1.348080099959876,-1.198146444418278
1371,-1.3624259782006776,-1.198146444418278
1372,-1.2746597642970818,-1.198146444418278
1373,-1.3324215415782654,-1.198146444418278
1374,-1.2347312771690173,-1.198146444418278
1375,-1.0421311791126946,-1.198146444418278
1376,-1.1657705645157554,-1.198146444418278
1377,-1.222482159018919,-1.198146444418278
1378,-1.1693297884763225,-1.198146444418278
1379,-0.8858612962628916,-1.198146444418278
1380,-1.1145349547202164,-1.198146444418278
1381,-0.9075479639695874,-1.198146444418278
1382,-0.9177405033283137,-1.198146444418278
1383,-1.0693360746654466,-1.198146444418278
1384,-1.0156694237702055,-1.198146444418278
1385,-0.973467882631238,-1.198146444418278
1386,-1.1679278308137002,-1.198146444418278
1387,-1.0912576797953955,-1.198146444418278
1388,-1.1301780360047073,-1.198146444418278
1389,-1.2696177908471449,-1.198146444418278
1390,-1.2369469214079938,-1.198146444418278
1391,-1.4000688340927017,-1.198146444418278
1392,-1.4598405233143485,-1.198146444418278
1393,-1.5587995307747173,-1.198146444418278
1394,-1.5654724278142487,-1.198146444418278
1395,-1.5090327710280673,-1.198146444418278
1396,-1.5109720371738091,-1.198146444418278
1397,-1.4045525227068127,-1.198146444418278
1398,-1.2495986257795746,-1.198146444418278
1399,-1.2026723899048524,-1.198146444418278
1400,-1.1652439263732475,-1.198146444418278
1401,-1.1361239592454977,-1.198146444418278
1402,-1.2116599154375796,-1.198146444418278
1403,-0.9933946866819617,-1.198146444418278
1404,-0.8956857748363246,-1.198146444418278
1405,-0.873415034339886,-1.198146444418278
1406,-0.851393088163158,-1.198146444418278
1407,-0.9329582785174142,-1.198146444418278
1408,-1.0108355275476146,-1.198146444418278
1409,-0.8434794793224014,-1.198146444418278
1410,-1.07774927467821,-1.198146444418278
1411,-1.2138665912411761,-1.198146444418278
1412,-1.1268929431398138,-1.198146444418278
1413,-1.17485820832357,-1.198146444418278
1414,-1.231929716002673,-1.198146444418278
1415,-1.3006065187849118,-1.198146444418278
1416,-1.4261513664744634,-1.198146444418278
1417,-1.659213125390544,-1.198146444418278
1418,-1.552357778310674,-1.198146444418278
1419,-1.4516703000703006,-1.198146444418278
1420,-1.4091950309074743,-1.198146444418278
1421,-1.519982436028728,-1.198146444418278
1422,-1.416034953280109,-1.198146444418278
1423,-1.3886610193069753,-1.198146444418278
1424,-1.2046288768210789,-1.198146444418278
1425,-1.2782915450938541,-1.198146444418278
1426,-1.036107304934122,-1.198146444418278
1427,-1.1323165048691892,-1.198146444418278
1428,-1.1090296018851769,-1.198146444418278
1429,-0.8026348850818213,-1.198146444418278
1430,-0.9164594059679403,-1.198146444418278
1431,-1.1198500210819435,-1.198146444418278
1432,-0.7414402873632016,-1.198146444418278
1433,-0.9265778343620708,-1.198146444418278
1434,-1.1026160380352599,-1.198146444418278
1435,-1.0827149383737633,-1.198146444418278
1436,-1.2207409546675838,-1.198146444418278
1437,-1.1281684684388773,-1.198146444418278
1438,-1.2060555582611843,-1.198146444418278
1439,-1.3061079923498828,-1.198146444418278
1440,-1.171518308237057,-1.198146444418278
1441,-1.4410932819849152,-1.198146444418278
1442,-1.5949126969842768,-1.198146444418278
1443,-1.4560584690879956,-1.198146444418278
1444,-1.296512867127403,-1.198146444418278
1445,-1.4418815197589683,-1.198146444418278
1446,-1.4889366290636463,-1.198146444418278
1447,-1.395502673337443,-1.198146444418278
1448,-1.2277620387715409,-1.198146444418278
1449,-1.2224893506515502,-1.198146444418278
1450,-1.1790724607704635,-1.198146444418278
1451,-1.0945529427140732,-1.198146444418278
1452,-0.9061379403380484,-1.198146444418278
1453,-1.0684116975528966,-1.198146444418278
1454,-1.1226952678787574,-1.198146444418278
1455,-0.9987661292104074,-1.198146444418278
1456,-0.8056026278609181,-1.198146444418278
1457,-0.8427566301557916,-1.198146444418278
1458,-0.910542200721317,-1.198146444418278
1459,-0.9072704850649128,-1.198146444418278
1460,-1.0279434560098621,-1.198146444418278
1461,-1.2182009309404565,-1.198146444418278
1462,-1.1162669240911867,-1.198146444418278
1463,-1.3545050778666035,-1.198146444418278
1464,-1.4327666348061587,-1.198146444418278
1465,-1.3937260737039523,-1.198146444418278
1466,-1.500319704377392,-1.198146444418278
1467,-1.544695991513569,-1.198146444418278
1468,-1.5276684955864908,-1.198146444418278
1469,-1.4499908717595127,-1.198146444418278
1470,-1.393480388877895,-1.198146444418278
1471,-1.496753190380061,-1.198146444418278
1472,-1.3364571879218294,-1.198146444418278
1473,-1.4436597228813883,-1.198146444418278
1474,-1.2775097869447793,-1.198146444418278
1475,-1.2744155173772098,-1.198146444418278
1476,-1.061107238368825,-1.198146444418278
1477,-0.9756525653800281,-1.198146444418278
1478,-0.8516201445524602,-1.198146444418278
1479,-0.9365438067698642,-1.198146444418278
1480,-1.0753950715417617,-1.198146444418278
1481,-0.9260724044408217,-1.198146444418278
1482,-1.0601601507686653,-1.198146444418278
1483,-0.9745054938763708,-1.198146444418278
1484,-0.8577579119048901,-1.198146444418278
1485,-0.9255878255965683,-1.198146444418278
1486,-1.0082699782295466,-1.198146444418278
1487,-1.1725497994386556,-1.198146444418278
1488,-1.1884097145440105,-1.198146444418278
1489,-1.423995557922188,-1.198146444418278
1490,-1.2504296484073747,-1.198146444418278
1491,-1.4227087184706888,-1.198146444418278
1492,-1.5481709523709835,-1.198146444418278
1493,-1.318087925963587,-1.198146444418278
1494,-1.3952075821245202,-1.198146444418278
1495,-1.6276886362372136,-1.198146444418278
1496,-1.4503794852825505,-1.198146444418278
1497,-1.298821967192696,-1.198146444418278
1498,-1.2972409518512427,-1.198146444418278
1499,-1.3511732032646926,-1.198146444418278
1500,-1.3311324475987367,-1.198146444418278
1501,-1.1677316837333158,-1.198146444418278
1502,-1.046501732938896,-1.198146444418278
1503,-0.9856050701598055,-1.198146444418278
1504,-1.045325310378992,-1.198146444418278
1505,-0.8864836443420341,-1.198146444418278
1506,-0.9393401286365693,-1.198146444418278
1507,-0.9151286614711182,-1.198146444418278
1508,-1.0681916078582427,-1.198146444418278
1509,-1.0952873438905653,-1.198146444418278
1510,-0.9635582108679857,-1.198146444418278
1511,-1.069044213678798,-1.198146444418278
1512,-1.1577590954697154,-1.198146444418278
1513,-1.136274897870656,-1.198146444418278
1514,-1.2774266580905707,-1.198146444418278
1515,-1.4144279405394278,-1.198146444418278
1516,-1.511109040895129,-1.198146444418278
1517,-1.410398116228836,-1.198146444418278
1518,-1.418564714696913,-1.198146444418278
1519,-1.5075053325870007,-1.198146444418278
1520,-1.524481740885964,-1.198146444418278
1521,-1.323036368510386,-1.198146444418278
1522,-1.3558320679980278,-1.198146444418278
1523,-1.2182154848655946,-1.198146444418278
1524,-1.2100854586604817,-1.198146444418278
1525,-1.1098497822442819,-1.198146444418278
1526,-1.0407645574475417,-1.198146444418278
1527,-0.8321151017598455,-1.198146444418278
1528,-1.0008256371048732,-1.198146444418278
1529,-0.9310527460388986,-1.198146444418278
1530,-0.8747361664236508,-1.198146444418278
1531,-0.9985175146693249,-1.198146444418278
1532,-0.8837857225754482,-1.198146444418278
1533,-1.0171821136565522,-1.198146444418278
1534,-1.0843563924174269,-1.198146444418278
1535,-1.0523200960453936,-1.198146444418278
1536,-1.1375553393379352,-1.198146444418278
1537,-1.2267941891123308,-1.198146444418278
1538,-1.291550607451077,-1.198146444418278
1539,-1.298115964543243,-1.198146444418278
1540,-1.2972728095725228,-1.198146444418278
1541,-1.4362871017513263,-1.198146444418278
1542,-1.4729985558662568,-1.198146444418278
1543,-1.5136363366946202,-1.198146444418278
1544,-1.4285940286975278,-1.198146444418278
1545,-1.355737233545847,-1.198146444418278
1546,-1.4185158196321632,-1.198146444418278
1547,-1.5678607724982478,-1.198146444418278
1548,-1.352882884926911,-1.198146444418278
1549,-1.160979910901326,-1.198146444418278
1550,-1.037475971675832,-1.198146444418278
1551,-1.142205937145877,-1.198146444418278
1552,-1.1041799355265445,-1.198146444418278
1553,-0.956149123900465,-1.198146444418278
1554,-1.1408823698514814,-1.198146444418278
1555,-0.9153327492617054,-1.198146444418278
1556,-0.9388067313354386,-1.198146444418278
1557,-0.9032028997275995,-1.198146444418278
1558,-0.8929003826929528,-1.198146444418278
1559,-0.7557952904814483,-1.198146444418278
1560,-1.087982047506216,-1.198146444418278
1561,-1.0988008383206065,-1.198146444418278
1562,-1.1613608294437658,-1.198146444418278
1563,-1.293833217959235,-1.198146444418278
1564,-1.3246310143375943,-1.198146444418278
1565,-1.2344371538149026,-1.198146444418278
1566,-1.3205525501376303,-1.198146444418278
1567,-1.4365131540984586,-1.198146444418278
1568,-1.403109224761821,-1.198146444418278
1569,-1.5733663673359202,-1.198146444418278
1570,-1.558904005062021,-1.198146444418278
1571,-1.38466596913269,-1.198146444418278
1572,-1.3227357990224056,-1.198146444418278
1573,-1.2137052899532002,-1.198146444418278
1574,-1.2382224319208857,-1.198146444418278
1575,-1.1213360697355137,-1.198146444418278
1576,-1.0476013204129369,-1.198146444418278
1577,-1.1872335907738898,-1.198146444418278
1578,-1.0762864955694207,-1.198146444418278
1579,-0.8690968231948258,-1.198146444418278
1580,-0.9144083876442703,-1.198146444418278
1581,-0.8467400813092528,-1.198146444418278
1582,-1.00491440681435,-1.198146444418278
1583,-0.9460184733960375,-1.198146444418278
1584,-0.743220899789578,-1.198146444418278
1585,-1.045401763639517,-1.198146444418278
1586,-0.9963154772888997,-1.198146444418278
1587,-1.2127142692865949,-1.198146444418278
1588,-1.065220685291434,-1.198146444418278
1589,-1.1605743284313657,-1.198146444418278
1590,-1.405930473975604,-1.198146444418278
1591,-1.3700794636310902,-1.198146444418278
1592,-1.5379683794135175,-1.198146444418278
1593,-1.4178766030583103,-1.198146444418278
1594,-1.4810141622587738,-1.198146444418278
1595,-1.3643735934909884,-1.198146444418278
1596,-1.3688064817602008,-1.198146444418278
1597,-1.3378145413269102,-1.198146444418278
1598,-1.171844115387619,-1.198146444418278
1599,-1.3476117617769732,-1.198146444418278
1600,-1.0640704522307403,-1.198146444418278
1601,-1.3288142854518343,-1.198146444418278
1602,-1.0872141706306815,-1.198146444418278
1603,-1.0304202126748967,-1.198146444418278
1604,-0.8874651414019165,-1.198146444418278
1605,-0.9115784545756744,-1.198146444418278
1606,-1.0752959992639581,-1.198146444418278
1607,-0.8911087554930321,-1.198146444418278
1608,-0.9129611581693559,-1.198146444418278
1609,-0.9868987754376913,-1.198146444418278
1610,-0.883066578048306,-1.198146444418278
1611,-1.1706207993365114,-1.198146444418278
1612,-1.1944005998027667,-1.198146444418278
1613,-1.3397144806366137,-1.198146444418278
1614,-1.3448276144636433,-1.198146444418278
1615,-1.415385388545872,-1.198146444418278
1616,-1.3742201773643048,-1.198146444418278
1617,-1.370578778846792,-1.198146444418278
1618,-1.446192156754881,-1.198146444418278
1619,-1.497013020897939,-1.198146444418278
1620,-1.4309496317116173,-1.198146444418278
1621,-1.383263756650967,-1.198146444418278
1622,-1.5505679291117673,-1.198146444418278
1623,-1.279446492925229,-1.198146444418278
1624,-1.1954547386245522,-1.198146444418278
1625,-1.1907249081297528,-1.198146444418278
1626,-1.1181232598532427,-1.198146444418278
1627,-0.9081255224600002,-1.198146444418278
1628,-1.103972509975189,-1.198146444418278
1629,-1.0775940271408595,-1.198146444418278
1630,-0.8865840372882086,-1.198146444418278
1631,-1.1076540256982148,-1.198146444418278
1632,-1.0545423973647445,-1.198146444418278
1633,-0.9045703155589939,-1.198146444418278
1634,-0.9431494529629665,-1.198146444418278
1635,-0.9396860907897944,-1.198146444418278
1636,-1.2549781855030826,-1.198146444418278
1637,-1.035302568880537,-1.198146444418278
1638,-1.2824939143307463,-1.198146444418278
1639,-1.357987052409167,-1.198146444418278
1640,-1.6052328724395448,-1.198146444418278
1641,-1.3778705094694295,-1.198146444418278
1642,-1.3972175061320964,-1.198146444418278
1643,-1.414537496775782,-1.198146444418278
1644,-1.5336102493313124,-1.198146444418278
1645,-1.513301598869638,-1.198146444418278
1646,-1.417896805337497,-1.198146444418278
1647,-1.3694368801381747,-1.198146444418278
1648,-1.529242459637131,-1.198146444418278
1649,-1.165658692919728,-1.198146444418278
1650,-1.1721289288236547,-1.198146444418278
1651,-1.2318328802322727,-1.198146444418278
1652,-1.0254034793389204,-1.198146444418278
1653,-1.2095558732632887,-1.198146444418278
1654,-0.9271827657648954,-1.198146444418278
1655,-0.9744835521587226,-1.198146444418278
1656,-0.964468841500563,-1.198146444418278
1657,-0.9717498096603436,-1.198146444418278
1658,-0.87854116411283,-1.198146444418278
1659,-0.8861333002921864,-1.198146444418278
1660,-1.094313144615827,-1.198146444418278
1661,-1.2287351670150304,-1.198146444418278
1662,-1.2965692293997595,-1.198146444418278
1663,-1.1214298854182174,-1.198146444418278
1664,-1.1779995693305014,-1.198146444418278
1665,-1.3901001627285172,-1.198146444418278
1666,-1.2977785140099054,-1.198146444418278
1667,-1.3911188400388363,-1.198146444418278
1668,-1.4358960076831737,-1.198146444418278
1669,-1.5721452654023322,-1.198146444418278
1670,-1.5846335566072043,-1.198146444418278
1671,-1.36341484235709,-1.198146444418278
1672,-1.3113483886330304,-1.198146444418278
1673,-1.441767849388386,-1.198146444418278
1674,-1.186408900618583,-1.198146444418278
1675,-1.190097698840431,-1.198146444418278
1676,-1.1933826953696718,-1.198146444418278
1677,-1.0084908661467915,-1.198146444418278
1678,-1.108735335249785,-1.198146444418278
1679,-0.8963505110523602,-1.198146444418278
1680,-0.8987572766249851,-1.198146444418278
1681,-0.8602879266811495,-1.198146444418278
1682,-1.0099598063372779,-1.198146444418278
1683,-1.013013113891997,-1.198146444418278
1684,-1.0121883251596462,-1.198146444418278
1685,-1.0252840607999845,-1.198146444418278
1686,-1.1537360670954548,-1.198146444418278
1687,-1.2378226548232645,-1.198146444418278
1688,-1.369178924966021,-1.198146444418278
1689,-1.3673316749883235,-1.198146444418278
1690,-1.2876721216958267,-1.198146444418278
1691,-1.2136875163605434,-1.198146444418278
1692,-1.3061491938549477,-1.198146444418278
1693,-1.599657048825122,-1.198146444418278
1694,-1.4919159365742336,-1.198146444418278
1695,-1.3982671215676488,-1.198146444418278
1696,-1.3397912842039708,-1.198146444418278
1697,-1.48839766700952,-1.198146444418278
1698,-1.2454543810229142,-1.198146444418278
1699,-1.308521835339095,-1.198146444418278
1700,-1.2921794313343014,-1.198146444418278
1701,-0.9250220367543048,-1.198146444418278
1702,-0.9971354845077995,-1.198146444418278
1703,-1.0001499681759944,-1.198146444418278
1704,-0.9579401266463368,-1.198146444418278
1705,-0.7920907393596973,-1.198146444418278
1706,-0.9495126401019668,-1.198146444418278
1707,-0.8914216131509617,-1.198146444418278
1708,-1.0961217738030204,-1.198146444418278
1709,-0.9220592783984863,-1.198146444418278
1710,-1.0656706068669417,-1.198146444418278
1711,-1.0116933194354238,-1.198146444418278
1712,-1.049812850784762,-1.198146444418278
1713,-1.2459946229601693,-1.198146444418278
1714,-1.3340562569654733,-1.198146444418278
1715,-1.3331482969952604,-1.198146444418278
1716,-1.2518297728393992,-1.198146444418278
1717,-1.4602623586372827,-1.198146444418278
1718,-1.6097223088470733,-1.198146444418278
1719,-1.5433629645293476,-1.198146444418278
1720,-1.5145239044097234,-1.198146444418278
1721,-1.500077610467835,-1.198146444418278
1722,-1.226894985901149,-1.198146444418278
1723,-1.2872092684136665,-1.198146444418278
1724,-1.2135162192570599,-1.198146444418278
1725,-1.3271118526583812,-1.198146444418278
1726,-1.025192553154111,-1.198146444418278
1727,-1.1211129706494039,-1.198146444418278
1728,-0.8954365101484767,-1.198146444418278
1729,-0.9312514046960553,-1.198146444418278
1730,-0.890311551917024,-1.198146444418278
1731,-0.9465977895978144,-1.198146444418278
1732,-1.0012209986469314,-1.198146444418278
1733,-1.032680521265604,-1.198146444418278
1734,-1.0235625120419694,-1.198146444418278
1735,-1.1523472162858817,-1.198146444418278
1736,-1.2271196926405277,-1.198146444418278
1737,-1.2084619231030589,-1.198146444418278
1738,-1.2044833395363703,-1.198146444418278
1739,-1.2169615484455205,-1.198146444418278
1740,-1.4100768787062463,-1.198146444418278
1741,-1.3665653729782583,-1.198146444418278
1742,-1.4404676288227474,-1.198146444418278
1743,-1.4963091689685004,-1.198146444418278
1744,-1.5064192970816694,-1.198146444418278
1745,-1.210470996861082,-1.198146444418278
1746,-1.4931400994132888,-1.198146444418278
1747,-1.4543301155719388,-1.198146444418278
1748,-1.3177331307774063,-1.198146444418278
1749,-1.4830042148065423,-1.198146444418278
1750,-1.1116811375085576,-1.198146444418278
1751,-1.1234237449315418,-1.198146444418278
1752,-0.9578611995692463,-1.198146444418278
1753,-1.1910470055196019,-1.198146444418278
1754,-0.8698275020157081,-1.198146444418278
1755,-0.8048644019930978,-1.198146444418278
1756,-1.0529444533382704,-1.198146444418278
1757,-0.9763814952789414,-1.198146444418278
1758,-0.992886850333481,-1.198146444418278
1759,-1.28687298748038,-1.4988463724202723
1760,-1.4656172136883556,-1.4988463724202723
1761,-1.306853249544555,-1.4988463724202723
1762,-1.6904874241375318,-1.4988463724202723
1763,-1.7052160667659493,-1.4988463724202723
1764,-1.4953171808599857,-1.4988463724202723
1765,-1.8721556221083813,-1.4988463724202723
1766,-1.7193659681655367,-1.4988463724202723
1767,-1.9303196296755145,-1.4988463724202723
1768,-1.6815295929616338,-1.4988463724202723
1769,-1.7484110340827612,-1.4988463724202723
1770,-1.7012546229306031,-1.4988463724202723
1771,-1.850453861412261,-1.4988463724202723
1772,-1.7474132062143617,-1.4988463724202723
1773,-1.7109291061781817,-1.4988463724202723
1774,-1.5134387688532527,-1.4988463724202723
1775,-1.6339159590454821,-1.4988463724202723
1776,-1.5457988266414568,-1.4988463724202723
1777,-1.5393231474991282,-1.4988463724202723
1778,-1.1573949939234456,-1.4988463724202723
1779,-1.1975953681992844,-1.4988463724202723
1780,-1.1995371243614463,-1.4988463724202723
1781,-1.2587424334863861,-1.4988463724202723
1782,-1.2951496484326326,-1.4988463724202723
1783,-1.2410392786033488,-1.4988463724202723
1784,-1.3891915844125902,-1.4988463724202723
1785,-1.448854906088519,-1.4988463724202723
1786,-1.3355456891692277,-1.4988463724202723
1787,-1.4291571728248982,-1.4988463724202723
1788,-1.6549528247312164,-1.4988463724202723
1789,-1.4716448703888327,-1.4988463724202723
1790,-1.614043769873969,-1.4988463724202723
1791,-1.5050775678933141,-1.4988463724202723
1792,-1.7439281030341884,-1.4988463724202723
1793,-1.7358561199450433,-1.4988463724202723
1794,-1.6473773871703812,-1.4988463724202723
1795,-1.6767635121791056,-1.4988463724202723
1796,-1.747336088326494,-1.4988463724202723
1797,-1.7053220561371987,-1.4988463724202723
1798,-1.6192936539403797,-1.4988463724202723
1799,-1.591910524009699,-1.4988463724202723
1800,-1.432275951288111,-1.4988463724202723
1801,-1.4614315641059599,-1.4988463724202723
1802,-1.159027339536853,-1.4988463724202723
1803,-1.3178646058660481,-1.4988463724202723
1804,-1.2277195953368634,-1.4988463724202723
1805,-1.1995294496406488,-1.4988463724202723
1806,0.5083010309562294,0.32716894804202934
1807,0.5437866603814436,0.32716894804202934
1808,0.3470051742504168,0.32716894804202934
1809,0.6085230612849037,0.32716894804202934
1810,0.43513132074774474,0.32716894804202934
1811,0.49728680752164434,0.32716894804202934
1812,0.21996228528040518,0.32716894804202934
1813,0.26474955894506896,0.32716894804202934
1814,0.174609897779858,0.32716894804202934
1815,0.29644772069426173,0.32716894804202934
1816,0.2779559473799613,0.32716894804202934
1817,-0.010742685343471947,0.32716894804202934
1818,0.0705063409224885,0.32716894804202934
1819,-0.007749361198574639,0.32716894804202934
1820,0.19188832484809798,0.32716894804202934
1821,0.28056538802706465,0.32716894804202934
1822,0.10561754635161302,0.32716894804202934
1823,0.003621311373919134,0.32716894804202934
1824,0.36306100598911817,0.32716894804202934
1825,0.4227306865255596,0.32716894804202934
1826,0.4930547397420594,0.32716894804202934
1827,0.6380923717435312,0.32716894804202934
1828,0.656954807276771,0.32716894804202934
1829,0.43641741809213147,0.32716894804202934
1830,0.8884491796494862,0.32716894804202934
1831,0.7158754070559104,0.32716894804202934
1832,0.5869497489748001,0.32716894804202934
1833,0.5807724374514839,0.32716894804202934
1834,0.5884320515521142,0.32716894804202934
1835,0.5050598440978942,0.32716894804202934
1836,0.3038671246124575,0.32716894804202934
1837,0.30987906166650636,0.32716894804202934
1838,0.37477787880191343,0.32716894804202934
1839,0.2550187751446669,0.32716894804202934
1840,0.11750470233948802,0.32716894804202934
1841,0.07904590266383335,0.32716894804202934
1842,-0.013055942634993184,0.32716894804202934
1843,0.07182472826797312,0.32716894804202934
1844,-0.02037850172282535,0.32716894804202934
1845,0.2611941328060878,0.32716894804202934
1846,0.019020509815213832,0.32716894804202934
1847,0.28578345681932493,0.32716894804202934
1848,0.0737318414971582,0.32716894804202934
1849,0.2489075112405194,0.32716894804202934
1850,0.24088749925645475,0.32716894804202934
1851,0.40763862885368174,0.32716894804202934
1852,0.6385584078346573,0.32716894804202934
1853,0.5872892098128626,0.32716894804202934
1854,0.4792122482739394,0.32716894804202934
1855,0.6475166828943943,0.32716894804202934
1856,0.3337988909783653,0.32716894804202934
1857,0.8756266503020089,0.32716894804202934
1858,0.45767851438005247,0.32716894804202934
1859,0.6433516660216325,0.32716894804202934
1860,0.37898796965005044,0.32716894804202934
1861,0.5895301014029914,0.32716894804202934
1862,0.424989674198531,0.32716894804202934
1863,0.4394437172025382,0.32716894804202934
1864,0.37856211104687765,0.32716894804202934
1865,0.1226143657730501,0.32716894804202934
1866,0.11055938317008274,0.32716894804202934
1867,0.2589841746583891,0.32716894804202934
1868,0.18225347538085424,0.32716894804202934
1869,0.09675442869109951,0.32716894804202934
1870,-0.03248523148698981,0.32716894804202934
1871,0.10653992349732036,0.32716894804202934
1872,-0.025704979712488585,0.32716894804202934
1873,0.24028392627867995,0.32716894804202934
1874,0.25352684834997774,0.32716894804202934
1875,0.5043054599945712,0.32716894804202934
1876,0.5490215167990956,0.32716894804202934
1877,0.4766488931324415,0.32716894804202934
1878,0.5483713971820454,0.32716894804202934
1879,0.6272298844850699,0.32716894804202934
1880,0.3515055271428261,0.32716894804202934
1881,0.7453048257318161,0.32716894804202934
1882,0.47020725245768863,0.32716894804202934
1883,0.37952837950378493,0.32716894804202934
1884,0.6809950315125555,0.32716894804202934
1885,0.40119111553980696,0.32716894804202934
1886,0.28342497157566626,0.32716894804202934
1887,0.4739814432087841,0.32716894804202934
1888,0.14302455858167445,0.32716894804202934
1889,0.4582325428457872,0.32716894804202934
1890,0.3384915625413481,0.32716894804202934
1891,-0.008141161453369267,0.32716894804202934
1892,0.10346064425347037,0.32716894804202934
1893,0.06392233633721434,0.32716894804202934
1894,0.07096549678276276,0.32716894804202934
1895,0.1570489697337072,0.32716894804202934
1896,0.39359064371893565,0.32716894804202934
1897,0.167518296105593,0.32716894804202934
1898,0.08911898346100455,0.32716894804202934
1899,0.2932755435556199,0.32716894804202934
1900,0.47080927195556044,0.32716894804202934
1901,0.6159655986266273,0.32716894804202934
1902,0.5427110698010821,0.32716894804202934
1903,0.6444837218614683,0.32716894804202934
1904,0.47929584461613384,0.32716894804202934
1905,0.49913154678009936,0.32716894804202934
1906,0.6317269419814449,0.32716894804202934
1907,0.7062047292688576,0.32716894804202934
1908,0.5126863667620514,0.32716894804202934
1909,0.5686656322447937,0.32716894804202934
1910,0.38468059694489254,0.32716894804202934
1911,0.36580816563911467,0.32716894804202934
1912,0.08017452214452198,0.32716894804202934
1913,0.29753729640446563,0.32716894804202934
1914,0.3128246457590099,0.32716894804202934
1915,0.17598956196409174,0.32716894804202934
1916,0.27026980250224064,0.32716894804202934
1917,-0.007389874533299978,0.32716894804202934
1918,0.21583080336224506,0.32716894804202934
1919,-0.08055176062648214,0.32716894804202934
1920,0.10838157261230547,0.32716894804202934
1921,-0.03736849605575848,0.32716894804202934
1922,0.28368357256038335,0.32716894804202934
1923,-0.10377427859433401,0.32716894804202934
1924,0.12963172990110733,0.32716894804202934
1925,0.3290386796013356,0.32716894804202934
1926,0.3615178446532142,0.32716894804202934
1927,0.35486929509760357,0.32716894804202934
1928,0.34882785550309353,0.32716894804202934
1929,0.5628262244914325,0.32716894804202934
1930,0.5851528842380233,0.32716894804202934
1931,0.7271018972826901,0.32716894804202934
1932,0.6916236216329189,0.32716894804202934
1933,0.6631818687073882,0.32716894804202934
1934,0.5942003017671416,0.32716894804202934
1935,0.4271028958619529,0.32716894804202934
1936,0.427843813230433,0.32716894804202934
1937,0.3134137900866037,0.32716894804202934
1938,0.342700507954584,0.32716894804202934
1939,0.2582148209649571,0.32716894804202934
1940,0.3614318681001115,0.32716894804202934
1941,0.03978772374195941,0.32716894804202934
1942,0.02713623735801804,0.32716894804202934
1943,0.11166510699104393,0.32716894804202934
1944,0.07025731113200043,0.32716894804202934
1945,-0.0015590441738392857,0.32716894804202934
1946,0.09084322316967439,0.32716894804202934
1947,0.23144633548262816,0.32716894804202934
1948,0.4389393376362556,0.32716894804202934
1949,0.07385807484743975,0.32716894804202934
1950,0.17488317270331075,0.32716894804202934
1951,0.29056253618799416,0.32716894804202934
1952,0.4641722763757934,0.32716894804202934
1953,0.5022540303230052,0.32716894804202934
1954,0.5026624014712825,0.32716894804202934
1955,0.5120892056392852,0.32716894804202934
1956,0.732554107636254,0.32716894804202934
1957,0.6058676281763347,0.32716894804202934
1958,0.46104053258242295,0.32716894804202934
1959,0.4160528203016212,0.32716894804202934
1960,0.4347276589652889,0.32716894804202934
1961,0.4231789323639047,0.32716894804202934
1962,0.4291252162444238,0.32716894804202934
1963,0.21235290118631595,0.32716894804202934
1964,0.18729814155342905,0.32716894804202934
1965,0.29107013081270183,0.32716894804202934
1966,0.04860802043815618,0.32716894804202934
1967,0.13660385604360006,0.32716894804202934
1968,0.1643972410984544,0.32716894804202934
1969,0.06200590014106169,0.32716894804202934
1970,-0.023079613454852627,0.32716894804202934
1971,-0.0556842295095665,0.32716894804202934
1972,0.12808028791169326,0.32716894804202934
1973,0.26655509733885163,0.32716894804202934
1974,0.1478342623018511,0.32716894804202934
1975,0.2837673672107103,0.32716894804202934
1976,0.30135103416106646,0.32716894804202934
1977,0.4102676134155481,0.32716894804202934
1978,0.6757359221166335,0.32716894804202934
1979,0.6619193224946065,0.32716894804202934
1980,0.5706233369502768,0.32716894804202934
1981,0.5746111960243474,0.32716894804202934
1982,0.7145905808508395,0.32716894804202934
1983,0.6185020798788731,0.32716894804202934
1984,0.5622457113689744,0.32716894804202934
1985,0.482281195140175,0.32716894804202934
1986,0.4569931855420652,0.32716894804202934
1987,0.320996564441237,0.32716894804202934
1988,0.18187980398270417,0.32716894804202934
1989,0.15140250172268716,0.32716894804202934
1990,0.11039077394546613,0.32716894804202934
1991,0.1587203427877073,0.32716894804202934
1992,0.10203911516027703,0.32716894804202934
1993,0.09389929983086831,0.32716894804202934
1994,-0.044023906022027465,0.32716894804202934
1995,0.14646649433678774,0.32716894804202934
1996,0.13232383164784245,0.32716894804202934
1997,-0.151225203409363,0.32716894804202934
1998,0.17560528850734083,0.32716894804202934
1999,0.19245412742939844,0.32716894804202934
2000,0.49238022178781826,0.32716894804202934
2001,0.3601784126276115,0.32716894804202934
2002,0.4695513054938032,0.32716894804202934
2003,0.5784886369514757,0.32716894804202934
2004,0.5778197585806042,0.32716894804202934
2005,0.5790479369996355,0.32716894804202934
2006,0.8051981909190156,0.32716894804202934
2007,0.675330151717492,0.32716894804202934
2008,0.6024838186230586,0.32716894804202934
2009,0.5941821923539525,0.32716894804202934
2010,0.40528142879511553,0.32716894804202934
2011,0.5791377594197007,0.32716894804202934
2012,0.40959552298800744,0.32716894804202934
2013,0.27274524061746536,0.32716894804202934
2014,0.18848798870833422,0.32716894804202934
2015,0.23040266877690785,0.32716894804202934
2016,0.14336964404695976,0.32716894804202934
2017,0.09393125572254377,0.32716894804202934
2018,0.07265647500352856,0.32716894804202934
2019,-0.1057159302755046,0.32716894804202934
2020,0.0759346528861963,0.32716894804202934
2021,-0.09248643386122893,0.32716894804202934
2022,0.26534786207339156,0.32716894804202934
2023,0.18088842872981453,0.32716894804202934
2024,0.25016272197554024,0.32716894804202934
2025,0.3241190721885754,0.32716894804202934
2026,0.4882126597094003,0.32716894804202934
2027,0.4097171686036596,0.32716894804202934
2028,0.41344929367356054,0.32716894804202934
2029,0.5182853540700936,0.32716894804202934
2030,0.6013095213439994,0.32716894804202934
2031,0.5228570865415413,0.32716894804202934
2032,0.6188888088048543,0.32716894804202934
2033,0.5277916581836058,0.32716894804202934
2034,0.6514032611658123,0.32716894804202934
2035,0.4275776338170053,0.32716894804202934
2036,0.34104083302074173,0.32716894804202934
2037,0.20881543043788336,0.32716894804202934
2038,0.3324565265755009,0.32716894804202934
2039,0.2746061451042081,0.32716894804202934
2040,0.030896006232873738,0.32716894804202934
2041,0.10194750408536718,0.32716894804202934
2042,-0.006739430098526983,0.32716894804202934
2043,0.08202637763260692,0.32716894804202934
2044,-0.05800444755372455,0.32716894804202934
2045,0.12646502030066248,0.32716894804202934
2046,0.15361331298064512,0.32716894804202934
2047,0.2711633582001982,0.32716894804202934
2048,0.14458486730430653,0.32716894804202934
2049,0.052008181049179626,0.32716894804202934
2050,0.34803516625217434,0.32716894804202934
2051,0.2645051495278176,0.32716894804202934
2052,0.2000161207636032,0.32716894804202934
2053,0.6729365354138956,0.32716894804202934
2054,0.7238307250247829,0.32716894804202934
2055,0.6989075771106724,0.32716894804202934
2056,0.5292242122749676,0.32716894804202934
2057,0.3713120882908489,0.32716894804202934
2058,0.5015759911272782,0.32716894804202934
2059,0.38038968436749176,0.32716894804202934
2060,0.4687700859982595,0.32716894804202934
2061,0.42512707817975803,0.32716894804202934
2062,0.398360893169944,0.32716894804202934
2063,0.4628865509178019,0.32716894804202934
2064,0.3337335185289735,0.32716894804202934
2065,0.3153623506483415,0.32716894804202934
2066,0.12164795687479169,0.32716894804202934
2067,0.008004950596831262,0.32716894804202934
2068,-0.012845796475370208,0.32716894804202934
2069,-0.07594672968179572,0.32716894804202934
2070,0.17401175747107345,0.32716894804202934
2071,0.21489265191889642,0.32716894804202934
2072,0.26798961548210753,0.32716894804202934
2073,0.2670845199726739,0.32716894804202934
2074,0.23122196470325865,0.32716894804202934
2075,0.4282731756307783,0.32716894804202934
2076,0.32312135984157053,0.32716894804202934
2077,0.48615396647667053,0.32716894804202934
2078,0.5258171319176702,0.32716894804202934
2079,0.4786059934896344,0.32716894804202934
2080,0.6035656564983085,0.32716894804202934
2081,0.5058166981971655,0.32716894804202934
2082,0.5566535165658869,0.32716894804202934
2083,0.700407494964604,0.32716894804202934
2084,0.6612278020404767,0.32716894804202934
2085,0.2618163931562485,0.32716894804202934
2086,0.3288214319949278,0.32716894804202934
2087,0.40288938267525987,0.32716894804202934
2088,0.24086758748187237,0.32716894804202934
2089,0.12016057822660052,0.32716894804202934
2090,0.2331410985541273,0.32716894804202934
2091,0.07633621177009978,0.32716894804202934
2092,0.004015643242794159,0.32716894804202934
2093,0.07175144907537356,0.32716894804202934
2094,0.03708872506076133,0.32716894804202934
2095,0.11214518149295338,0.32716894804202934
2096,0.1847712129963574,0.32716894804202934
2097,0.0750966930502526,0.32716894804202934
2098,0.23479445298026114,0.32716894804202934
2099,0.2804275873924088,0.32716894804202934
2100,0.19102061043975452,0.32716894804202934
2101,0.40993231169070526,0.32716894804202934
2102,0.4847730773232879,0.32716894804202934
2103,0.4443041486576388,0.32716894804202934
2104,0.6105470427379008,0.32716894804202934
2105,0.7160706824426485,0.32716894804202934
2106,0.6289783232851605,0.32716894804202934
2107,0.7297263508783085,0.32716894804202934
2108,0.5281227025792903,0.32716894804202934
2109,0.4824799374234211,0.32716894804202934
2110,0.5602850849681026,0.32716894804202934
2111,0.37640578352395104,0.32716894804202934
2112,0.46442755490600823,0.32716894804202934
2113,0.2530175092489395,0.32716894804202934
2114,0.25222467662340425,0.32716894804202934
2115,0.2070465182122867,0.32716894804202934
2116,0.17300315257052007,0.32716894804202934
2117,-0.046836026767299116,0.32716894804202934
2118,0.025534737131221785,0.32716894804202934
2119,-0.04011922081696698,0.32716894804202934
2120,-0.10014302258750113,0.32716894804202934
2121,0.1866862970193686,0.32716894804202934
2122,0.15292525485887534,0.32716894804202934
2123,0.24538844955661332,0.32716894804202934
2124,0.19294800243689036,0.32716894804202934
2125,0.31811423656063903,0.32716894804202934
2126,0.3857061728725306,0.32716894804202934
2127,0.34032918569208753,0.32716894804202934
2128,0.5246077266252963,0.32716894804202934
2129,0.648119216341823,0.32716894804202934
2130,0.6082045599225216,0.32716894804202934
2131,0.6251483246144993,0.32716894804202934
2132,0.6369700592428709,0.32716894804202934
2133,0.4404154916322208,0.32716894804202934
2134,0.5086470679371742,0.32716894804202934
2135,0.5338437953841528,0.32716894804202934
2136,0.3446109724756456,0.32716894804202934
2137,0.49002723105251594,0.32716894804202934
2138,0.3003944946927436,0.32716894804202934
2139,0.2678143734421446,0.32716894804202934
2140,0.18910703857536826,0.32716894804202934
2141,0.20549660214792176,0.32716894804202934
2142,0.13813473948969338,0.32716894804202934
2143,-0.03564625520534495,0.32716894804202934
2144,0.298676805379767,0.32716894804202934
2145,0.2406893922313665,0.32716894804202934
2146,0.08945559979033735,0.32716894804202934
2147,0.25892236541614033,0.32716894804202934
2148,0.09048170355086577,0.32716894804202934
2149,0.3127417136031135,0.32716894804202934
2150,0.2248208684475932,0.32716894804202934
2151,0.37164336670009623,0.32716894804202934
2152,0.20260524658976234,0.32716894804202934
2153,0.5188156697633498,0.32716894804202934
2154,0.6505937936266052,0.32716894804202934
2155,0.6504275904962327,0.32716894804202934
2156,0.680153153225585,0.32716894804202934
2157,0.4898523013455425,0.32716894804202934
2158,0.5131374899945096,0.32716894804202934
2159,0.5818557197163796,0.32716894804202934
2160,0.4616903649961909,0.32716894804202934
2161,0.33922384175659526,0.32716894804202934
2162,0.4020880426028241,0.32716894804202934
2163,0.4190100298312761,0.32716894804202934
2164,0.3684683042521495,0.32716894804202934
2165,0.1059318202157662,0.32716894804202934
2166,0.10201496605897864,0.32716894804202934
2167,-0.010840949788543969,0.32716894804202934
2168,0.04033530684098316,0.32716894804202934
2169,0.13582920566027024,0.32716894804202934
2170,-0.07484221912893135,0.32716894804202934
2171,0.04017401719323732,0.32716894804202934
2172,0.2665280362144026,0.32716894804202934
2173,0.15926988911661732,0.32716894804202934
2174,0.20983031302216867,0.32716894804202934
2175,0.3031418355496114,0.32716894804202934
2176,0.43167963159223155,0.32716894804202934
2177,0.537304018552711,0.32716894804202934
2178,0.5592792483748291,0.32716894804202934
2179,0.7533336692939236,0.32716894804202934
2180,0.6558118371864371,0.32716894804202934
2181,0.5917726618126228,0.32716894804202934
2182,0.4344551347781898,0.32716894804202934
2183,0.5649770245586543,0.32716894804202934
2184,0.5971694900596834,0.32716894804202934
2185,0.3904142551362163,0.32716894804202934
2186,0.5352447783946706,0.32716894804202934
2187,0.47858961994126964,0.32716894804202934
2188,0.36332770035405165,0.32716894804202934
2189,0.33915182500170077,0.32716894804202934
2190,0.155893287392687,0.32716894804202934
2191,0.08163958470894744,0.32716894804202934
2192,0.15450452986083552,0.32716894804202934
2193,0.10135808326519749,0.32716894804202934
2194,0.06239689783371519,0.32716894804202934
2195,0.2172725645224661,0.32716894804202934
2196,-0.007511172461501736,0.32716894804202934
2197,0.18191805687499876,0.32716894804202934
2198,0.2691584851610305,0.32716894804202934
2199,0.4177897875138127,0.32716894804202934
2200,0.440288859658754,0.32716894804202934
2201,0.30859098080809744,0.32716894804202934
2202,0.46594576724125675,0.32716894804202934
2203,0.5290430032658435,0.32716894804202934
2204,0.5962170904172726,0.32716894804202934
2205,0.6431631339064051,0.32716894804202934
2206,0.49676117770868744,0.32716894804202934
2207,0.6108650425246426,0.32716894804202934
2208,0.3925999332902285,0.32716894804202934
2209,0.4667718464434373,0.32716894804202934
2210,0.4154931754436881,0.32716894804202934
2211,0.469524657709005,0.32716894804202934
2212,0.6199848472763919,0.32716894804202934
2213,0.36427124559262164,0.32716894804202934
2214,0.21577821547704318,0.32716894804202934
2215,0.19447385872507233,0.32716894804202934
2216,0.11838593615774018,0.32716894804202934
2217,-0.08848550956655174,0.32716894804202934
2218,-0.04850087323962818,0.32716894804202934
2219,0.13209099216457132,0.32716894804202934
2220,0.05276387142631414,0.32716894804202934
2221,0.019784080603842652,0.32716894804202934
2222,0.27317811907427647,0.32716894804202934
2223,0.3064628064982248,0.32716894804202934
2224,0.1847245843915214,0.32716894804202934
2225,0.26591561813157666,0.32716894804202934
2226,0.32126071809027235,0.32716894804202934
2227,0.5114983794127321,0.32716894804202934
2228,0.6285803984390479,0.32716894804202934
2229,0.40255682560753725,0.32716894804202934
2230,0.5659927033765364,0.32716894804202934
2231,0.4650411654799085,0.32716894804202934
2232,0.6602802368044246,0.32716894804202934
2233,0.7223807534951281,0.32716894804202934
2234,0.6120746629805109,0.32716894804202934
2235,0.24294987420439196,0.32716894804202934
2236,0.30102998017070054,0.32716894804202934
2237,0.43726568182574393,0.32716894804202934
2238,0.3102987720980672,0.32716894804202934
2239,0.3213265289849185,0.32716894804202934
2240,0.2970713873893287,0.32716894804202934
2241,0.12663679298875644,0.32716894804202934
2242,-0.0027916171220436214,0.32716894804202934
2243,0.0039265587477697594,0.32716894804202934
2244,0.05920950370191219,0.32716894804202934
2245,0.08946938520381706,0.32716894804202934
2246,0.25404698759638267,0.32716894804202934
2247,-0.03896548221149329,0.32716894804202934
2248,0.3354841345269162,0.32716894804202934
2249,0.2157012109652595,0.32716894804202934
2250,0.21449016197059886,0.32716894804202934
2251,0.4178905701288396,0.32716894804202934
2252,0.3138761855876687,0.32716894804202934
2253,0.31908293709184565,0.32716894804202934
2254,0.550198938971192,0.32716894804202934
2255,0.5631248048537805,0.32716894804202934
2256,0.5668195549821778,0.32716894804202934
2257,0.6174987723928876,0.32716894804202934
2258,0.579222697042667,0.32716894804202934
2259,0.4622562191439875,0.32716894804202934
2260,0.7586234707615839,0.32716894804202934
2261,0.488085408285185,0.32716894804202934
2262,0.46508507806531096,0.32716894804202934
2263,0.3321814752202671,0.32716894804202934
2264,-0.01918924034443875,0.32716894804202934
2265,0.3461995097524354,0.32716894804202934
2266,0.19593620277807516,0.32716894804202934
2267,-0.037491254426061243,0.32716894804202934
2268,0.11406553594467939,0.32716894804202934
2269,0.033820086113223596,0.32716894804202934
2270,0.05589575325868909,0.32716894804202934
2271,0.12503918185102733,0.32716894804202934
2272,-0.10841493480393916,0.32716894804202934
2273,-0.020711515183828716,0.32716894804202934
2274,0.30237481430760277,0.32716894804202934
2275,0.15576652432276666,0.32716894804202934
2276,0.23111959163889056,0.32716894804202934
2277,0.5324010784957065,0.32716894804202934
2278,0.6380895096527897,0.32716894804202934
2279,0.6905021314957496,0.32716894804202934
2280,0.7030227440743215,0.32716894804202934
2281,0.4186542266896536,0.32716894804202934
2282,0.397163729901093,0.32716894804202934
2283,0.4812084086943391,0.32716894804202934
2284,0.5701527846652732,0.32716894804202934
2285,0.6266303915926988,0.32716894804202934
2286,0.5530448978490307,0.32716894804202934
2287,0.5278423691662454,0.32716894804202934
2288,0.34232294737804225,0.32716894804202934
2289,0.356371062625504,0.32716894804202934
2290,0.04773139830617601,0.32716894804202934
2291,0.19366301630276894,0.32716894804202934
2292,0.16708698361547267,0.32716894804202934
2293,0.0016926878400958523,0.32716894804202934
2294,0.09290750879536466,0.32716894804202934
2295,0.08465502793436896,0.32716894804202934
2296,-0.02454771057241989,0.32716894804202934
2297,0.04327007283724055,0.32716894804202934
2298,0.060897620530565244,0.32716894804202934
2299,0.3882665384414133,0.32716894804202934
2300,0.32080072569290513,0.32716894804202934
2301,0.32446621942653076,0.32716894804202934
2302,0.49628073881144363,0.32716894804202934
2303,0.5173429058389846,0.32716894804202934
2304,0.6076945912549712,0.32716894804202934
2305,0.526438728849844,0.32716894804202934
2306,0.5333494431043111,0.32716894804202934
2307,0.5557253046498889,0.32716894804202934
2308,0.682526355975192,0.32716894804202934
2309,0.5388918479100436,0.32716894804202934
2310,0.5026667789210797,0.32716894804202934
2311,0.38254519715757107,0.32716894804202934
2312,0.2777564658833871,0.32716894804202934
2313,0.37861962145034717,0.32716894804202934
2314,0.22210509906474502,0.32716894804202934
2315,0.10545037657114098,0.32716894804202934
2316,0.15334149542696512,0.32716894804202934
2317,0.15061159316139372,0.32716894804202934
2318,-0.031051202137244466,0.32716894804202934
2319,0.04848667456343017,0.32716894804202934
2320,0.08256028270775684,0.32716894804202934
2321,0.11087921739088466,0.32716894804202934
2322,0.007969240607403894,0.32716894804202934
2323,0.14980715819537654,0.32716894804202934
2324,0.24370257406535886,0.32716894804202934
2325,0.24217558024617414,0.32716894804202934
2326,0.5720925139184716,0.32716894804202934
2327,0.3315514239014658,0.32716894804202934
2328,0.5868968079546146,0.32716894804202934
2329,0.4739556658516283,0.32716894804202934
2330,0.5601183843945501,0.32716894804202934
2331,0.4704676038539436,0.32716894804202934
2332,0.6405071766728121,0.32716894804202934
2333,0.5054220813441401,0.32716894804202934
2334,0.5574578514037943,0.32716894804202934
2335,0.5190603553748286,0.32716894804202934
2336,0.3282261096901341,0.32716894804202934
2337,0.4693937904998356,0.32716894804202934
2338,0.28225197700767946,0.32716894804202934
2339,0.16660643495367544,0.32716894804202934
2340,0.2569240749253186,0.32716894804202934
2341,0.09682461400276471,0.32716894804202934
2342,-0.027041734331457984,0.32716894804202934
2343,0.054251712830516774,0.32716894804202934
2344,0.08159545724329531,0.32716894804202934
2345,-0.019897850837649472,0.32716894804202934
2346,0.06847682355039442,0.32716894804202934
2347,0.10782937420643543,0.32716894804202934
2348,0.20945570701062738,0.32716894804202934
2349,0.046170378703159334,0.32716894804202934
2350,0.4022846452510161,0.32716894804202934
2351,0.3479502760077101,0.32716894804202934
2352,0.40835905941721595,0.32716894804202934
2353,0.49809874857082886,0.32716894804202934
2354,0.6267166649695448,0.32716894804202934
2355,0.7914356292927813,0.32716894804202934
2356,0.3032902348707782,0.32716894804202934
2357,0.5300174054329312,0.32716894804202934
2358,0.6311498689957818,0.32716894804202934
2359,0.33784077690147873,0.32716894804202934
2360,0.3742180088028326,0.32716894804202934
2361,0.5153159406613992,0.32716894804202934
2362,0.42595581114652903,0.32716894804202934
2363,0.19621811536872397,0.32716894804202934
2364,0.5253831717314152,0.32716894804202934
2365,-0.006445224614070072,0.32716894804202934
2366,0.02517437692486646,0.32716894804202934
2367,0.18380287391553377,0.32716894804202934
2368,0.16373216573728117,0.32716894804202934
2369,0.2934550721669857,0.32716894804202934
2370,0.01252125453355249,0.32716894804202934
2371,-0.005529609759767046,0.32716894804202934
2372,-0.022092247766472825,0.32716894804202934
2373,0.2187221178421077,0.32716894804202934
2374,0.32848722881672754,0.32716894804202934
2375,0.26980363521528666,0.32716894804202934
2376,0.4583698092409948,0.32716894804202934
2377,0.3817287856371713,0.32716894804202934
2378,0.4477145560859366,0.32716894804202934
2379,0.6471879309435586,0.32716894804202934
2380,0.6755573753306314,0.32716894804202934
2381,0.6736725552176228,0.32716894804202934
2382,0.616237946434308,0.32716894804202934
2383,0.5545256870550368,0.32716894804202934
2384,0.5356788994379704,0.32716894804202934
2385,0.6415455497095077,0.32716894804202934
2386,0.16028790628222858,0.32716894804202934
2387,0.2965516955673439,0.32716894804202934
2388,0.30355522804464496,0.32716894804202934
2389,0.14915978856406797,0.32716894804202934
2390,0.3614843760992503,0.32716894804202934
2391,0.024737346645782615,0.32716894804202934
2392,0.17162000257945145,0.32716894804202934
2393,0.06392079620182511,0.32716894804202934
2394,-0.05817346885085167,0.32716894804202934
2395,0.1798805483391385,0.32716894804202934
2396,0.06897250786609521,0.32716894804202934
2397,0.07473358956293563,0.32716894804202934
2398,0.31837157353404155,0.32716894804202934
2399,0.422565971620952,0.32716894804202934
2400,0.2350590705857913,0.32716894804202934
2401,0.5737970923981464,0.32716894804202934
2402,0.43710701567838517,0.32716894804202934
2403,0.5370883678718252,0.32716894804202934
2404,0.7789234361435654,0.32716894804202934
2405,0.46820347521154976,0.32716894804202934
2406,0.5832145715520723,0.32716894804202934
2407,0.31031963700546367,0.32716894804202934
2408,0.7107733024859856,0.32716894804202934
2409,0.6033154353544485,0.32716894804202934
2410,0.3900116193970348,0.32716894804202934
2411,0.397474357691877,0.32716894804202934
2412,0.5072193769416667,0.32716894804202934
2413,0.2624641738720348,0.32716894804202934
2414,0.2945878658483653,0.32716894804202934
2415,0.24155985303192495,0.32716894804202934
2416,0.21411127375412592,0.32716894804202934
2417,-0.03985457464272529,0.32716894804202934
2418,-0.06468183387826704,0.32716894804202934
2419,0.07364081688333432,0.32716894804202934
2420,-0.09679018637089001,0.32716894804202934
2421,0.10190058000717739,0.32716894804202934
2422,0.04505717257393832,0.32716894804202934
2423,0.10675746655987367,0.32716894804202934
2424,0.23144292179452805,0.32716894804202934
2425,0.34180813087715545,0.32716894804202934
2426,0.45137543492269594,0.32716894804202934
2427,0.5312805680956679,0.32716894804202934
2428,0.5827323513122007,0.32716894804202934
2429,0.6385032462783147,0.32716894804202934
2430,0.5565215971426085,0.32716894804202934
2431,0.7274641321982421,0.32716894804202934
2432,0.4353679167144314,0.32716894804202934
2433,0.6729403249554274,0.32716894804202934
2434,0.4349079280541643,0.32716894804202934
2435,0.4207549318096139,0.32716894804202934
2436,0.4215250086007007,0.32716894804202934
2437,0.39232982925824594,0.32716894804202934
2438,0.3384718328043025,0.32716894804202934
2439,0.35951103532820483,0.32716894804202934
2440,0.22292169903396192,0.32716894804202934
2441,0.05918432654006775,0.32716894804202934
2442,0.08699536347797318,0.32716894804202934
2443,0.00010226280905537011,0.32716894804202934
2444,0.059942271680482606,0.32716894804202934
2445,0.03509799927892068,0.32716894804202934
2446,0.20202048445683143,0.32716894804202934
2447,0.07758239932526786,0.32716894804202934
2448,0.19898031398817284,0.32716894804202934
2449,0.25230338476342695,0.32716894804202934
2450,0.336940245546834,0.32716894804202934
2451,0.33098693805471724,0.32716894804202934
2452,0.38702867159941623,0.32716894804202934
2453,0.6097884062167482,0.32716894804202934
2454,0.4629172793046201,0.32716894804202934
2455,0.7014342792962257,0.32716894804202934
2456,0.6269230796306581,0.32716894804202934
2457,0.47136234541706246,0.32716894804202934
2458,0.7679452877536398,0.32716894804202934
2459,0.5568699095367121,0.32716894804202934
2460,0.41640497843347324,0.32716894804202934
2461,0.37930803296672877,0.32716894804202934
2462,0.34249227011909533,0.32716894804202934
2463,0.17937648659618521,0.32716894804202934
2464,0.35934207261468193,0.32716894804202934
2465,0.2850606736549348,0.32716894804202934
2466,0.07525455833096295,0.32716894804202934
2467,-0.04130391988999621,0.32716894804202934
2468,0.05978829713197087,0.32716894804202934
2469,0.01922821935159108,0.32716894804202934
2470,0.030452336061089907,0.32716894804202934
2471,0.3551128467075921,0.32716894804202934
2472,0.12522048741119235,0.32716894804202934
2473,0.1549559583157567,0.32716894804202934
2474,0.3550281874835901,0.32716894804202934
2475,0.45424537518436825,0.32716894804202934
2476,0.3457703936389102,0.32716894804202934
2477,0.38488238424516724,0.32716894804202934
2478,0.6418753165098228,0.32716894804202934
2479,0.6055189857389112,0.32716894804202934
2480,0.416887618342515,0.32716894804202934
2481,0.5695593904193862,0.32716894804202934
2482,0.6291703374542466,0.32716894804202934
2483,0.6823718381218046,0.32716894804202934
2484,0.4231025994117465,0.32716894804202934
2485,0.503938747309013,0.32716894804202934
2486,0.44150669051672886,0.32716894804202934
2487,0.24866554142198882,0.32716894804202934
2488,0.25454071593144606,0.32716894804202934
2489,0.26760321195559744,0.32716894804202934
2490,0.1558991683510387,0.32716894804202934
2491,0.1462254900064789,0.32716894804202934
2492,0.22172312273359387,0.32716894804202934
2493,0.07529188112735921,0.32716894804202934
2494,-0.05452809988274354,0.32716894804202934
2495,-0.007835372832886212,0.32716894804202934
2496,0.08286514815993343,0.32716894804202934
2497,0.2561346637908034,0.32716894804202934
2498,-0.12113479893097086,0.32716894804202934
2499,0.18940634630470224,0.32716894804202934
2500,0.2909020371110747,0.32716894804202934
2501,0.36597613981391863,0.32716894804202934
2502,0.406815023821921,0.32716894804202934
2503,0.5205515533464922,0.32716894804202934
2504,0.6374789821569651,0.32716894804202934
2505,0.5423126854191458,0.32716894804202934
2506,0.5912547684426779,0.32716894804202934
2507,0.47004756237600215,0.32716894804202934
2508,0.571394791738736,0.32716894804202934
2509,0.5423946999343585,0.32716894804202934
2510,0.6224016101340274,0.32716894804202934
2511,0.3295061792598576,0.32716894804202934
2512,0.3875985186254942,0.32716894804202934
2513,0.3450313321455998,0.32716894804202934
2514,0.20055380036634235,0.32716894804202934
2515,0.43691902917537573,0.32716894804202934
2516,0.12783554475096792,0.32716894804202934
2517,0.043992251786641456,0.32716894804202934
2518,0.09943814329376466,0.32716894804202934
2519,0.09940824732330444,0.32716894804202934
2520,-0.01164119405867553,0.32716894804202934
2521,0.24118464062723394,0.32716894804202934
2522,0.10425218239998738,0.32716894804202934
2523,0.007895139820849897,0.32716894804202934
2524,0.31208876361824245,0.32716894804202934
2525,0.4046314645241396,0.32716894804202934
2526,0.38557062332398195,0.32716894804202934
2527,0.4483124463253229,0.32716894804202934
2528,0.3283154748124455,0.32716894804202934
2529,0.5561576753662024,0.32716894804202934
2530,0.4235258639657964,0.32716894804202934
2531,0.5815226368633021,0.32716894804202934
2532,0.6818180329286072,0.32716894804202934
2533,0.4001306492756227,0.32716894804202934
2534,0.5336827802341406,0.32716894804202934
2535,0.5033817441153781,0.32716894804202934
2536,0.5147038514050836,0.32716894804202934
2537,0.32951662624870226,0.32716894804202934
2538,0.2766024790831868,0.32716894804202934
2539,0.18957136634539593,0.32716894804202934
2540,0.1112496829342634,0.32716894804202934
2541,0.16438281663900625,0.32716894804202934
2542,-0.04359223457608474,0.32716894804202934
2543,0.0003462242475276711,0.32716894804202934
2544,0.09596281574936971,0.32716894804202934
2545,0.10695618772342166,0.32716894804202934
2546,-0.0060217205288237985,0.32716894804202934
2547,0.0785738278360334,0.32716894804202934
2548,0.24338628594270945,0.32716894804202934
2549,0.18992057088534806,0.32716894804202934
2550,0.3711135253390597,0.32716894804202934
2551,0.39717899994177974,0.32716894804202934
2552,0.4967441098214464,0.32716894804202934
2553,0.3934167372176554,0.32716894804202934
2554,0.5751313627661852,0.32716894804202934
2555,0.6665334035933206,0.32716894804202934
2556,0.5313850342536242,0.32716894804202934
2557,0.49703725973220375,0.32716894804202934
2558,0.7502609690547037,0.32716894804202934
2559,0.39890081688748097,0.32716894804202934
2560,0.5341341159453135,0.32716894804202934
2561,0.6405685257736909,0.32716894804202934
2562,0.5470264728681693,0.32716894804202934
2563,0.4155925643127138,0.32716894804202934
2564,0.17414769716970752,0.32716894804202934
2565,0.019168997610978775,0.32716894804202934
2566,0.293209183557613,0.32716894804202934
2567,0.034323138968361255,0.32716894804202934
2568,0.14422984941997272,0.32716894804202934
2569,-0.08919105398779051,0.32716894804202934
2570,0.1123274327722153,0.32716894804202934
2571,0.09167765530792105,0.32716894804202934
2572,0.07909970462172788,0.32716894804202934
2573,-0.04958236564837203,0.32716894804202934
2574,0.2961479603374655,0.32716894804202934
2575,0.46360195423027617,0.32716894804202934
2576,0.37734968269100944,0.32716894804202934
2577,0.40210117831810754,0.32716894804202934
2578,0.5358128151559186,0.32716894804202934
2579,0.4816726007948853,0.32716894804202934
2580,0.4500383839077937,0.32716894804202934
2581,0.5143918305535558,0.32716894804202934
2582,0.7235629859882059,0.32716894804202934
2583,0.7059775889755,0.32716894804202934
2584,0.6866093860551282,0.32716894804202934
2585,0.46611681474877686,0.32716894804202934
2586,0.38952484568027146,0.32716894804202934
2587,0.23332699799172973,0.32716894804202934
2588,0.40843134049154,0.32716894804202934
2589,0.23215963010934199,0.32716894804202934
2590,0.1217081507841501,0.32716894804202934
2591,0.14726362034640947,0.32716894804202934
2592,-0.041005363102836145,0.32716894804202934
2593,-0.016311913116980936,0.32716894804202934
2594,-0.009722590602152276,0.32716894804202934
2595,0.12881891046197197,0.32716894804202934
2596,0.1852069359320964,0.32716894804202934
2597,0.09367465452646351,0.32716894804202934
2598,0.11312001971829837,0.32716894804202934
2599,0.27364405554723015,0.32716894804202934
2600,0.26062467394816213,0.32716894804202934
2601,0.608640875321159,0.32716894804202934
2602,0.552532064634728,0.32716894804202934
2603,0.7129189709220507,0.32716894804202934
2604,0.3642218298655091,0.32716894804202934
2605,0.6314697854017901,0.32716894804202934
2606,0.6506612133346207,0.32716894804202934
2607,0.5341807721088079,0.32716894804202934
2608,0.5274619805164066,0.32716894804202934
2609,0.5380061502826661,0.32716894804202934
2610,0.2986081234913218,0.32716894804202934
2611,0.4422708455679265,0.32716894804202934
2612,0.4374510602581768,0.32716894804202934
2613,0.35275069162037814,0.32716894804202934
2614,0.09763039288414803,0.32716894804202934
2615,-0.0027717726593233932,0.32716894804202934
2616,-0.01647402441816373,0.32716894804202934
2617,0.13263724809777663,0.32716894804202934
2618,0.035525146717295036,0.32716894804202934
2619,0.14655237253413392,0.32716894804202934
2620,0.23061295458515396,0.32716894804202934
2621,0.09234669024060432,0.32716894804202934
2622,0.15037382919207254,0.32716894804202934
2623,0.3290878033403304,0.32716894804202934
2624,0.27166614719746374,0.32716894804202934
2625,0.37415751654945834,0.32716894804202934
2626,0.4170855766431304,0.32716894804202934
2627,0.3994586045849329,0.32716894804202934
2628,0.46564920499564244,0.32716894804202934
2629,0.46348961360030305,0.32716894804202934
2630,0.49778697908337605,0.32716894804202934
2631,0.6524544735250086,0.32716894804202934
2632,0.5329464202373277,0.32716894804202934
2633,0.5116340462918011,0.32716894804202934
2634,0.4752959086459661,0.32716894804202934
2635,0.640845337195031,0.32716894804202934
2636,0.4573099039084863,0.32716894804202934
2637,0.5007287503444263,0.32716894804202934
2638,0.30829783993599696,0.32716894804202934
2639,0.2596226345933039,0.32716894804202934
2640,0.09392568044422935,0.32716894804202934
2641,0.03503945213463164,0.32716894804202934
2642,0.12111966836160074,0.32716894804202934
2643,0.1976272272315448,0.32716894804202934
2644,0.10051048978326482,0.32716894804202934
2645,0.0713648810057832,0.32716894804202934
2646,-0.04934031600203875,0.32716894804202934
2647,-0.04345631452704882,0.32716894804202934
2648,0.21770620196128615,0.32716894804202934
2649,0.2153148488243236,0.32716894804202934
2650,0.25638935880059593,0.32716894804202934
2651,0.3628098299481961,0.32716894804202934
2652,-0.7497763861813042,-0.9000323041186338
2653,-0.680127167704278,-0.9000323041186338
2654,-0.5825287566159298,-0.9000323041186338
2655,-0.598113851111779,-0.9000323041186338
2656,-0.661505684714995,-0.9000323041186338
2657,-0.752668758894198,-0.9000323041186338
2658,-0.7454537238051067,-0.9000323041186338
2659,-0.6255201244041714,-0.9000323041186338
2660,-0.7566660740933716,-0.9000323041186338
2661,-0.9112196662687447,-0.9000323041186338
2662,-0.9421778330570666,-0.9000323041186338
2663,-0.8705037299725398,-0.9000323041186338
2664,-1.093322576794199,-0.9000323041186338
2665,-1.028499450042311,-0.9000323041186338
2666,-1.068533196433171,-0.9000323041186338
2667,-0.9689405092492311,-0.9000323041186338
2668,-1.152003057595706,-0.9000323041186338
2669,-1.0159633420132426,-0.9000323041186338
2670,-1.1724472687910823,-0.9000323041186338
2671,-1.1553344059355515,-0.9000323041186338
2672,-1.054167522087759,-0.9000323041186338
2673,-0.9186808057136489,-0.9000323041186338
2674,-1.1206634475758477,-0.9000323041186338
2675,-0.9936857810147497,-0.9000323041186338
2676,-0.8519238639554199,-0.9000323041186338
2677,-0.7026621996007715,-0.9000323041186338
2678,-0.6178643193583556,-0.9000323041186338
2679,-0.734402162108195,-0.9000323041186338
2680,-0.7333546137950868,-0.9000323041186338
2681,-0.6356149045037568,-0.9000323041186338
2682,-0.6860906788564158,-0.9000323041186338
2683,-0.6169437788339249,-0.9000323041186338
2684,-0.6590184000678101,-0.9000323041186338
2685,-0.7833113000507448,-0.9000323041186338
2686,-0.8193280286061794,-0.9000323041186338
2687,-0.7797538173469968,-0.9000323041186338
2688,-0.8569768238433186,-0.9000323041186338
2689,-0.8933027672701207,-0.9000323041186338
2690,-1.0927551017373491,-0.9000323041186338
2691,-1.035411934079101,-0.9000323041186338
2692,-1.1115093525279245,-0.9000323041186338
2693,-1.1255354372330566,-0.9000323041186338
2694,-1.1462581774730587,-0.9000323041186338
2695,-1.2683800189247272,-0.9000323041186338
2696,-1.0493947489758009,-0.9000323041186338
2697,-1.2007823470868981,-0.9000323041186338
2698,-1.0993082134447816,-0.9000323041186338
2699,-0.9237540426233863,-0.9000323041186338
2700,-0.8111115356550117,-0.9000323041186338
2701,-0.9320445696909412,-0.9000323041186338
2702,-0.7327602999016083,-0.9000323041186338
2703,-0.5628912323953988,-0.9000323041186338
2704,-0.473084746549306,-0.9000323041186338
2705,-0.5869138235816235,-0.9000323041186338
2706,-0.5494223378014339,-0.9000323041186338
2707,-0.6710637566891454,-0.9000323041186338
2708,-0.6215865687625712,-0.9000323041186338
2709,-0.5055214718204701,-0.9000323041186338
2710,-0.6505846123715522,-0.9000323041186338
2711,-0.9595091646149113,-0.9000323041186338
2712,-0.7904542084861967,-0.9000323041186338
2713,-0.8669987274346884,-0.9000323041186338
2714,-0.8025316450773509,-0.9000323041186338
2715,-0.99556335906184,-0.9000323041186338
2716,-0.9770555629948418,-0.9000323041186338
2717,-1.1294966802134652,-0.9000323041186338
2718,-1.0106603340570497,-0.9000323041186338
2719,-1.160809134530549,-0.9000323041186338
2720,-1.2164452861309476,-0.9000323041186338
2721,-1.2076775394132229,-0.9000323041186338
2722,-1.264861859830293,-0.9000323041186338
2723,-1.020792963050614,-0.9000323041186338
2724,-1.0017728698328128,-0.9000323041186338
2725,-0.8922837912970691,-0.9000323041186338
2726,-0.8421482023258061,-0.9000323041186338
2727,-0.9535119620178749,-0.9000323041186338
2728,-0.8110667439643247,-0.9000323041186338
2729,-0.5480544762213858,-0.9000323041186338
2730,-0.5571025180504845,-0.9000323041186338
2731,-0.6863750234373155,-0.9000323041186338
2732,-0.5163470878554953,-0.9000323041186338
2733,-0.7798212643240694,-0.9000323041186338
2734,-0.7616734171343732,-0.9000323041186338
2735,-0.719051905746589,-0.9000323041186338
2736,-0.8029276184117844,-0.9000323041186338
2737,-0.9579223224353305,-0.9000323041186338
2738,-0.8681986296453252,-0.9000323041186338
2739,-0.9535278990356855,-0.9000323041186338
2740,-1.0354370819809182,-0.9000323041186338
2741,-1.2128475377664083,-0.9000323041186338
2742,-1.0055826812518451,-0.9000323041186338
2743,-1.066077057396928,-0.9000323041186338
2744,-1.1564666338376122,-0.9000323041186338
2745,-1.245586819634026,-0.9000323041186338
2746,-0.9891396756613777,-0.9000323041186338
2747,-1.0139386542484665,-0.9000323041186338
2748,-1.1945136628023751,-0.9000323041186338
2749,-0.8660095810037544,-0.9000323041186338
2750,-1.04077244084938,-0.9000323041186338
2751,-0.9975451919919232,-0.9000323041186338
2752,-0.8731965866973802,-0.9000323041186338
2753,-0.9418422142373303,-0.9000323041186338
2754,-0.7478699662166066,-0.9000323041186338
2755,-0.5452496861824833,-0.9000323041186338
2756,-0.8579285289634739,-0.9000323041186338
2757,-0.55933475190416,-0.9000323041186338
2758,-0.6766576890906617,-0.9000323041186338
2759,-0.6986128911357006,-0.9000323041186338
2760,-0.8231795601769152,-0.9000323041186338
2761,-0.7121277858880208,-0.9000323041186338
2762,-0.774008300951178,-0.9000323041186338
2763,-0.9062836383499686,-0.9000323041186338
2764,-1.0442494401125366,-0.9000323041186338
2765,-1.0125985541756117,-0.9000323041186338
2766,-1.0309573565294738,-0.9000323041186338
2767,-1.1420907877732902,-0.9000323041186338
2768,-1.043105749067605,-0.9000323041186338
2769,-1.14512465614247,-0.9000323041186338
2770,-1.2245110638588896,-0.9000323041186338
2771,-1.1590995956763297,-0.9000323041186338
2772,-1.2535385138648285,-0.9000323041186338
2773,-0.9622819723792115,-0.9000323041186338
2774,-0.8132743584326034,-0.9000323041186338
2775,-0.9728917698951726,-0.9000323041186338
2776,-0.7934787881336616,-0.9000323041186338
2777,-0.7008405281324739,-0.9000323041186338
2778,-0.8714899625255222,-0.9000323041186338
2779,-0.645240925589341,-0.9000323041186338
2780,-0.8115954210655195,-0.9000323041186338
2781,-0.7921490834738882,-0.9000323041186338
2782,-0.6125654849618474,-0.9000323041186338
2783,-0.6992353712181707,-0.9000323041186338
2784,-0.7293524520700805,-0.9000323041186338
2785,-0.7486882618154829,-0.9000323041186338
2786,-0.8023775024492418,-0.9000323041186338
2787,-0.7527099153539006,-0.9000323041186338
2788,-0.9311091310545031,-0.9000323041186338
2789,-1.0458953972922092,-0.9000323041186338
2790,-1.2188682027342508,-0.9000323041186338
2791,-1.24660438388924,-0.9000323041186338
2792,-1.1716447430633572,-0.9000323041186338
2793,-1.1848845118889975,-0.9000323041186338
2794,-1.0330465922416843,-0.9000323041186338
2795,-1.1207208924343648,-0.9000323041186338
2796,-1.246148126978824,-0.9000323041186338
2797,-0.991858990808542,-0.9000323041186338
2798,-1.0341862439263894,-0.9000323041186338
2799,-1.1216994509492961,-0.9000323041186338
2800,-0.8990575717661035,-0.9000323041186338
2801,-0.5976460817123258,-0.9000323041186338
2802,-0.7366596983697535,-0.9000323041186338
2803,-0.6450483537049854,-0.9000323041186338
2804,-0.6785663994193478,-0.9000323041186338
2805,-0.8253040295674697,-0.9000323041186338
2806,-0.6708864046042486,-0.9000323041186338
2807,-0.5918133057599173,-0.9000323041186338
2808,-0.5582413387477687,-0.9000323041186338
2809,-0.763471988678912,-0.9000323041186338
2810,-0.5707008749495355,-0.9000323041186338
2811,-0.569614829254479,-0.9000323041186338
2812,-0.8680090140810901,-0.9000323041186338
2813,-0.7904408440696493,-0.9000323041186338
2814,-0.9231668836691147,-0.9000323041186338
2815,-1.0490472487570817,-0.9000323041186338
2816,-0.9480817746486334,-0.9000323041186338
2817,-1.114370908258043,-0.9000323041186338
2818,-1.157476832568412,-0.9000323041186338
2819,-1.136553304655514,-0.9000323041186338
2820,-1.3399821473815008,-0.9000323041186338
2821,-0.9856095731310952,-0.9000323041186338
2822,-1.015396339847816,-0.9000323041186338
2823,-0.963536956173741,-0.9000323041186338
2824,-0.901534114002253,-0.9000323041186338
2825,-0.8478680668883767,-0.9000323041186338
2826,-1.0129277940054149,-0.9000323041186338
2827,-0.7125387756640302,-0.9000323041186338
2828,-0.7045827621191288,-0.9000323041186338
2829,-0.763497082734839,-0.9000323041186338
2830,-0.6016351605664871,-0.9000323041186338
2831,-0.6540427503449749,-0.9000323041186338
2832,-0.7815529250870062,-0.9000323041186338
2833,-0.8473967630287653,-0.9000323041186338
2834,-0.7246165393793866,-0.9000323041186338
2835,-0.7872894799047868,-0.9000323041186338
2836,-0.8334374930127222,-0.9000323041186338
2837,-0.9794918393134792,-0.9000323041186338
2838,-0.8955458665033137,-0.9000323041186338
2839,-1.2851837185677009,-0.9000323041186338
2840,-0.9012188056383844,-0.9000323041186338
2841,-0.9888905437450378,-0.9000323041186338
2842,-1.335381352953532,-0.9000323041186338
2843,-1.3585125553842068,-0.9000323041186338
2844,-1.0178431777623091,-0.9000323041186338
2845,-1.0601320908856429,-0.9000323041186338
2846,-0.950492300894957,-0.9000323041186338
2847,-1.2375692513131114,-0.9000323041186338
2848,-0.8244573758459508,-0.9000323041186338
2849,-0.8723363837392107,-0.9000323041186338
2850,-0.9979584469349538,-0.9000323041186338
2851,-0.909879606091549,-0.9000323041186338
2852,-0.7790737280720434,-0.9000323041186338
2853,-0.6754242486673345,-0.9000323041186338
2854,-0.5285050871677849,-0.9000323041186338
2855,-0.4150859555811057,-0.9000323041186338
2856,-0.7972252935891018,-0.9000323041186338
2857,-0.5629153053531107,-0.9000323041186338
2858,-0.7616742113109114,-0.9000323041186338
2859,-0.5150448497012511,-0.9000323041186338
2860,-0.5710576202988145,-0.9000323041186338
2861,-0.6453816729632708,-0.9000323041186338
2862,-0.7996880370308727,-0.9000323041186338
2863,-0.9911375608805228,-0.9000323041186338
2864,-0.8792574975581894,-0.9000323041186338
2865,-1.2178149347780614,-0.9000323041186338
2866,-1.0036233503001462,-0.9000323041186338
2867,-1.143732769579806,-0.9000323041186338
2868,-1.1674670088652936,-0.9000323041186338
2869,-1.0607874198567238,-0.9000323041186338
2870,-1.1244228931572626,-0.9000323041186338
2871,-1.02836622315007,-0.9000323041186338
2872,-1.1336019806713997,-0.9000323041186338
2873,-1.0527029969406754,-0.9000323041186338
2874,-0.8872479588626381,-0.9000323041186338
2875,-0.861098771502634,-0.9000323041186338
2876,-0.8548894532555549,-0.9000323041186338
2877,-0.8207219713540564,-0.9000323041186338
2878,-0.7035363452052524,-0.9000323041186338
2879,-0.606033033563897,-0.9000323041186338
2880,-0.8034360353266049,-0.9000323041186338
2881,-0.6157456585959669,-0.9000323041186338
2882,-0.6518974124433785,-0.9000323041186338
2883,-0.6750124838037412,-0.9000323041186338
2884,-0.7962974107631664,-0.9000323041186338
2885,-0.7640247662718082,-0.9000323041186338
2886,-0.8264799854124059,-0.9000323041186338
2887,-1.0662211861176447,-0.9000323041186338
2888,-0.9320939074347301,-0.9000323041186338
2889,-0.8851092907986072,-0.9000323041186338
2890,-0.9495877794811423,-0.9000323041186338
2891,-1.2047878844276743,-0.9000323041186338
2892,-1.1350455796418704,-0.9000323041186338
2893,-1.129122756601036,-0.9000323041186338
2894,-1.109804303402576,-0.9000323041186338
2895,-1.1385250732308616,-0.9000323041186338
2896,-0.9727125482657056,-0.9000323041186338
2897,-1.031159469395196,-0.9000323041186338
2898,-0.9954043081599699,-0.9000323041186338
2899,-0.950064137225929,-0.9000323041186338
2900,-0.7427034080870338,-0.9000323041186338
2901,-0.8999178297123751,-0.9000323041186338
2902,-0.8800585003611283,-0.9000323041186338
2903,-0.865455434654997,-0.9000323041186338
2904,-0.8206346285885354,-0.9000323041186338
2905,-0.5473846861110672,-0.9000323041186338
2906,-0.5344780557415312,-0.9000323041186338
2907,-0.5247580913097264,-0.9000323041186338
2908,-0.6119103887603413,-0.9000323041186338
2909,-0.7055923425781754,-0.9000323041186338
2910,-0.9754470997490435,-0.9000323041186338
2911,-0.8047584307010939,-0.9000323041186338
2912,-0.8704927769839763,-0.9000323041186338
2913,-0.9505149546444643,-0.9000323041186338
2914,-1.02341113264236,-0.9000323041186338
2915,-0.9594810293411645,-0.9000323041186338
2916,-1.0253099165423054,-0.9000323041186338
2917,-1.1659905182745494,-0.9000323041186338
2918,-1.101023869258989,-0.9000323041186338
2919,-1.195968642959335,-0.9000323041186338
2920,-1.2347082270075074,-0.9000323041186338
2921,-1.261154899677829,-0.9000323041186338
2922,-1.292975820063146,-0.9000323041186338
2923,-0.9083970725950309,-0.9000323041186338
2924,-0.9923788275405758,-0.9000323041186338
2925,-0.9301465722101147,-0.9000323041186338
2926,-1.0308407687128578,-0.9000323041186338
2927,-0.6472724630201342,-0.9000323041186338
2928,-0.8539136651284647,-0.9000323041186338
2929,-0.6449485345472005,-0.9000323041186338
2930,-0.6362652182361657,-0.9000323041186338
2931,-0.6552113337314049,-0.9000323041186338
2932,-0.6740704566710369,-0.9000323041186338
2933,-0.5561730783804123,-0.9000323041186338
2934,-0.7185345778554315,-0.9000323041186338
2935,-0.7683541717791427,-0.9000323041186338
2936,-0.7517958484710681,-0.9000323041186338
2937,-0.8917063620522233,-0.9000323041186338
2938,-0.9876069406761335,-0.9000323041186338
2939,-1.096080342770647,-0.9000323041186338
2940,-0.9551344849955815,-0.9000323041186338
2941,-1.148048472866307,-0.9000323041186338
2942,-0.8783937572658488,-0.9000323041186338
2943,-1.1384354314675218,-0.9000323041186338
2944,-1.135650184303446,-0.9000323041186338
2945,-1.1517629977651966,-0.9000323041186338
2946,-1.0206939920862936,-0.9000323041186338
2947,-0.9609356112249245,-0.9000323041186338
2948,-1.105064860979406,-0.9000323041186338
2949,-0.8816724833434129,-0.9000323041186338
2950,-0.9081101581905294,-0.9000323041186338
2951,-1.0078485369338293,-0.9000323041186338
2952,-1.0474559804497474,-0.9000323041186338
2953,-0.6974422800119321,-0.9000323041186338
2954,-0.7914729129518228,-0.9000323041186338
2955,-0.6815647445475608,-0.9000323041186338
2956,-0.48995510824821853,-0.9000323041186338
2957,-0.45949115385188843,-0.9000323041186338
2958,-0.7085219214238478,-0.9000323041186338
2959,-0.7473132784552132,-0.9000323041186338
2960,-0.5152250055207851,-0.9000323041186338
2961,-0.7807974077702226,-0.9000323041186338
2962,-0.7956610780644567,-0.9000323041186338
2963,-0.9724790545463899,-0.9000323041186338
2964,-0.9947584884163694,-0.9000323041186338
2965,-1.0889719496347818,-0.9000323041186338
2966,-1.2070045842014707,-0.9000323041186338
2967,-1.0770507774825344,-0.9000323041186338
2968,-1.157811944541629,-0.9000323041186338
2969,-1.2395920016631274,-0.9000323041186338
2970,-1.232016004298647,-0.9000323041186338
2971,-1.0232172298959104,-0.9000323041186338
2972,-1.0769978460780743,-0.9000323041186338
2973,-1.0588781182685834,-0.9000323041186338
2974,-0.9999356108744702,-0.9000323041186338
2975,-0.9774069342529095,-0.9000323041186338
2976,-0.8687087740560174,-0.9000323041186338
2977,-0.8837025843634899,-0.9000323041186338
2978,-0.5790558846314505,-0.9000323041186338
2979,-0.7154138518653401,-0.9000323041186338
2980,-0.5921967570520383,-0.9000323041186338
2981,-0.6285992237017523,-0.9000323041186338
2982,-0.59815848331146,-0.9000323041186338
2983,-0.45901192966538185,-0.9000323041186338
2984,-0.7247120649950883,-0.9000323041186338
2985,-0.7953119684670208,-0.9000323041186338
2986,-0.7656866054582283,-0.9000323041186338
2987,-0.8557159571504578,-0.9000323041186338
2988,-0.6886757274777559,-0.9000323041186338
2989,-0.8598895477487941,-0.9000323041186338
2990,-1.0086052087049355,-0.9000323041186338
2991,-1.0745324513180838,-0.9000323041186338
2992,-1.1890474960650432,-0.9000323041186338
2993,-1.1832024541828623,-0.9000323041186338
2994,-1.2495521858324694,-0.9000323041186338
2995,-1.1798097037791406,-0.9000323041186338
2996,-0.9928602482384923,-0.9000323041186338
2997,-1.287025593827646,-0.9000323041186338
2998,-1.0989568113242092,-0.9000323041186338
2999,-1.113225517292454,-0.9000323041186338
3000,-0.9107001344299718,-0.9000323041186338
3001,-0.7443859212599921,-0.9000323041186338
3002,-0.8048745793783256,-0.9000323041186338
3003,-0.7395425660851962,-0.9000323041186338
3004,-0.618592982011225,-0.9000323041186338
3005,-0.7121303120504698,-0.9000323041186338
3006,-0.6111527432635452,-0.9000323041186338
3007,-0.7436104244901014,-0.9000323041186338
3008,-0.6550063650909999,-0.9000323041186338
3009,-0.7198136308792462,-0.9000323041186338
3010,-0.8189530951743427,-0.9000323041186338
3011,-0.80511990345399,-0.9000323041186338
3012,-0.8207796654331625,-0.9000323041186338
3013,-0.8849111346587568,-0.9000323041186338
3014,-1.1041791682907802,-0.9000323041186338
3015,-0.9654120569951024,-0.9000323041186338
3016,-1.1665708219516626,-0.9000323041186338
3017,-1.259671221182394,-0.9000323041186338
3018,-1.2840534478290473,-0.9000323041186338
3019,-1.1864580798754716,-0.9000323041186338
3020,-1.251920349925966,-0.9000323041186338
3021,-1.2009300112881571,-0.9000323041186338
3022,-1.128089306228542,-0.9000323041186338
3023,-1.0580104438258648,-0.9000323041186338
3024,-1.087924048116504,-0.9000323041186338
3025,-1.078381809051867,-0.9000323041186338
3026,-0.9399824615569634,-0.9000323041186338
3027,-0.84799462300567,-0.9000323041186338
3028,-0.5531352555423739,-0.9000323041186338
3029,-0.7764965238429316,-0.9000323041186338
3030,-0.6852333329170813,-0.9000323041186338
3031,-0.5836552064924011,-0.9000323041186338
3032,-0.6207129130554963,-0.9000323041186338
3033,-0.4953693130712086,-0.9000323041186338
3034,-0.7230570960660929,-0.9000323041186338
3035,-0.7477999745917973,-0.9000323041186338
3036,-0.7259624512450041,-0.9000323041186338
3037,-0.9641937270122379,-0.9000323041186338
3038,-1.0999380504391951,-0.9000323041186338
3039,-0.9611561300251303,-0.9000323041186338
3040,-1.0770488791026678,-0.9000323041186338
3041,-1.127095882463506,-0.9000323041186338
3042,-1.153415177949416,-0.9000323041186338
3043,-1.233043999482041,-0.9000323041186338
3044,-1.223011764238308,-0.9000323041186338
3045,-1.1655965961197847,-0.9000323041186338
3046,-1.1248421653409877,-0.9000323041186338
3047,-1.011590690098734,-0.9000323041186338
3048,-0.8477627413039235,-0.9000323041186338
3049,-1.0701267004158583,-0.9000323041186338
3050,-0.8878887212907112,-0.9000323041186338
3051,-0.7775031489365584,-0.9000323041186338
3052,-0.7433012187727652,-0.9000323041186338
3053,-0.7142692045363757,-0.9000323041186338
3054,-0.7040413674782351,-0.9000323041186338
3055,-0.5535263067887983,-0.9000323041186338
3056,-0.683464338771269,-0.9000323041186338
3057,-0.6027047898219158,-0.9000323041186338
3058,-0.7648399784715042,-0.9000323041186338
3059,-0.824437625604121,-0.9000323041186338
3060,-0.7424532159294607,-0.9000323041186338
3061,-1.0097267477189256,-0.9000323041186338
3062,-0.9755808065506816,-0.9000323041186338
3063,-0.8057190018802667,-0.9000323041186338
3064,-0.9912629375280493,-0.9000323041186338
3065,-1.0915126252511966,-0.9000323041186338
3066,-1.294431423737249,-0.9000323041186338
3067,-1.266180665711493,-0.9000323041186338
3068,-1.1708018967629583,-0.9000323041186338
3069,-1.1098028004406506,-0.9000323041186338
3070,-1.2234546685577414,-0.9000323041186338
3071,-1.1097558242985717,-0.9000323041186338
3072,-1.0271215317516984,-0.9000323041186338
3073,-1.059184593910574,-0.9000323041186338
3074,-0.8849595677285231,-0.9000323041186338
3075,-0.9714178951456992,-0.9000323041186338
3076,-0.8815477874774681,-0.9000323041186338
3077,-0.7640648688155893,-0.9000323041186338
3078,-0.7401615490272977,-0.9000323041186338
3079,-0.7038706439830269,-0.9000323041186338
3080,-0.7611680981282257,-0.9000323041186338
3081,-0.5833957603398484,-0.9000323041186338
3082,-0.7062795808537509,-0.9000323041186338
3083,-0.7653268349595787,-0.9000323041186338
3084,-0.5533175052980519,-0.9000323041186338
3085,-0.7352676146491243,-0.9000323041186338
3086,-0.742922051443629,-0.9000323041186338
3087,-0.916253092896011,-0.9000323041186338
3088,-1.19914736971529,-0.9000323041186338
3089,-0.9271756761863208,-0.9000323041186338
3090,-0.9714932769415616,-0.9000323041186338
3091,-1.0854573292911585,-0.9000323041186338
3092,-1.2000257644698076,-0.9000323041186338
3093,-1.1522678230530568,-0.9000323041186338
3094,-1.0403288702175097,-0.9000323041186338
3095,-1.1511816518531477,-0.9000323041186338
3096,-1.2104907456189093,-0.9000323041186338
3097,-1.171839447072343,-0.9000323041186338
3098,-1.0814434566819242,-0.9000323041186338
3099,-1.0822106055167522,-0.9000323041186338
3100,-0.9138595856218306,-0.9000323041186338
3101,-0.6654037602152243,-0.9000323041186338
3102,-0.9056637267831387,-0.9000323041186338
3103,-0.7104967346456499,-0.9000323041186338
3104,-0.7300238802736977,-0.9000323041186338
3105,-0.529214101254863,-0.9000323041186338
3106,-0.6091872015617934,-0.9000323041186338
3107,-0.6305909163241412,-0.9000323041186338
3108,-0.6697746023469635,-0.9000323041186338
3109,-0.7036566290536613,-0.9000323041186338
3110,-0.6477366236892781,-0.9000323041186338
3111,-0.7796935975464547,-0.9000323041186338
3112,-0.848647021068055,-0.9000323041186338
3113,-1.006394816117635,-0.9000323041186338
3114,-1.0533325038309376,-0.9000323041186338
3115,-0.9575326182704,-0.9000323041186338
3116,-1.220109736133173,-0.9000323041186338
3117,-1.14926499304096,-0.9000323041186338
3118,-1.160401767966441,-0.9000323041186338
3119,-1.1986599453204532,-0.9000323041186338
3120,-0.9832474643316554,-0.9000323041186338
3121,-1.0275823071620338,-0.9000323041186338
3122,-0.993643810000153,-0.9000323041186338
3123,-1.1077582703548945,-0.9000323041186338
3124,-1.0663213292964833,-0.9000323041186338
3125,-0.899198509659898,-0.9000323041186338
3126,-0.8368057786602577,-0.9000323041186338
3127,-0.7785020202782886,-0.9000323041186338
3128,-0.7484218582249065,-0.9000323041186338
3129,-0.7389761174486247,-0.9000323041186338
3130,-0.6459461540842142,-0.9000323041186338
3131,-0.6913184106410062,-0.9000323041186338
3132,-0.6016968778393874,-0.9000323041186338
3133,-0.7156021938300055,-0.9000323041186338
3134,-0.689287946096657,-0.9000323041186338
3135,-0.6854635779873492,-0.9000323041186338
3136,-0.8288685935914283,-0.9000323041186338
3137,-0.7034122973044733,-0.9000323041186338
3138,-0.9157378098511096,-0.9000323041186338
3139,-0.9408668267057619,-0.9000323041186338
3140,-1.0567386181700253,-0.9000323041186338
3141,-1.2111978437501412,-0.9000323041186338
3142,-1.0629088619772127,-0.9000323041186338
3143,-1.1755010648587476,-0.9000323041186338
3144,-1.093720033581055,-0.9000323041186338
3145,-1.1118720743008574,-0.9000323041186338
3146,-1.1770281641714009,-0.9000323041186338
3147,-1.3046258490639349,-0.9000323041186338
3148,-1.1941665342808976,-0.9000323041186338
3149,-0.8842619013474413,-0.9000323041186338
3150,-0.784080747035283,-0.9000323041186338
3151,-0.9553567507548074,-0.9000323041186338
3152,-0.5776529740542342,-0.9000323041186338
3153,-0.7151628570734461,-0.9000323041186338
3154,-0.6766120608599577,-0.9000323041186338
3155,-0.6890702439726502,-0.9000323041186338
3156,-0.9345347899662898,-0.9000323041186338
3157,-0.7665874413179926,-0.9000323041186338
3158,-0.737023814461025,-0.9000323041186338
3159,-0.6973160558216418,-0.9000323041186338
3160,-0.65924914731404,-0.9000323041186338
3161,-0.9004011727382337,-0.9000323041186338
3162,-0.7043524847759407,-0.9000323041186338
3163,-0.823148959813718,-0.9000323041186338
3164,-1.0362839925196874,-0.9000323041186338
3165,-1.034444360788911,-0.9000323041186338
3166,-1.0182977509070712,-0.9000323041186338
3167,-1.256248101889007,-0.9000323041186338
3168,-0.6734070869079073,-0.36009013934398804
3169,-0.7826969248006177,-0.36009013934398804
3170,-0.6405609156246446,-0.36009013934398804
3171,-0.6667289152071321,-0.36009013934398804
3172,-0.673988533052919,-0.36009013934398804
3173,-0.5072088787398379,-0.36009013934398804
3174,-0.3932354214548688,-0.36009013934398804
3175,-0.37408875815858394,-0.36009013934398804
3176,-0.4130167495209246,-0.36009013934398804
3177,-0.0656703960186328,-0.36009013934398804
3178,-0.13560886743371492,-0.36009013934398804
3179,-0.14046424850512626,-0.36009013934398804
3180,-0.23124864075962934,-0.36009013934398804
3181,-0.11958943870616584,-0.36009013934398804
3182,-0.15696455867217307,-0.36009013934398804
3183,-0.13067790779660257,-0.36009013934398804
3184,-0.22919996703154008,-0.36009013934398804
3185,-0.168387791825498,-0.36009013934398804
3186,-0.2890225395639947,-0.36009013934398804
3187,-0.45697070796050054,-0.36009013934398804
3188,-0.21861935717759157,-0.36009013934398804
3189,-0.4579803139927073,-0.36009013934398804
3190,-0.6586355318701442,-0.36009013934398804
3191,-0.5246757085444174,-0.36009013934398804
3192,-0.6494222352002463,-0.36009013934398804
3193,-0.6816786483504996,-0.36009013934398804
3194,-0.7335314976039656,-0.36009013934398804
3195,-0.5958695693949552,-0.36009013934398804
3196,-0.5922493240038619,-0.36009013934398804
3197,-0.7018850218344176,-0.36009013934398804
3198,-0.557488443327104,-0.36009013934398804
3199,-0.281632853431319,-0.36009013934398804
3200,-0.2954974107668568,-0.36009013934398804
3201,-0.3800366787551131,-0.36009013934398804
3202,-0.3163424213988534,-0.36009013934398804
3203,-0.31821479076610637,-0.36009013934398804
3204,-0.2575649812211389,-0.36009013934398804
3205,-0.11622238242882377,-0.36009013934398804
3206,-0.0679343083840852,-0.36009013934398804
3207,-0.1500455563544175,-0.36009013934398804
3208,0.05171313038678796,-0.36009013934398804
3209,-0.11625756427475356,-0.36009013934398804
3210,-0.2631661639089209,-0.36009013934398804
3211,-0.19851595442948144,-0.36009013934398804
3212,-0.4395476281558916,-0.36009013934398804
3213,-0.5671400983455939,-0.36009013934398804
3214,-0.4245337519225875,-0.36009013934398804
3215,-0.5368258203047305,-0.36009013934398804
3216,-0.5736988100761845,-0.36009013934398804
3217,-0.7397417515923266,-0.36009013934398804
3218,-0.5761677961380833,-0.36009013934398804
3219,-0.5528056849885447,-0.36009013934398804
3220,-0.7042123155908914,-0.36009013934398804
3221,-0.4817256160257234,-0.36009013934398804
3222,-0.40171824250001753,-0.36009013934398804
3223,-0.5032778723224018,-0.36009013934398804
3224,-0.5499218504405935,-0.36009013934398804
3225,-0.28414048294897093,-0.36009013934398804
3226,-0.3618215917241465,-0.36009013934398804
3227,-0.18882180510940236,-0.36009013934398804
3228,-0.2621629744319626,-0.36009013934398804
3229,-0.22105325888048363,-0.36009013934398804
3230,-0.23252035188410422,-0.36009013934398804
3231,-0.03508475360624436,-0.36009013934398804
3232,-0.17402539455273489,-0.36009013934398804
3233,-0.14869255459920105,-0.36009013934398804
3234,-0.16466711879621182,-0.36009013934398804
3235,-0.18135623529453798,-0.36009013934398804
3236,-0.30398403439961935,-0.36009013934398804
3237,-0.35800939602775117,-0.36009013934398804
3238,-0.3930153622493712,-0.36009013934398804
3239,-0.46362312557295116,-0.36009013934398804
3240,-0.4538158831750953,-0.36009013934398804
3241,-0.7380365247774094,-0.36009013934398804
3242,-0.6687765937938746,-0.36009013934398804
3243,-0.6046556024456903,-0.36009013934398804
3244,-0.6070707534309374,-0.36009013934398804
3245,-0.5730916019780361,-0.36009013934398804
3246,-0.4742235323136659,-0.36009013934398804
3247,-0.4858907876316848,-0.36009013934398804
3248,-0.49471234440721906,-0.36009013934398804
3249,-0.4918185550557589,-0.36009013934398804
3250,-0.3496271704104098,-0.36009013934398804
3251,-0.1956979429841436,-0.36009013934398804
3252,-0.29750649498890913,-0.36009013934398804
3253,-0.17576755619710965,-0.36009013934398804
3254,-0.2627445418510681,-0.36009013934398804
3255,-0.008296200944202914,-0.36009013934398804
3256,-0.07326278195464131,-0.36009013934398804
3257,-0.09618813980299118,-0.36009013934398804
3258,-0.32503555832240427,-0.36009013934398804
3259,-0.1544524534791708,-0.36009013934398804
3260,-0.28910545521158854,-0.36009013934398804
3261,-0.34450626711555465,-0.36009013934398804
3262,-0.3444507768948058,-0.36009013934398804
3263,-0.29707480789334667,-0.36009013934398804
3264,-0.6930729526656831,-0.36009013934398804
3265,-0.5942888735051676,-0.36009013934398804
3266,-0.4619603403341942,-0.36009013934398804
3267,-0.8115040372155009,-0.36009013934398804
3268,-0.5733724565698022,-0.36009013934398804
3269,-0.7505326283093294,-0.36009013934398804
3270,-0.5095645797077939,-0.36009013934398804
3271,-0.5125218498466517,-0.36009013934398804
3272,-0.31480078312085047,-0.36009013934398804
3273,-0.33930876475648497,-0.36009013934398804
3274,-0.39778572251856786,-0.36009013934398804
3275,-0.07231920198508289,-0.36009013934398804
3276,-0.34246636178286277,-0.36009013934398804
3277,-0.04366483232842626,-0.36009013934398804
3278,-0.3535256069916236,-0.36009013934398804
3279,-0.10612969154332433,-0.36009013934398804
3280,-0.15960149900292847,-0.36009013934398804
3281,-0.07448473210352385,-0.36009013934398804
3282,-0.013825971841783108,-0.36009013934398804
3283,-0.21957393663010413,-0.36009013934398804
3284,-0.10196362879436832,-0.36009013934398804
3285,-0.43907119701458425,-0.36009013934398804
3286,-0.11412913428455733,-0.36009013934398804
3287,-0.46605728585672884,-0.36009013934398804
3288,-0.3715138171007339,-0.36009013934398804
3289,-0.4660071802217411,-0.36009013934398804
3290,-0.45237818445671846,-0.36009013934398804
3291,-0.43318295634526305,-0.36009013934398804
3292,-0.7417876610065725,-0.36009013934398804
3293,-0.6275709220576753,-0.36009013934398804
3294,-0.5600839547496399,-0.36009013934398804
3295,-0.48626096792060525,-0.36009013934398804
3296,-0.5308081697000725,-0.36009013934398804
3297,-0.5832277609076711,-0.36009013934398804
3298,-0.6711353013162875,-0.36009013934398804
3299,-0.26691267767503707,-0.36009013934398804
3300,-0.38807620061601444,-0.36009013934398804
3301,-0.2581458679775631,-0.36009013934398804
3302,-0.2687501218124174,-0.36009013934398804
3303,-0.3023426619607297,-0.36009013934398804
3304,-0.33331877807663673,-0.36009013934398804
3305,-0.15985069587294495,-0.36009013934398804
3306,-0.18816508521600236,-0.36009013934398804
3307,-0.24686385758561258,-0.36009013934398804
3308,-0.06284449102025128,-0.36009013934398804
3309,-0.21751855081256227,-0.36009013934398804
3310,-0.14813452148326703,-0.36009013934398804
3311,-0.2421435119105595,-0.36009013934398804
3312,-0.2623834975706686,-0.36009013934398804
3313,-0.3616949415608727,-0.36009013934398804
3314,-0.2789404994577008,-0.36009013934398804
3315,-0.5864126035842695,-0.36009013934398804
3316,-0.7014601090330683,-0.36009013934398804
3317,-0.7418307987616437,-0.36009013934398804
3318,-0.5223113829760133,-0.36009013934398804
3319,-0.6065636067212661,-0.36009013934398804
3320,-0.4891470528231041,-0.36009013934398804
3321,-0.48711308900199385,-0.36009013934398804
3322,-0.6354908574713041,-0.36009013934398804
3323,-0.5898907679736842,-0.36009013934398804
3324,-0.40503555295333116,-0.36009013934398804
3325,-0.32875484338556404,-0.36009013934398804
3326,-0.30240591294692387,-0.36009013934398804
3327,-0.21758206227822274,-0.36009013934398804
3328,-0.21095683664493142,-0.36009013934398804
3329,-0.11217080584313302,-0.36009013934398804
3330,-0.029140451808989443,-0.36009013934398804
3331,0.09960725342185231,-0.36009013934398804
3332,-0.03912666239159268,-0.36009013934398804
3333,-0.24267586048875922,-0.36009013934398804
3334,-0.3229219348258431,-0.36009013934398804
3335,-0.1950045900394729,-0.36009013934398804
3336,-0.24346640426632005,-0.36009013934398804
3337,-0.41843639818714773,-0.36009013934398804
3338,-0.29480021897011427,-0.36009013934398804
3339,-0.5074530793064805,-0.36009013934398804
3340,-0.4011087022930217,-0.36009013934398804
3341,-0.7199908839780536,-0.36009013934398804
3342,-0.7133133832640313,-0.36009013934398804
3343,-0.6881355792279747,-0.36009013934398804
3344,-0.607340455928325,-0.36009013934398804
3345,-0.7886888612283289,-0.36009013934398804
3346,-0.40709962665693994,-0.36009013934398804
3347,-0.6318537735602566,-0.36009013934398804
3348,-0.3519884274947128,-0.36009013934398804
3349,-0.4240661670367054,-0.36009013934398804
3350,-0.20479871989691395,-0.36009013934398804
3351,-0.23441630445172912,-0.36009013934398804
3352,-0.1873031339836465,-0.36009013934398804
3353,-0.186305737969272,-0.36009013934398804
3354,-0.20433166200479816,-0.36009013934398804
3355,-0.0009402591071646649,-0.36009013934398804
3356,-0.05339534470187374,-0.36009013934398804
3357,0.04483907306907939,-0.36009013934398804
3358,-0.021796300796299434,-0.36009013934398804
3359,-0.04174343168650066,-0.36009013934398804
3360,-0.28298198243058487,-0.36009013934398804
3361,-0.2884948424731391,-0.36009013934398804
3362,-0.2242513596111709,-0.36009013934398804
3363,-0.47700575521959265,-0.36009013934398804
3364,-0.4041208375644164,-0.36009013934398804
3365,-0.5031271228104158,-0.36009013934398804
3366,-0.6289791500685036,-0.36009013934398804
3367,-0.600206099591069,-0.36009013934398804
3368,-0.6417696274787037,-0.36009013934398804
3369,-0.6229104075458666,-0.36009013934398804
3370,-0.5067965406814122,-0.36009013934398804
3371,-0.5682335789326756,-0.36009013934398804
3372,-0.671700853851027,-0.36009013934398804
3373,-0.4579390331577985,-0.36009013934398804
3374,-0.5058593324485171,-0.36009013934398804
3375,-0.22915499457259308,-0.36009013934398804
3376,-0.2337900163526868,-0.36009013934398804
3377,-0.418077524028378,-0.36009013934398804
3378,-0.12300606963920041,-0.36009013934398804
3379,-0.07622371626358063,-0.36009013934398804
3380,-0.13962155916031524,-0.36009013934398804
3381,-0.09317630417852782,-0.36009013934398804
3382,-0.15458741441648305,-0.36009013934398804
3383,-0.26064786295949505,-0.36009013934398804
3384,-0.1820913363222253,-0.36009013934398804
3385,-0.0711808795842232,-0.36009013934398804
3386,-0.31859778993294785,-0.36009013934398804
3387,-0.20781461388005804,-0.36009013934398804
3388,-0.460652035925191,-0.36009013934398804
3389,-0.34255331376080006,-0.36009013934398804
3390,-0.6063813198968061,-0.36009013934398804
3391,-0.5671807955331007,-0.36009013934398804
3392,-0.5325124661297457,-0.36009013934398804
3393,-0.6064483253256271,-0.36009013934398804
3394,-0.6879516422150691,-0.36009013934398804
3395,-0.572014422064538,-0.36009013934398804
3396,-0.6335015859959703,-0.36009013934398804
3397,-0.5166055175344539,-0.36009013934398804
3398,-0.44971864310506515,-0.36009013934398804
3399,-0.6015307492160842,-0.36009013934398804
3400,-0.39710140826423534,-0.36009013934398804
3401,-0.21353763061531597,-0.36009013934398804
3402,-0.34575351672611254,-0.36009013934398804
3403,-0.12573296929800432,-0.36009013934398804
3404,-0.32685845424637056,-0.36009013934398804
3405,-0.12533266519478647,-0.36009013934398804
3406,-0.13899055793225215,-0.36009013934398804
3407,-0.1748709232342559,-0.36009013934398804
3408,-0.045819943212825176,-0.36009013934398804
3409,-0.023185942414387622,-0.36009013934398804
3410,-0.12818434356176628,-0.36009013934398804
3411,-0.19083586978256262,-0.36009013934398804
3412,-0.39815685683683666,-0.36009013934398804
3413,-0.2664328500076673,-0.36009013934398804
3414,-0.5864683458052082,-0.36009013934398804
3415,-0.4789443495009339,-0.36009013934398804
3416,-1.2600461017539486,-1.1015949171345543
3417,-1.3621851601638046,-1.1015949171345543
3418,-1.5258101521906573,-1.1015949171345543
3419,-1.1961534746340918,-1.1015949171345543
3420,-1.3838903157259523,-1.1015949171345543
3421,-1.3712165470816433,-1.1015949171345543
3422,-1.087981964653124,-1.1015949171345543
3423,-1.242861722452653,-1.1015949171345543
3424,-1.1913918900677798,-1.1015949171345543
3425,-1.1701005845011099,-1.1015949171345543
3426,-1.0545399125515398,-1.1015949171345543
3427,-1.1468995567379188,-1.1015949171345543
3428,-0.7218011456026235,-1.1015949171345543
3429,-1.0890382588937937,-1.1015949171345543
3430,-0.986922828336648,-1.1015949171345543
3431,-0.925559010851684,-1.1015949171345543
3432,-0.746841037115263,-1.1015949171345543
3433,-1.0772571783529903,-1.1015949171345543
3434,-0.9544821287017156,-1.1015949171345543
3435,-1.0114843512531932,-1.1015949171345543
3436,-0.8681726360392852,-1.1015949171345543
3437,-0.8940526365443147,-1.1015949171345543
3438,-1.1545718696842175,-1.1015949171345543
3439,-1.1592995907996837,-1.1015949171345543
3440,-1.1342298354705949,-1.1015949171345543
3441,-1.3093750060102693,-1.1015949171345543
3442,-1.3236698474757878,-1.1015949171345543
3443,-1.2604981826357526,-1.1015949171345543
3444,-1.6805766994979623,-1.1015949171345543
3445,-1.3777825394372134,-1.1015949171345543
3446,-1.2874550906639142,-1.1015949171345543
3447,-1.122867233868177,-1.1015949171345543
3448,-1.3136270244646333,-1.1015949171345543
3449,-1.0918405459769396,-1.1015949171345543
3450,-1.2826404327897634,-1.1015949171345543
3451,-1.136775353335531,-1.1015949171345543
3452,-0.9858350292561189,-1.1015949171345543
3453,-0.952253618741711,-1.1015949171345543
3454,-0.9167514107546975,-1.1015949171345543
3455,-0.7885712095091657,-1.1015949171345543
3456,-0.8039627796426917,-1.1015949171345543
3457,-0.829998420571104,-1.1015949171345543
3458,-0.8195939563932604,-1.1015949171345543
3459,-0.9446248390151206,-1.1015949171345543
3460,-1.002876404396369,-1.1015949171345543
3461,-1.0539519858485855,-1.1015949171345543
3462,-1.0605958976447507,-1.1015949171345543
3463,-1.2642218059023493,-1.1015949171345543
3464,-1.2530927517058794,-1.1015949171345543
3465,-0.9375537004884532,-1.1015949171345543
3466,-1.1828407456395518,-1.1015949171345543
3467,-1.2906169411391082,-1.1015949171345543
3468,-1.5795838061327632,-1.1015949171345543
3469,-1.3378897778398486,-1.1015949171345543
3470,-1.5022899664928493,-1.1015949171345543
3471,-1.2800438264962475,-1.1015949171345543
3472,-1.326525271768329,-1.1015949171345543
3473,-1.2906528715421048,-1.1015949171345543
3474,-1.3751211111308113,-1.1015949171345543
3475,-1.0227245531043383,-1.1015949171345543
3476,-1.0153067696516247,-1.1015949171345543
3477,-1.0419784903080946,-1.1015949171345543
3478,-0.750553773267335,-1.1015949171345543
3479,-0.7634202450574646,-1.1015949171345543
3480,-0.8240176602838171,-1.1015949171345543
3481,-0.7455542707501643,-1.1015949171345543
3482,-0.8987388629077238,-1.1015949171345543
3483,-0.7742736388813188,-1.1015949171345543
3484,-1.046258448050405,-1.1015949171345543
3485,0.013899172628196663,0.020359916616717974
3486,0.2548267433759332,0.020359916616717974
3487,0.07308081646566358,0.020359916616717974
3488,0.10876624088320119,0.020359916616717974
3489,-0.04734863843409681,0.020359916616717974
3490,-0.2373179309427263,0.020359916616717974
3491,-0.16601372525796648,0.020359916616717974
3492,-0.14972090583773345,0.020359916616717974
3493,-0.23848976926153198,0.020359916616717974
3494,-0.3064228245309809,0.020359916616717974
3495,-0.2616480545374836,0.020359916616717974
3496,-0.2649420552100271,0.020359916616717974
3497,-0.22718317888104048,0.020359916616717974
3498,-0.17480611616380495,0.020359916616717974
3499,-0.11951895697098673,0.020359916616717974
3500,0.114817161420463,0.020359916616717974
3501,-0.02145471030234377,0.020359916616717974
3502,-0.08536582112419434,0.020359916616717974
3503,0.26342427296866977,0.020359916616717974
3504,0.3870414773131288,0.020359916616717974
3505,0.3080412977919209,0.020359916616717974
3506,0.21631274292523164,0.020359916616717974
3507,0.34262695127551335,0.020359916616717974
3508,0.2537813764533603,0.020359916616717974
3509,0.20411934669125864,0.020359916616717974
3510,0.2397222848574934,0.020359916616717974
3511,0.09442775028245523,0.020359916616717974
3512,-0.07909627388671826,0.020359916616717974
3513,0.01605322430544168,0.020359916616717974
3514,-0.267854174106828,0.020359916616717974
3515,-0.1201559021517103,0.020359916616717974
3516,-0.11313385095646045,0.020359916616717974
3517,-0.23453910220990642,0.020359916616717974
3518,-0.1085988615760306,0.020359916616717974
3519,-0.30205811681491923,0.020359916616717974
3520,-0.23485125977696866,0.020359916616717974
3521,-0.24435962222809893,0.020359916616717974
3522,-0.12199865593557466,0.020359916616717974
3523,0.06585367490837425,0.020359916616717974
3524,0.06838455618523342,0.020359916616717974
3525,-0.08312949682406044,0.020359916616717974
3526,0.14201001176694267,0.020359916616717974
3527,0.33136253576475516,0.020359916616717974
3528,0.4315156461770283,0.020359916616717974
3529,0.15414181589584952,0.020359916616717974
3530,0.21131944078039,0.020359916616717974
3531,0.1421509607574406,0.020359916616717974
3532,0.23091109513749583,0.020359916616717974
3533,0.21424139952343074,0.020359916616717974
3534,0.20791642396509885,0.020359916616717974
3535,0.19333413159368804,0.020359916616717974
3536,0.20950677584449498,0.020359916616717974
3537,0.07825831559906493,0.020359916616717974
3538,0.10405448021248971,0.020359916616717974
3539,-0.07290141949738256,0.020359916616717974
3540,-0.1159396332717899,0.020359916616717974
3541,-0.22866367622803252,0.020359916616717974
3542,-0.2147846268811431,0.020359916616717974
3543,-0.19993508328124535,0.020359916616717974
3544,-0.19772643594638106,0.020359916616717974
3545,-0.13573900982879417,0.020359916616717974
3546,-0.3218442948537149,0.020359916616717974
3547,-0.2926009113527045,0.020359916616717974
3548,0.028934632730803905,0.020359916616717974
3549,0.053615462893927546,0.020359916616717974
3550,-0.07556071974024767,0.020359916616717974
3551,0.08640448151502635,0.020359916616717974
3552,0.1702069238093672,0.020359916616717974
3553,0.2308149282529402,0.020359916616717974
3554,0.01782832176736246,0.020359916616717974
3555,0.18004279916395724,0.020359916616717974
3556,0.43149210336030874,0.020359916616717974
3557,0.3007634782192573,0.020359916616717974
3558,0.28690954631684634,0.020359916616717974
3559,0.32033826573850394,0.020359916616717974
3560,0.09657771033438406,0.020359916616717974
3561,0.03393664024264305,0.020359916616717974
3562,0.22769078206332127,0.020359916616717974
3563,-0.2066991013919068,0.020359916616717974
3564,-0.18683597250940054,0.020359916616717974
3565,0.003404237011596853,0.020359916616717974
3566,-0.0712723397784696,0.020359916616717974
3567,-0.16543586657459958,0.020359916616717974
3568,-0.20791052089978732,0.020359916616717974
3569,-0.26718041479682364,0.020359916616717974
3570,-0.1644514074380515,0.020359916616717974
3571,-0.32140727586529005,0.020359916616717974
3572,-0.17586019782880888,0.020359916616717974
3573,-0.17002216171847997,0.020359916616717974
3574,-0.08583926788694451,0.020359916616717974
3575,0.06811487523344974,0.020359916616717974
3576,0.03480978260168158,0.020359916616717974
3577,0.3118190953101686,0.020359916616717974
3578,0.33819332904609833,0.020359916616717974
3579,0.30398789202475085,0.020359916616717974
3580,0.44005483065016293,0.020359916616717974
3581,0.19395148078485921,0.020359916616717974
3582,0.2183334124359157,0.020359916616717974
3583,0.28689700260779183,0.020359916616717974
3584,0.06355345778783067,0.020359916616717974
3585,0.22145566156079222,0.020359916616717974
3586,0.12238472240067355,0.020359916616717974
3587,0.05053986812226104,0.020359916616717974
3588,-0.07721168634692863,0.020359916616717974
3589,-0.037517760689870255,0.020359916616717974
3590,0.04359135802212022,0.020359916616717974
3591,-0.05894728241857175,0.020359916616717974
3592,-0.20652813054331615,0.020359916616717974
3593,-0.2110057017290763,0.020359916616717974
3594,-0.22891745690895438,0.020359916616717974
3595,-0.08467595485033685,0.020359916616717974
3596,-0.38810156634938475,0.020359916616717974
3597,-0.27006158677219394,0.020359916616717974
3598,-0.033396213717080514,0.020359916616717974
3599,-0.12266773891050226,0.020359916616717974
3600,0.1642373894063646,0.020359916616717974
3601,0.1620660302764357,0.020359916616717974
3602,0.15997710276260801,0.020359916616717974
3603,0.3116226167182372,0.020359916616717974
3604,0.30053347823011056,0.020359916616717974
3605,0.13396161534325698,0.020359916616717974
3606,0.13149467631812334,0.020359916616717974
3607,0.27033886585167477,0.020359916616717974
3608,0.2548568879230834,0.020359916616717974
3609,0.44775922056243755,0.020359916616717974
3610,0.19909321349558706,0.020359916616717974
3611,0.13137234938386672,0.020359916616717974
3612,-0.03471175015689916,0.020359916616717974
3613,-0.10329866603554315,0.020359916616717974
3614,-0.08045985732814318,0.020359916616717974
3615,-0.4315473105617684,0.020359916616717974
3616,-0.3020230677127188,0.020359916616717974
3617,-0.23567370795762382,0.020359916616717974
3618,-0.2751347884975524,0.020359916616717974
3619,-0.3607905801317033,0.020359916616717974
3620,-0.2608775361590622,0.020359916616717974
3621,-0.22221094389818552,0.020359916616717974
3622,-0.17174502497060293,0.020359916616717974
3623,-0.15901277265533312,0.020359916616717974
3624,-0.16764703992615046,0.020359916616717974
3625,0.08991950650720769,0.020359916616717974
3626,0.06314068794974842,0.020359916616717974
3627,0.24698974548153274,0.020359916616717974
3628,0.12125714322590316,0.020359916616717974
3629,0.3346667914634053,0.020359916616717974
3630,0.27728692524231446,0.020359916616717974
3631,0.28253213419964973,0.020359916616717974
3632,0.16395079169816384,0.020359916616717974
3633,0.4594231521576707,0.020359916616717974
3634,0.36705873296307595,0.020359916616717974
3635,0.2398612823375231,0.020359916616717974
3636,0.04250263639185986,0.020359916616717974
3637,0.08256783568156756,0.020359916616717974
3638,0.20952930043692708,0.020359916616717974
3639,-0.06664457324961388,0.020359916616717974
3640,-0.20716002374347417,0.020359916616717974
3641,-0.1744627568101346,0.020359916616717974
3642,-0.13302685882619864,0.020359916616717974
3643,-0.4403020567509969,0.020359916616717974
3644,-0.36706135541213775,0.020359916616717974
3645,-0.24833778529298725,0.020359916616717974
3646,-0.3723374804284792,0.020359916616717974
3647,-0.2533425425748102,0.020359916616717974
3648,-0.13933710574041405,0.020359916616717974
3649,-0.15179151242180716,0.020359916616717974
3650,-0.01890448135455682,0.020359916616717974
3651,0.31194499349287036,0.020359916616717974
3652,0.16092397327767766,0.020359916616717974
3653,0.27070079307533124,0.020359916616717974
3654,0.16950047097584028,0.020359916616717974
3655,0.3239850926125599,0.020359916616717974
3656,0.2568426153972123,0.020359916616717974
3657,0.1994015348274449,0.020359916616717974
3658,0.31036173290681973,0.020359916616717974
3659,0.06482514359175978,0.020359916616717974
3660,0.03684574816853341,0.020359916616717974
3661,0.08725533321215993,0.020359916616717974
3662,0.19580692580920475,0.020359916616717974
3663,0.008631939589479165,0.020359916616717974
3664,-0.10031170010756456,0.020359916616717974
3665,-0.12977071149731753,0.020359916616717974
3666,-0.1565619104957257,0.020359916616717974
3667,-0.21582297613452273,0.020359916616717974
3668,0.022891747565372655,0.020359916616717974
3669,-0.30474955539839566,0.020359916616717974
3670,-0.07266650880908124,0.020359916616717974
3671,-0.2753256370449814,0.020359916616717974
3672,-0.13069189006648377,0.020359916616717974
3673,-0.1415649556769345,0.020359916616717974
3674,-0.0190171872030882,0.020359916616717974
3675,-0.10720009670627036,0.020359916616717974
3676,0.09245075532589044,0.020359916616717974
3677,0.2782118132693989,0.020359916616717974
3678,0.251555948938314,0.020359916616717974
3679,0.34850960256699526,0.020359916616717974
3680,0.3437299965749715,0.020359916616717974
3681,0.1626758682290362,0.020359916616717974
3682,0.22118993388373914,0.020359916616717974
3683,0.36086146087683113,0.020359916616717974
3684,0.2914583858932752,0.020359916616717974
3685,0.2886936604366247,0.020359916616717974
3686,0.1783460515237233,0.020359916616717974
3687,0.1199899645585723,0.020359916616717974
3688,-0.060399456540698476,0.020359916616717974
3689,0.027359799859438552,0.020359916616717974
3690,-0.07280353842049435,0.020359916616717974
3691,-0.23115639011505784,0.020359916616717974
3692,-0.26346994097282606,0.020359916616717974
3693,-0.33553549344627825,0.020359916616717974
3694,-0.20439608398810885,0.020359916616717974
3695,-0.13178633008718094,0.020359916616717974
3696,-0.11527568981361644,0.020359916616717974
3697,-0.31237492211959184,0.020359916616717974
3698,-0.0059633977252724485,0.020359916616717974
3699,-0.10887282119780257,0.020359916616717974
3700,-0.1678306724212452,0.020359916616717974
3701,0.16783936455028958,0.020359916616717974
3702,0.10903577345572095,0.020359916616717974
3703,0.20838263105819693,0.020359916616717974
3704,0.2287136518093036,0.020359916616717974
3705,0.2506275118472583,0.020359916616717974
3706,0.27191286154615263,0.020359916616717974
3707,0.21092084093260272,0.020359916616717974
3708,0.23410148262100888,0.020359916616717974
3709,0.33990433300460055,0.020359916616717974
3710,0.00608014806197911,0.020359916616717974
3711,0.1815832775668616,0.020359916616717974
3712,0.01070001131140884,0.020359916616717974
3713,-0.1366259764316476,0.020359916616717974
3714,-0.19889540316137447,0.020359916616717974
3715,-0.08479273705296154,0.020359916616717974
3716,0.009440846217874388,0.020359916616717974
3717,-0.1763839145774858,0.020359916616717974
3718,-0.4457217828645793,0.020359916616717974
3719,-0.25185975377345315,0.020359916616717974
3720,0.04852282155872642,0.020359916616717974
3721,-0.3107921208575618,0.020359916616717974
3722,-0.09613100607183113,0.020359916616717974
3723,-0.007300090704513734,0.020359916616717974
3724,-0.21649628732470538,0.020359916616717974
3725,0.07206685118233193,0.020359916616717974
3726,0.11179306250443857,0.020359916616717974
3727,0.08778773129888504,0.020359916616717974
3728,0.16407955918795375,0.020359916616717974
3729,0.1313975704215074,0.020359916616717974
3730,0.3676590350492846,0.020359916616717974
3731,0.4190336275729747,0.020359916616717974
3732,0.2297659821371203,0.020359916616717974
3733,0.15566156801074824,0.020359916616717974
3734,0.40542782985691045,0.020359916616717974
3735,0.1657540978598961,0.020359916616717974
3736,0.06311308462080467,0.020359916616717974
3737,0.09824253542022343,0.020359916616717974
3738,0.15840058986665403,0.020359916616717974
3739,-0.07814113166734953,0.020359916616717974
3740,-0.1523679584491796,0.020359916616717974
3741,-0.2018084914837898,0.020359916616717974
3742,-0.2692223298623153,0.020359916616717974
3743,-0.3191520988612011,0.020359916616717974
3744,-0.2578969793698763,0.020359916616717974
3745,-0.2624049262160598,0.020359916616717974
3746,-0.21019138187260358,0.020359916616717974
3747,-0.21559558016298497,0.020359916616717974
3748,-0.31953848908036764,0.020359916616717974
3749,-0.17805435052583102,0.020359916616717974
3750,-1.5424181465937952,-1.5238892601462366
3751,-1.4675485173755085,-1.5238892601462366
3752,-1.2712686109425493,-1.5238892601462366
3753,-1.3458303226023711,-1.5238892601462366
3754,-1.308951287939318,-1.5238892601462366
3755,-1.3075781481973912,-1.5238892601462366
3756,-1.377619854168873,-1.5238892601462366
3757,-1.230281213401415,-1.5238892601462366
3758,-1.192025033418194,-1.5238892601462366
3759,-1.2185753914968147,-1.5238892601462366
3760,-1.419572589026908,-1.5238892601462366
3761,-1.4276684375397186,-1.5238892601462366
3762,-1.4820118544903862,-1.5238892601462366
3763,-1.653608029385957,-1.5238892601462366
3764,-1.8004860715663704,-1.5238892601462366
3765,-1.6198231355772639,-1.5238892601462366
3766,-1.865459373359117,-1.5238892601462366
3767,-1.853746816556419,-1.5238892601462366
3768,-1.7223172463343337,-1.5238892601462366
3769,-1.8056457461819955,-1.5238892601462366
3770,-1.8697707357606639,-1.5238892601462366
3771,-1.838921719428579,-1.5238892601462366
3772,-1.7158314306964273,-1.5238892601462366
3773,-1.5907850879154573,-1.5238892601462366
3774,-1.6312887742164268,-1.5238892601462366
3775,-1.5412280196448005,-1.5238892601462366
3776,-1.5072584011320476,-1.5238892601462366
3777,-1.3299466307055081,-1.5238892601462366
3778,-1.345382583642987,-1.5238892601462366
3779,-1.2741427472569056,-1.5238892601462366
3780,-1.16661490503871,-1.5238892601462366
3781,-1.356343799177615,-1.5238892601462366
3782,-1.0690885679983488,-1.5238892601462366
3783,-1.200220398832741,-1.5238892601462366
3784,-1.5481452788179688,-1.5238892601462366
3785,-1.482614659735982,-1.5238892601462366
3786,-1.3602762547344789,-1.5238892601462366
3787,-1.4818418667324698,-1.5238892601462366
3788,-1.5711834788781602,-1.5238892601462366
3789,-1.688362440838946,-1.5238892601462366
3790,-1.8287477246432529,-1.5238892601462366
3791,-1.551508340441022,-1.5238892601462366
3792,-1.7612993598711828,-1.5238892601462366
3793,-1.9656254426782178,-1.5238892601462366
3794,-1.813477851453611,-1.5238892601462366
3795,-1.8480451995942833,-1.5238892601462366
3796,-1.7398300940128881,-1.5238892601462366
3797,-1.6041878377423064,-1.5238892601462366
3798,-1.652833805880834,-1.5238892601462366
3799,-1.5119006201198835,-1.5238892601462366
3800,-1.3766898306024111,-1.5238892601462366
3801,-1.3941422994332304,-1.5238892601462366
3802,-1.3998103547139578,-1.5238892601462366
3803,-1.4046863473579136,-1.5238892601462366
3804,-1.2812806100942935,-1.5238892601462366
3805,-1.135136950929776,-1.5238892601462366
3806,-1.255017996441529,-1.5238892601462366
3807,-1.1815003726939208,-1.5238892601462366
3808,-1.18047428659382,-1.5238892601462366
3809,-1.3319863516825439,-1.5238892601462366
3810,-1.4134036642467132,-1.5238892601462366
3811,-1.3029892834108647,-1.5238892601462366
3812,-1.5562215576548954,-1.5238892601462366
3813,-1.5114549447373091,-1.5238892601462366
3814,-1.7194342457136305,-1.5238892601462366
3815,-1.7074280760508231,-1.5238892601462366
3816,-1.8349481756782162,-1.5238892601462366
3817,-1.7072702569180398,-1.5238892601462366
3818,-1.8165573741474268,-1.5238892601462366
3819,-1.7934919335778354,-1.5238892601462366
3820,-1.9492489915750704,-1.5238892601462366
3821,-1.9813637529451,-1.5238892601462366
3822,-1.6925807398252886,-1.5238892601462366
3823,-1.6121726353366246,-1.5238892601462366
3824,-1.5313878815690096,-1.5238892601462366
3825,-1.7273534530023182,-1.5238892601462366
3826,-1.5023524493623606,-1.5238892601462366
3827,-1.4632600406079,-1.5238892601462366
3828,-1.3820407197261926,-1.5238892601462366
3829,-1.3591595278934914,-1.5238892601462366
3830,-1.0994300654021947,-1.5238892601462366
3831,-1.1797828550824516,-1.5238892601462366
3832,-1.315055911439842,-1.5238892601462366
3833,-1.351361802356072,-1.5238892601462366
3834,-1.3768717367022323,-1.5238892601462366
3835,-1.3233167783628779,-1.5238892601462366
3836,-1.3128290597184755,-1.5238892601462366
3837,-1.3497821321585695,-1.5238892601462366
3838,-1.5732612361592837,-1.5238892601462366
3839,-1.657428964742026,-1.5238892601462366
3840,-1.598243486396967,-1.5238892601462366
3841,-1.7915113071794642,-1.5238892601462366
3842,-1.8641427266046748,-1.5238892601462366
3843,-1.7677215396119963,-1.5238892601462366
3844,-1.9887756133828947,-1.5238892601462366
3845,-1.8636347490239131,-1.5238892601462366
3846,-1.6373878905964578,-1.5238892601462366
3847,-1.694262428277817,-1.5238892601462366
3848,-1.6837551928201393,-1.5238892601462366
3849,-1.6495496099575926,-1.5238892601462366
3850,-1.392095591749563,-1.5238892601462366
3851,-1.3593855044518783,-1.5238892601462366
3852,-1.4024261760955283,-1.5238892601462366
3853,-1.3503746597928996,-1.5238892601462366
3854,-1.322178384098983,-1.5238892601462366
3855,-1.1919172118569703,-1.5238892601462366
3856,-1.2709498888032358,-1.5238892601462366
3857,-1.3611748679787385,-1.5238892601462366
3858,-1.3127379925693807,-1.5238892601462366
3859,-1.1442531137610552,-1.5238892601462366
3860,-1.3952137070798414,-1.5238892601462366
3861,-1.2444567815126162,-1.5238892601462366
3862,-1.5682099038353936,-1.5238892601462366
3863,-1.3406830926469024,-1.5238892601462366
3864,-1.582150652171746,-1.5238892601462366
3865,-1.6542497702297176,-1.5238892601462366
3866,-1.924538654308859,-1.5238892601462366
3867,-1.753573915128569,-1.5238892601462366
3868,-1.7600155268725264,-1.5238892601462366
3869,-1.7114455803995532,-1.5238892601462366
3870,-1.7505056441225708,-1.5238892601462366
3871,-1.809907107130228,-1.5238892601462366
3872,-1.7264055419342423,-1.5238892601462366
3873,-1.6741890046250103,-1.5238892601462366
3874,-1.717728993092907,-1.5238892601462366
3875,-1.4555699250911251,-1.5238892601462366
3876,-1.5089391453452503,-1.5238892601462366
3877,-1.287454639897656,-1.5238892601462366
3878,-1.3633929665928848,-1.5238892601462366
3879,-1.213132733833912,-1.5238892601462366
3880,-1.1170776035956562,-1.5238892601462366
3881,-1.20006873978876,-1.5238892601462366
3882,-1.2313553001618236,-1.5238892601462366
3883,-1.3913795725993987,-1.5238892601462366
3884,-1.2602802087876657,-1.5238892601462366
3885,-1.5108964365930708,-1.5238892601462366
3886,-1.5525007213176436,-1.5238892601462366
3887,-1.5239400344817555,-1.5238892601462366
3888,-1.578072119684844,-1.5238892601462366
3889,-1.5411636728111568,-1.5238892601462366
3890,-1.641788736503448,-1.5238892601462366
3891,-1.5817865980075947,-1.5238892601462366
3892,-1.6303671899908996,-1.5238892601462366
3893,-1.901280056433158,-1.5238892601462366
3894,-1.5856938396301956,-1.5238892601462366
3895,-1.710165615929169,-1.5238892601462366
3896,-1.638025035394714,-1.5238892601462366
3897,-1.5376596369922932,-1.5238892601462366
3898,-1.8692804786197272,-1.5238892601462366
3899,-1.4980743400070275,-1.5238892601462366
3900,-1.4995493282680286,-1.5238892601462366
3901,-1.4778256330038488,-1.5238892601462366
3902,-1.5204255987715827,-1.5238892601462366
3903,-1.408679146002784,-1.5238892601462366
3904,-1.3895538894760926,-1.5238892601462366
3905,-1.332758870449256,-1.5238892601462366
3906,-1.572150820845319,-1.5238892601462366
3907,-1.2812686352467615,-1.5238892601462366
3908,-1.4554866520730787,-1.5238892601462366
3909,-1.278041522648327,-1.5238892601462366
3910,-1.6888123072448569,-1.5238892601462366
3911,-1.445250828910879,-1.5238892601462366
3912,-1.5242829623922503,-1.5238892601462366
3913,-1.6735064917564832,-1.5238892601462366
3914,-1.552342290392785,-1.5238892601462366
3915,-1.2529455799703735,-0.9797731802625052
3916,-1.1413463536258157,-0.9797731802625052
3917,-1.3007018836639823,-0.9797731802625052
3918,-1.2688506616172441,-0.9797731802625052
3919,-1.2040664411223956,-0.9797731802625052
3920,-1.0448749811711677,-0.9797731802625052
3921,-1.1206014171823417,-0.9797731802625052
3922,-1.15423943365605,-0.9797731802625052
3923,-1.089796280892146,-0.9797731802625052
3924,-0.9469304332534334,-0.9797731802625052
3925,-1.0894034133028834,-0.9797731802625052
3926,-0.9808752611040593,-0.9797731802625052
3927,-0.8777204781430399,-0.9797731802625052
3928,-0.8046240893785734,-0.9797731802625052
3929,-0.7218611626175178,-0.9797731802625052
3930,-0.5789611105048609,-0.9797731802625052
3931,-0.8395495095216332,-0.9797731802625052
3932,-0.5870193767404183,-0.9797731802625052
3933,-0.6594288049861629,-0.9797731802625052
3934,-0.8028787776986502,-0.9797731802625052
3935,-0.9590751028537283,-0.9797731802625052
3936,-0.8445546385212391,-0.9797731802625052
3937,-0.9352928771080637,-0.9797731802625052
3938,-1.1431827117462166,-0.9797731802625052
3939,-1.0753339621440263,-0.9797731802625052
3940,-1.1474762296339933,-0.9797731802625052
3941,-1.1928609666727361,-0.9797731802625052
3942,-1.327531751768291,-0.9797731802625052
3943,-1.1691446986195488,-0.9797731802625052
3944,-1.144657644615709,-0.9797731802625052
3945,-1.3048147349100572,-0.9797731802625052
3946,-1.1781433001797867,-0.9797731802625052
3947,-1.221046080548787,-0.9797731802625052
3948,-0.9991707665450673,-0.9797731802625052
3949,-1.0508484293991458,-0.9797731802625052
3950,-0.950226716506425,-0.9797731802625052
3951,-0.7904248961413703,-0.9797731802625052
3952,-0.7545747413412635,-0.9797731802625052
3953,-0.8753625896497754,-0.9797731802625052
3954,-0.8501678951857029,-0.9797731802625052
3955,-0.8000762442028934,-0.9797731802625052
3956,-0.6188906419298089,-0.9797731802625052
3957,-0.7285933556241329,-0.9797731802625052
3958,-0.5739981200755877,-0.9797731802625052
3959,-0.7621405522439889,-0.9797731802625052
3960,-0.8043149561220242,-0.9797731802625052
3961,-1.085090121036957,-0.9797731802625052
3962,-0.8753976443413132,-0.9797731802625052
3963,-0.9660445024927325,-0.9797731802625052
3964,-0.9239258102384378,-0.9797731802625052
3965,-1.1191470716614946,-0.9797731802625052
3966,-1.1303957630786883,-0.9797731802625052
3967,-1.2211221432518196,-0.9797731802625052
3968,-1.0982175882830725,-0.9797731802625052
3969,-1.293845491937085,-0.9797731802625052
3970,-1.460510468261962,-0.9797731802625052
3971,-1.019709219345936,-0.9797731802625052
3972,-1.216920888946716,-0.9797731802625052
3973,-1.0009827505630682,-0.9797731802625052
3974,-1.0001137909423718,-0.9797731802625052
3975,-1.003752196419113,-0.9797731802625052
3976,-0.8936698950317774,-0.9797731802625052
3977,-1.027406517244426,-0.9797731802625052
3978,-0.8651326040401137,-0.9797731802625052
3979,-0.8767497515464486,-0.9797731802625052
3980,-0.8147053991528822,-0.9797731802625052
3981,-0.6657531173120828,-0.9797731802625052
3982,-0.6682033425915346,-0.9797731802625052
3983,-0.6586046003909815,-0.9797731802625052
3984,-0.8611919440590943,-0.9797731802625052
3985,-0.8444105166450595,-0.9797731802625052
3986,-0.8015162996519591,-0.9797731802625052
3987,-1.0048687995322256,-0.9797731802625052
3988,-1.1153544118753476,-0.9797731802625052
3989,-1.0782505124062522,-0.9797731802625052
3990,-1.2144699995878727,-0.9797731802625052
3991,-1.0594100410120342,-0.9797731802625052
3992,-1.1684773951105194,-0.9797731802625052
3993,-1.250945213368361,-0.9797731802625052
3994,-1.2534826081251969,-0.9797731802625052
3995,-1.0052951396037109,-0.9797731802625052
3996,-1.1250462360294833,-0.9797731802625052
3997,-1.36964792249455,-0.9797731802625052
3998,-1.0905052969248812,-0.9797731802625052
3999,-0.9978876793508022,-0.9797731802625052
4000,-0.9563534139397301,-0.9797731802625052
4001,-0.9432473505767909,-0.9797731802625052
4002,-1.0007862546333155,-0.9797731802625052
4003,-0.7936643496897056,-0.9797731802625052
4004,-0.8137514819891403,-0.9797731802625052
4005,-0.6160212507982138,-0.9797731802625052
4006,-0.654131254450263,-0.9797731802625052
4007,-0.7951401774263414,-0.9797731802625052
4008,-0.7677436517400393,-0.9797731802625052
4009,-0.7647067388154015,-0.9797731802625052
4010,-1.0005613635542747,-0.9797731802625052
4011,-0.8309191648278853,-0.9797731802625052
4012,-0.9972939237877438,-0.9797731802625052
4013,-1.0868885917402116,-0.9797731802625052
4014,-1.1331707523069667,-0.9797731802625052
4015,-1.2492985192938233,-0.9797731802625052
4016,-1.04720411922275,-0.9797731802625052
4017,-1.1655870465217804,-0.9797731802625052
4018,-1.3925194107108239,-0.9797731802625052
4019,-1.0161582041334147,-0.9797731802625052
4020,-1.303092319848564,-0.9797731802625052
4021,-1.2437111466953084,-0.9797731802625052
4022,-1.1851136041772246,-0.9797731802625052
4023,-1.0010384522844857,-0.9797731802625052
4024,-0.9337143857006179,-0.9797731802625052
4025,-1.077888705422614,-0.9797731802625052
4026,-0.9487872562706027,-0.9797731802625052
4027,-0.8274156792645454,-0.9797731802625052
4028,-0.8131223312444287,-0.9797731802625052
4029,-0.8292891654308865,-0.9797731802625052
4030,-0.5856660253951043,-0.9797731802625052
4031,-0.7719278473217945,-0.9797731802625052
4032,-0.7957995245054654,-0.9797731802625052
4033,-0.7275419485164353,-0.9797731802625052
4034,-0.7201724363310982,-0.9797731802625052
4035,-0.883674847464365,-0.9797731802625052
4036,-1.0525061256487824,-0.9797731802625052
4037,-0.8868153464493367,-0.9797731802625052
4038,-0.8879232527790151,-0.9797731802625052
4039,-1.0544591578377351,-0.9797731802625052
4040,-1.1256224811799378,-0.9797731802625052
4041,-1.0466425537465338,-0.9797731802625052
4042,-1.0850818719964959,-0.9797731802625052
4043,-1.3008555538112216,-0.9797731802625052
4044,-1.0594162888812628,-0.9797731802625052
4045,-1.382194102953863,-0.9797731802625052
4046,-1.288133915996007,-0.9797731802625052
4047,-1.3471783192800477,-0.9797731802625052
4048,-1.227635680435562,-0.9797731802625052
4049,-0.9875035785848709,-0.9797731802625052
4050,-1.02297852471346,-0.9797731802625052
4051,-1.0606138245204213,-0.9797731802625052
4052,-0.8292407444552125,-0.9797731802625052
4053,-0.7430976175402689,-0.9797731802625052
4054,-0.7387348416593159,-0.9797731802625052
4055,-0.7541916339771236,-0.9797731802625052
4056,-0.744331830433909,-0.9797731802625052
4057,-0.7541020934246936,-0.9797731802625052
4058,-0.5779649670192877,-0.9797731802625052
4059,-0.9484653211824307,-0.9797731802625052
4060,-0.825211572761959,-0.9797731802625052
4061,-0.9998101037567505,-0.9797731802625052
4062,-0.9305829185373771,-0.9797731802625052
4063,-1.074464811098021,-0.9797731802625052
4064,-1.237775055579708,-0.9797731802625052
4065,-1.0800833115517139,-0.9797731802625052
4066,-1.1456545477799671,-0.9797731802625052
4067,-1.2556846629185272,-0.9797731802625052
4068,-1.3711435363436566,-0.9797731802625052
4069,-1.2823879477918687,-0.9797731802625052
4070,-1.3679947068972225,-0.9797731802625052
4071,-1.1028557449301275,-0.9797731802625052
4072,-1.0149967796493014,-0.9797731802625052
4073,-1.2726577045214014,-0.9797731802625052
4074,-1.0201105858055055,-0.9797731802625052
4075,-0.9383275873290748,-0.9797731802625052
4076,-0.8070235061555262,-0.9797731802625052
4077,-1.0947779241898858,-0.9797731802625052
4078,-0.7872621333754127,-0.9797731802625052
4079,-0.4887057688254982,-0.9797731802625052
4080,-0.8107410279669696,-0.9797731802625052
4081,-0.6537501491290911,-0.9797731802625052
4082,-0.6825800285762015,-0.9797731802625052
4083,-0.7070710396233796,-0.9797731802625052
4084,-0.9269447931478334,-0.9797731802625052
4085,-0.793848182643614,-0.9797731802625052
4086,-0.661281815327567,-0.9797731802625052
4087,-0.9736080424155886,-0.9797731802625052
4088,-1.082498208422294,-0.9797731802625052
4089,-0.9235817604289465,-0.9797731802625052
4090,-1.189232260463479,-0.9797731802625052
4091,-1.2800314366471204,-0.9797731802625052
4092,-1.2088437977029103,-0.9797731802625052
4093,-1.2075339264023663,-0.9797731802625052
4094,-1.185850064545358,-0.9797731802625052
4095,-1.1266768302552768,-0.9797731802625052
4096,-1.2313099702585157,-0.9797731802625052
4097,-0.978133674264934,-0.9797731802625052
4098,-1.2456048343324146,-0.9797731802625052
4099,-0.8639381019095933,-0.9797731802625052
4100,-1.001178204980937,-0.9797731802625052
4101,-1.0425629841176574,-0.9797731802625052
4102,-0.8978262189458072,-0.9797731802625052
4103,-0.7695427822081771,-0.9797731802625052
4104,-0.567295099067207,-0.9797731802625052
4105,-0.7967355931170201,-0.9797731802625052
4106,-0.6629797696397959,-0.9797731802625052
4107,-0.6746528137132848,-0.9797731802625052
4108,-0.7661579553420177,-0.9797731802625052
4109,-0.8324971352460537,-0.9797731802625052
4110,-0.6305914059459332,-0.9797731802625052
4111,-0.8337178131445773,-0.9797731802625052
4112,-1.1068704572589938,-0.9797731802625052
4113,-0.9772774703655466,-0.9797731802625052
4114,-1.0949742021447573,-0.9797731802625052
4115,-1.281302716474398,-0.9797731802625052
4116,-1.1545716846705778,-0.9797731802625052
4117,-1.1638049306327034,-0.9797731802625052
4118,-1.3467761554114057,-0.9797731802625052
4119,-1.1128717909494583,-0.9797731802625052
4120,-1.2165019479923929,-0.9797731802625052
4121,-1.233624856942431,-0.9797731802625052
4122,-1.1857465785975327,-0.9797731802625052
4123,-1.022880375286331,-0.9797731802625052
4124,-1.011806582903589,-0.9797731802625052
4125,-1.1646009095380991,-0.9797731802625052
4126,-0.9263383632504412,-0.9797731802625052
4127,-0.8456458509997933,-0.9797731802625052
4128,-0.8461033298889803,-0.9797731802625052
4129,-0.6918231523195039,-0.9797731802625052
4130,-0.7682090312626862,-0.9797731802625052
4131,-0.7807201620472208,-0.9797731802625052
4132,-0.6267648743265946,-0.9797731802625052
4133,-0.7080557154063394,-0.9797731802625052
4134,-0.8474643768668741,-0.9797731802625052
4135,-0.8259795139313444,-0.9797731802625052
4136,-0.9022073752556503,-0.9797731802625052
4137,-0.9495863397675136,-0.9797731802625052
4138,-0.9781244240694159,-0.9797731802625052
4139,-0.973484527107437,-0.9797731802625052
4140,-1.3168977571785514,-0.9797731802625052
4141,-1.191437753548946,-0.9797731802625052
4142,-1.22189826083465,-0.9797731802625052
4143,-1.3371581539982111,-0.9797731802625052
4144,-1.165414400868528,-0.9797731802625052
4145,-1.0469799026590176,-0.9797731802625052
4146,-1.4000196049315246,-0.9797731802625052
4147,-1.0745428104552674,-0.9797731802625052
4148,-1.0880224979153217,-0.9797731802625052
4149,-1.0608177127158396,-0.9797731802625052
4150,-1.1759822896641736,-0.9797731802625052
4151,-0.8835991976333428,-0.9797731802625052
4152,-0.7774681113595389,-0.9797731802625052
4153,-0.8505586103991591,-0.9797731802625052
4154,-0.9269669390285784,-0.9797731802625052
4155,-0.7918021924391403,-0.9797731802625052
4156,-0.6845950183222302,-0.9797731802625052
4157,-0.6596363448957748,-0.9797731802625052
4158,-0.6994016765196622,-0.9797731802625052
4159,-0.7660424586776287,-0.9797731802625052
4160,-0.74663899700899,-0.9797731802625052
4161,-0.9713734677701171,-0.9797731802625052
4162,-1.0041719895883114,-0.9797731802625052
4163,-0.9693459275088119,-0.9797731802625052
4164,-1.0942702524877472,-0.9797731802625052
4165,-1.2572060747241742,-0.9797731802625052
4166,-1.1816059187299097,-0.9797731802625052
4167,-1.2403449558985828,-0.9797731802625052
4168,-1.21472189175515,-0.9797731802625052
4169,-1.344990342437038,-0.9797731802625052
4170,-1.2256008364535658,-0.9797731802625052
4171,-1.0081900360206422,-0.9797731802625052
4172,-1.2433077728086341,-0.9797731802625052
4173,-0.9763513748803392,-0.9797731802625052
4174,-1.0353720514316453,-0.9797731802625052
4175,-1.032936245078591,-0.9797731802625052
4176,-0.8636149615653869,-0.9797731802625052
4177,-0.9056375408415861,-0.9797731802625052
4178,-0.9840175053630194,-0.9797731802625052
4179,-0.8232382222078085,-0.9797731802625052
4180,-0.7566863818917436,-0.9797731802625052
4181,-0.7424841328861469,-0.9797731802625052
4182,-0.8991285315881432,-0.9797731802625052
4183,-0.6878271793987971,-0.9797731802625052
4184,-0.6703489484297667,-0.9797731802625052
4185,-0.9387843707412863,-0.9797731802625052
4186,-1.0349781302923713,-0.9797731802625052
4187,-0.8120318395497538,-0.9797731802625052
4188,-0.8937071753216528,-0.9797731802625052
4189,-1.172040746891335,-0.9797731802625052
4190,-1.2294545089749274,-0.9797731802625052
4191,-1.2873469586099688,-0.9797731802625052
4192,-1.1708809762246033,-0.9797731802625052
4193,-1.1527158123734396,-0.9797731802625052
4194,-1.085440295113419,-0.9797731802625052
4195,-1.3290910573427965,-0.9797731802625052
4196,-1.1528994932372238,-0.9797731802625052
4197,-1.0070017928682795,-0.9797731802625052
4198,-1.3286659321658147,-0.9797731802625052
4199,-0.9585850696865502,-0.9797731802625052
4200,-0.9832229308794624,-0.9797731802625052
4201,-0.9816155667962927,-0.9797731802625052
4202,-0.794568865256956,-0.9797731802625052
4203,-0.7692214059797109,-0.9797731802625052
4204,-0.9681783022347429,-0.9797731802625052
4205,-0.8166382978365696,-0.9797731802625052
4206,-0.8289091340015124,-0.9797731802625052
4207,-0.5892254523017288,-0.9797731802625052
4208,-0.6798276589170931,-0.9797731802625052
4209,-0.7417255931564555,-0.9797731802625052
4210,-0.8743932698274992,-0.9797731802625052
4211,-0.8466457606328717,-0.9797731802625052
4212,-1.0292521261648278,-0.9797731802625052
4213,-1.092735474577784,-0.9797731802625052
4214,-1.0846231931608352,-0.9797731802625052
4215,-1.0422271093539441,-0.9797731802625052
4216,-1.23599266914133,-0.9797731802625052
4217,-1.3205883655518567,-0.9797731802625052
4218,-1.1420080602184033,-0.9797731802625052
4219,-1.0591350218982534,-0.9797731802625052
4220,-1.2237702162289286,-0.9797731802625052
4221,-1.279157406810298,-0.9797731802625052
4222,-1.3290376798996306,-0.9797731802625052
4223,-1.0650829391332057,-0.9797731802625052
4224,-1.135021507322101,-0.9797731802625052
4225,-1.0017064353425904,-0.9797731802625052
4226,-0.6238579582059149,-0.9797731802625052
4227,-0.8651999055149031,-0.9797731802625052
4228,-1.001203660273552,-0.9797731802625052
4229,-0.6439080146520848,-0.9797731802625052
4230,-0.6467685833905381,-0.9797731802625052
4231,-0.5902644507838961,-0.9797731802625052
4232,-0.7278988523503626,-0.9797731802625052
4233,-0.9457042604259902,-0.9797731802625052
4234,-0.8375258074609656,-0.9797731802625052
4235,-0.765660563837718,-0.9797731802625052
4236,-0.991912651420071,-0.9797731802625052
4237,-0.9304419249028597,-0.9797731802625052
4238,-1.167574564620543,-0.9797731802625052
4239,-0.9263444182969094,-0.9797731802625052
4240,-1.1075102634551162,-0.9797731802625052
4241,-1.184335335505424,-0.9797731802625052
4242,-1.3296980480697984,-0.9797731802625052
4243,-1.2426242720582488,-0.9797731802625052
4244,-1.17627801293329,-0.9797731802625052
4245,-1.298868508283174,-0.9797731802625052
4246,-1.1556665163507942,-0.9797731802625052
4247,-1.1751590459460242,-0.9797731802625052
4248,-1.135428057188189,-0.9797731802625052
4249,-1.151084027382333,-0.9797731802625052
4250,-0.8465422435973345,-0.9797731802625052
4251,-0.8528528247569854,-0.9797731802625052
4252,-0.8975744958928418,-0.9797731802625052
4253,-0.829610084988674,-0.9797731802625052
4254,-0.7548541028227882,-0.9797731802625052
4255,-0.8190406731223462,-0.9797731802625052
4256,-0.5913504136487441,-0.9797731802625052
4257,-0.8193830866496519,-0.9797731802625052
4258,-0.6929601914631845,-0.9797731802625052
4259,-0.8271090932308469,-0.9797731802625052
4260,-0.9132192726988179,-0.9797731802625052
4261,-0.7658561011045072,-0.9797731802625052
4262,-0.8625034088482553,-0.9797731802625052
4263,-1.1396361481183523,-0.9797731802625052
4264,-1.1189714262805823,-0.9797731802625052
4265,-1.184055509932365,-0.9797731802625052
4266,-1.1246306294719433,-0.9797731802625052
4267,-1.3348833001108213,-0.9797731802625052
4268,-1.2668378857724698,-0.9797731802625052
4269,-1.141781345276701,-0.9797731802625052
4270,-1.2432300710742754,-0.9797731802625052
4271,-1.41850239973661,-0.9797731802625052
4272,-1.1328921717249114,-0.9797731802625052
4273,-1.0561767436328622,-0.9797731802625052
4274,-1.0795811901283972,-0.9797731802625052
4275,-1.055826994795485,-0.9797731802625052
4276,-1.0332544816659792,-0.9797731802625052
4277,-0.6166549259404605,-0.9797731802625052
4278,-0.7747803482662823,-0.9797731802625052
4279,-0.6893702478705944,-0.9797731802625052
4280,-0.6143282948482764,-0.9797731802625052
4281,-0.6947369043743684,-0.9797731802625052
4282,-0.7938197053668297,-0.9797731802625052
4283,-0.7662861937726406,-0.9797731802625052
4284,-0.6155845733429706,-0.9797731802625052
4285,-0.8850724500361632,-0.9797731802625052
4286,-0.7760857191771704,-0.9797731802625052
4287,-0.8864693813675631,-0.9797731802625052
4288,-0.8577526849564789,-0.9797731802625052
4289,-1.165648780840538,-0.9797731802625052
4290,-1.10602875447009,-0.9797731802625052
4291,-1.0710318222768398,-0.9797731802625052
4292,-1.2185786339397695,-0.9797731802625052
4293,-1.3132484279509868,-0.9797731802625052
4294,-1.350632736392857,-0.9797731802625052
4295,-1.2428087607533083,-0.9797731802625052
4296,-1.262266374564716,-0.9797731802625052
4297,-1.0800003720828997,-0.9797731802625052
4298,-0.9890907319040048,-0.9797731802625052
4299,-0.9565255590218243,-0.9797731802625052
4300,-1.079131906358402,-0.9797731802625052
4301,-0.9084196977177903,-0.9797731802625052
4302,-0.8089308500110777,-0.9797731802625052
4303,-0.8752254310570198,-0.9797731802625052
4304,-0.7306923782287071,-0.9797731802625052
4305,-0.7251752441499509,-0.9797731802625052
4306,-0.7704794982406682,-0.9797731802625052
4307,-0.8252824138024478,-0.9797731802625052
4308,-0.5719175512263825,-0.9797731802625052
4309,-0.8470776635638824,-0.9797731802625052
4310,-0.8149830122167689,-0.9797731802625052
4311,-0.865576023187879,-0.9797731802625052
4312,-1.10913197893459,-0.9797731802625052
4313,-1.0599063604038155,-0.9797731802625052
4314,-1.2451180555774306,-0.9797731802625052
4315,-1.090230062470173,-0.9797731802625052
4316,-1.2327313622673124,-0.9797731802625052
4317,-1.2604475944462057,-0.9797731802625052
4318,-1.143996665971624,-0.9797731802625052
4319,-1.1205585234436002,-0.9797731802625052
4320,-1.2963778973466087,-0.9797731802625052
4321,-1.1438046354379958,-0.9797731802625052
4322,-1.2264210319385254,-0.9797731802625052
4323,-1.1235322800249987,-0.9797731802625052
4324,-1.0668272251940416,-0.9797731802625052
4325,-1.0760136421745046,-0.9797731802625052
4326,-0.9594711816369956,-0.9797731802625052
4327,-0.8705141323619213,-0.9797731802625052
4328,-0.9275929341089011,-0.9797731802625052
4329,-0.8339771754447471,-0.9797731802625052
4330,-0.7541725638477355,-0.9797731802625052
4331,-0.7533781350434536,-0.9797731802625052
4332,-0.8964021843526999,-0.9797731802625052
4333,-0.8872657064884957,-0.9797731802625052
4334,-0.9614422078064332,-0.9797731802625052
4335,-0.7841236596045165,-0.9797731802625052
4336,-0.8381683075818626,-0.9797731802625052
4337,-0.611314055679662,-0.9797731802625052
4338,-1.1365538807742328,-0.9797731802625052
4339,-1.1894154953704064,-0.9797731802625052
4340,-1.1793013583429783,-0.9797731802625052
4341,-1.2287923325535908,-0.9797731802625052
4342,-1.3151748804502401,-0.9797731802625052
4343,-1.133484419864125,-0.9797731802625052
4344,-1.3611115303121,-0.9797731802625052
4345,-1.330735465571863,-0.9797731802625052
4346,-1.3113586439174736,-0.9797731802625052
4347,-1.248615214315808,-0.9797731802625052
4348,-1.1105521064228274,-0.9797731802625052
4349,-1.1399591768030752,-0.9797731802625052
4350,-0.9639700934674907,-0.9797731802625052
4351,-0.9655889825244598,-0.9797731802625052
4352,-0.8268381965174479,-0.9797731802625052
4353,-0.7026380994855557,-0.9797731802625052
4354,-0.8043636846928399,-0.9797731802625052
4355,-0.7327285475178624,-0.9797731802625052
4356,-0.853753693008565,-0.9797731802625052
4357,-0.8026406742928178,-0.9797731802625052
4358,-0.8539119452852392,-0.9797731802625052
4359,-0.6956556100662741,-0.9797731802625052
4360,-0.7873521464665323,-0.9797731802625052
4361,-0.8396136328683345,-0.9797731802625052
4362,-0.9210885027745196,-0.9797731802625052
4363,-1.1546286830344559,-0.9797731802625052
4364,-1.0427992321990516,-0.9797731802625052
4365,-1.1551197614847128,-0.9797731802625052
4366,-1.476438109406557,-0.9797731802625052
4367,-1.1639881936816883,-0.9797731802625052
4368,-1.2168867157075314,-0.9797731802625052
4369,-1.0111012244758415,-0.9797731802625052
4370,-1.2770275021063469,-0.9797731802625052
4371,-1.1957472559700646,-0.9797731802625052
4372,-1.1903079391979379,-0.9797731802625052
4373,-0.9820260835207643,-0.9797731802625052
4374,-1.0760717041185373,-0.9797731802625052
4375,-1.0603002991079575,-0.9797731802625052
4376,-0.7639217625630857,-0.9797731802625052
4377,-0.8707146073795714,-0.9797731802625052
4378,-0.791375398066879,-0.9797731802625052
4379,-0.8240101528724444,-0.9797731802625052
4380,-0.7880797392870161,-0.9797731802625052
4381,-0.9079581006472369,-0.9797731802625052
4382,-0.6375106192410951,-0.9797731802625052
4383,-0.8957706243337632,-0.9797731802625052
4384,-0.8100183739720677,-0.9797731802625052
4385,-0.8156987830659816,-0.9797731802625052
4386,-0.9337820339621365,-0.9797731802625052
4387,-0.9817311128346624,-0.9797731802625052
4388,-0.945641754001395,-0.9797731802625052
4389,-1.0744442494223867,-0.9797731802625052
4390,-1.0537079565127945,-0.9797731802625052
4391,-1.2866876047917348,-0.9797731802625052
4392,-1.282647501525164,-0.9797731802625052
4393,-1.126809947347263,-0.9797731802625052
4394,-1.222824278945882,-0.9797731802625052
4395,-1.1432107960027764,-0.9797731802625052
4396,-1.2421052683471103,-0.9797731802625052
4397,-1.1255738911474757,-0.9797731802625052
4398,-0.9830355259146837,-0.9797731802625052
4399,-1.1361485704698124,-0.9797731802625052
4400,-0.8903045998098319,-0.9797731802625052
4401,-0.9613603655075919,-0.9797731802625052
4402,-0.9131885843592205,-0.9797731802625052
4403,-0.8193323991818758,-0.9797731802625052
4404,-0.6355231028237605,-0.9797731802625052
4405,-0.7836369720003935,-0.9797731802625052
4406,-0.6901780912406544,-0.9797731802625052
4407,-0.7564864224077521,-0.9797731802625052
4408,-0.9438462476947773,-0.9797731802625052
4409,-0.6582555533607237,-0.9797731802625052
4410,-0.8895887259156652,-0.9797731802625052
4411,-0.8131197097138784,-0.9797731802625052
4412,-0.9186461704554685,-0.9797731802625052
4413,-1.0046628337612922,-0.9797731802625052
4414,-1.2228971956759198,-0.9797731802625052
4415,-1.0937853196659182,-0.9797731802625052
4416,-1.1430287277745133,-0.9797731802625052
4417,-1.0775058056064668,-0.9797731802625052
4418,-1.1897902336170032,-0.9797731802625052
4419,-1.0682931444090389,-0.9797731802625052
4420,-1.248409464377268,-0.9797731802625052
4421,-1.2829081122834634,-0.9797731802625052
4422,-1.1820189181541962,-0.9797731802625052
4423,-1.2321056240262194,-0.9797731802625052
4424,-1.0737428476321922,-0.9797731802625052
4425,-0.9492447898743438,-0.9797731802625052
4426,-0.723423002594172,-0.9797731802625052
4427,-0.9553997960373136,-0.9797731802625052
4428,-0.9350005467659587,-0.9797731802625052
4429,-0.8992517086055163,-0.9797731802625052
4430,-0.9125865372212456,-0.9797731802625052
4431,-0.6787775268099524,-0.9797731802625052
4432,-0.6680234140102508,-0.9797731802625052
4433,-0.9142182388525557,-0.9797731802625052
4434,-0.7766870302496844,-0.9797731802625052
4435,-0.5510093940492148,-0.9797731802625052
4436,-0.9373580798983245,-0.9797731802625052
4437,-0.9891781544780401,-0.9797731802625052
4438,-0.9129797758173757,-0.9797731802625052
4439,-1.1076295449862026,-0.9797731802625052
4440,-1.3642210601270297,-0.9797731802625052
4441,-1.1189308848224409,-0.9797731802625052
4442,-1.2430738595153048,-0.9797731802625052
4443,-1.2952904617110432,-0.9797731802625052
4444,-1.306023706518357,-0.9797731802625052
4445,-1.215156488198143,-0.9797731802625052
4446,-1.3788299022756767,-0.9797731802625052
4447,-1.2109100339401118,-0.9797731802625052
4448,-1.03468014661459,-0.9797731802625052
4449,-1.018744041879535,-0.9797731802625052
4450,-0.9924060382811616,-0.9797731802625052
4451,-0.7126763866017326,-0.9797731802625052
4452,-1.0077231736488252,-0.9797731802625052
4453,-0.8006116542326431,-0.9797731802625052
4454,-0.7707361018797021,-0.9797731802625052
4455,-0.6511875580599382,-0.9797731802625052
4456,-0.7170742487648059,-0.9797731802625052
4457,-0.7882991251145941,-0.9797731802625052
4458,-0.7851561364372853,-0.9797731802625052
4459,-0.7757268061279895,-0.9797731802625052
4460,-0.8664730155042407,-0.9797731802625052
4461,-0.8539699764684383,-0.9797731802625052
4462,-1.088365678374308,-0.9797731802625052
4463,-1.169937436249011,-0.9797731802625052
4464,-1.0884827169958529,-0.9797731802625052
4465,-1.159536553731006,-0.9797731802625052
4466,-1.3207687808797215,-0.9797731802625052
4467,-1.2124147397232974,-0.9797731802625052
4468,-1.3602035469585263,-0.9797731802625052
4469,-1.2414234961315291,-0.9797731802625052
4470,-1.2855360128863578,-0.9797731802625052
4471,-1.0496643380918476,-0.9797731802625052
4472,-1.2239194626567955,-0.9797731802625052
4473,-1.2298904251960168,-0.9797731802625052
4474,-1.090629220901829,-0.9797731802625052
4475,-0.8418673954715498,-0.9797731802625052
4476,-1.1077217139408426,-0.9797731802625052
4477,-0.8357531461983531,-0.9797731802625052
4478,-0.8171529649771885,-0.9797731802625052
4479,-0.6703012980214902,-0.9797731802625052
4480,-0.6672132318581234,-0.9797731802625052
4481,-0.774943411893302,-0.9797731802625052
4482,-0.6628206007652471,-0.9797731802625052
4483,-0.9541360009781886,-0.9797731802625052
4484,-0.8388860874267208,-0.9797731802625052
4485,-0.8868899501627606,-0.9797731802625052
4486,-0.7407156471074063,-0.9797731802625052
4487,-0.8634891268892334,-0.9797731802625052
4488,-0.9450486790766384,-0.9797731802625052
4489,-1.083881059487644,-0.9797731802625052
4490,-1.3057607557005881,-0.9797731802625052
4491,-1.1777092187840605,-0.9797731802625052
4492,-1.3696113843995177,-0.9797731802625052
4493,-1.4712816940409696,-0.9797731802625052
4494,-1.1658198918003928,-0.9797731802625052
4495,-1.359388948113849,-0.9797731802625052
4496,-1.1750677227883688,-0.9797731802625052
4497,-1.108647966045568,-0.9797731802625052
4498,-1.1949268381791467,-0.9797731802625052
4499,-1.0297419276310427,-0.9797731802625052
4500,-1.0768069766359616,-0.9797731802625052
4501,-0.7680307544467345,-0.9797731802625052
4502,-0.7815161702686757,-0.9797731802625052
4503,-0.8599754776941049,-0.9797731802625052
4504,-0.8806454722375336,-0.9797731802625052
4505,-0.8617867542504902,-0.9797731802625052
4506,-0.5709651735459965,-0.9797731802625052
4507,-0.8064097071055358,-0.9797731802625052
4508,-0.7036351291755476,-0.9797731802625052
4509,-0.8420180033926538,-0.9797731802625052
4510,-0.9243835203008994,-0.9797731802625052
4511,-0.9711310555814332,-0.9797731802625052
4512,-0.8507236117894864,-0.9797731802625052
4513,-0.9695420945598329,-0.9797731802625052
4514,-0.9804750381548458,-0.9797731802625052
4515,-1.1241444068848427,-0.9797731802625052
4516,-1.3840718715117921,-0.9797731802625052
4517,-1.1426768619318515,-0.9797731802625052
4518,-1.2599325362723326,-0.9797731802625052
4519,-1.2618182624066667,-0.9797731802625052
4520,-1.1819052723624195,-0.9797731802625052
4521,-1.0782993266178234,-0.9797731802625052
4522,-1.388486382416354,-0.9797731802625052
4523,-1.050884440634288,-0.9797731802625052
4524,-1.249652888078017,-0.9797731802625052
4525,-1.0683617058728265,-0.9797731802625052
4526,-0.8930335813505884,-0.9797731802625052
4527,-0.8984950956887772,-0.9797731802625052
4528,-0.6317025297812513,-0.9797731802625052
4529,-0.8725801553236868,-0.9797731802625052
4530,-0.9081374692750834,-0.9797731802625052
4531,-0.6635167466041161,-0.9797731802625052
4532,-0.6328949639576725,-0.9797731802625052
4533,-0.6272962149868413,-0.9797731802625052
4534,-0.7943193389792631,-0.9797731802625052
4535,-0.6171588385184166,-0.9797731802625052
4536,-0.8744538432844358,-0.9797731802625052
4537,-0.8755345741976998,-0.9797731802625052
4538,-1.1391571953659956,-0.9797731802625052
4539,-1.0681637398069066,-0.9797731802625052
4540,-1.04224223824581,-0.9797731802625052
4541,-0.9857308983801494,-0.9797731802625052
4542,-1.1796465727223093,-0.9797731802625052
4543,-1.0744021830320518,-0.9797731802625052
4544,-1.1717763456296892,-0.9797731802625052
4545,-1.0985154371847405,-0.9797731802625052
4546,-1.3686022878135011,-0.9797731802625052
4547,-1.258918171017136,-0.9797731802625052
4548,-1.0858395570474109,-0.9797731802625052
4549,-0.9962481305374166,-0.9797731802625052
4550,-0.9749661175630657,-0.9797731802625052
4551,-1.0335951866984805,-0.9797731802625052
4552,-0.8096605928827703,-0.9797731802625052
4553,-0.775647935145068,-0.9797731802625052
4554,-0.5655230199898961,-0.9797731802625052
4555,-0.5659048922959613,-0.9797731802625052
4556,-0.7288856100770346,-0.9797731802625052
4557,-0.578678936294704,-0.9797731802625052
4558,-0.6731015656564294,-0.9797731802625052
4559,-0.6507134511993844,-0.9797731802625052
4560,-1.1664116349078757,-0.9797731802625052
4561,-0.769504353708222,-0.9797731802625052
4562,-0.9481396462915186,-0.9797731802625052
4563,-0.9263730445974571,-0.9797731802625052
4564,-0.9926644219329318,-0.9797731802625052
4565,-1.1120731325094844,-0.9797731802625052
4566,-1.2885048817827536,-0.9797731802625052
4567,-1.2937388008856774,-0.9797731802625052
4568,-1.2224975889488234,-0.9797731802625052
4569,-1.4312343637306884,-0.9797731802625052
4570,-1.2145871000073194,-0.9797731802625052
4571,-1.2154561006238853,-0.9797731802625052
4572,-1.252552464552922,-0.9797731802625052
4573,-1.1823485455371003,-0.9797731802625052
4574,-1.0956427717030448,-0.9797731802625052
4575,-0.9783275805381605,-0.9797731802625052
4576,-1.0417498059204842,-0.9797731802625052
4577,-0.8576316686605283,-0.9797731802625052
4578,-0.5674816479588641,-0.9797731802625052
4579,-0.6946263213185235,-0.9797731802625052
4580,-0.5500020996152393,-0.9797731802625052
4581,-0.580477471840847,-0.9797731802625052
4582,-0.6892475825383944,-0.9797731802625052
4583,-0.7700722777175112,-0.9797731802625052
4584,-0.9091641591925601,-0.9797731802625052
4585,-0.754417925675812,-0.9797731802625052
4586,-0.9061001066190904,-0.9797731802625052
4587,-1.0997936737373493,-0.9797731802625052
4588,-0.8729925725640075,-0.9797731802625052
4589,-1.1203271848693466,-0.9797731802625052
4590,-1.3958303368376355,-0.9797731802625052
4591,-1.4294295333414027,-0.9797731802625052
4592,-1.2522642438470186,-0.9797731802625052
4593,-1.1609145071215086,-0.9797731802625052
4594,-1.2786269528011844,-0.9797731802625052
4595,-1.1999539222903044,-0.9797731802625052
4596,-1.2671506306369886,-0.9797731802625052
4597,-1.088755892569555,-0.9797731802625052
4598,-1.068067976868181,-0.9797731802625052
4599,-0.9640436271289176,-0.9797731802625052
4600,-1.035686118980794,-0.9797731802625052
4601,-0.9385688802616724,-0.9797731802625052
4602,-0.6571942312069217,-0.9797731802625052
4603,-0.7425376295988166,-0.9797731802625052
4604,-0.7464388094914133,-0.9797731802625052
4605,-0.5740911681519894,-0.9797731802625052
4606,-0.7235776157679635,-0.9797731802625052
4607,-0.7862116203320336,-0.9797731802625052
4608,-0.7866759325349587,-0.9797731802625052
4609,-0.7691755043454874,-0.9797731802625052
4610,-0.7940974043900895,-0.9797731802625052
4611,-0.8242194937261597,-0.9797731802625052
4612,-0.7892975953410336,-0.9797731802625052
4613,-0.9275980440372698,-0.9797731802625052
4614,-0.9872659920446945,-0.9797731802625052
4615,-1.3563407316886797,-0.9797731802625052
4616,-1.2068454250961664,-0.9797731802625052
4617,-1.3997568609947426,-0.9797731802625052
4618,-0.9912024945787766,-0.9797731802625052
4619,-1.1832326614811506,-0.9797731802625052
4620,-1.3412095072388954,-0.9797731802625052
4621,-1.191152688449578,-0.9797731802625052
4622,-1.1204194504983942,-0.9797731802625052
4623,-0.9632861024107356,-0.9797731802625052
4624,-1.0371759116894763,-0.9797731802625052
4625,-0.9228668838728699,-0.9797731802625052
4626,-0.9131112096942648,-0.9797731802625052
4627,-0.8994198841346993,-0.9797731802625052
4628,-0.7485526964822393,-0.9797731802625052
4629,-0.623449965183136,-0.9797731802625052
4630,-0.6945588150396447,-0.9797731802625052
4631,-0.8036113215526441,-0.9797731802625052
4632,-0.6288441256810202,-0.9797731802625052
4633,-0.8200093023160353,-0.9797731802625052
4634,-0.7467949715876049,-0.9797731802625052
4635,-0.7729667557015382,-0.9797731802625052
4636,-1.0848167212028716,-0.9797731802625052
4637,-1.1965795943103184,-0.9797731802625052
4638,-1.1111464982490482,-0.9797731802625052
4639,-0.9246284290697455,-0.9797731802625052
4640,-1.2459773490359538,-0.9797731802625052
4641,-1.0159213166261007,-0.9797731802625052
4642,-1.3271920682290872,-0.9797731802625052
4643,-1.3322445049006713,-0.9797731802625052
4644,-1.2740390529534376,-0.9797731802625052
4645,-1.1449421297942886,-0.9797731802625052
4646,-1.0572333567969425,-0.9797731802625052
4647,-1.252156185833595,-0.9797731802625052
4648,-1.1076303976479889,-0.9797731802625052
4649,-0.9829109560818416,-0.9797731802625052
4650,-1.0330092154559412,-0.9797731802625052
4651,-0.7819277314848418,-0.9797731802625052
4652,-0.7478012484621446,-0.9797731802625052
4653,-0.7442449045448953,-0.9797731802625052
4654,-1.0392408252383811,-0.9797731802625052
4655,-0.6648063951000802,-0.9797731802625052
4656,-0.7910801311701723,-0.9797731802625052
4657,-0.6872311841047652,-0.9797731802625052
4658,-0.6622551799251086,-0.9797731802625052
4659,-0.6869142579885165,-0.9797731802625052
4660,-0.7771824887519968,-0.9797731802625052
4661,-0.855710477666585,-0.9797731802625052
4662,-1.1142357019992994,-0.9797731802625052
4663,-1.0746982928521052,-0.9797731802625052
4664,-1.1358991041527597,-0.9797731802625052
4665,-1.061413812426249,-0.9797731802625052
4666,-1.2612285521968125,-0.9797731802625052
4667,-1.2931338303581552,-0.9797731802625052
4668,-1.1117039108362463,-0.9797731802625052
4669,-1.1709840198286454,-0.9797731802625052
4670,-1.1201601513537651,-0.9797731802625052
4671,-1.1207099448552322,-0.9797731802625052
4672,-1.4118653291661551,-0.9797731802625052
4673,-1.1728438639478718,-0.9797731802625052
4674,-1.0676950640627227,-0.9797731802625052
4675,-0.9252628636878065,-0.9797731802625052
4676,-0.7364995998819617,-0.9797731802625052
4677,-0.906740892265302,-0.9797731802625052
4678,-0.5638478860251817,-0.9797731802625052
4679,-0.7672295456060442,-0.9797731802625052
4680,-0.7428646830209502,-0.9797731802625052
4681,-0.7417827092107376,-0.9797731802625052
4682,-0.8041775863488838,-0.9797731802625052
4683,-0.8416674756237533,-0.9797731802625052
4684,-0.6587848795540489,-0.9797731802625052
4685,-0.8224772614234037,-0.9797731802625052
4686,-0.9174989346725622,-0.9797731802625052
4687,-0.9964076413247083,-0.9797731802625052
4688,-0.9093177771439436,-0.9797731802625052
4689,-0.986063327780957,-0.9797731802625052
4690,-1.2924849560555207,-0.9797731802625052
4691,-1.0765616480300328,-0.9797731802625052
4692,-1.2029062802635153,-0.9797731802625052
4693,-1.463005304838969,-0.9797731802625052
4694,-1.0872609517504062,-0.9797731802625052
4695,-1.2515405120783183,-0.9797731802625052
4696,-1.2575598089791722,-0.9797731802625052
4697,-1.1679373775378676,-0.9797731802625052
4698,-0.9217485117026443,-0.9797731802625052
4699,-1.2065334463897825,-0.9797731802625052
4700,-1.0738692463954354,-0.9797731802625052
4701,-0.9630121480729966,-0.9797731802625052
4702,-0.7279741282745485,-0.9797731802625052
4703,-0.9618060769068981,-0.9797731802625052
4704,-0.6332606736150213,-0.9797731802625052
4705,-0.8351741975700866,-0.9797731802625052
4706,-0.7884747742796037,-0.9797731802625052
4707,-0.7246446405303495,-0.9797731802625052
4708,-0.7689318896920017,-0.9797731802625052
4709,-0.8856913946635308,-0.9797731802625052
4710,-0.6902648262864661,-0.9797731802625052
4711,-1.0495658661460565,-0.9797731802625052
4712,-1.0525230174003808,-0.9797731802625052
4713,-1.1777869854062095,-0.9797731802625052
4714,-0.8408329513825583,-0.9797731802625052
4715,-1.0266313004032792,-0.9797731802625052
4716,-1.2060691020567833,-0.9797731802625052
4717,-1.4017761254175793,-0.9797731802625052
4718,-1.1630704837961734,-0.9797731802625052
4719,-1.279847415614543,-0.9797731802625052
4720,-1.1467623462613492,-0.9797731802625052
4721,-1.321794302901493,-0.9797731802625052
4722,-0.9110921652614543,-0.9797731802625052
4723,-1.15443267198996,-0.9797731802625052
4724,-0.9103594182855996,-0.9797731802625052
4725,-1.0422453095939654,-0.9797731802625052
4726,-1.107702177413676,-0.9797731802625052
4727,-0.8158972958886583,-0.9797731802625052
4728,-0.7932323836584241,-0.9797731802625052
4729,-0.7365442042547847,-0.9797731802625052
4730,-0.9658303135796613,-0.9797731802625052
4731,-0.8948342348002727,-0.9797731802625052
4732,-0.6912833041485874,-0.9797731802625052
4733,-0.5451846377213969,-0.9797731802625052
4734,-0.6803015542341037,-0.9797731802625052
4735,-0.8132426911429302,-0.9797731802625052
4736,-0.9029656467111603,-0.9797731802625052
4737,-0.9976660086875547,-0.9797731802625052
4738,-1.1845630485568348,-0.9797731802625052
4739,-0.9553331496649544,-0.9797731802625052
4740,-1.1488787447097621,-0.9797731802625052
4741,-1.5150147206886548,-0.9797731802625052
4742,-1.0814244019100279,-0.9797731802625052
4743,-1.2154141211090106,-0.9797731802625052
4744,-1.1462455703275176,-0.9797731802625052
4745,-1.3928279028303385,-0.9797731802625052
4746,-1.3340584497812538,-0.9797731802625052
4747,-0.9573483422044907,-0.9797731802625052
4748,-0.8583403249712371,-0.9797731802625052
4749,-1.1689595163317692,-0.9797731802625052
4750,-0.9132532102151635,-0.9797731802625052
4751,-1.0580398032095533,-0.9797731802625052
4752,-0.8993395758979551,-0.9797731802625052
4753,-0.7882123733820994,-0.9797731802625052
4754,-0.7862937058057042,-0.9797731802625052
4755,-0.8387464300447633,-0.9797731802625052
4756,-0.589103892165305,-0.9797731802625052
4757,-0.6923488234529875,-0.9797731802625052
4758,-0.7600558100408288,-0.9797731802625052
4759,-0.6699456489321136,-0.9797731802625052
4760,-0.8518301311395186,-0.9797731802625052
4761,-0.7585319019435943,-0.9797731802625052
4762,-0.9205174669617697,-0.9797731802625052
4763,-0.7941463493027847,-0.9797731802625052
4764,-1.0179254693680515,-0.9797731802625052
4765,-1.0082150538948413,-0.9797731802625052
4766,-1.2550676409908463,-0.9797731802625052
4767,-1.121400182561431,-0.9797731802625052
4768,-1.212045274332561,-0.9797731802625052
4769,-1.2823404185126337,-0.9797731802625052
4770,-1.2131786630000065,-0.9797731802625052
4771,-1.2875015827925542,-0.9797731802625052
4772,-1.1630858582587942,-0.9797731802625052
4773,-1.1217048841560755,-0.9797731802625052
4774,-1.0408754242960179,-0.9797731802625052
4775,-0.9258606168317123,-0.9797731802625052
4776,-0.7383619103484965,-0.9797731802625052
4777,-0.7148377299387038,-0.9797731802625052
4778,-0.8574510466410367,-0.9797731802625052
4779,-0.7048669134570043,-0.9797731802625052
4780,-0.6520330812308803,-0.9797731802625052
4781,-0.767254577618824,-0.9797731802625052
4782,-0.8487895769799401,-0.9797731802625052
4783,-0.6825160504335759,-0.9797731802625052
4784,-0.6599602823605328,-0.9797731802625052
4785,-0.8287769489005276,-0.9797731802625052
4786,-0.7040554717479739,-0.9797731802625052
4787,-0.9372457862346938,-0.9797731802625052
4788,-0.8508683460245651,-0.9797731802625052
4789,-1.0478001347926336,-0.9797731802625052
4790,-1.15372248919233,-0.9797731802625052
4791,-1.1661483482868997,-0.9797731802625052
4792,-1.2187593557293694,-0.9797731802625052
4793,-1.1376539401216454,-0.9797731802625052
4794,-1.4531652421197692,-0.9797731802625052
4795,-1.1652695740675956,-0.9797731802625052
4796,-1.136683762436762,-0.9797731802625052
4797,-1.2823072442656633,-0.9797731802625052
4798,-1.0423908663263117,-0.9797731802625052
4799,-1.3148888219220045,-0.9797731802625052
4800,-0.9595120573750013,-0.9797731802625052
4801,-0.8923949073898723,-0.9797731802625052
4802,-0.9066185071239498,-0.9797731802625052
4803,-0.5926077601889148,-0.9797731802625052
4804,-0.738707693472948,-0.9797731802625052
4805,-0.4780643178313995,-0.9797731802625052
4806,-0.7602099797763338,-0.9797731802625052
4807,-0.8748161147670971,-0.9797731802625052
4808,-0.6954527988209008,-0.9797731802625052
4809,-0.9565521730748604,-0.9797731802625052
4810,-0.8092363240013012,-0.9797731802625052
4811,-0.9858300929008703,-0.9797731802625052
4812,-0.9890124739351218,-0.9797731802625052
4813,-1.071408630633408,-0.9797731802625052
4814,-0.9407523474061072,-0.9797731802625052
4815,-0.8593645621745097,-0.9797731802625052
4816,-1.2653288858591534,-0.9797731802625052
4817,-1.2177552295845342,-0.9797731802625052
4818,-1.1151363589318835,-0.9797731802625052
4819,-1.1973735059818222,-0.9797731802625052
4820,-1.2901727611504041,-0.9797731802625052
4821,-1.163094668396273,-0.9797731802625052
4822,-1.1920229912278228,-0.9797731802625052
4823,-1.20666946629313,-0.9797731802625052
4824,-1.001952988688493,-0.9797731802625052
4825,-0.931541537248511,-0.9797731802625052
4826,-0.9100216191746217,-0.9797731802625052
4827,-0.7509012082913973,-0.9797731802625052
4828,-0.831096478737857,-0.9797731802625052
4829,-0.9221704207840659,-0.9797731802625052
4830,-0.8396400989491027,-0.9797731802625052
4831,-0.7159649022494345,-0.9797731802625052
4832,-0.7023960314694124,-0.9797731802625052
4833,-0.7866147485980242,-0.9797731802625052
4834,-0.6484611187450772,-0.9797731802625052
4835,-0.7298168858629019,-0.9797731802625052
4836,-0.7713082048495477,-0.9797731802625052
4837,-1.0074419300141388,-0.9797731802625052
4838,-1.1021728448085069,-0.9797731802625052
4839,-1.2287309278499554,-0.9797731802625052
4840,-1.156296049338381,-0.9797731802625052
4841,-1.138688976616714,-0.9797731802625052
4842,-1.2530048043320006,-0.9797731802625052
4843,-1.0750697204699056,-0.9797731802625052
4844,-1.1690900287467416,-0.9797731802625052
4845,-1.2072652122434682,-0.9797731802625052
4846,-0.9997432610884709,-0.9797731802625052
4847,-1.1435610051417782,-0.9797731802625052
4848,-1.0738522971095694,-0.9797731802625052
4849,-1.0763347219729533,-0.9797731802625052
4850,-1.0474292310417772,-0.9797731802625052
4851,-0.7411079933248956,-0.9797731802625052
4852,-0.7981098521373303,-0.9797731802625052
4853,-0.8029026791217843,-0.9797731802625052
4854,-0.8745911111618256,-0.9797731802625052
4855,-0.7874971251086722,-0.9797731802625052
4856,-0.7951064632157991,-0.9797731802625052
4857,-0.8316152293982985,-0.9797731802625052
4858,-0.7336924141234985,-0.9797731802625052
4859,-0.8877329997373996,-0.9797731802625052
4860,-0.8947276711113157,-0.9797731802625052
4861,-0.828689942971533,-0.9797731802625052
4862,-0.9341934212908555,-0.9797731802625052
4863,-1.0261817556997899,-0.9797731802625052
4864,-1.0586633106355197,-0.9797731802625052
4865,-0.9857188774171715,-0.9797731802625052
4866,-1.3279822455909822,-0.9797731802625052
4867,-1.3584985977743007,-0.9797731802625052
4868,-1.4273638070601398,-0.9797731802625052
4869,-1.2862470824969396,-0.9797731802625052
4870,-1.134148513115366,-0.9797731802625052
4871,-1.132750483243533,-0.9797731802625052
4872,-1.1777369632700805,-0.9797731802625052
4873,-1.0588692301892484,-0.9797731802625052
4874,-1.0936317065903483,-0.9797731802625052
4875,-1.1612965828369741,-0.9797731802625052
4876,-0.9743620389633063,-0.9797731802625052
4877,-0.8490631037810994,-0.9797731802625052
4878,-0.9973377553191403,-0.9797731802625052
4879,-0.765921370596096,-0.9797731802625052
4880,-0.6313123561768473,-0.9797731802625052
4881,-0.7682012482177448,-0.9797731802625052
4882,-0.630639811578843,-0.9797731802625052
4883,-0.6183384668844801,-0.9797731802625052
4884,-0.7709921993946796,-0.9797731802625052
4885,-0.9914334895739657,-0.9797731802625052
4886,-0.7301990741815532,-0.9797731802625052
4887,-0.9660300257131149,-0.9797731802625052
4888,-0.949936178317253,-0.9797731802625052
4889,-1.0408629424039075,-0.9797731802625052
4890,-1.141096318124205,-0.9797731802625052
4891,-1.2015508489892237,-0.9797731802625052
4892,-1.1703746145951484,-0.9797731802625052
4893,-1.414319184402731,-0.9797731802625052
4894,-1.2060371058705432,-0.9797731802625052
4895,-1.2920141873333777,-0.9797731802625052
4896,-1.4016782623913795,-0.9797731802625052
4897,-1.0347852294625894,-0.9797731802625052
4898,-1.2574113929464756,-0.9797731802625052
4899,-1.0070226136687341,-0.9797731802625052
4900,-1.1673743951607383,-0.9797731802625052
4901,-0.7769346702342864,-0.9797731802625052
4902,-0.8800810679743827,-0.9797731802625052
4903,-0.7668548817093701,-0.9797731802625052
4904,-0.583094692171535,-0.9797731802625052
4905,-0.5598013989922177,-0.9797731802625052
4906,-0.8000263623986984,-0.9797731802625052
4907,-0.8456219327592222,-0.9797731802625052
4908,-0.7358709057058289,-0.9797731802625052
4909,-0.6812553245574338,-0.9797731802625052
4910,-0.7871253094931647,-0.9797731802625052
4911,-0.9402227098846222,-0.9797731802625052
4912,-1.1118120230267698,-0.9797731802625052
4913,-0.982376048622305,-0.9797731802625052
4914,-1.0598971939440647,-0.9797731802625052
4915,-1.2297250706742646,-0.9797731802625052
4916,-1.1973664816204304,-0.9797731802625052
4917,-1.2745450414249397,-0.9797731802625052
4918,-1.0946610955485472,-0.9797731802625052
4919,-1.3376919040193427,-0.9797731802625052
4920,-1.366006086727804,-0.9797731802625052
4921,-1.0833545425742441,-0.9797731802625052
4922,-1.2600647935155473,-0.9797731802625052
4923,-1.0952012224209045,-0.9797731802625052
4924,-1.0259227854143262,-0.9797731802625052
4925,-1.0786271138149202,-0.9797731802625052
4926,-1.0162486972090903,-0.9797731802625052
4927,-0.8618713468603945,-0.9797731802625052
4928,-0.8113334786491926,-0.9797731802625052
4929,-0.8609479705177792,-0.9797731802625052
4930,-0.6020261430784536,-0.9797731802625052
4931,-0.8135455398198482,-0.9797731802625052
4932,-0.6525879733327493,-0.9797731802625052
4933,-0.8528046514632122,-0.9797731802625052
4934,-0.6920202530665907,-0.9797731802625052
4935,-0.7099207101747158,-0.9797731802625052
4936,-0.830158100220493,-0.9797731802625052
4937,-0.8787500768130935,-0.9797731802625052
4938,-1.1031920438351706,-0.9797731802625052
4939,-1.0446459639824437,-0.9797731802625052
4940,-1.0457488458950992,-0.9797731802625052
4941,-1.2653433256112157,-0.9797731802625052
4942,-1.0884013710377358,-0.9797731802625052
4943,-1.2237797633582432,-0.9797731802625052
4944,-1.1201211970139933,-0.9797731802625052
4945,-1.272530067092517,-0.9797731802625052
4946,-1.2027249937715385,-0.9797731802625052
4947,-1.1061678105437007,-0.9797731802625052
4948,-1.0036210915111636,-0.9797731802625052
4949,-1.1286679633430086,-0.9797731802625052
4950,-0.8758302425956493,-0.9797731802625052
4951,-1.0057901190867684,-0.9797731802625052
4952,-0.8658028544127853,-0.9797731802625052
4953,-0.7300948824843283,-0.9797731802625052
4954,-0.5805437836336287,-0.9797731802625052
4955,-0.9391338792644529,-0.9797731802625052
4956,-0.6245087454439913,-0.9797731802625052
4957,-0.8086374442506972,-0.9797731802625052
4958,-0.7629490732293455,-0.9797731802625052
4959,-0.8174498820849099,-0.9797731802625052
4960,-0.502027645509854,-0.9797731802625052
4961,-0.9965351871992396,-0.9797731802625052
4962,-0.979799798304897,-0.9797731802625052
4963,-1.0918961464741574,-0.9797731802625052
4964,-0.8418495921276518,-0.9797731802625052
4965,-1.30864419591766,-0.9797731802625052
4966,-1.1560443382131322,-0.9797731802625052
4967,-1.2572784548312006,-0.9797731802625052
4968,-1.1711233311542053,-0.9797731802625052
4969,-1.325663987257534,-0.9797731802625052
4970,-1.1478175130404666,-0.9797731802625052
4971,-1.137007519852961,-0.9797731802625052
4972,-1.177416099025468,-0.9797731802625052
4973,-1.168783020358285,-0.9797731802625052
4974,-0.9966262766402566,-0.9797731802625052
4975,-0.8551192130017542,-0.9797731802625052
4976,-0.9699056532773389,-0.9797731802625052
4977,-0.7711996441661968,-0.9797731802625052
4978,-1.0656774114797736,-0.9797731802625052
4979,-0.7649460002781343,-0.9797731802625052
4980,-0.9366648118072468,-0.9797731802625052
4981,-0.639061011580895,-0.9797731802625052
4982,-0.8308145230338174,-0.9797731802625052
4983,-0.5944254988935622,-0.9797731802625052
4984,-0.8589099101273971,-0.9797731802625052
4985,-0.7961542116034708,-0.9797731802625052
4986,-0.8921044359332477,-0.9797731802625052
4987,-0.8851561314984081,-0.9797731802625052
4988,-1.0229767893078858,-0.9797731802625052
4989,-0.9855853395931745,-0.9797731802625052
4990,-1.2295461574445143,-0.9797731802625052
4991,-1.1824134298655127,-0.9797731802625052
4992,-1.133491238088592,-0.9797731802625052
4993,-1.1813504512181765,-0.9797731802625052
4994,-1.3820192827849715,-0.9797731802625052
4995,-1.0930798394257275,-0.9797731802625052
4996,-1.2388163863767738,-0.9797731802625052
4997,-1.4539402023624217,-0.9797731802625052
4998,-1.2672513839609674,-0.9797731802625052
4999,-0.9361962529152927,-0.9797731802625052
