0,-1.8922022361730984,-1.8300270581286153
1,-2.0236900082270846,-1.8300270581286153
2,-1.6384575289961831,-1.8300270581286153
3,-1.6534449087239635,-1.8300270581286153
4,-1.6144407123216369,-1.8300270581286153
5,-1.680031426150724,-1.8300270581286153
6,-1.546161900468578,-1.8300270581286153
7,-1.492995465467953,-1.8300270581286153
8,-1.5556726464341706,-1.8300270581286153
9,-1.7103559674463744,-1.8300270581286153
10,-1.7144803731531293,-1.8300270581286153
11,-1.7231672618729965,-1.8300270581286153
12,-1.691030070863881,-1.8300270581286153
13,1.705792391469693,1.7960408721086405
14,1.4605239320046368,1.7960408721086405
15,1.626507314752946,1.7960408721086405
16,1.7277522393465694,1.7960408721086405
17,1.4931266203708218,1.7960408721086405
18,1.4347715352625994,1.7960408721086405
19,1.6315760114595501,1.7960408721086405
20,1.7669267778072397,1.7960408721086405
21,1.5053164506777887,1.7960408721086405
22,1.5636253908711335,1.7960408721086405
23,1.5841395479172222,1.7960408721086405
24,1.8653958363072238,1.7960408721086405
25,1.835960847444525,1.7960408721086405
26,1.8771119266330645,1.7960408721086405
27,1.9399521167833378,1.7960408721086405
28,1.8726518811624253,1.7960408721086405
29,2.0771909559427995,1.7960408721086405
30,2.024124410185951,1.7960408721086405
31,2.1669578743863127,1.7960408721086405
32,2.0344454456237737,1.7960408721086405
33,2.0415292653244217,1.7960408721086405
34,1.861873980825293,1.7960408721086405
35,1.9032846089398192,1.7960408721086405
36,1.8412082926257725,1.7960408721086405
37,1.8401875050762544,1.7960408721086405
38,1.7598164059668486,1.7960408721086405
39,1.7570183135097879,1.7960408721086405
40,1.6568758092750588,1.7960408721086405
41,1.5317209397646894,1.7960408721086405
42,1.44894245320073,1.7960408721086405
43,1.2194314058674631,1.7960408721086405
44,1.5303217973133256,1.7960408721086405
45,-0.5449091545872063,-0.17198434234321167
46,-0.4306019297559896,-0.17198434234321167
47,-0.2741052940849604,-0.17198434234321167
48,-0.43386551513476185,-0.17198434234321167
49,-0.22153531410092814,-0.17198434234321167
50,-0.20790331747582788,-0.17198434234321167
51,-0.21985892135499607,-0.17198434234321167
52,0.18559300647996285,-0.17198434234321167
53,-0.11368885067377746,-0.17198434234321167
54,0.047446978777242854,-0.17198434234321167
55,0.00842253851957378,-0.17198434234321167
56,-0.051738813959259805,-0.17198434234321167
57,0.143661004871647,-0.17198434234321167
58,0.1123334029911591,-0.17198434234321167
59,0.0025131771737615383,-0.17198434234321167
60,0.009085114924861179,-0.17198434234321167
61,-0.12636760284590232,-0.17198434234321167
62,-0.06646109899419683,-0.17198434234321167
63,-0.2212921859976328,-0.17198434234321167
64,-0.2082927681908951,-0.17198434234321167
65,-0.4253473327430216,-0.17198434234321167
66,-0.4306519641033537,-0.17198434234321167
67,0.14956228326480592,0.3590671881303272
68,0.014674438302411996,0.3590671881303272
69,0.2048042073614715,0.3590671881303272
70,0.17612655281572406,0.3590671881303272
71,0.16387561151405308,0.3590671881303272
72,0.04513973603081661,0.3590671881303272
73,0.2675359396274576,0.3590671881303272
74,0.23695914984898003,0.3590671881303272
75,0.43601617630581463,0.3590671881303272
76,0.48627628315906957,0.3590671881303272
77,0.3866762317665515,0.3590671881303272
78,0.5847263961644625,0.3590671881303272
79,0.45771252852717814,0.3590671881303272
80,0.6107768989678164,0.3590671881303272
81,0.4963508195574349,0.3590671881303272
82,0.6669141468116007,0.3590671881303272
83,0.5821506458277965,0.3590671881303272
84,0.4847898678556828,0.3590671881303272
85,0.4776691617915393,0.3590671881303272
86,0.3330405593963487,0.3590671881303272
87,0.2956277675004608,0.3590671881303272
88,0.38650052201602614,0.3590671881303272
89,0.19495636513635278,0.3590671881303272
90,0.36395981929131527,0.3590671881303272
91,0.11774183024797927,0.3590671881303272
92,0.02887659947595536,0.3590671881303272
93,0.05811455573753138,0.3590671881303272
94,0.1465211555152736,0.3590671881303272
95,0.07786602332439174,0.3590671881303272
96,0.0648164530170443,0.3590671881303272
97,0.10552187427062601,0.3590671881303272
98,0.2730607822702079,0.3590671881303272
99,0.44049195468276564,0.3590671881303272
100,0.2891570553676166,0.3590671881303272
101,0.29563265408856015,0.3590671881303272
102,0.5851258585843557,0.3590671881303272
103,0.6163057470930202,0.3590671881303272
104,0.6285238635601926,0.3590671881303272
105,0.6069190589619822,0.3590671881303272
106,0.5398653853344553,0.3590671881303272
107,0.5418298135198196,0.3590671881303272
108,0.6035394870419264,0.3590671881303272
109,0.5049793873085908,0.3590671881303272
110,0.6321533794446728,0.3590671881303272
111,0.38660323489811266,0.3590671881303272
112,0.3940589832472833,0.3590671881303272
113,0.4610707534626516,0.3590671881303272
114,0.18132006612784168,0.3590671881303272
115,0.33295014778574106,0.3590671881303272
116,0.18823364136386295,0.3590671881303272
117,0.109801069692358,0.3590671881303272
118,0.050316958548726476,0.3590671881303272
119,0.11343958758191408,0.3590671881303272
120,0.1713642227465928,0.3590671881303272
121,0.07631844023156903,0.3590671881303272
122,0.13472812456405905,0.3590671881303272
123,0.2568887030375168,0.3590671881303272
124,0.4795848411422112,0.3590671881303272
125,0.40806234578389494,0.3590671881303272
126,0.24720863229140133,0.3590671881303272
127,0.4483895063482947,0.3590671881303272
128,0.41387064132568163,0.3590671881303272
129,0.3310196658255815,0.3590671881303272
130,0.577782337370515,0.3590671881303272
131,0.5620435495883652,0.3590671881303272
132,0.5115668797646958,0.3590671881303272
133,0.4949270105284914,0.3590671881303272
134,0.5528190468956352,0.3590671881303272
135,0.46324385552258945,0.3590671881303272
136,0.365379536505985,0.3590671881303272
137,0.3018494287825022,0.3590671881303272
138,0.3277933081531229,0.3590671881303272
139,0.2741316433403037,0.3590671881303272
140,0.15793870997880666,0.3590671881303272
141,0.05840766012459217,0.3590671881303272
142,0.004550189767673074,0.3590671881303272
143,-0.07553943902830065,0.3590671881303272
144,0.10968273218674998,0.3590671881303272
145,0.011385280484506322,0.3590671881303272
146,0.12165645519970142,0.3590671881303272
147,0.275957103914776,0.3590671881303272
148,0.3080377238737433,0.3590671881303272
149,0.09375643888346254,0.3590671881303272
150,0.3471586528253378,0.3590671881303272
151,0.46113899607521946,0.3590671881303272
152,0.5512358157576787,0.3590671881303272
153,0.6210104569406254,0.3590671881303272
154,0.7190186419782137,0.3590671881303272
155,0.4673422377675775,0.3590671881303272
156,0.6435258157940773,0.3590671881303272
157,0.605347153173454,0.3590671881303272
158,0.6594404391127688,0.3590671881303272
159,0.49577266443853896,0.3590671881303272
160,0.5574902566489055,0.3590671881303272
161,0.4003545242832595,0.3590671881303272
162,0.2502416933507826,0.3590671881303272
163,0.4374871699434184,0.3590671881303272
164,0.20050437047906683,0.3590671881303272
165,0.14005047799001655,0.3590671881303272
166,0.3242910025684557,0.3590671881303272
167,0.001996640028460478,0.3590671881303272
168,-0.0016204827081223172,0.3590671881303272
169,0.014507705051775038,0.3590671881303272
170,0.08308308153617291,0.3590671881303272
171,0.08511293228585817,0.3590671881303272
172,0.19630471341251182,0.3590671881303272
173,0.22880621342597185,0.3590671881303272
174,0.15282223789019506,0.3590671881303272
175,0.4278628642759251,0.3590671881303272
176,0.4760826579800544,0.3590671881303272
177,0.47561430441436514,0.3590671881303272
178,0.5827922005518329,0.3590671881303272
179,0.5747666654761968,0.3590671881303272
180,0.5614501506843214,0.3590671881303272
181,0.46367567668580134,0.3590671881303272
182,0.6703331548753733,0.3590671881303272
183,0.8529933049335642,0.3590671881303272
184,0.5081231396924683,0.3590671881303272
185,0.34299546512522927,0.3590671881303272
186,0.39891108123302177,0.3590671881303272
187,0.29096910334269815,0.3590671881303272
188,0.4102262929589927,0.3590671881303272
189,0.3934086705626481,0.3590671881303272
190,0.12571798485023522,0.3590671881303272
191,0.0958545310481467,0.3590671881303272
192,0.02161896002700589,0.3590671881303272
193,0.14669746988474325,0.3590671881303272
194,-0.016384443600138965,0.3590671881303272
195,0.048650822725152254,0.3590671881303272
196,0.2421801099767017,0.3590671881303272
197,0.243939271151508,0.3590671881303272
198,0.34770818538165044,0.3590671881303272
199,0.07358298549000342,0.3590671881303272
200,0.3139512446529668,0.3590671881303272
201,0.4505373262563581,0.3590671881303272
202,0.4267471132670338,0.3590671881303272
203,0.705948991017514,0.3590671881303272
204,0.761501024980224,0.3590671881303272
205,0.504942889505336,0.3590671881303272
206,0.7109920173998833,0.3590671881303272
207,0.47897638820858257,0.3590671881303272
208,0.5797804970773938,0.3590671881303272
209,0.4980371460236164,0.3590671881303272
210,0.4957968438029221,0.3590671881303272
211,0.4494681274071034,0.3590671881303272
212,0.4253860314887451,0.3590671881303272
213,0.12380878350381606,0.3590671881303272
214,0.2603139816989789,0.3590671881303272
215,0.20236502722851746,0.3590671881303272
216,0.1342105347904593,0.3590671881303272
217,0.21533734979689906,0.3590671881303272
218,-0.027787318098707936,0.3590671881303272
219,0.1170119845776886,0.3590671881303272
220,0.15061894207058485,0.3590671881303272
221,0.3183585757947971,0.3590671881303272
222,0.17559698735763027,0.3590671881303272
223,0.011613333433016765,0.3590671881303272
224,0.4520962367476244,0.3590671881303272
225,0.3074469903463457,0.3590671881303272
226,0.4989894781532012,0.3590671881303272
227,0.4114237892627991,0.3590671881303272
228,0.6084079018446263,0.3590671881303272
229,0.633342431850334,0.3590671881303272
230,0.5252764551100978,0.3590671881303272
231,0.6947560998238338,0.3590671881303272
232,0.6761755155344855,0.3590671881303272
233,0.5778537353031505,0.3590671881303272
234,0.6087269506203554,0.3590671881303272
235,0.5564039962650555,0.3590671881303272
236,0.530370568998087,0.3590671881303272
237,0.36886629341373894,0.3590671881303272
238,0.29706513344320234,0.3590671881303272
239,0.4921574528874727,0.3590671881303272
240,0.18215933727216563,0.3590671881303272
241,0.18869402015132805,0.3590671881303272
242,0.19453563870779844,0.3590671881303272
243,0.22308315492078448,0.3590671881303272
244,-0.04825919807133533,0.3590671881303272
245,-0.00037508783549083935,0.3590671881303272
246,0.14902620341157313,0.3590671881303272
247,0.12429739504369308,0.3590671881303272
248,0.3587045269292334,0.3590671881303272
249,0.19948960332166982,0.3590671881303272
250,0.4310038388336191,0.3590671881303272
251,0.5510183446741705,0.3590671881303272
252,0.5571326877844882,0.3590671881303272
253,0.41981182318076726,0.3590671881303272
254,0.6218042187499896,0.3590671881303272
255,0.5893974889009278,0.3590671881303272
256,0.5621756914181543,0.3590671881303272
257,0.6422996554046565,0.3590671881303272
258,0.6073555707857533,0.3590671881303272
259,0.5804104496715289,0.3590671881303272
260,0.4415499200041105,0.3590671881303272
261,0.5115311540274268,0.3590671881303272
262,0.3391395306313845,0.3590671881303272
263,0.42349670136174367,0.3590671881303272
264,0.44789220387128775,0.3590671881303272
265,0.10130913190982767,0.3590671881303272
266,0.15633713456650494,0.3590671881303272
267,0.14237045364511788,0.3590671881303272
268,0.09621487626938116,0.3590671881303272
269,0.009632106967703613,0.3590671881303272
270,0.13344235228593654,0.3590671881303272
271,0.20354989772270884,0.3590671881303272
272,0.04869662954506629,0.3590671881303272
273,0.40551939332132364,0.3590671881303272
274,0.4495573122619326,0.3590671881303272
275,0.32674319394287066,0.3590671881303272
276,0.26739658832249497,0.3590671881303272
277,0.5583543947238734,0.3590671881303272
278,0.6202555641337212,0.3590671881303272
279,0.6976155699258768,0.3590671881303272
280,0.4557642699472756,0.3590671881303272
281,0.5779067303454805,0.3590671881303272
282,0.7110644996389517,0.3590671881303272
283,0.6349068490365677,0.3590671881303272
284,0.5127230405132615,0.3590671881303272
285,0.5555840156748449,0.3590671881303272
286,0.4485401230518622,0.3590671881303272
287,0.4368889277570425,0.3590671881303272
288,0.4439886749691305,0.3590671881303272
289,0.4549893907937089,0.3590671881303272
290,0.1520592692713929,0.3590671881303272
291,0.25645654725942013,0.3590671881303272
292,0.01745891950888953,0.3590671881303272
293,0.0791911948103318,0.3590671881303272
294,0.1637680581752764,0.3590671881303272
295,0.20731868619493304,0.3590671881303272
296,0.03046446814248499,0.3590671881303272
297,0.19310421571332084,0.3590671881303272
298,0.15640969392040988,0.3590671881303272
299,0.22976418602021914,0.3590671881303272
300,0.48424901279514365,0.3590671881303272
301,0.4743432168834578,0.3590671881303272
302,0.4316139959484725,0.3590671881303272
303,0.7065106633963337,0.3590671881303272
304,0.6493451134537356,0.3590671881303272
305,0.53983697983833,0.3590671881303272
306,0.4588272763282747,0.3590671881303272
307,0.5507709864482042,0.3590671881303272
308,0.6381731866599967,0.3590671881303272
309,0.6537883094351675,0.3590671881303272
310,0.5678305466675075,0.3590671881303272
311,0.35250081440590186,0.3590671881303272
312,0.454807776395798,0.3590671881303272
313,0.3046370744317106,0.3590671881303272
314,0.2532307565343319,0.3590671881303272
315,0.3732812350296094,0.3590671881303272
316,0.0990645442338759,0.3590671881303272
317,0.012489786825163385,0.3590671881303272
318,0.12990775845246055,0.3590671881303272
319,0.05601313790521034,0.3590671881303272
320,0.11420291107948677,0.3590671881303272
321,0.09439068537841144,0.3590671881303272
322,0.18417930098277074,0.3590671881303272
323,0.3444273389356562,0.3590671881303272
324,0.29236135957672604,0.3590671881303272
325,0.3029526559571314,0.3590671881303272
326,0.5332920628823418,0.3590671881303272
327,0.5752345156987728,0.3590671881303272
328,0.4792367008173581,0.3590671881303272
329,0.5304505906943868,0.3590671881303272
330,0.6137447331433923,0.3590671881303272
331,0.5650717143790475,0.3590671881303272
332,0.5719408401116624,0.3590671881303272
333,0.5668047775075611,0.3590671881303272
334,0.5675574343924973,0.3590671881303272
335,0.5476305076271988,0.3590671881303272
336,0.4384071921206572,0.3590671881303272
337,0.31464968745531624,0.3590671881303272
338,0.37079028347196913,0.3590671881303272
339,0.13977694797978718,0.3590671881303272
340,0.18235084060826642,0.3590671881303272
341,0.08165052753419863,0.3590671881303272
342,0.13099769305894823,0.3590671881303272
343,0.12215503138787409,0.3590671881303272
344,0.14725582862300576,0.3590671881303272
345,0.04012104011637338,0.3590671881303272
346,0.15680243218909484,0.3590671881303272
347,0.2674645898937576,0.3590671881303272
348,0.0925819371949819,0.3590671881303272
349,0.008249629580833868,0.3590671881303272
350,0.3868651165927066,0.3590671881303272
351,0.5872717965061638,0.3590671881303272
352,0.5718005028671891,0.3590671881303272
353,0.6907062811323987,0.3590671881303272
354,0.6138020980805438,0.3590671881303272
355,0.8472040074177731,0.3590671881303272
356,0.6654212517635751,0.3590671881303272
357,0.751321954805686,0.3590671881303272
358,0.4743463099832683,0.3590671881303272
359,0.6489786715732058,0.3590671881303272
360,0.43665298184698664,0.3590671881303272
361,0.3363167327245001,0.3590671881303272
362,-0.5167903294184699,-0.5703706733237676
363,-0.6264730660344577,-0.5703706733237676
364,-0.6211502757826844,-0.5703706733237676
365,-0.7090562125994484,-0.5703706733237676
366,-0.8334376377286679,-0.5703706733237676
367,-0.8372012570603684,-0.5703706733237676
368,-0.8304206671966754,-0.5703706733237676
369,-0.7558730500947034,-0.5703706733237676
370,-0.8630564504258175,-0.5703706733237676
371,-0.7013741420839523,-0.5703706733237676
372,-0.8254638910880325,-0.5703706733237676
373,-0.7416997174532365,-0.5703706733237676
374,-0.5272061418179582,-0.5703706733237676
375,-0.70227405717886,-0.5703706733237676
376,-0.7484516610538485,-0.5703706733237676
377,-0.5007282848050545,-0.5703706733237676
378,-0.44865331792819213,-0.5703706733237676
379,-0.2505512932185035,-0.5703706733237676
380,-0.36668955397201053,-0.5703706733237676
381,-0.489874491264905,-0.5703706733237676
382,-0.24176721753924124,-0.5703706733237676
383,-0.4891234696243927,-0.5703706733237676
384,-0.2083217538796708,-0.32566015220070416
385,-0.14530023276092166,-0.32566015220070416
386,-0.008185292422838483,-0.32566015220070416
387,-0.34666452793946245,-0.32566015220070416
388,-0.3598903421231956,-0.32566015220070416
389,-0.27043189689396163,-0.32566015220070416
390,-0.6358080906705819,-0.32566015220070416
391,-0.430147112930502,-0.32566015220070416
392,-0.6692503997412665,-0.32566015220070416
393,-0.6484717418639705,-0.32566015220070416
394,-0.5903872811683546,-0.32566015220070416
395,-0.6496424661248883,-0.32566015220070416
396,-0.5191534607488095,-0.32566015220070416
397,-0.5930144687531214,-0.32566015220070416
398,-0.5796656974714978,-0.32566015220070416
399,-0.2254893757146411,-0.32566015220070416
400,-0.31406411577920174,-0.32566015220070416
401,-0.2520232019045062,-0.32566015220070416
402,-0.21601595409529337,-0.32566015220070416
403,0.053742054748635,-0.32566015220070416
404,0.02954336353851461,-0.32566015220070416
405,-0.21703206600932354,-0.32566015220070416
406,-0.06522082438900317,-0.32566015220070416
407,-0.18449557639082798,-0.32566015220070416
408,0.05187963114409308,-0.32566015220070416
409,-0.19482927441842157,-0.32566015220070416
410,-0.008381064513298717,-0.32566015220070416
411,-0.19359510218715192,-0.32566015220070416
412,-0.23524607578208998,-0.32566015220070416
413,-0.22730234468448157,-0.32566015220070416
414,-0.3770415444626296,-0.32566015220070416
415,-0.5350283874809993,-0.32566015220070416
416,-0.5418674133969533,-0.32566015220070416
417,-0.4869663621549535,-0.32566015220070416
418,-0.677192878821061,-0.32566015220070416
419,-0.5951571986945625,-0.32566015220070416
420,-0.5864956214061509,-0.32566015220070416
421,0.14569994537108621,0.35607422852636267
422,0.2392327243031578,0.35607422852636267
423,-0.48995868590323,-0.3263867093383145
424,-0.3188527223578198,-0.3263867093383145
425,-0.4242956139973,-0.3263867093383145
426,-0.3300256017110582,-0.3263867093383145
427,-0.1981616310218942,-0.3263867093383145
428,0.03882354592206008,-0.3263867093383145
429,-0.11311664065485527,-0.3263867093383145
430,0.11857542825721833,-0.3263867093383145
431,0.10699617034876324,-0.3263867093383145
432,-0.05993296839806439,-0.3263867093383145
433,0.011986798469991178,-0.3263867093383145
434,-0.223701672918054,-0.3263867093383145
435,-0.060301656603597445,-0.3263867093383145
436,-0.1448302995289804,-0.3263867093383145
437,-0.3307428720115772,-0.3263867093383145
438,-0.26404559946495626,-0.3263867093383145
439,-0.3736093061133467,-0.3263867093383145
440,-0.5175233827663015,-0.3263867093383145
441,-0.4528671871456563,-0.3263867093383145
442,-0.5713067569926651,-0.3263867093383145
443,-0.6923520336940432,-0.3263867093383145
444,-0.542873334620724,-0.3263867093383145
445,-0.5289479822200868,-0.3263867093383145
446,-0.6914449162570258,-0.3263867093383145
447,-0.451264545240101,-0.3263867093383145
448,-0.4791953058393465,-0.3263867093383145
449,-0.2627315956249273,-0.3263867093383145
450,-0.17171234611387118,-0.3263867093383145
451,-0.18999129909812082,-0.3263867093383145
452,-0.21861094351065868,-0.3263867093383145
453,-0.06171701840992344,-0.3263867093383145
454,-0.1321988284258349,-0.3263867093383145
455,-0.0739788669184977,-0.3263867093383145
456,-0.14580580576234817,-0.3263867093383145
457,-0.034263012915605406,-0.3263867093383145
458,-0.1430402621118939,-0.3263867093383145
459,-0.027694608033031254,-0.3263867093383145
460,-0.10466380076547262,-0.3263867093383145
461,-0.3282358520255879,-0.3263867093383145
462,-0.35007375671828,-0.3263867093383145
463,-0.25319768933051634,-0.3263867093383145
464,-0.6018502555184062,-0.3263867093383145
465,-0.3584606638539703,-0.3263867093383145
466,-0.5742868935868419,-0.3263867093383145
467,-0.49111284874690053,-0.3263867093383145
468,-0.5739346467563426,-0.3263867093383145
469,-0.4357953532659361,-0.3263867093383145
470,-0.44552239687761663,-0.3263867093383145
471,-0.5991513926994961,-0.3263867093383145
472,-0.5875530409409688,-0.3263867093383145
473,-0.5393662110722687,-0.3263867093383145
474,-0.36117461997938516,-0.3263867093383145
475,-0.4483586843523803,-0.3263867093383145
476,-0.3680092766361759,-0.3263867093383145
477,-0.2366523326187443,-0.3263867093383145
478,-0.04252716361112202,-0.3263867093383145
479,-0.05082015022977571,-0.3263867093383145
480,0.014831229472898305,-0.3263867093383145
481,-0.019135396610441363,-0.3263867093383145
482,0.0003276191285662977,-0.3263867093383145
483,-0.08297106459714776,-0.3263867093383145
484,-0.0715739083311499,-0.3263867093383145
485,-0.19311206415061408,-0.3263867093383145
486,-0.2015720939031252,-0.3263867093383145
487,-0.30874934249758856,-0.3263867093383145
488,-0.15676624241483111,-0.3263867093383145
489,-0.522804664485641,-0.3263867093383145
490,-0.4546289764043069,-0.3263867093383145
491,-0.5480290619553697,-0.3263867093383145
492,-0.466675797470659,-0.3263867093383145
493,-0.546002512611034,-0.3263867093383145
494,-0.591850085088785,-0.3263867093383145
495,-0.6406141545269359,-0.3263867093383145
496,-0.5018276429089655,-0.3263867093383145
497,-0.39107964670356676,-0.3263867093383145
498,-0.3463712563436452,-0.3263867093383145
499,-0.4186596931486013,-0.3263867093383145
500,-0.40833591505861994,-0.3263867093383145
501,-0.02521433168175699,-0.3263867093383145
502,-0.18943808615988594,-0.3263867093383145
503,-0.04532649649268072,-0.3263867093383145
504,-0.03407667770676265,-0.3263867093383145
505,-0.1396026927710242,-0.3263867093383145
506,-0.12881884671606122,-0.3263867093383145
507,-0.24754672779132272,-0.3263867093383145
508,-0.08634909462088594,-0.3263867093383145
509,-0.3570842186299773,-0.3263867093383145
510,-0.2470192727899958,-0.3263867093383145
511,-0.20924362736475224,-0.3263867093383145
512,-0.5155098690497408,-0.3263867093383145
513,-0.39552292060043165,-0.3263867093383145
514,-0.3984059259331319,-0.3263867093383145
515,-0.06000431663301433,0.11186622892277309
516,-0.06774393319385302,0.11186622892277309
517,-0.16191630692654183,0.11186622892277309
518,0.0791058730306316,0.11186622892277309
519,-0.15826982847360827,0.11186622892277309
520,-0.13164404151665057,0.11186622892277309
521,-0.22828507792799935,0.11186622892277309
522,-0.1462386534798823,0.11186622892277309
523,-0.07418899409289642,0.11186622892277309
524,0.19630092835939705,0.11186622892277309
525,-0.09709889333071192,0.11186622892277309
526,0.2707655110585071,0.11186622892277309
527,0.2964171653335785,0.11186622892277309
528,0.4190896180797644,0.11186622892277309
529,0.214953760851963,0.11186622892277309
530,0.3434196046036224,0.11186622892277309
531,0.4080567725952214,0.11186622892277309
532,0.3952185332427717,0.11186622892277309
533,0.3441146698571561,0.11186622892277309
534,0.352970061370391,0.11186622892277309
535,0.22028927371509116,0.11186622892277309
536,0.1954796810235295,0.11186622892277309
537,0.06474571158486121,0.11186622892277309
538,-0.03412631900003678,0.11186622892277309
539,0.02578361935166372,0.11186622892277309
540,0.02268458364173709,0.11186622892277309
541,-0.057728702327699125,0.11186622892277309
542,-0.12270710718784963,0.11186622892277309
543,0.06131223530519886,0.11186622892277309
544,-0.11097669253323253,0.11186622892277309
545,0.04380149171185521,0.11186622892277309
546,-0.33160612853973387,0.11186622892277309
547,-0.19080018038534977,0.11186622892277309
548,0.04920742463791855,0.11186622892277309
549,-0.0017349184852532076,0.11186622892277309
550,0.11577394367964719,0.11186622892277309
551,0.3107229228650762,0.11186622892277309
552,0.18191205152922252,0.11186622892277309
553,0.31832134377986376,0.11186622892277309
554,0.27084074738447006,0.11186622892277309
555,0.4776465566794078,0.11186622892277309
556,0.4238709395016501,0.11186622892277309
557,0.6073951460034294,0.11186622892277309
558,0.32511393270670425,0.11186622892277309
559,0.43775612294305855,0.11186622892277309
560,0.26437713953569875,0.11186622892277309
561,0.14041698515925033,0.11186622892277309
562,0.22782080772070054,0.11186622892277309
563,0.06884813242870587,0.11186622892277309
564,-0.10083502005742892,0.11186622892277309
565,0.1971375574538598,0.11186622892277309
566,0.008668497351018795,0.11186622892277309
567,-0.11552256278371599,0.11186622892277309
568,-0.11296993581182897,0.11186622892277309
569,-0.051034786854724484,0.11186622892277309
570,-0.05951873697327198,0.11186622892277309
571,-0.17598049991732304,0.11186622892277309
572,0.08341585793619599,0.11186622892277309
573,-0.223464389068531,0.11186622892277309
574,-0.09505013496250472,0.11186622892277309
575,0.015076548767654427,0.11186622892277309
576,0.12108063318897035,0.11186622892277309
577,0.08479183520086662,0.11186622892277309
578,0.038316157631726855,0.11186622892277309
579,0.32731194046603973,0.11186622892277309
580,0.289284130972956,0.11186622892277309
581,0.2750405259996243,0.11186622892277309
582,0.39962209602062343,0.11186622892277309
583,0.2223413866803273,0.11186622892277309
584,0.44198781202273335,0.11186622892277309
585,0.13553803607560294,0.11186622892277309
586,0.36660412539028725,0.11186622892277309
587,0.0955345426686774,0.11186622892277309
588,0.04318634614814977,0.11186622892277309
589,0.04287327247797254,0.11186622892277309
590,0.029184119087790977,0.11186622892277309
591,-0.09103235346332507,0.11186622892277309
592,-0.23262270496368645,0.11186622892277309
593,-0.2016997361095486,0.11186622892277309
594,-0.10740719011260977,0.11186622892277309
595,-0.1459409928635347,0.11186622892277309
596,0.009249986801415616,0.11186622892277309
597,0.006115851728224209,0.11186622892277309
598,-0.0009678135430557233,0.11186622892277309
599,0.061772718539503474,0.11186622892277309
600,-0.07834933061609725,0.11186622892277309
601,0.20484758215651638,0.11186622892277309
602,0.25494152072845755,0.11186622892277309
603,0.3604991431285828,0.11186622892277309
604,0.08432895432591554,0.11186622892277309
605,0.26982197621880394,0.11186622892277309
606,0.4833026791900581,0.11186622892277309
607,0.4490011475220932,0.11186622892277309
608,0.28019519918780067,0.11186622892277309
609,0.3494178133250606,0.11186622892277309
610,0.2339348899911295,0.11186622892277309
611,0.3617306710945938,0.11186622892277309
612,0.06307044879346789,0.11186622892277309
613,-1.3908932717686622,-1.4066886694123992
614,-1.3842574210138963,-1.4066886694123992
615,-1.5192170621403203,-1.4066886694123992
616,-1.3957905149259278,-1.4066886694123992
617,-1.6622655347284605,-1.4066886694123992
618,-1.6593122661963726,-1.4066886694123992
619,-1.6402591304463858,-1.4066886694123992
620,-1.7726508075029226,-1.4066886694123992
621,-1.5730793429179013,-1.4066886694123992
622,-1.4111420561960482,-1.4066886694123992
623,-1.4401651344873374,-1.4066886694123992
624,-1.3581073326261617,-1.4066886694123992
625,-1.4639071176818574,-1.4066886694123992
626,-1.3637522733855463,-1.4066886694123992
627,-1.303766176949886,-1.4066886694123992
628,-1.083680193785944,-1.4066886694123992
629,-1.1161531293165736,-1.4066886694123992
630,-1.0421134671335341,-1.4066886694123992
631,-1.364737714017258,-1.4066886694123992
632,-1.0732394680611512,-1.4066886694123992
633,-1.0546275307171649,-1.4066886694123992
634,-1.1205247617218246,-1.4066886694123992
635,-1.2099362853342168,-1.4066886694123992
636,-1.3179857369549974,-1.4066886694123992
637,-1.2825534794864801,-1.4066886694123992
638,-1.433026792762041,-1.4066886694123992
639,-1.3637413284702686,-1.4066886694123992
640,-1.4902363585862954,-1.5128812316948426
641,-1.6402822505037824,-1.5128812316948426
642,-1.6278983252580637,-1.5128812316948426
643,-1.718543839353141,-1.5128812316948426
644,-1.7841125266118514,-1.5128812316948426
645,-1.7958689751540116,-1.5128812316948426
646,-1.6472013530378433,-1.5128812316948426
647,-1.7460039809492585,-1.5128812316948426
648,-1.682861769120532,-1.5128812316948426
649,-1.5114804428994864,-1.5128812316948426
650,-1.3178464004574788,-1.5128812316948426
651,-1.3618801378592933,-1.5128812316948426
652,-1.352465963605114,-1.5128812316948426
653,-1.4596861899826026,-1.5128812316948426
654,-1.2079208676303177,-1.5128812316948426
655,-1.072935982607314,-1.5128812316948426
656,-1.3156616334058513,-1.5128812316948426
657,-1.3301272183339459,-1.5128812316948426
658,-1.2143347032272713,-1.5128812316948426
659,-1.2563423330081722,-1.5128812316948426
660,-1.469130119263902,-1.5128812316948426
661,-1.3870143030480873,-1.5128812316948426
662,-1.542089880562297,-1.5128812316948426
663,-1.466384482489187,-1.5128812316948426
664,-1.8426558728987892,-1.5128812316948426
665,-1.539911972747135,-1.5128812316948426
666,-1.7900377351448873,-1.5128812316948426
667,-1.7861323921433327,-1.5128812316948426
668,-1.6524667608558086,-1.5128812316948426
669,-1.642943312610198,-1.5128812316948426
670,-1.6706821458501955,-1.5128812316948426
671,-1.745285070927987,-1.5128812316948426
672,-1.6368600848143093,-1.5128812316948426
673,-1.5982006015970853,-1.5128812316948426
674,-1.7846948750119351,-1.5128812316948426
675,-1.6628964853490036,-1.5128812316948426
676,-1.5727683962535306,-1.5128812316948426
677,-1.314806957454513,-1.5128812316948426
678,-1.4282235274341253,-1.5128812316948426
679,-1.217229332680405,-1.5128812316948426
680,-1.3061008783747936,-1.5128812316948426
681,-1.3188939813520633,-1.5128812316948426
682,-1.361199745853093,-1.5128812316948426
683,-1.2856616939859327,-1.5128812316948426
684,-1.3829802011186518,-1.5128812316948426
685,-1.3261142457989765,-1.5128812316948426
686,-1.481322750164687,-1.5128812316948426
687,-1.549546403824683,-1.5128812316948426
688,-1.390747896455326,-1.5128812316948426
689,-1.7177256378625165,-1.5128812316948426
690,-1.5677277160022123,-1.5128812316948426
691,-1.7740539222277039,-1.5128812316948426
692,-1.6054716538213665,-1.5128812316948426
693,-1.6473020476784983,-1.5128812316948426
694,-1.8094288786157362,-1.5128812316948426
695,-1.7457653182907709,-1.5128812316948426
696,-1.8099763268756144,-1.5128812316948426
697,-1.5288675543730956,-1.5128812316948426
698,-1.6335463580573588,-1.5128812316948426
699,-1.4780858711486784,-1.5128812316948426
700,-1.623049238281353,-1.5128812316948426
701,-1.5392842727619778,-1.5128812316948426
702,-1.4265581757815256,-1.5128812316948426
703,-1.3363208523910837,-1.5128812316948426
704,-1.4582032195470545,-1.5128812316948426
705,-1.3869845593772068,-1.5128812316948426
706,-1.0192554920310621,-1.5128812316948426
707,-1.235554435746534,-1.5128812316948426
708,-1.358309878157614,-1.5128812316948426
709,-1.2403991933672935,-1.5128812316948426
710,-1.3804175640717682,-1.5128812316948426
711,-1.5011059752989497,-1.5128812316948426
712,-1.6092465734229742,-1.5128812316948426
713,-1.5916062597291756,-1.5128812316948426
714,-1.6467445686466482,-1.5128812316948426
715,-1.6814734498817796,-1.5128812316948426
716,-1.620515771788305,-1.5128812316948426
717,-1.6770447851624617,-1.5128812316948426
718,-1.51887427823059,-1.5128812316948426
719,-1.8795199945268386,-1.5128812316948426
720,-1.6886616279967464,-1.5128812316948426
721,-1.5976965493613267,-1.5128812316948426
722,-1.6467018487870433,-1.5128812316948426
723,-1.6681118813356302,-1.5128812316948426
724,-1.6397681887931996,-1.5128812316948426
725,-1.5366797053806107,-1.5128812316948426
726,-1.4991499842945617,-1.5128812316948426
727,-1.4840766220453814,-1.5128812316948426
728,-1.2830468814820677,-1.5128812316948426
729,-1.2535818847519338,-1.5128812316948426
730,-1.1694086405662614,-1.5128812316948426
731,-1.2642341781565667,-1.5128812316948426
732,-1.211006935626946,-1.5128812316948426
733,-1.1945564635177504,-1.5128812316948426
734,-1.4756812701242814,-1.5128812316948426
735,-1.414400120378833,-1.5128812316948426
736,-1.3577172481797009,-1.5128812316948426
737,-1.3327400424354945,-1.5128812316948426
738,-1.6330320741397302,-1.5128812316948426
739,-1.5579123726918642,-1.5128812316948426
740,-1.5987776378118037,-1.5128812316948426
741,-1.7142762900105437,-1.5128812316948426
742,-1.679296138666995,-1.5128812316948426
743,-1.7691617652846365,-1.5128812316948426
744,-1.8150191708565462,-1.5128812316948426
745,-1.5898813407004022,-1.5128812316948426
746,-1.8896107018059585,-1.5128812316948426
747,-1.5905111388046422,-1.5128812316948426
748,-1.6653766244120423,-1.5128812316948426
749,-1.5492087272574229,-1.5128812316948426
750,-1.625889370409019,-1.5128812316948426
751,-1.356589967784092,-1.5128812316948426
752,-1.2968853951916013,-1.5128812316948426
753,-1.2075894394729754,-1.5128812316948426
754,-1.248906562706739,-1.5128812316948426
755,-1.3221179304506132,-1.5128812316948426
756,-1.060091258728851,-1.5128812316948426
757,-1.163388534382758,-1.5128812316948426
758,-1.4663663481600264,-1.5128812316948426
759,-1.3501986220084907,-1.5128812316948426
760,-1.4308844962612124,-1.5128812316948426
761,-1.481549582302209,-1.5128812316948426
762,-1.2454157957843857,-1.5128812316948426
763,-1.5317219704710452,-1.5128812316948426
764,-1.5911032268016403,-1.5128812316948426
765,-1.558846069248852,-1.5128812316948426
766,-1.6744682768302506,-1.5128812316948426
767,-1.8543932665772995,-1.5128812316948426
768,-1.5916285216879664,-1.5128812316948426
769,-1.6711072746483575,-1.5128812316948426
770,-1.516908586498254,-1.5128812316948426
771,-1.6754049318763846,-1.5128812316948426
772,-1.6597945842185626,-1.5128812316948426
773,-1.8378397386424776,-1.5128812316948426
774,-1.4150287001418802,-1.5128812316948426
775,-1.6087802597707872,-1.5128812316948426
776,-1.3750439688629679,-1.5128812316948426
777,-1.38241817125447,-1.5128812316948426
778,-1.2985183252868966,-1.5128812316948426
779,-1.4444270155536998,-1.5128812316948426
780,-1.2089637667325175,-1.5128812316948426
781,-1.3065952941247412,-1.5128812316948426
782,-1.3603091238152087,-1.5128812316948426
783,-1.1554278378023322,-1.5128812316948426
784,-1.2998029379890257,-1.5128812316948426
785,-1.2682896809073347,-1.5128812316948426
786,-1.4141507795306438,-1.5128812316948426
787,-1.3905025979821244,-1.5128812316948426
788,-1.4941727243021703,-1.5128812316948426
789,-1.7108214323894624,-1.5128812316948426
790,-1.746788870260152,-1.5128812316948426
791,-1.7794139892319176,-1.5128812316948426
792,-1.817907519357104,-1.5128812316948426
793,-1.8220240431418273,-1.5128812316948426
794,-1.7753513043863693,-1.5128812316948426
795,-1.931803854941051,-1.5128812316948426
796,-1.6046315883957738,-1.5128812316948426
797,-1.5559270337675253,-1.5128812316948426
798,-1.6805346493600333,-1.5128812316948426
799,-1.607873756458124,-1.5128812316948426
800,-1.5056431189570434,-1.5128812316948426
801,-1.3133989482454125,-1.5128812316948426
802,-1.483945826753752,-1.5128812316948426
803,-1.1189548052158302,-1.5128812316948426
804,-1.3256053556847225,-1.5128812316948426
805,-1.1804869303061272,-1.5128812316948426
806,-1.276342732018238,-1.5128812316948426
807,-1.1792585442385306,-1.5128812316948426
808,-1.2959477648980853,-1.5128812316948426
809,-1.365555879436315,-1.5128812316948426
810,-1.3397214900200707,-1.5128812316948426
811,-1.226719419222609,-1.5128812316948426
812,-1.5904359084547146,-1.5128812316948426
813,-1.4306742670366952,-1.5128812316948426
814,-1.7739123509667254,-1.5128812316948426
815,-1.6419786236899745,-1.5128812316948426
816,-1.762541575097852,-1.5128812316948426
817,-1.8114150364257378,-1.5128812316948426
818,-1.695530240368194,-1.5128812316948426
819,-1.6306858574255951,-1.5128812316948426
820,-1.8013486160281937,-1.5128812316948426
821,-1.5830986457901388,-1.5128812316948426
822,-1.6703458208075952,-1.5128812316948426
823,-1.7204847516162889,-1.5128812316948426
824,-1.5256958308912256,-1.5128812316948426
825,-1.5237503578109586,-1.5128812316948426
826,-1.5431468891295161,-1.5128812316948426
827,-1.4023254657168325,-1.5128812316948426
828,-1.363203309010169,-1.5128812316948426
829,-1.3652574411470444,-1.5128812316948426
830,-1.3186624471501078,-1.5128812316948426
831,-1.2822928763868802,-1.5128812316948426
832,-1.2322166045219145,-1.5128812316948426
833,-1.3944293998097972,-1.5128812316948426
834,-1.4241574728691824,-1.5128812316948426
835,-1.1896401121676352,-1.5128812316948426
836,-1.373071027643838,-1.5128812316948426
837,-1.4844180133837646,-1.5128812316948426
838,-1.538480497153947,-1.5128812316948426
839,-1.595282304965084,-1.5128812316948426
840,-1.7238438997547971,-1.5128812316948426
841,-1.4980253105351666,-1.5128812316948426
842,-1.8580488295172135,-1.5128812316948426
843,-1.6317110395781795,-1.5128812316948426
844,-1.727511523598469,-1.5128812316948426
845,-1.7864848807508307,-1.5128812316948426
846,-1.6939307477804157,-1.5128812316948426
847,-1.7856491046031262,-1.5128812316948426
848,-1.7461512938849566,-1.5128812316948426
849,-1.5526816871643716,-1.5128812316948426
850,-1.552812201804415,-1.5128812316948426
851,-1.4663632374929094,-1.5128812316948426
852,-1.5702815646098873,-1.5128812316948426
853,-1.1963528637687366,-1.5128812316948426
854,-1.3147214265525786,-1.5128812316948426
855,-1.314493321393434,-1.5128812316948426
856,-1.1733939293924789,-1.5128812316948426
857,-1.2098359756970125,-1.5128812316948426
858,-1.2703978762463761,-1.5128812316948426
859,-1.2390757310423408,-1.5128812316948426
860,-1.2563000227427132,-1.5128812316948426
861,-1.3680740282439863,-1.5128812316948426
862,-1.451761742945553,-1.5128812316948426
863,-1.3747737785530476,-1.5128812316948426
864,-1.6028215416266793,-1.5128812316948426
865,-1.6947289740752192,-1.5128812316948426
866,-1.823489668141585,-1.5128812316948426
867,-1.846929151801275,-1.5128812316948426
868,-1.8149253986151181,-1.5128812316948426
869,-1.6083782001023443,-1.5128812316948426
870,-1.6482407189098918,-1.5128812316948426
871,-1.7339961753282909,-1.5128812316948426
872,-1.7041785933868547,-1.5128812316948426
873,-1.7064642354108623,-1.5128812316948426
874,-1.5717990069362209,-1.5128812316948426
875,-1.5167447282896478,-1.5128812316948426
876,-1.373082908422786,-1.5128812316948426
877,-1.1857059532095118,-1.5128812316948426
878,-1.491380763551287,-1.5128812316948426
879,-1.0753590599147929,-1.5128812316948426
880,-1.1995699381885923,-1.5128812316948426
881,-1.29613782993893,-1.5128812316948426
882,-1.1328203737705553,-1.5128812316948426
883,-1.4639719829408562,-1.5128812316948426
884,-1.3345147815876237,-1.5128812316948426
885,-1.3542885580185673,-1.5128812316948426
886,-1.2435535138947231,-1.5128812316948426
887,-1.4376307985879855,-1.5128812316948426
888,-1.4668324781386903,-1.5128812316948426
889,-1.7898854591179167,-1.5128812316948426
890,-1.6387419759785344,-1.5128812316948426
891,-1.839961942674555,-1.5128812316948426
892,-1.6389934874606893,-1.5128812316948426
893,-1.6546337102612672,-1.5128812316948426
894,-1.7189859516395911,-1.5128812316948426
895,-1.5493122766632963,-1.5128812316948426
896,-1.7046570760186792,-1.5128812316948426
897,-1.6530700057547514,-1.5128812316948426
898,-1.6368366430477126,-1.5128812316948426
899,-1.6372301169563068,-1.5128812316948426
900,-1.5796545840733924,-1.5128812316948426
901,-1.3777364761720083,-1.5128812316948426
902,-1.3782225404522233,-1.5128812316948426
903,-1.4593529870934367,-1.5128812316948426
904,-1.36995302756274,-1.5128812316948426
905,-1.1857283334257596,-1.5128812316948426
906,-1.2540300360070953,-1.5128812316948426
907,-1.1109106765939432,-1.5128812316948426
908,-1.1799880009931345,-1.5128812316948426
909,-1.3494734810248428,-1.5128812316948426
910,-1.3112790177634392,-1.5128812316948426
911,-1.4614612522843828,-1.5128812316948426
912,-1.5024511497284043,-1.5128812316948426
913,-1.6907171321308978,-1.5128812316948426
914,-1.812869913544615,-1.5128812316948426
915,-1.6308273300950993,-1.5128812316948426
916,-1.8228279057547214,-1.5128812316948426
917,-1.7920737501852684,-1.5128812316948426
918,-1.764191265560885,-1.5128812316948426
919,-1.7510805556199378,-1.5128812316948426
920,-1.7480242632288576,-1.5128812316948426
921,-1.7671298718226027,-1.5128812316948426
922,-1.8106664515455986,-1.5128812316948426
923,-1.6402699204564775,-1.5128812316948426
924,-1.4647852950458147,-1.5128812316948426
925,-1.6589969822326034,-1.5128812316948426
926,-1.5114746077047976,-1.5128812316948426
927,-1.369920410330441,-1.5128812316948426
928,-1.2757055361115008,-1.5128812316948426
929,-1.3015730881099925,-1.5128812316948426
930,-1.2596454523058405,-1.5128812316948426
931,-1.14748105525604,-1.5128812316948426
932,-1.1683110688671978,-1.5128812316948426
933,-1.2198053712476113,-1.5128812316948426
934,-1.417279858839173,-1.5128812316948426
935,-1.4119355480650906,-1.5128812316948426
936,-1.4879317828976006,-1.5128812316948426
937,-1.5227155840331537,-1.5128812316948426
938,-1.5287053540931104,-1.5128812316948426
939,-1.5802846814813243,-1.5128812316948426
940,-1.7495945894218439,-1.5128812316948426
941,-1.7721024552231155,-1.5128812316948426
942,-1.6662969371305905,-1.5128812316948426
943,-1.5949896308404066,-1.5128812316948426
944,-1.7458665638635198,-1.5128812316948426
945,-1.777149606197234,-1.5128812316948426
946,-1.7834934710431936,-1.5128812316948426
947,-1.675020965412842,-1.5128812316948426
948,-1.5277984216000007,-1.5128812316948426
949,-1.549429832160888,-1.5128812316948426
950,-1.4802631376540647,-1.5128812316948426
951,-1.4540359278891546,-1.5128812316948426
952,-1.4235510560350442,-1.5128812316948426
953,-1.1390359388285218,-1.0936215086410224
954,-1.1011447130649166,-1.0936215086410224
955,-0.9127578735065479,-1.0936215086410224
956,-0.8376271364869603,-1.0936215086410224
957,-0.84531265500234,-1.0936215086410224
958,-0.791031601774952,-1.0936215086410224
959,-0.830937457175327,-1.0936215086410224
960,-1.0223232601121475,-1.0936215086410224
961,-1.0555012230999483,-1.0936215086410224
962,-1.0161570413337884,-1.0936215086410224
963,-1.3160117332822574,-1.0936215086410224
964,-0.31280492126035475,-0.17402332687819339
965,-0.10115997327698306,-0.17402332687819339
966,-0.32086312904093955,-0.17402332687819339
967,-0.6825197404133662,-0.17402332687819339
968,-0.3412488436573208,-0.17402332687819339
969,-0.45550259524274805,-0.17402332687819339
970,-0.48477282470205385,-0.17402332687819339
971,-0.3157873789967135,-0.17402332687819339
972,-0.28933496087630306,-0.17402332687819339
973,-0.3758682162139729,-0.22297394513703572
974,-0.3330568683395756,-0.22297394513703572
975,-0.17312637948810328,-0.22297394513703572
976,-0.07221088635356203,-0.22297394513703572
977,0.02587267021445576,-0.22297394513703572
978,-0.191670896459039,-0.22297394513703572
979,-0.1331974276225818,-0.22297394513703572
980,0.0625928619425862,-0.22297394513703572
981,-0.1452357416108172,-0.22297394513703572
982,0.14632210744628968,-0.22297394513703572
983,0.0293991468917294,-0.22297394513703572
984,-0.19915589875148298,-0.22297394513703572
985,-0.1307616252570037,-0.22297394513703572
986,-0.09325893204125872,-0.22297394513703572
987,-0.21301156946812905,-0.22297394513703572
988,-0.33601624485158205,-0.22297394513703572
989,-0.4518944844132061,-0.22297394513703572
990,-0.3717638952900192,-0.22297394513703572
991,-0.4226342793053699,-0.22297394513703572
992,-0.41134920998965174,-0.22297394513703572
993,-0.48444958419666634,-0.22297394513703572
994,-0.527849459077321,-0.22297394513703572
995,-0.46470627041791146,-0.22297394513703572
996,-0.4977217698458063,-0.22297394513703572
997,-0.38957064678366465,-0.22297394513703572
998,-0.37906278136587224,-0.22297394513703572
999,-0.4343626980514276,-0.22297394513703572
1000,-0.3184711131955359,-0.22297394513703572
1001,0.027926610063395682,-0.22297394513703572
1002,-0.364446970749534,-0.22297394513703572
1003,0.11683673967268736,-0.22297394513703572
1004,0.007884855759186016,-0.22297394513703572
1005,-0.08021314858008921,-0.22297394513703572
1006,0.04462422290349771,-0.22297394513703572
1007,0.017767504747961044,-0.22297394513703572
1008,0.025711596304086037,-0.22297394513703572
1009,-0.17055716471703605,-0.22297394513703572
1010,-0.013093884585178323,-0.22297394513703572
1011,-0.17844911142883146,-0.22297394513703572
1012,-0.10111296100183868,-0.22297394513703572
1013,-0.2866655840094195,-0.22297394513703572
1014,-0.2098329062794806,-0.22297394513703572
1015,-0.24560512702426868,-0.22297394513703572
1016,-0.5049115150944237,-0.22297394513703572
1017,-0.521032875809757,-0.22297394513703572
1018,-0.44837995134537867,-0.22297394513703572
1019,-0.6352995387309486,-0.22297394513703572
1020,-0.32532661620696035,-0.22297394513703572
1021,-0.38430117044931184,-0.22297394513703572
1022,-0.4539975438916617,-0.22297394513703572
1023,-0.11013645065277353,-0.22297394513703572
1024,-0.5567405240377741,-0.22297394513703572
1025,-0.2700084484038437,-0.22297394513703572
1026,-0.08497183244307134,-0.22297394513703572
1027,-0.04531745577545239,-0.22297394513703572
1028,-0.044427862810036245,-0.22297394513703572
1029,-0.0981683257842989,-0.22297394513703572
1030,-0.03177395098821659,-0.22297394513703572
1031,0.023304512135252975,-0.22297394513703572
1032,0.15320013686881348,-0.22297394513703572
1033,0.1470648068131335,-0.22297394513703572
1034,0.11458640819481936,-0.22297394513703572
1035,-0.21912524931429542,-0.22297394513703572
1036,-0.07768524901777668,-0.22297394513703572
1037,-0.440013578746062,-0.22297394513703572
1038,-0.32920214446655144,-0.22297394513703572
1039,-0.37613476289773207,-0.22297394513703572
1040,-0.2611408285129257,-0.22297394513703572
1041,-0.30333730614597465,-0.22297394513703572
1042,-0.4304183565270684,-0.22297394513703572
1043,-0.6149725668699645,-0.22297394513703572
1044,-0.3977766280940326,-0.22297394513703572
1045,-0.4084736866467742,-0.22297394513703572
1046,-0.4562282925772857,-0.22297394513703572
1047,-0.36859510605634405,-0.22297394513703572
1048,-0.4179548018493267,-0.22297394513703572
1049,-0.27942372336178556,-0.22297394513703572
1050,-0.2169093955373384,-0.22297394513703572
1051,-0.02100429811772775,-0.22297394513703572
1052,0.15427108498217454,-0.22297394513703572
1053,0.06995194402519196,-0.22297394513703572
1054,0.057620198140309414,-0.22297394513703572
1055,-0.09789322641502163,-0.22297394513703572
1056,0.07431976702931056,-0.22297394513703572
1057,0.011348278201773199,-0.22297394513703572
1058,0.1692001263407857,-0.22297394513703572
1059,-0.051860805244547226,-0.22297394513703572
1060,0.0055646076047483894,-0.22297394513703572
1061,-0.2067543076899236,-0.22297394513703572
1062,-0.3546745194356407,-0.22297394513703572
1063,-0.34396466135508935,-0.22297394513703572
1064,-0.1818445113747792,-0.22297394513703572
1065,-0.46662562318849116,-0.22297394513703572
1066,-0.5799150750564442,-0.22297394513703572
1067,-0.482489748272123,-0.22297394513703572
1068,-0.36477163480556857,-0.22297394513703572
1069,-0.4929332725176693,-0.22297394513703572
1070,-0.326093401184001,-0.22297394513703572
1071,-0.5993151452938748,-0.22297394513703572
1072,-0.5044548474474853,-0.22297394513703572
1073,-0.3892880688932704,-0.22297394513703572
1074,-0.2767893389202244,-0.22297394513703572
1075,-0.05798359287783311,-0.22297394513703572
1076,-0.06049748208368661,-0.22297394513703572
1077,-0.024342510812342538,-0.22297394513703572
1078,0.07879320288801486,-0.22297394513703572
1079,0.1397254714449106,-0.22297394513703572
1080,0.11939345133603008,-0.22297394513703572
1081,0.07157134250144959,-0.22297394513703572
1082,0.013280242756121718,-0.22297394513703572
1083,0.11572821087134932,-0.22297394513703572
1084,-0.006437954830982917,-0.22297394513703572
1085,-0.022024144333047974,-0.22297394513703572
1086,-0.27987512564454964,-0.22297394513703572
1087,-0.2413408369392124,-0.22297394513703572
1088,-0.2843823904903772,-0.22297394513703572
1089,-0.3130719058732906,-0.22297394513703572
1090,-0.4931666867571366,-0.22297394513703572
1091,-0.5182714101686882,-0.22297394513703572
1092,-0.5461696517369192,-0.22297394513703572
1093,-0.5110133837626594,-0.22297394513703572
1094,-0.4956162161275396,-0.22297394513703572
1095,-1.820779282083607,-1.3777585898869944
1096,-1.6229113349378141,-1.3777585898869944
1097,-1.4055152867121776,-1.3777585898869944
1098,-1.6143285686287088,-1.3777585898869944
1099,-1.4714569017910968,-1.3777585898869944
1100,0.8776534043055635,0.8116689170713665
1101,1.0000367273947668,0.8116689170713665
1102,0.8523551296760865,0.8116689170713665
1103,0.7938881720770878,0.8116689170713665
1104,0.9147857901147545,0.8116689170713665
1105,1.119217374291314,0.8116689170713665
1106,1.0614115998166014,0.8116689170713665
1107,0.9776760652112234,0.8116689170713665
1108,1.071329497931229,0.8116689170713665
1109,1.0419409774727726,0.8116689170713665
1110,0.7524702421877836,0.8116689170713665
1111,0.9067333227855049,0.8116689170713665
1112,0.8226470894271495,0.8116689170713665
1113,0.843653227544537,0.8116689170713665
1114,0.6706358915016087,0.8116689170713665
1115,0.7907396299724739,0.8116689170713665
1116,0.5815701739460027,0.8116689170713665
1117,0.5718904855194693,0.8116689170713665
1118,0.5192546398349365,0.8116689170713665
1119,0.6578557936464977,0.8116689170713665
1120,0.7156676416329311,0.8116689170713665
1121,0.5034360402431934,0.8116689170713665
1122,0.8968367223972631,0.8116689170713665
1123,0.7830923461505628,0.8116689170713665
1124,0.8140028893742254,0.8116689170713665
1125,0.9023734929730477,0.8116689170713665
1126,0.9530216223977205,0.8116689170713665
1127,1.0737614263947666,0.8116689170713665
1128,1.0993117249776159,0.8116689170713665
1129,0.985594208430766,0.8116689170713665
1130,0.9903944246451658,0.8116689170713665
1131,1.0780889981080477,0.8116689170713665
1132,1.0038521205467388,0.8116689170713665
1133,1.014685963001458,0.8116689170713665
1134,0.9883345693113617,0.8116689170713665
1135,0.696861497001968,0.8116689170713665
1136,0.8853012702932958,0.8116689170713665
1137,0.7469829146632662,0.8116689170713665
1138,1.0260627945285627,0.8116689170713665
1139,0.5760550038119848,0.8116689170713665
1140,0.7014467364493918,0.8116689170713665
1141,0.7761058401040064,0.8116689170713665
1142,0.754427977554618,0.8116689170713665
1143,0.5890874047630219,0.8116689170713665
1144,0.3806173644837914,0.8116689170713665
1145,0.5796904729493915,0.8116689170713665
1146,0.556543046460409,0.8116689170713665
1147,0.6075763099376159,0.8116689170713665
1148,0.6885445445928783,0.8116689170713665
1149,0.6680090735783016,0.8116689170713665
1150,0.7657952576644248,0.8116689170713665
1151,0.8524346748259037,0.8116689170713665
1152,0.8049180132559576,0.8116689170713665
1153,1.0734676245756811,0.8116689170713665
1154,1.106592424186913,0.8116689170713665
1155,1.2066701341049728,0.8116689170713665
1156,1.1513219686335423,0.8116689170713665
1157,1.0132753700611448,0.8116689170713665
1158,1.2615781537777615,0.8116689170713665
1159,0.9976514837490551,0.8116689170713665
1160,1.0626439271837977,0.8116689170713665
1161,0.990828273949737,0.8116689170713665
1162,0.9518067814582157,0.8116689170713665
1163,0.9634848650150232,0.8116689170713665
1164,0.9169284433302215,0.8116689170713665
1165,0.7873500026632823,0.8116689170713665
1166,0.47142641506758,0.8116689170713665
1167,0.6170353674295478,0.8116689170713665
1168,0.5559466219171246,0.8116689170713665
1169,0.5938789066936295,0.8116689170713665
1170,0.6501900619515742,0.8116689170713665
1171,0.5683292499597055,0.8116689170713665
1172,0.7679791193814396,0.8116689170713665
1173,0.8223751442712023,0.8116689170713665
1174,0.7935454461910616,0.8116689170713665
1175,0.8103111225891622,0.8116689170713665
1176,0.8846750628896142,0.8116689170713665
1177,0.8450267491146018,0.8116689170713665
1178,1.0840991776802658,0.8116689170713665
1179,0.9912604745645148,0.8116689170713665
1180,0.9794929904846077,0.8116689170713665
1181,1.1140068800003435,0.8116689170713665
1182,1.1670059315172574,0.8116689170713665
1183,1.023331363985866,0.8116689170713665
1184,1.128079190720861,0.8116689170713665
1185,0.9092459309715011,0.8116689170713665
1186,0.8936791640520501,0.8116689170713665
1187,0.927642435980228,0.8116689170713665
1188,0.9386696139330883,0.8116689170713665
1189,0.8469527650776432,0.8116689170713665
1190,0.5758975473589951,0.8116689170713665
1191,0.4896578223433147,0.8116689170713665
1192,0.7538172422829703,0.8676134495595632
1193,0.6594708550963525,0.8676134495595632
1194,0.6957015990790792,0.8676134495595632
1195,0.423554484182599,0.8676134495595632
1196,0.47460718146243236,0.8676134495595632
1197,0.746588693790747,0.8676134495595632
1198,0.8587222597803099,0.8676134495595632
1199,0.8673226304356983,0.8676134495595632
1200,0.9282756222634729,0.8676134495595632
1201,0.953971646091824,0.8676134495595632
1202,1.0680058878537761,0.8676134495595632
1203,1.1625040060766374,0.8676134495595632
1204,1.1737832694192196,0.8676134495595632
1205,1.0897026487659704,0.8676134495595632
1206,1.1661304355922322,0.8676134495595632
1207,1.053055222519981,0.8676134495595632
1208,1.0320778671198731,0.8676134495595632
1209,1.1271288377774749,0.8676134495595632
1210,1.1129457514624905,0.8676134495595632
1211,1.0514930188544351,0.8676134495595632
1212,0.938618815971363,0.8676134495595632
1213,0.7194918597357317,0.8676134495595632
1214,0.7339507675144952,0.8676134495595632
1215,0.7446111740581162,0.8676134495595632
1216,0.7090048164812416,0.8676134495595632
1217,0.6457121828549782,0.8676134495595632
1218,0.47152986321648865,0.8676134495595632
1219,0.636202517108493,0.8676134495595632
1220,0.6120886500232916,0.8676134495595632
1221,0.7015997129230295,0.8676134495595632
1222,0.6819566020023701,0.8676134495595632
1223,0.8228140683200379,0.8676134495595632
1224,0.7244307595701944,0.8676134495595632
1225,0.8331017754139182,0.8676134495595632
1226,0.921205633202119,0.8676134495595632
1227,0.8851291363176368,0.8676134495595632
1228,1.1221990624648213,0.8676134495595632
1229,0.9904018875309173,0.8676134495595632
1230,1.1350898981735502,0.8676134495595632
1231,1.1260727274163207,0.8676134495595632
1232,0.9078469079175264,0.8676134495595632
1233,0.9759316365152966,0.8676134495595632
1234,1.1004758338197418,0.8676134495595632
1235,0.9532497784155936,0.8676134495595632
1236,0.9059440913597231,0.8676134495595632
1237,0.9795982564885943,0.8676134495595632
1238,0.7952200127648419,0.8676134495595632
1239,0.8570826062127793,0.8676134495595632
1240,0.8055332516698656,0.8676134495595632
1241,0.7069171121676859,0.8676134495595632
1242,0.4356602079504337,0.8676134495595632
1243,0.4919867982598255,0.8676134495595632
1244,0.6368215554168735,0.8676134495595632
1245,0.6409983172961339,0.8676134495595632
1246,0.5668703951019535,0.8676134495595632
1247,0.6190937379034975,0.8676134495595632
1248,0.7513538175091107,0.8676134495595632
1249,0.8110267573948977,0.8676134495595632
1250,0.7732032908182745,0.8676134495595632
1251,1.0310385893772398,0.8676134495595632
1252,1.1604564008044946,0.8676134495595632
1253,1.1311307373481412,0.8676134495595632
1254,1.237311115235733,0.8676134495595632
1255,1.1658069704276306,0.8676134495595632
1256,1.0685095537957816,0.8676134495595632
1257,1.1477487267137865,0.8676134495595632
1258,1.1516566153639107,0.8676134495595632
1259,0.9841203453989632,0.8676134495595632
1260,0.8513747499147508,0.8676134495595632
1261,1.0828200373972001,0.8676134495595632
1262,0.9012255981269482,0.8676134495595632
1263,0.7457141761374798,0.8676134495595632
1264,0.839403278197423,0.8676134495595632
1265,0.8636982641566229,0.8676134495595632
1266,0.5900366748992253,0.8676134495595632
1267,0.49465709875194674,0.8676134495595632
1268,0.5583833949005799,0.8676134495595632
1269,0.5827636833510128,0.8676134495595632
1270,0.5740128332474744,0.8676134495595632
1271,0.7788397812218523,0.8676134495595632
1272,0.6941011649125375,0.8676134495595632
1273,0.7064859196347293,0.8676134495595632
1274,0.891856266102631,0.8676134495595632
1275,0.9461648790427418,0.8676134495595632
1276,0.7960359449775579,0.8676134495595632
1277,1.0068422077929022,0.8676134495595632
1278,0.9689024031057553,0.8676134495595632
1279,1.201431844789173,0.8676134495595632
1280,1.0818866325978707,0.8676134495595632
1281,1.08483752670803,0.8676134495595632
1282,0.9822448440649499,0.8676134495595632
1283,1.184831058933221,0.8676134495595632
1284,0.8818894825877418,0.8676134495595632
1285,1.0203165775703025,0.8676134495595632
1286,0.9183100972967264,0.8676134495595632
1287,1.1048262986649278,0.8676134495595632
1288,1.005516234853735,0.8676134495595632
1289,0.6420184789184381,0.8676134495595632
1290,0.8852932802151421,0.8676134495595632
1291,0.807406892601484,0.8676134495595632
1292,0.7413435108519256,0.8676134495595632
1293,0.6559467038133008,0.8676134495595632
1294,0.8462899170495655,0.8676134495595632
1295,0.5241451371064503,0.8676134495595632
1296,0.7797586076979737,0.8676134495595632
1297,0.8029685751850134,0.8676134495595632
1298,0.7206458856025428,0.8676134495595632
1299,0.8299577404256016,0.8676134495595632
1300,0.7108049383750324,0.8676134495595632
1301,1.1128552267296967,0.8676134495595632
1302,1.0778041449000475,0.8676134495595632
1303,1.1287548926487598,0.8676134495595632
1304,0.947451366819793,0.8676134495595632
1305,1.2747425733628683,0.8676134495595632
1306,1.2992026530156406,0.8676134495595632
1307,1.2453640398217294,0.8676134495595632
1308,1.1803483009802793,0.8676134495595632
1309,1.0262346433864,0.8676134495595632
1310,0.9432025414687404,0.8676134495595632
1311,0.9219905650171385,0.8676134495595632
1312,0.8817196888858562,0.8676134495595632
1313,-0.9053296133781863,-0.7350354755535723
1314,-0.7643277114096632,-0.7350354755535723
1315,-0.9132180958785014,-0.7350354755535723
1316,-0.7477535948960463,-0.7350354755535723
1317,-0.9134955579469907,-0.7350354755535723
1318,-1.0025712654878942,-0.7350354755535723
1319,-1.0535612169569368,-0.7350354755535723
1320,-0.9013889983569726,-0.7350354755535723
1321,-0.333537479239275,-0.1549376657085047
1322,-0.21345021295571354,-0.1549376657085047
1323,-0.3094336753600208,-0.1549376657085047
1324,-0.18423455566551533,-0.1549376657085047
1325,-0.12684312151990448,-0.1549376657085047
1326,-0.10851185314939374,-0.1549376657085047
1327,-0.016764960694715003,-0.1549376657085047
1328,0.155583573747703,-0.1549376657085047
1329,0.16921809221594114,-0.1549376657085047
1330,0.01722593972717673,-0.1549376657085047
1331,-0.03476562674849806,-0.1549376657085047
1332,0.11923499901972784,-0.1549376657085047
1333,0.3043194012520934,-0.1549376657085047
1334,0.09561864233541573,-0.1549376657085047
1335,0.17344327807719237,-0.1549376657085047
1336,0.005201584246092961,-0.1549376657085047
1337,-0.016434145748496793,-0.1549376657085047
1338,-0.15595478369976185,-0.1549376657085047
1339,-0.23935580548791324,-0.1549376657085047
1340,-0.2798363867368852,-0.1549376657085047
1341,-0.5092960746955919,-0.1549376657085047
1342,-0.41808678949832434,-0.1549376657085047
1343,-0.47227039069845045,-0.1549376657085047
1344,-0.46729964082178344,-0.1549376657085047
1345,-0.23667272717062476,-0.1549376657085047
1346,-0.3272316724911559,-0.1549376657085047
1347,-0.47056330220713183,-0.1549376657085047
1348,-0.19245809969497307,-0.1549376657085047
1349,-0.06582908996216857,-0.1549376657085047
1350,-0.20998840963348456,-0.1549376657085047
1351,-0.04189835435551387,-0.1549376657085047
1352,0.06794769065798253,-0.1549376657085047
1353,0.1358190085675633,-0.1549376657085047
1354,0.03763484888182014,-0.1549376657085047
1355,0.1580224380799141,-0.1549376657085047
1356,0.16767152579723982,-0.1549376657085047
1357,0.2820270067879182,-0.1549376657085047
1358,0.06035955982763813,-0.1549376657085047
1359,0.01296478462714501,-0.1549376657085047
1360,0.11144620589673782,-0.1549376657085047
1361,-0.029504705234328937,-0.1549376657085047
1362,-0.09579941606916044,-0.1549376657085047
1363,-0.27304595303996226,-0.1549376657085047
1364,-0.24791511121390225,-0.1549376657085047
1365,-0.2534291053951033,-0.1549376657085047
1366,-0.3502702438212195,-0.1549376657085047
1367,-0.230922832852599,-0.1549376657085047
1368,-0.34239341542962487,-0.1549376657085047
1369,-0.4383426714662059,-0.1549376657085047
1370,-0.3931003147978032,-0.1549376657085047
1371,-0.4919718369920182,-0.1549376657085047
1372,-0.23548017265467192,-0.1549376657085047
1373,-0.4226347295725117,-0.1549376657085047
1374,-0.2665918335683386,-0.1549376657085047
1375,-0.08127429728686887,-0.1549376657085047
1376,-0.15140337615301241,-0.1549376657085047
1377,-1.1497599828980996,-1.3147570538031295
1378,-1.2126446266056181,-1.3147570538031295
1379,-0.9754485063611646,-1.3147570538031295
1380,-0.9512510910331115,-1.3147570538031295
1381,-1.2344341395040965,-1.3147570538031295
1382,-0.9205861994119715,-1.3147570538031295
1383,-1.2252022630452049,-1.3147570538031295
1384,-1.1951401657748753,-1.3147570538031295
1385,-1.0153503865551325,-1.3147570538031295
1386,-1.1421118060992803,-1.3147570538031295
1387,-1.2938960363095195,-1.3147570538031295
1388,-1.260572107941359,-1.3147570538031295
1389,-1.4799580929432343,-1.3147570538031295
1390,-1.4838958712139834,-1.3147570538031295
1391,-1.5093347145475817,-1.3147570538031295
1392,-1.5813376125825924,-1.3147570538031295
1393,-1.6533002969701616,-1.3147570538031295
1394,-1.6433710850819372,-1.3147570538031295
1395,-1.4857380475420774,-1.3147570538031295
1396,-1.5579789390246737,-1.3147570538031295
1397,-1.607640271312237,-1.3147570538031295
1398,-1.3981998654452261,-1.3147570538031295
1399,-1.2599676117816112,-1.3147570538031295
1400,-1.4815958142314776,-1.3147570538031295
1401,-1.3611032424713576,-1.3147570538031295
1402,-1.2138908151439458,-1.3147570538031295
1403,-1.1472037707845117,-1.3147570538031295
1404,-1.074470955198568,-1.3147570538031295
1405,-0.9806849028376664,-1.3147570538031295
1406,-1.2120129002694304,-1.3147570538031295
1407,-1.2575017736739686,-1.3147570538031295
1408,-1.1623544494826326,-1.3147570538031295
1409,-1.0195986832953912,-1.3147570538031295
1410,-1.013987322660692,-1.3147570538031295
1411,-1.247718640273728,-1.3147570538031295
1412,-1.2797079234134872,-1.3147570538031295
1413,-1.4747151408013193,-1.3147570538031295
1414,-1.168172551385066,-1.3147570538031295
1415,-1.286922833037838,-1.3147570538031295
1416,-1.4337630843585434,-1.3147570538031295
1417,-1.6122990726470294,-1.3147570538031295
1418,-1.4554580230765168,-1.3147570538031295
1419,-1.6180371018320394,-1.3147570538031295
1420,-1.4252856424681577,-1.3147570538031295
1421,-1.510017536636926,-1.3147570538031295
1422,-1.6166754507478758,-1.3147570538031295
1423,-1.493976425298112,-1.3147570538031295
1424,-1.4179556051026472,-1.3147570538031295
1425,-1.2612076101510674,-1.3147570538031295
1426,-1.3175597160460824,-1.3147570538031295
1427,-1.2946079043850258,-1.3147570538031295
1428,-1.020687854245643,-1.3147570538031295
1429,-1.0856786668245895,-1.3147570538031295
1430,-1.0167255549737524,-1.3147570538031295
1431,-1.0878696321978316,-1.3147570538031295
1432,-0.8999918732010672,-1.3147570538031295
1433,-1.0919187376822774,-1.3147570538031295
1434,-1.2677093286535528,-1.3147570538031295
1435,-1.3085162396297716,-1.3147570538031295
1436,-1.1547404452009775,-1.3147570538031295
1437,-1.2276107116508401,-1.3147570538031295
1438,-1.128481037520686,-1.3147570538031295
1439,-1.355807649434616,-1.3147570538031295
1440,-1.4501276650176447,-1.3147570538031295
1441,-1.4464628893484972,-1.3147570538031295
1442,-1.5889676153193255,-1.3147570538031295
1443,-1.4375834420554856,-1.3147570538031295
1444,-1.3888601409059609,-1.3147570538031295
1445,-1.6721831725513474,-1.3147570538031295
1446,-1.4229041804101912,-1.3147570538031295
1447,-1.4456962717236244,-1.3147570538031295
1448,-1.4045689073875487,-1.3147570538031295
1449,-1.328118361319331,-1.3147570538031295
1450,-1.4816481747507444,-1.3147570538031295
1451,-1.1355855190069617,-1.3147570538031295
1452,-1.1848071418837438,-1.3147570538031295
1453,-1.2088640410368228,-1.3147570538031295
1454,-1.273352047195916,-1.3147570538031295
1455,-1.0947878241483333,-1.3147570538031295
1456,-1.0071836937119762,-1.3147570538031295
1457,-1.236460088619827,-1.3147570538031295
1458,-1.0453781171508778,-1.3147570538031295
1459,-1.257052928580492,-1.3147570538031295
1460,-1.2478777609964027,-1.3147570538031295
1461,-1.0850949788218494,-1.3147570538031295
1462,-1.391344883187347,-1.3147570538031295
1463,-1.4408543617120328,-1.3147570538031295
1464,-1.2853882679814248,-1.3147570538031295
1465,-1.605387670809139,-1.3147570538031295
1466,-0.9571311906821862,-0.8089380668857963
1467,-1.1874856852907165,-0.8089380668857963
1468,-1.1624647376599007,-0.8089380668857963
1469,-1.162881668445474,-0.8089380668857963
1470,-1.1293703299300086,-0.8089380668857963
1471,-1.0528464671289304,-0.8089380668857963
1472,-1.017704295418306,-0.8089380668857963
1473,-0.8892361147324048,-0.8089380668857963
1474,-0.7587337042054303,-0.8089380668857963
1475,-0.8639421701209826,-0.8089380668857963
1476,-0.7135273624579654,-0.8089380668857963
1477,-0.5767298126891749,-0.8089380668857963
1478,-0.6468429845526993,-0.8089380668857963
1479,-0.5449768158091417,-0.8089380668857963
1480,-0.39780495251439696,-0.8089380668857963
1481,-0.6479481102881492,-0.8089380668857963
1482,-0.6518165144373667,-0.8089380668857963
1483,-0.5826701826959825,-0.8089380668857963
1484,-0.656330096128545,-0.8089380668857963
1485,-0.7143925061465743,-0.8089380668857963
1486,-0.6204972291869755,-0.8089380668857963
1487,-0.5175281030967166,-0.8089380668857963
1488,-0.8430263101172567,-0.8089380668857963
1489,-1.0028036378158738,-0.8089380668857963
1490,-0.8663970237339758,-0.8089380668857963
1491,-1.0859728010790157,-0.8089380668857963
1492,-1.1965726538177295,-0.8089380668857963
1493,-1.0157242817503647,-0.8089380668857963
1494,-1.1354135729057382,-0.8089380668857963
1495,-1.1597615485771502,-0.8089380668857963
1496,-1.0723201993825202,-0.8089380668857963
1497,-1.1296591138082972,-0.8089380668857963
1498,-0.9687137282270235,-0.8089380668857963
1499,-0.9257832988170824,-0.8089380668857963
1500,-0.7930134475057516,-0.8089380668857963
1501,-0.5331772083270568,-0.8089380668857963
1502,-0.5400499980030007,-0.8089380668857963
1503,-0.6650628416047071,-0.8089380668857963
1504,-0.49746165326056874,-0.8089380668857963
1505,-0.5607398533375423,-0.8089380668857963
1506,-0.513301180149215,-0.8089380668857963
1507,-0.40968619982247156,-0.8089380668857963
1508,-0.5102509393837751,-0.8089380668857963
1509,-0.6627160067872633,-0.8089380668857963
1510,-0.6448283301982407,-0.8089380668857963
1511,-0.6387295756773392,-0.8089380668857963
1512,-0.8382725802950598,-0.8089380668857963
1513,-0.8637541874685034,-0.8089380668857963
1514,-0.9598573008407155,-0.8089380668857963
1515,-1.0154455657548644,-0.8089380668857963
1516,-1.00442697840699,-0.8089380668857963
1517,-0.9848266208409084,-0.8089380668857963
1518,-1.0423936950513355,-0.8089380668857963
1519,-1.0595682806335043,-0.8089380668857963
1520,-1.007224718995411,-0.8089380668857963
1521,-0.9755325459154002,-0.8089380668857963
1522,-0.8847193117014589,-0.8089380668857963
1523,-1.0417544894418418,-0.8089380668857963
1524,-0.8577030448854395,-0.8089380668857963
1525,-0.7302055645013334,-0.8089380668857963
1526,-0.8553284926154394,-0.8089380668857963
1527,-0.8067506959903951,-0.8089380668857963
1528,-0.6542693542425785,-0.8089380668857963
1529,-0.5698924616438983,-0.8089380668857963
1530,-0.41478933550954,-0.8089380668857963
1531,-0.4683156283059129,-0.8089380668857963
1532,-0.4689264906501857,-0.8089380668857963
1533,-0.6527396123448641,-0.8089380668857963
1534,-0.7705038763695126,-0.8089380668857963
1535,-0.5935754384745436,-0.8089380668857963
1536,-0.6942561610709782,-0.8089380668857963
1537,-0.7700410669869965,-0.8089380668857963
1538,-0.784778887275145,-0.8089380668857963
1539,-1.0256309681902016,-0.8089380668857963
1540,-1.003925781887252,-0.8089380668857963
1541,-1.0950561248362034,-0.8089380668857963
1542,-1.0224774112070834,-0.8089380668857963
1543,-1.0522193633440122,-0.8089380668857963
1544,-1.0710441996532203,-0.8089380668857963
1545,-1.1090389157820328,-0.8089380668857963
1546,-0.9196585646455353,-0.8089380668857963
1547,-1.056668361169951,-0.8089380668857963
1548,-0.742645951671218,-0.8089380668857963
1549,-0.8865785060215018,-0.8089380668857963
1550,-0.7302477935890724,-0.8089380668857963
1551,-0.7073257530327988,-0.8089380668857963
1552,-0.8414221568018254,-0.8089380668857963
1553,-0.6776947382058088,-0.8089380668857963
1554,-0.6157315809784969,-0.8089380668857963
1555,-0.409540619373167,-0.8089380668857963
1556,-0.5600065760877033,-0.8089380668857963
1557,-0.6072914901661486,-0.8089380668857963
1558,0.9221995144404457,0.6022302679605133
1559,0.6705355010741925,0.6022302679605133
1560,0.7351438842327384,0.6022302679605133
1561,0.7705983156486349,0.6022302679605133
1562,0.8605939510668982,0.6022302679605133
1563,0.5760107023808112,0.6022302679605133
1564,0.5150521160046131,0.6022302679605133
1565,0.48061482060664584,0.6022302679605133
1566,0.42351089948673815,0.6022302679605133
1567,0.4409413673873236,0.6022302679605133
1568,0.22066108620570737,0.6022302679605133
1569,0.4721963844921151,0.6022302679605133
1570,0.31487257543452685,0.6022302679605133
1571,0.30397664341738284,0.6022302679605133
1572,0.540680698899923,0.6022302679605133
1573,0.48372043989273705,0.6022302679605133
1574,0.5207085950289081,0.6022302679605133
1575,0.5603914636162696,0.6022302679605133
1576,0.6092409531771831,0.6022302679605133
1577,0.8021378453965307,0.6022302679605133
1578,0.7507497396316347,0.6022302679605133
1579,0.656689155751732,0.6022302679605133
1580,0.8029645929580189,0.6022302679605133
1581,0.9556266660563119,0.6022302679605133
1582,0.750529584570671,0.6022302679605133
1583,0.8551819689538424,0.6022302679605133
1584,0.8767109351797331,0.6022302679605133
1585,0.6997598532846386,0.6022302679605133
1586,0.589357367791027,0.6022302679605133
1587,0.5474040195715492,0.6022302679605133
1588,0.5903743882159336,0.6022302679605133
1589,0.4998559735113767,0.6022302679605133
1590,0.40912360587492896,0.6022302679605133
1591,0.37024414849523235,0.6022302679605133
1592,0.3919180210994282,0.6022302679605133
1593,0.4013180498380593,0.6022302679605133
1594,0.2321893785363048,0.6022302679605133
1595,0.42615813576130923,0.6022302679605133
1596,0.15702164263486088,0.6022302679605133
1597,0.3044245729652183,0.6022302679605133
1598,0.48746098843990326,0.6022302679605133
1599,0.6218656371224593,0.6022302679605133
1600,0.7127588999771689,0.6022302679605133
1601,0.696920782299462,0.6022302679605133
1602,0.748192348118077,0.6022302679605133
1603,0.7443775126108181,0.6022302679605133
1604,0.8693650244116843,0.6022302679605133
1605,0.893423164159928,0.6022302679605133
1606,0.9042862942264784,0.6022302679605133
1607,0.7654434188556525,0.6022302679605133
1608,0.6629603721062504,0.6022302679605133
1609,0.8278275571751701,0.6022302679605133
1610,0.7916169145714378,0.6022302679605133
1611,0.6471793053038397,0.6022302679605133
1612,0.6969838957445006,0.6022302679605133
1613,0.5203817425017796,0.6022302679605133
1614,0.5143841203422382,0.6022302679605133
1615,0.4444322810145327,0.6022302679605133
1616,0.4954487239241084,0.6022302679605133
1617,0.22636846315240294,0.6022302679605133
1618,0.45632051292848286,0.6022302679605133
1619,0.1395363675637851,0.6022302679605133
1620,0.2653382063868496,0.6022302679605133
1621,0.5539892811884191,0.6022302679605133
1622,0.4250900882772194,0.6022302679605133
1623,0.3876861563926426,0.6022302679605133
1624,0.6351720306556584,0.6022302679605133
1625,0.624229819544576,0.6022302679605133
1626,0.7830057904478124,0.6022302679605133
1627,0.8163905927545718,0.6022302679605133
1628,0.9792585207372272,0.6022302679605133
1629,0.9413488203729896,0.6022302679605133
1630,0.8156273669483141,0.6022302679605133
1631,0.9578410253717646,0.6022302679605133
1632,0.8127015804929736,0.6022302679605133
1633,0.7588330024281821,0.6022302679605133
1634,0.7570041010286677,0.6022302679605133
1635,0.6854340844495397,0.6022302679605133
1636,0.6176563407005312,0.6022302679605133
1637,0.614076714687335,0.6022302679605133
1638,0.530791244848358,0.6022302679605133
1639,0.4638970489718201,0.6022302679605133
1640,0.5611868485377605,0.6022302679605133
1641,0.45853408718773625,0.6022302679605133
1642,0.346951868960345,0.6022302679605133
1643,0.3390031438701695,0.6022302679605133
1644,0.2790737439665642,0.6022302679605133
1645,0.243636788047079,0.6022302679605133
1646,0.36248165095661755,0.6022302679605133
1647,0.306295890975264,0.6022302679605133
1648,0.6250433963461653,0.6022302679605133
1649,0.4795105893432565,0.6022302679605133
1650,0.5440732905074948,0.6022302679605133
1651,0.796832885637313,0.6022302679605133
1652,0.788915362414609,0.6022302679605133
1653,0.8437566206381624,0.6022302679605133
1654,0.8955739868154997,0.6022302679605133
1655,0.8272148354061564,0.6022302679605133
1656,0.9098115728053073,0.6022302679605133
1657,0.9864394017151314,0.6022302679605133
1658,0.6942374559666784,0.6022302679605133
1659,0.9939692338914378,0.6022302679605133
1660,0.7977286801231616,0.6022302679605133
1661,0.6848979677710406,0.6022302679605133
1662,0.5336461041907498,0.6022302679605133
1663,0.6092605116112637,0.6022302679605133
1664,0.3922978603907482,0.6022302679605133
1665,0.24039967218674488,0.6022302679605133
1666,0.5411374578387046,0.6022302679605133
1667,0.3966066471280555,0.6022302679605133
1668,0.19939468623260959,0.6022302679605133
1669,0.47208326179330484,0.6022302679605133
1670,0.3985478546996596,0.6022302679605133
1671,0.4747195021286713,0.6022302679605133
1672,0.6416581710116914,0.6022302679605133
1673,0.437800149314403,0.6022302679605133
1674,0.3571226337566153,0.6022302679605133
1675,0.6071146298574852,0.6022302679605133
1676,0.5501437076800793,0.6022302679605133
1677,0.6757814475446023,0.6022302679605133
1678,0.8932865014421818,0.6022302679605133
1679,0.7379342747201534,0.6022302679605133
1680,0.9035562531508953,0.6022302679605133
1681,0.880647190845361,0.6022302679605133
1682,0.9226726159892527,0.6022302679605133
1683,0.7666268349017595,0.6022302679605133
1684,0.8876928005206082,0.6022302679605133
1685,0.7248483516761086,0.6022302679605133
1686,0.6993602113133333,0.6022302679605133
1687,0.6580311037074698,0.6022302679605133
1688,0.494245138407821,0.6022302679605133
1689,0.39767494177733487,0.6022302679605133
1690,0.2958837180776991,0.6022302679605133
1691,0.24882185264581624,0.6022302679605133
1692,0.4946476520418238,0.6022302679605133
1693,0.3277522373755954,0.6022302679605133
1694,0.365549885930023,0.6022302679605133
1695,0.27111050806129966,0.6022302679605133
1696,0.3085089845358615,0.6022302679605133
1697,0.3105758112182957,0.6022302679605133
1698,0.5748100120170139,0.6022302679605133
1699,0.5183021986841524,0.6022302679605133
1700,0.561531247860204,0.6022302679605133
1701,0.7716371700579736,0.6022302679605133
1702,0.7600820785869599,0.6022302679605133
1703,0.7481478577302332,0.6022302679605133
1704,0.9201162847478037,0.6022302679605133
1705,0.9177964308991582,0.6022302679605133
1706,0.8459378082937092,0.6022302679605133
1707,1.059938550255331,0.6022302679605133
1708,0.830589173865977,0.6022302679605133
1709,0.8619805408278075,0.6022302679605133
1710,0.7705044408830047,0.6022302679605133
1711,0.5530964642182117,0.6022302679605133
1712,0.6615511947220165,0.6022302679605133
1713,0.6053605747128461,0.6022302679605133
1714,0.6311498612181727,0.6022302679605133
1715,0.26785520973616406,0.6022302679605133
1716,0.47425103322519013,0.6022302679605133
1717,0.3450157806657034,0.6022302679605133
1718,0.46316378193148516,0.6022302679605133
1719,0.3226731155483399,0.6022302679605133
1720,0.4625134369532683,0.6022302679605133
1721,0.35151635816525695,0.6022302679605133
1722,0.308112045975625,0.6022302679605133
1723,0.457466839918509,0.6022302679605133
1724,0.6338967985458239,0.6022302679605133
1725,0.47208338886526313,0.6022302679605133
1726,0.6686066936815778,0.6022302679605133
1727,0.615739976675051,0.6022302679605133
1728,0.878263439080468,0.6022302679605133
1729,0.7119759590401038,0.6022302679605133
1730,0.7767017320115254,0.6022302679605133
1731,0.7474026057243011,0.6022302679605133
1732,0.9002673331567749,0.6022302679605133
1733,0.8247239839968168,0.6022302679605133
1734,0.8139338107951091,0.6022302679605133
1735,0.7980511375627718,0.6022302679605133
1736,0.6370602112744385,0.6022302679605133
1737,0.7366166280757537,0.6022302679605133
1738,0.37788363478519055,0.6022302679605133
1739,0.5603268000160186,0.6022302679605133
1740,0.5353873496749542,0.6022302679605133
1741,0.3858195635208676,0.6022302679605133
1742,0.3620867753852375,0.6022302679605133
1743,0.3260205537843246,0.6022302679605133
1744,0.3743553087407378,0.6022302679605133
1745,0.3729027869878081,0.6022302679605133
1746,0.3324420176994273,0.6022302679605133
1747,0.4854352249079884,0.6022302679605133
1748,0.408057947154177,0.6022302679605133
1749,0.3804480510734554,0.6022302679605133
1750,0.732297820805223,0.6022302679605133
1751,0.6749559874943297,0.6022302679605133
1752,0.5783289610069646,0.6022302679605133
1753,0.5894799752528375,0.6022302679605133
1754,0.7838062433885288,0.6022302679605133
1755,0.8441252653611734,0.6022302679605133
1756,1.0664808549651843,0.6022302679605133
1757,0.610590200275984,0.6022302679605133
1758,0.7805880677886675,0.6022302679605133
1759,0.7689704386000755,0.6022302679605133
1760,0.6972901695831341,0.6022302679605133
1761,0.7855585561836725,0.6022302679605133
1762,0.48390207344626984,0.6022302679605133
1763,0.5920693478749709,0.6022302679605133
1764,0.46669454944096433,0.6022302679605133
1765,0.5700156047752223,0.6022302679605133
1766,0.5714446955829016,0.6022302679605133
1767,0.32177377765173276,0.6022302679605133
1768,0.2131043736884135,0.6022302679605133
1769,0.3659771214428659,0.6022302679605133
1770,0.5977726343231529,0.6022302679605133
1771,0.3829240276152326,0.6022302679605133
1772,0.3852354809075883,0.6022302679605133
1773,0.4884935734229291,0.6022302679605133
1774,0.7590530333794484,0.6022302679605133
1775,0.6761875709380802,0.6022302679605133
1776,0.7257196676123334,0.6022302679605133
1777,0.647020557620954,0.6022302679605133
1778,0.7144609546482841,0.6022302679605133
1779,0.8705597375691279,0.6022302679605133
1780,0.7086061092168616,0.6022302679605133
1781,0.939016375225086,0.6022302679605133
1782,0.7755234004512099,0.6022302679605133
1783,0.8735550225475729,0.6022302679605133
1784,-0.02328189859321167,-0.10835968769374776
1785,0.07901954565764874,-0.10835968769374776
1786,-0.11451181025768574,-0.10835968769374776
1787,-0.031019526031578388,-0.10835968769374776
1788,-0.17211367861899718,-0.10835968769374776
1789,-0.17625748181082773,-0.10835968769374776
1790,-0.21948143046516194,-0.10835968769374776
1791,-0.4245579171553985,-0.10835968769374776
1792,-0.339139910459064,-0.10835968769374776
1793,-0.3680205403829087,-0.10835968769374776
1794,-0.3797983586890876,-0.10835968769374776
1795,-0.3279038968761767,-0.10835968769374776
1796,-0.25941493688043576,-0.10835968769374776
1797,-0.39556667890528996,-0.10835968769374776
1798,-0.04706798194039137,-0.10835968769374776
1799,-0.16867528792410352,-0.10835968769374776
1800,0.008386986903090638,-0.10835968769374776
1801,0.13579455756373562,-0.10835968769374776
1802,0.012650732030665718,-0.10835968769374776
1803,0.11023345154617145,-0.10835968769374776
1804,0.1809789091573425,-0.10835968769374776
1805,0.033252470700943004,-0.10835968769374776
1806,0.1677274632431094,-0.10835968769374776
1807,0.23605333901032588,-0.10835968769374776
1808,0.18408653776699047,-0.10835968769374776
1809,0.15350612023881793,-0.10835968769374776
1810,0.06875452772566061,-0.10835968769374776
1811,-0.23842909098786577,-0.10835968769374776
1812,-0.8204184779061403,-0.7310957263006211
1813,-0.9010648118828415,-0.7310957263006211
1814,-0.9242083420740255,-0.7310957263006211
1815,-0.8360340053106682,-0.7310957263006211
1816,-0.9819809119406828,-0.7310957263006211
1817,-0.8152985301354034,-0.7310957263006211
1818,-0.9635610496076066,-0.7310957263006211
1819,-0.9468790527177631,-0.7310957263006211
1820,-1.0734329496615183,-0.7310957263006211
1821,-1.0618853381326772,-0.7310957263006211
1822,-0.6769796820905689,-0.7310957263006211
1823,-0.8277072522122471,-0.7310957263006211
1824,-0.8968845958117158,-0.7310957263006211
1825,-0.7882910287681719,-0.7310957263006211
1826,-0.6586096461261756,-0.7310957263006211
1827,-0.7028557082760607,-0.7310957263006211
1828,-0.6423046429112589,-0.7310957263006211
1829,-0.38078617074758403,-0.7310957263006211
1830,-0.40827070007098604,-0.7310957263006211
1831,-0.65366316253524,-0.7310957263006211
1832,-0.3738334614430767,-0.7310957263006211
1833,-0.5215043211164909,-0.7310957263006211
1834,-0.5475417293629031,-0.7310957263006211
1835,-0.4775839022036696,-0.7310957263006211
1836,-0.532004975195277,-0.7310957263006211
1837,-0.6285326028365459,-0.7310957263006211
1838,-0.7599584211543547,-0.7310957263006211
1839,-0.6250554242966551,-0.7310957263006211
1840,-1.00405367382403,-0.7310957263006211
1841,-1.0017840143421852,-0.7310957263006211
1842,-0.9196842986499353,-0.7310957263006211
1843,-1.0854558238574223,-0.7310957263006211
1844,-1.0605854245722266,-0.7310957263006211
1845,-0.9530405936631254,-0.7310957263006211
1846,-0.8103455600305843,-0.7310957263006211
1847,-0.8279150614678108,-0.7310957263006211
1848,-0.7465499712124365,-0.7310957263006211
1849,-0.8406219145772512,-0.7310957263006211
1850,-0.6928978758607361,-0.7310957263006211
1851,-0.6733127451459885,-0.7310957263006211
1852,-0.5853611023800969,-0.7310957263006211
1853,-0.5565895143778855,-0.7310957263006211
1854,-0.5975515191883358,-0.7310957263006211
1855,-0.6817917573118297,-0.7310957263006211
1856,-0.458199382628319,-0.7310957263006211
1857,-0.4875808684358538,-0.7310957263006211
1858,-0.4369934677018642,-0.7310957263006211
1859,-0.5074294692290702,-0.7310957263006211
1860,-0.5881821327683845,-0.7310957263006211
1861,-0.6594134845984505,-0.7310957263006211
1862,-0.657954832339476,-0.7310957263006211
1863,-1.0040913482103382,-0.7310957263006211
1864,-0.8574140406968414,-0.7310957263006211
1865,-0.954860528178082,-0.7310957263006211
1866,-0.8636096099115046,-0.7310957263006211
1867,-0.778614624387954,-0.7310957263006211
1868,-0.9237971818373598,-0.7310957263006211
1869,-1.096248838620292,-0.7310957263006211
1870,-0.9230284168889202,-0.7310957263006211
1871,-0.8771038825897532,-0.7310957263006211
1872,-0.9409912503156819,-0.7310957263006211
1873,-0.8966019611056982,-0.7310957263006211
1874,-0.5609416162888308,-0.7310957263006211
1875,-0.6544900093178155,-0.7310957263006211
1876,-0.7804099832110925,-0.7310957263006211
1877,-0.8219993891007488,-0.7310957263006211
1878,-0.5416768675261381,-0.7310957263006211
1879,-0.5480254688589307,-0.7310957263006211
1880,-0.5065636773985314,-0.7310957263006211
1881,-0.5355554499532134,-0.7310957263006211
1882,-0.6037271351694926,-0.7310957263006211
1883,-0.5938035124609415,-0.7310957263006211
1884,-0.651146846386495,-0.7310957263006211
1885,-0.5888192424896423,-0.7310957263006211
1886,-0.836039592652235,-0.7310957263006211
1887,-0.7901964255697963,-0.7310957263006211
1888,-0.6696200813982865,-0.7310957263006211
1889,-0.739193308072245,-0.7310957263006211
1890,-0.8928596877195187,-0.7310957263006211
1891,-0.9644975554279083,-0.7310957263006211
1892,-0.9331884509486915,-0.7310957263006211
1893,-1.102404602768976,-0.7310957263006211
1894,-1.0440405451086292,-0.7310957263006211
1895,-1.0225945707315989,-0.7310957263006211
1896,-1.058847361232092,-0.7310957263006211
1897,-0.7319598608944853,-0.7310957263006211
1898,-0.9653854774884911,-0.7310957263006211
1899,-0.8543250194266712,-0.7310957263006211
1900,-0.6697281319550051,-0.7310957263006211
1901,-0.5903533355087649,-0.7310957263006211
1902,-0.5938584609523127,-0.7310957263006211
1903,-0.6611811164802631,-0.7310957263006211
1904,-0.4961439400508427,-0.7310957263006211
1905,-0.4701769848340225,-0.7310957263006211
1906,-0.4604015964678625,-0.7310957263006211
1907,-0.626898907672889,-0.7310957263006211
1908,-0.4226176078132462,-0.7310957263006211
1909,-0.5683285010873053,-0.7310957263006211
1910,-0.5739080183149758,-0.7310957263006211
1911,-0.6259234350828968,-0.7310957263006211
1912,-0.8452578790381323,-0.7310957263006211
1913,-0.6780010084564979,-0.7310957263006211
1914,-0.7412310962391176,-0.7310957263006211
1915,-0.9950046247045361,-0.7310957263006211
1916,-0.8535786791588031,-0.7310957263006211
1917,-0.9642806080074994,-0.7310957263006211
1918,-0.9121465004825213,-0.7310957263006211
1919,-0.8591760198905004,-0.7310957263006211
1920,-0.9686634325331971,-0.7310957263006211
1921,-1.0375409449664421,-0.7310957263006211
1922,-0.8724838200207315,-0.7310957263006211
1923,-0.8609519754523942,-0.7310957263006211
1924,-0.7703333411496586,-0.7310957263006211
1925,-0.5230211476841083,-0.7310957263006211
1926,-0.9142768805510675,-0.7310957263006211
1927,-0.6979328177101736,-0.7310957263006211
1928,-0.5291619145824935,-0.7310957263006211
1929,-0.40303780382899546,-0.7310957263006211
1930,-0.5681171269702928,-0.7310957263006211
1931,-0.46954485258627,-0.7310957263006211
1932,-0.31998724031102,-0.7310957263006211
1933,-0.374735298570817,-0.7310957263006211
1934,-0.5670763281701139,-0.7310957263006211
1935,-0.49422853375377035,-0.7310957263006211
1936,-0.6297444382536413,-0.7310957263006211
1937,-0.7124632294494715,-0.7310957263006211
1938,-0.7296662045813395,-0.7310957263006211
1939,-0.896898604375168,-0.7310957263006211
1940,-0.8407861414028236,-0.7310957263006211
1941,-0.987136403388625,-0.7310957263006211
1942,-1.0583615154375878,-0.7310957263006211
1943,-1.1058727030997975,-0.7310957263006211
1944,-1.0798515790810013,-0.7310957263006211
1945,-0.865493160306007,-0.7310957263006211
1946,-0.9532914582992005,-0.7310957263006211
1947,-0.9077300966718838,-0.7310957263006211
1948,-0.6414972084468644,-0.7310957263006211
1949,-0.6909130528184207,-0.7310957263006211
1950,-0.6271372747187334,-0.7310957263006211
1951,-0.7919634007064933,-0.7310957263006211
1952,-0.6439111084279113,-0.7310957263006211
1953,-0.4818590761824181,-0.7310957263006211
1954,-0.477654812940278,-0.7310957263006211
1955,-0.5900254516746962,-0.7310957263006211
1956,-0.6270741104643247,-0.7310957263006211
1957,-0.4662141429116484,-0.7310957263006211
1958,-0.31542909569713373,-0.7310957263006211
1959,-0.5392130327045221,-0.7310957263006211
1960,-0.5026520026171524,-0.7310957263006211
1961,-0.596716162664418,-0.7310957263006211
1962,-0.7292434932577728,-0.7310957263006211
1963,-0.7543497900193109,-0.7310957263006211
1964,-0.7840896027550304,-0.7310957263006211
1965,-0.9958240784138749,-0.7310957263006211
1966,-0.9254871274215031,-0.7310957263006211
1967,-0.9837481857342099,-0.7310957263006211
1968,-1.1475729414460236,-0.7310957263006211
1969,-0.7653248787551972,-0.7310957263006211
1970,-0.8205529711656595,-0.7310957263006211
1971,-1.1155448171175562,-0.7310957263006211
1972,-1.1589177567890798,-0.7310957263006211
1973,-0.909573099992804,-0.7310957263006211
1974,-0.7469997734181467,-0.7310957263006211
1975,-0.6981535798640374,-0.7310957263006211
1976,-0.6609330229477887,-0.7310957263006211
1977,-0.7073271277404454,-0.7310957263006211
1978,-0.5159665734505043,-0.7310957263006211
1979,-0.5643891460115522,-0.7310957263006211
1980,-0.4062650896178086,-0.7310957263006211
1981,-0.4514767583699697,-0.7310957263006211
1982,-0.5063182715941219,-0.7310957263006211
1983,-0.20931742760055086,-0.7310957263006211
1984,-0.590554309174583,-0.7310957263006211
1985,-0.6492680908183425,-0.7310957263006211
1986,-0.6492257725543429,-0.7310957263006211
1987,-0.877486969882044,-0.7310957263006211
1988,-0.8638258310163776,-0.7310957263006211
1989,-1.009983553199024,-0.7310957263006211
1990,-0.98096010157875,-0.7310957263006211
1991,-0.9414192173927092,-0.7310957263006211
1992,-1.1414793163676134,-0.7310957263006211
1993,-1.0246567505693858,-0.7310957263006211
1994,-0.9842064495977217,-0.7310957263006211
1995,-1.052737128056799,-0.7310957263006211
1996,-0.9863245130251175,-0.7310957263006211
1997,-0.9969058062979274,-0.7310957263006211
1998,-0.9212065231502383,-0.7310957263006211
1999,-0.7164700515028923,-0.7310957263006211
2000,-0.8069395431847852,-0.7310957263006211
2001,-0.6900859217474095,-0.7310957263006211
2002,-0.42037462402892095,-0.7310957263006211
2003,-0.48367635439896967,-0.7310957263006211
2004,-0.5787720931606678,-0.7310957263006211
2005,-0.5574896117319527,-0.7310957263006211
2006,-0.5730812342763116,-0.7310957263006211
2007,-0.556493318840054,-0.7310957263006211
2008,-0.4594349528903039,-0.7310957263006211
2009,-0.4092972066188896,-0.7310957263006211
2010,-0.5550088806977487,-0.7310957263006211
2011,-0.6619017705147903,-0.7310957263006211
2012,-0.730860992796191,-0.7310957263006211
2013,-0.846093279552926,-0.7310957263006211
2014,-0.8929220910965174,-0.7310957263006211
2015,-0.87795966625107,-0.7310957263006211
2016,-1.027263779148137,-0.7310957263006211
2017,-1.0071644117413547,-0.7310957263006211
2018,-0.9116427740164955,-0.7310957263006211
2019,-1.0962614944895774,-0.7310957263006211
2020,-1.132813638621833,-0.7310957263006211
2021,-0.9739438232954516,-0.7310957263006211
2022,-1.023475613228851,-0.7310957263006211
2023,-0.8300830709400977,-0.7310957263006211
2024,-0.8643283618557146,-0.7310957263006211
2025,-0.8367787824431241,-0.7310957263006211
2026,-0.6060268618981886,-0.7310957263006211
2027,-0.5235967681995694,-0.7310957263006211
2028,-0.6168480167332521,-0.7310957263006211
2029,-0.5332263207901492,-0.7310957263006211
2030,-0.52023369922942,-0.7310957263006211
2031,-0.534420077410577,-0.7310957263006211
2032,-0.43803492834357777,-0.7310957263006211
2033,-0.5499778136480435,-0.7310957263006211
2034,-0.4742561603632314,-0.7310957263006211
2035,-0.509092930463179,-0.7310957263006211
2036,-0.5480885704532293,-0.7310957263006211
2037,-0.8628203529539056,-0.7310957263006211
2038,-0.7202611152224991,-0.7310957263006211
2039,-0.8085295221382701,-0.7310957263006211
2040,-1.1104777364031129,-0.7310957263006211
2041,-1.0426697727480645,-0.7310957263006211
2042,-1.0829298565257677,-0.7310957263006211
2043,-0.8208777052226992,-0.7310957263006211
2044,-0.9633359759928338,-0.7310957263006211
2045,-0.523476808802156,-0.24838218774382975
2046,-0.7259135596523212,-0.24838218774382975
2047,-0.4638210099993716,-0.24838218774382975
2048,-0.20068771243280298,-0.24838218774382975
2049,-0.214289380127556,-0.24838218774382975
2050,-0.12911100107083776,-0.24838218774382975
2051,0.03404977110951575,-0.24838218774382975
2052,-0.13300113635480398,-0.24838218774382975
2053,-0.23013104062776735,-0.24838218774382975
2054,0.006837963103252798,-0.24838218774382975
2055,0.1556305254082603,-0.24838218774382975
2056,-0.021748174961154054,-0.24838218774382975
2057,0.07207348839877312,-0.24838218774382975
2058,0.03867579712173047,-0.24838218774382975
2059,0.05525015173895864,-0.24838218774382975
2060,-0.14862726357635486,-0.24838218774382975
2061,-0.01831396667471316,-0.24838218774382975
2062,-0.1943490336348808,-0.24838218774382975
2063,-0.015426222249959036,-0.24838218774382975
2064,-0.5186682971595669,-0.24838218774382975
2065,-0.47637083917258516,-0.24838218774382975
2066,-0.41782107098073623,-0.24838218774382975
2067,-0.5093476123041241,-0.24838218774382975
2068,-0.7441094468561279,-0.24838218774382975
2069,-0.548900031266023,-0.24838218774382975
2070,-0.4223926269661529,-0.24838218774382975
2071,-0.5304748800708932,-0.24838218774382975
2072,-0.5055690334997804,-0.24838218774382975
2073,-0.4467663640405808,-0.24838218774382975
2074,-0.18226151667238766,-0.24838218774382975
2075,-0.1725561268993353,-0.24838218774382975
2076,0.04927520544576809,-0.24838218774382975
2077,0.002760432111485994,-0.24838218774382975
2078,-0.05972989558118813,-0.24838218774382975
2079,-0.2324560253993315,-0.24838218774382975
2080,0.07330311565103412,-0.24838218774382975
2081,-0.2162704220291266,-0.24838218774382975
2082,-0.0011247246964018465,-0.24838218774382975
2083,-0.1642448615800738,-0.24838218774382975
2084,-0.01065663339423406,-0.24838218774382975
2085,-0.037347293301685,-0.24838218774382975
2086,-0.21400223625700854,-0.24838218774382975
2087,-0.07802242615099521,-0.24838218774382975
2088,-0.0837323340314831,-0.24838218774382975
2089,-0.3584038443328344,-0.24838218774382975
2090,-0.5983967062400162,-0.24838218774382975
2091,-0.36312391366073216,-0.24838218774382975
2092,-0.6775304833238665,-0.24838218774382975
2093,-0.4263176864853768,-0.24838218774382975
2094,-0.6399896046696574,-0.24838218774382975
2095,-0.5715991972891051,-0.24838218774382975
2096,-0.5252221597758008,-0.24838218774382975
2097,-0.3901728435322098,-0.24838218774382975
2098,-0.5228439767913394,-0.24838218774382975
2099,-0.2877944445771728,-0.24838218774382975
2100,-0.14922986679493877,-0.24838218774382975
2101,-0.17853219338942508,-0.24838218774382975
2102,-0.15934897911592108,-0.24838218774382975
2103,-0.016829795698485472,-0.24838218774382975
2104,-0.049490524877449094,-0.24838218774382975
2105,0.06401655620431934,-0.24838218774382975
2106,0.0195550007589797,-0.24838218774382975
2107,-0.10399716418562133,-0.24838218774382975
2108,-0.08421990513531932,-0.24838218774382975
2109,-0.09405903718208516,-0.24838218774382975
2110,-0.0013780027373694048,-0.24838218774382975
2111,-0.2061033066155377,-0.24838218774382975
2112,-0.11491825741242398,-0.24838218774382975
2113,-0.28966761619526216,-0.24838218774382975
2114,-0.455883893802885,-0.24838218774382975
2115,-0.4993706639167651,-0.24838218774382975
2116,-0.49564922989019633,-0.24838218774382975
2117,-0.5705299057868228,-0.24838218774382975
2118,-0.533636443676474,-0.24838218774382975
2119,-0.5096440267147843,-0.24838218774382975
2120,-0.45580496832514883,-0.24838218774382975
2121,-0.35031286781643767,-0.24838218774382975
2122,-0.4708393425002195,-0.24838218774382975
2123,-0.24832312562765602,-0.24838218774382975
2124,-0.3306402392536799,-0.24838218774382975
2125,-0.25951624551413655,-0.24838218774382975
2126,0.25112742454167175,0.41589970095105233
2127,0.3576462948664921,0.41589970095105233
2128,0.4652544865582131,0.41589970095105233
2129,0.8752302337186104,0.41589970095105233
2130,0.7658062924125996,0.41589970095105233
2131,0.6907723316990224,0.41589970095105233
2132,0.6001629241538435,0.41589970095105233
2133,0.7990443886062428,0.41589970095105233
2134,0.6630393791285648,0.41589970095105233
2135,0.5838681535092696,0.41589970095105233
2136,0.5787595020475034,0.41589970095105233
2137,0.5901129848291599,0.41589970095105233
2138,0.24702042346993314,0.41589970095105233
2139,0.3705673530330533,0.41589970095105233
2140,0.21545962086992787,0.41589970095105233
2141,0.02227930284345961,0.41589970095105233
2142,0.028713563516105906,0.41589970095105233
2143,0.15867795828052822,0.41589970095105233
2144,0.03208112599345364,0.41589970095105233
2145,0.044577125692098346,0.41589970095105233
2146,0.1701873372891337,0.41589970095105233
2147,0.22583439722240192,0.41589970095105233
2148,0.4199807458476073,0.41589970095105233
2149,0.37278696566824276,0.41589970095105233
2150,0.45918169970872436,0.41589970095105233
2151,0.45842073316229,0.41589970095105233
2152,0.6165732433809374,0.41589970095105233
2153,0.7320079477098275,0.41589970095105233
2154,0.6352446333782753,0.41589970095105233
2155,0.4841978771960672,0.41589970095105233
2156,0.6724052844771835,0.41589970095105233
2157,0.8891708124976622,0.41589970095105233
2158,0.5348686526110613,0.41589970095105233
2159,0.4791414789303212,0.41589970095105233
2160,0.5778160522694082,0.41589970095105233
2161,0.2677241514632008,0.41589970095105233
2162,0.4072537228565733,0.41589970095105233
2163,0.33506148100281846,0.41589970095105233
2164,0.2527159461960308,0.41589970095105233
2165,0.25212806650876457,0.41589970095105233
2166,0.2941631347256419,0.41589970095105233
2167,0.03960396334559815,0.41589970095105233
2168,0.1218311144889073,0.41589970095105233
2169,0.14501838127593514,0.41589970095105233
2170,0.11761403231284559,0.41589970095105233
2171,0.055563599331637015,0.41589970095105233
2172,0.21133716545185124,0.41589970095105233
2173,0.32013060448723146,0.41589970095105233
2174,0.3863006865109905,0.41589970095105233
2175,0.32180345998831494,0.41589970095105233
2176,0.3683185565907973,0.41589970095105233
2177,0.43170577857901016,0.41589970095105233
2178,0.6270039887845462,0.41589970095105233
2179,0.5749279385398538,0.41589970095105233
2180,0.6201040713526301,0.41589970095105233
2181,0.608023865535303,0.41589970095105233
2182,0.6484601472241417,0.41589970095105233
2183,0.6343708701259156,0.41589970095105233
2184,0.5339340228000446,0.41589970095105233
2185,0.4979571595396137,0.41589970095105233
2186,0.42331706108008055,0.41589970095105233
2187,0.48437130273911516,0.41589970095105233
2188,0.5466212098273036,0.41589970095105233
2189,0.3700184308819945,0.41589970095105233
2190,0.40116689007938344,0.41589970095105233
2191,0.542279252175414,0.41589970095105233
2192,0.24965357951247558,0.41589970095105233
2193,0.13742973527705002,0.41589970095105233
2194,0.13013508125185488,0.41589970095105233
2195,0.2031236833134493,0.41589970095105233
2196,0.16503597861417607,0.41589970095105233
2197,0.28363089358516225,0.41589970095105233
2198,0.23910672900374325,0.41589970095105233
2199,0.34731529147529194,0.41589970095105233
2200,0.4437503363919249,0.41589970095105233
2201,0.5563852204812207,0.41589970095105233
2202,0.695035936404895,0.41589970095105233
2203,0.5696732901656667,0.41589970095105233
2204,0.6664972663347857,0.41589970095105233
2205,0.6108839611119504,0.41589970095105233
2206,0.6104429545429377,0.41589970095105233
2207,0.5004727710555076,0.41589970095105233
2208,0.6547007078296609,0.41589970095105233
2209,0.715365966951264,0.41589970095105233
2210,0.5388921526568596,0.41589970095105233
2211,0.42137756989040087,0.41589970095105233
2212,0.35079226205896147,0.41589970095105233
2213,0.4898959322218252,0.41589970095105233
2214,0.41718176966942305,0.41589970095105233
2215,0.1838244104063803,0.41589970095105233
2216,0.24566655623195122,0.41589970095105233
2217,0.06850882495524341,0.41589970095105233
2218,0.05255538017664638,0.41589970095105233
2219,0.1885896304910495,0.41589970095105233
2220,0.30796474887397374,0.41589970095105233
2221,0.23716212355249397,0.41589970095105233
2222,0.32896433255412527,0.41589970095105233
2223,0.1919074923759047,0.41589970095105233
2224,0.35360552063088035,0.41589970095105233
2225,0.42141005314521895,0.41589970095105233
2226,0.5060340469109701,0.41589970095105233
2227,0.799927365350054,0.41589970095105233
2228,0.6805180063909361,0.41589970095105233
2229,0.6711168626434789,0.41589970095105233
2230,0.5661340426198572,0.41589970095105233
2231,0.9149450372456366,0.41589970095105233
2232,0.73278658121545,0.41589970095105233
2233,0.7448223630091712,0.41589970095105233
2234,0.6355438551148445,0.41589970095105233
2235,0.5270277517228983,0.41589970095105233
2236,0.5994305617923874,0.41589970095105233
2237,0.3497482529646131,0.41589970095105233
2238,0.43758872724485026,0.41589970095105233
2239,0.31263065113615396,0.41589970095105233
2240,0.3780783021320729,0.41589970095105233
2241,0.24588334721103214,0.41589970095105233
2242,0.16993221376221876,0.41589970095105233
2243,0.047966213980361105,0.41589970095105233
2244,0.21464453847062903,0.41589970095105233
2245,0.019152157169237877,0.41589970095105233
2246,0.07011853981989058,0.41589970095105233
2247,0.29049668310506865,0.41589970095105233
2248,0.33808540517002517,0.41589970095105233
2249,0.17395217643730335,0.41589970095105233
2250,0.205819288767591,0.41589970095105233
2251,0.40245431557853256,0.41589970095105233
2252,0.5967980895782226,0.41589970095105233
2253,0.606763705693459,0.41589970095105233
2254,0.5502470661931834,0.41589970095105233
2255,0.7207378305714887,0.41589970095105233
2256,0.6313718972180535,0.41589970095105233
2257,0.63156331258334,0.41589970095105233
2258,0.6621733040531151,0.41589970095105233
2259,0.7766317295910297,0.41589970095105233
2260,0.6065792817397978,0.41589970095105233
2261,0.6220444960910301,0.41589970095105233
2262,0.5145190973672066,0.41589970095105233
2263,0.16857113849802105,0.41589970095105233
2264,0.2312095056211625,0.41589970095105233
2265,0.2273065030059176,0.41589970095105233
2266,0.4047636123094907,0.41589970095105233
2267,0.08920988906439423,0.41589970095105233
2268,-0.05896906792091361,0.41589970095105233
2269,0.02844565285668557,0.41589970095105233
2270,0.26802009773074864,0.41589970095105233
2271,0.17286663934253785,0.41589970095105233
2272,0.27906304691534967,0.41589970095105233
2273,0.608418637443686,0.6903858235443973
2274,0.5469656475473325,0.6903858235443973
2275,0.6146190058954059,0.6903858235443973
2276,0.8189603228517235,0.6903858235443973
2277,0.825660819305663,0.6903858235443973
2278,0.9270851624206605,0.6903858235443973
2279,0.8636117839223589,0.6903858235443973
2280,1.1651961001020807,0.6903858235443973
2281,0.9413323715013996,0.6903858235443973
2282,0.944787129766789,0.6903858235443973
2283,0.250753327043861,-0.10027687933764476
2284,0.022261619621694484,-0.10027687933764476
2285,-0.10342049599854516,-0.10027687933764476
2286,0.01809076067161295,-0.10027687933764476
2287,0.02881562051849532,-0.10027687933764476
2288,-0.06583894587744983,-0.10027687933764476
2289,-0.29532283289692973,-0.10027687933764476
2290,-0.3416632737757447,-0.10027687933764476
2291,-0.2161855817750845,-0.10027687933764476
2292,-0.5187071449446102,-0.10027687933764476
2293,-0.396215570991611,-0.10027687933764476
2294,-0.4198809348784231,-0.10027687933764476
2295,-0.27558998804276436,-0.10027687933764476
2296,-0.31554677133246967,-0.10027687933764476
2297,-0.43031794823414043,-0.10027687933764476
2298,-0.08319536914144149,-0.10027687933764476
2299,-0.17726684714669347,-0.10027687933764476
2300,-0.21736740626577825,-0.10027687933764476
2301,-0.1490251306582089,-0.10027687933764476
2302,0.014767588176212529,-0.10027687933764476
2303,-0.0007381762220961263,-0.10027687933764476
2304,0.20879545342022565,-0.10027687933764476
2305,0.20461030217976364,-0.10027687933764476
2306,0.19112188879133335,-0.10027687933764476
2307,0.16195140212066506,-0.10027687933764476
2308,0.25880574003246426,-0.10027687933764476
2309,0.2601125606802327,-0.10027687933764476
2310,-0.05933775445215926,-0.10027687933764476
2311,-0.11767627077399241,-0.10027687933764476
2312,0.021322797231615717,-0.10027687933764476
2313,0.02752765013734265,-0.10027687933764476
2314,0.028994015439404983,-0.10027687933764476
2315,-0.4765562524869742,-0.10027687933764476
2316,-0.40355195605061506,-0.10027687933764476
2317,-0.26528135489292204,-0.10027687933764476
2318,-0.47854351084686153,-0.10027687933764476
2319,-0.378981140974877,-0.10027687933764476
2320,-0.2329204619401209,-0.10027687933764476
2321,-0.36667889752396476,-0.10027687933764476
2322,-0.32963467545218256,-0.10027687933764476
2323,-0.23406593625027994,-0.10027687933764476
2324,-0.17109708271078228,-0.10027687933764476
2325,-0.12204107544411441,-0.10027687933764476
2326,-0.08693540494236235,-0.10027687933764476
2327,-0.08672291509419434,-0.10027687933764476
2328,0.03574903823261083,-0.10027687933764476
2329,0.2780275641517804,-0.10027687933764476
2330,0.13018616991374798,-0.10027687933764476
2331,0.17962548864607092,-0.10027687933764476
2332,0.20588804328487118,-0.10027687933764476
2333,0.08514799511253611,-0.10027687933764476
2334,0.04373424755960806,-0.10027687933764476
2335,0.1280478050686862,-0.10027687933764476
2336,0.011807541247237485,-0.10027687933764476
2337,-0.22783355748742998,-0.10027687933764476
2338,-0.1457564577525436,-0.10027687933764476
2339,-0.2544501582138682,-0.10027687933764476
2340,-0.11409585600390976,-0.10027687933764476
2341,-0.296519301507994,-0.10027687933764476
2342,-0.3117694700000945,-0.10027687933764476
2343,-0.3338835331427723,-0.10027687933764476
2344,-0.39827101239243434,-0.10027687933764476
2345,-0.3559584641056301,-0.10027687933764476
2346,-1.202798634518923,-0.9963334333371793
2347,-1.0498463152632522,-0.9963334333371793
2348,-1.1676345967242605,-0.9963334333371793
2349,-1.1534699006150393,-0.9963334333371793
2350,-0.9454094776849166,-0.9963334333371793
2351,-0.8330088579275319,-0.9963334333371793
2352,-0.8575037860417252,-0.9963334333371793
2353,-0.7631801815517203,-0.9963334333371793
2354,-0.784901796796232,-0.9963334333371793
2355,-0.7249396440802054,-0.9963334333371793
2356,-0.6397405230460097,-0.9963334333371793
2357,-0.607740502348173,-0.9963334333371793
2358,-0.7930825642162354,-0.9963334333371793
2359,-0.9856468767731653,-0.9963334333371793
2360,-0.7117993440478336,-0.9963334333371793
2361,-0.931347124379354,-0.9963334333371793
2362,-0.8916874981159105,-0.9963334333371793
2363,-0.9097399606224659,-0.9963334333371793
2364,-0.922247885286005,-0.9963334333371793
2365,-0.9504143780505182,-0.9963334333371793
2366,-1.161001889810723,-0.9963334333371793
2367,-1.112076501925592,-0.9963334333371793
2368,-1.122473770668032,-0.9963334333371793
2369,-1.2519716166236523,-0.9963334333371793
2370,-1.512202913623971,-0.9963334333371793
2371,-1.2055157130507457,-0.9963334333371793
2372,-1.313699742600198,-0.9963334333371793
2373,-1.1406611703864267,-0.9963334333371793
2374,-1.0078608850569806,-0.9963334333371793
2375,-1.085740056905029,-0.9963334333371793
2376,-0.8217675568372816,-0.9963334333371793
2377,-0.8490116168364107,-0.9963334333371793
2378,-0.9603750224142902,-0.9963334333371793
2379,-0.8244964998384167,-0.9963334333371793
2380,-0.7947389437846675,-0.9963334333371793
2381,-0.600315005456776,-0.9963334333371793
2382,-0.6386974645735732,-0.9963334333371793
2383,-0.7379162843352021,-0.9963334333371793
2384,-0.8463639191864942,-0.9963334333371793
2385,-0.7761015196614343,-0.9963334333371793
2386,-0.8960480262520663,-0.9963334333371793
2387,-0.8717327587576698,-0.9963334333371793
2388,-0.9409708453502426,-0.9963334333371793
2389,-1.1333731976453274,-0.9963334333371793
2390,-1.1444002071238526,-0.9963334333371793
2391,-1.2387960428628255,-0.9963334333371793
2392,-1.3427862046771464,-0.9963334333371793
2393,-1.1643326422022584,-0.9963334333371793
2394,-1.3482161204239191,-0.9963334333371793
2395,-1.1342655367645424,-0.9963334333371793
2396,-1.2767470225437485,-0.9963334333371793
2397,-1.4008634845137422,-0.9963334333371793
2398,-0.905285000083272,-0.9963334333371793
2399,-0.931977521682617,-0.9963334333371793
2400,-1.031071331365197,-0.9963334333371793
2401,-0.779211997207037,-0.9963334333371793
2402,-0.8934957046498555,-0.9963334333371793
2403,-0.8522167632061536,-0.9963334333371793
2404,-0.7899620467233545,-0.9963334333371793
2405,-0.8894833598030856,-0.9963334333371793
2406,-0.7013672877691144,-0.9963334333371793
2407,-0.8477639309133015,-0.9963334333371793
2408,-0.6170561581761178,-0.9963334333371793
2409,-0.6785308870342178,-0.9963334333371793
2410,-1.003043194890618,-0.9963334333371793
2411,-0.5225214261871125,-0.6141533642405091
2412,-0.5267424356181643,-0.6141533642405091
2413,-0.7202854686859843,-0.6141533642405091
2414,-0.6829140321753562,-0.6141533642405091
2415,-0.631108948765402,-0.6141533642405091
2416,-1.3490135117424984,-1.143239530593276
2417,-0.2845042001391802,-0.10335592775599946
2418,-0.23878390180656994,-0.10335592775599946
2419,-0.40484705569397783,-0.10335592775599946
2420,-0.38203075291984967,-0.10335592775599946
2421,-0.13898651924997074,-0.10335592775599946
2422,-0.28532303559433797,-0.10335592775599946
2423,-0.05820098976919669,-0.10335592775599946
2424,-0.1432108060821231,-0.10335592775599946
2425,0.02771450470262419,-0.10335592775599946
2426,-0.01699926243121777,-0.10335592775599946
2427,0.03135918876418374,-0.10335592775599946
2428,0.0820403579649927,-0.10335592775599946
2429,0.13305621896364733,-0.10335592775599946
2430,0.1510311747914952,-0.10335592775599946
2431,0.3532646040371019,-0.10335592775599946
2432,0.23850137637345833,-0.10335592775599946
2433,0.07440408815900626,-0.10335592775599946
2434,0.027644912688217005,-0.10335592775599946
2435,0.13149189539490183,-0.10335592775599946
2436,-0.08001532840776347,-0.10335592775599946
2437,-0.05328037640575464,-0.10335592775599946
2438,0.009301863647692057,-0.10335592775599946
2439,-0.20802164225154918,-0.10335592775599946
2440,-0.1758599083601306,-0.10335592775599946
2441,-0.33907160463114927,-0.10335592775599946
2442,-0.2622953295000671,-0.10335592775599946
2443,-0.469221158789743,-0.10335592775599946
2444,-0.4099945659521972,-0.10335592775599946
2445,-0.43797622329398805,-0.10335592775599946
2446,-0.29197315330932744,-0.10335592775599946
2447,-0.2940623634174546,-0.10335592775599946
2448,-0.15441617568433905,-0.10335592775599946
2449,-0.05231570222169914,-0.10335592775599946
2450,-0.06676754597805634,-0.10335592775599946
2451,-0.03671750258434517,-0.10335592775599946
2452,-0.0967936183435651,-0.10335592775599946
2453,-0.005756548835610109,-0.10335592775599946
2454,0.19420710606199518,-0.10335592775599946
2455,0.1720606814905528,-0.10335592775599946
2456,0.014537583041975277,-0.10335592775599946
2457,0.0708318316995136,-0.10335592775599946
2458,0.11810926479542455,-0.11947068297752927
2459,0.020261211831820808,-0.11947068297752927
2460,0.9657646079189084,0.8788167994533804
2461,1.0590544857452668,0.8788167994533804
2462,0.9951435083908816,0.8788167994533804
2463,0.7254960423883221,0.8788167994533804
2464,0.9482056184274055,0.8788167994533804
2465,0.6434178224082431,0.8788167994533804
2466,0.5629033016846561,0.8788167994533804
2467,0.5778404692381147,0.8788167994533804
2468,0.5647478621984405,0.8788167994533804
2469,0.5360593484255407,0.8788167994533804
2470,0.6329511659018304,0.8788167994533804
2471,0.7824812433095372,0.8788167994533804
2472,0.8346415809844985,0.8788167994533804
2473,0.7675230147547882,0.8788167994533804
2474,1.0557133342462417,0.8788167994533804
2475,0.8714732807716049,0.8788167994533804
2476,0.841332555972676,0.8788167994533804
2477,1.0422507988277563,0.8788167994533804
2478,1.0091001807843711,0.8788167994533804
2479,1.0126024975552839,0.8788167994533804
2480,1.2696017539030957,0.8788167994533804
2481,1.2216875837876542,0.8788167994533804
2482,1.2846789778579715,0.8788167994533804
2483,1.2144904319961394,0.8788167994533804
2484,1.0950638821875271,0.8788167994533804
2485,1.0519484095283334,0.8788167994533804
2486,0.9034133206257929,0.8788167994533804
2487,0.9146222380843234,0.8788167994533804
2488,0.5750986645330598,0.8788167994533804
2489,0.9486069098521783,0.8788167994533804
2490,0.7124431378932654,0.8788167994533804
2491,0.6794992087543521,0.8788167994533804
2492,0.7268810964097131,0.8788167994533804
2493,0.6987086838973569,0.8788167994533804
2494,0.6032195244011331,0.8788167994533804
2495,0.8934746213993086,0.8788167994533804
2496,0.62134485431768,0.8788167994533804
2497,0.6982545987870897,0.8788167994533804
2498,0.6732198403190466,0.8788167994533804
2499,0.8192228398770837,0.8788167994533804
2500,0.8853928107790573,0.8788167994533804
2501,0.8482124858364887,0.8788167994533804
2502,1.1636790291223102,0.8788167994533804
2503,1.1336262386193228,0.8788167994533804
2504,1.0447550077817276,0.8788167994533804
2505,1.1855920929917125,0.8788167994533804
2506,1.1774557182398109,0.8788167994533804
2507,1.0259085732606115,0.8788167994533804
2508,1.123827308684468,0.8788167994533804
2509,1.1165663398031267,0.8788167994533804
2510,1.1702583326605451,0.8788167994533804
2511,0.9662830363561732,0.8788167994533804
2512,1.0839987060891818,0.8788167994533804
2513,0.8375329849601785,0.8788167994533804
2514,0.7122263502020956,0.8788167994533804
2515,0.8020389093392388,0.8788167994533804
2516,0.7330849796901194,0.8788167994533804
2517,0.7471894850103452,0.8788167994533804
2518,0.7490094123173469,0.8788167994533804
2519,0.6218769024349362,0.8788167994533804
2520,0.5758649610170459,0.8788167994533804
2521,0.537231823881416,0.8788167994533804
2522,0.8678002567950177,0.8788167994533804
2523,0.7939840689755118,0.8788167994533804
2524,0.8358409895666119,0.8788167994533804
2525,0.9235204312062835,0.8788167994533804
2526,1.0744940366990354,0.8788167994533804
2527,1.0454812588953064,0.8788167994533804
2528,0.957334133311842,0.8788167994533804
2529,1.0217426620320749,0.8788167994533804
2530,1.0260516029605529,0.8788167994533804
2531,1.0493659458977336,0.8788167994533804
2532,1.1090109455551505,0.8788167994533804
2533,1.1481775771848168,0.8788167994533804
2534,1.149900015273353,0.8788167994533804
2535,0.9791264285498882,0.8788167994533804
2536,1.1334846637989449,0.8788167994533804
2537,0.8623501218739346,0.8788167994533804
2538,0.9590603952432671,0.8788167994533804
2539,0.8536786838284198,0.8788167994533804
2540,0.6653892245707702,0.8788167994533804
2541,0.6308894929054014,0.8788167994533804
2542,0.733190285719011,0.8788167994533804
2543,0.7788021927551694,0.8788167994533804
2544,0.4279311525343953,0.8788167994533804
2545,0.6057005895823038,0.8788167994533804
2546,0.6398061600184161,0.8788167994533804
2547,0.8461493207650692,0.8788167994533804
2548,0.8165612401921216,0.8788167994533804
2549,1.0142933200205912,0.8788167994533804
2550,0.7915023870279773,0.8788167994533804
2551,1.1491636244643568,0.8788167994533804
2552,0.8963926189736684,0.8788167994533804
2553,1.027727683572083,0.8788167994533804
2554,1.1475657119108287,0.8788167994533804
2555,1.3150659912668452,0.8788167994533804
2556,1.1986757253494835,0.8788167994533804
2557,1.177331288103882,0.8788167994533804
2558,1.02290516533882,0.8788167994533804
2559,0.9920031653437746,0.8788167994533804
2560,0.9372700472352329,0.8788167994533804
2561,1.0768022358042333,0.8788167994533804
2562,0.941163502459665,0.8788167994533804
2563,0.9107205992161296,0.8788167994533804
2564,0.8744442488747118,0.8788167994533804
2565,0.7373775639188987,0.8788167994533804
2566,0.7214131808153368,0.8788167994533804
2567,0.7111692622880355,0.8788167994533804
2568,0.691312014252747,0.8788167994533804
2569,0.8956116836242343,0.8788167994533804
2570,0.4930616959397342,0.8788167994533804
2571,0.6204519857724959,0.8788167994533804
2572,0.6176279245537242,0.8788167994533804
2573,0.8140474956611226,0.8788167994533804
2574,0.7648478388822143,0.8788167994533804
2575,0.8498234946474648,0.8788167994533804
2576,0.9927944686133814,0.8788167994533804
2577,0.9398896123846352,0.8788167994533804
2578,0.8948949909774191,0.8788167994533804
2579,1.0587403735909717,0.8788167994533804
2580,1.121785145560846,0.8788167994533804
2581,1.1519672751793812,0.8788167994533804
2582,0.9613840720625997,0.8788167994533804
2583,1.1914688089927266,0.8788167994533804
2584,1.2143645118902135,0.8788167994533804
2585,1.0930733583297259,0.8788167994533804
2586,1.0499612971857368,0.8788167994533804
2587,0.9972784072749697,0.8788167994533804
2588,0.85330591218546,0.8788167994533804
2589,0.8805768575356354,0.8788167994533804
2590,0.7484824368823836,0.8788167994533804
2591,0.7221945099592338,0.8788167994533804
2592,0.6316903914659965,0.8788167994533804
2593,0.6130664545718045,0.8788167994533804
2594,0.669100859324022,0.8788167994533804
2595,0.673039161606092,0.8788167994533804
2596,0.8328127935153512,0.8788167994533804
2597,0.7162239352350225,0.8788167994533804
2598,0.6226478916320402,0.8788167994533804
2599,0.9474865617005664,0.8788167994533804
2600,-1.567451924124579,-1.6187338929683064
2601,-1.5591546744601996,-1.6187338929683064
2602,-1.3582560268325263,-1.6187338929683064
2603,-1.3402594341040566,-1.6187338929683064
2604,-1.4303615834273746,-1.6187338929683064
2605,-1.480413348558418,-1.6187338929683064
2606,-1.463527516155446,-1.6187338929683064
2607,-1.285631096939657,-1.6187338929683064
2608,-1.4803109788909388,-1.6187338929683064
2609,-1.3283129763767016,-1.6187338929683064
2610,-1.4732005944725155,-1.6187338929683064
2611,-1.4260789800531843,-1.6187338929683064
2612,-1.647702877123007,-1.6187338929683064
2613,-1.7302608303533642,-1.6187338929683064
2614,-1.7704691103950536,-1.6187338929683064
2615,-1.8195671175374026,-1.6187338929683064
2616,-1.7706382040887814,-1.6187338929683064
2617,-1.9233431424351186,-1.6187338929683064
2618,-2.014573987117147,-1.6187338929683064
2619,-1.7731966026941068,-1.6187338929683064
2620,-1.9309836858305107,-1.6187338929683064
2621,-1.7858643122775948,-1.6187338929683064
2622,-1.6589562459809923,-1.6187338929683064
2623,-1.6405781660378973,-1.6187338929683064
2624,-1.8064886544664356,-1.6187338929683064
2625,1.1766863882949135,1.19460157473421
2626,1.2321112189537986,1.19460157473421
2627,1.4078840764498608,1.19460157473421
2628,1.3762035575372105,1.19460157473421
2629,1.2367589472929765,1.19460157473421
2630,1.5736082936044633,1.19460157473421
2631,1.2993523913993863,1.19460157473421
2632,1.4770838432986366,1.19460157473421
2633,1.2631092264673338,1.19460157473421
2634,1.292547048288559,1.19460157473421
2635,1.3049552218927098,1.19460157473421
2636,1.4143939175475524,1.19460157473421
2637,1.1391636655196606,1.19460157473421
2638,1.2521511848908837,1.19460157473421
2639,1.0576910283286887,1.19460157473421
2640,1.0225727212200384,1.19460157473421
2641,0.9719192306684474,1.19460157473421
2642,0.9837995387737157,1.19460157473421
2643,0.43732977567100184,0.7602966800893198
2644,0.43917357877126706,0.7602966800893198
2645,0.6030677747966667,0.7602966800893198
2646,0.6484192288303423,0.7602966800893198
2647,0.6469440817662051,0.7602966800893198
2648,0.5730555083569805,0.7602966800893198
2649,0.854475809629262,0.7602966800893198
2650,0.6541237146040508,0.7602966800893198
2651,0.9376268192560571,0.7602966800893198
2652,0.9420020689562018,0.7602966800893198
2653,1.137828237287164,0.7602966800893198
2654,1.0548338006772953,0.7602966800893198
2655,1.0724240347649516,0.7602966800893198
2656,0.9704046212494472,0.7602966800893198
2657,1.0773667835179361,0.7602966800893198
2658,0.8072548125541215,0.7602966800893198
2659,0.9700638370831921,0.7602966800893198
2660,0.9535873519997756,0.7602966800893198
2661,1.0437029480917008,0.7602966800893198
2662,0.7901054112372764,0.7602966800893198
2663,0.6549743307356866,0.7602966800893198
2664,0.6339176238144231,0.7602966800893198
2665,0.5641012346019206,0.7602966800893198
2666,0.6337489573195985,0.7602966800893198
2667,-0.6028361139180076,-0.4386995698321807
2668,-0.7556419325334508,-0.4386995698321807
2669,-0.8103624896034369,-0.4386995698321807
2670,-0.7751977158464706,-0.4386995698321807
2671,-0.6255300807540365,-0.4386995698321807
2672,-0.6922580069112607,-0.4386995698321807
2673,-0.43772356582541583,-0.4386995698321807
2674,-0.586699224080675,-0.4386995698321807
2675,-0.44282923051039846,-0.4386995698321807
2676,-0.3268734843937456,-0.4386995698321807
2677,-0.29754253910771833,-0.4386995698321807
2678,-0.29737275506153255,-0.4386995698321807
2679,-0.044567864865016155,-0.4386995698321807
2680,-0.238698624602459,-0.4386995698321807
2681,-0.10300056322756271,-0.4386995698321807
2682,-0.1214941440843787,-0.4386995698321807
2683,-0.006667076674305911,-0.4386995698321807
2684,-0.31673402863931505,-0.4386995698321807
2685,-0.32818509400471213,-0.4386995698321807
2686,-0.37735762231124215,-0.4386995698321807
2687,-0.45357564477384854,-0.4386995698321807
2688,-0.5302356835019427,-0.4386995698321807
2689,-0.6242831308396689,-0.4386995698321807
2690,-0.60770464199067,-0.4386995698321807
2691,-0.7735955034393485,-0.4386995698321807
2692,-0.6690543365085997,-0.4386995698321807
2693,-0.8151917083689538,-0.4386995698321807
2694,-0.6341021675958688,-0.4386995698321807
2695,-0.6880004294449503,-0.4386995698321807
2696,-0.7721892865153599,-0.4386995698321807
2697,-0.626380100540351,-0.4386995698321807
2698,-0.5072198424720658,-0.4386995698321807
2699,-0.5285013089011693,-0.4386995698321807
2700,-0.4934420296731069,-0.4386995698321807
2701,-0.3555575406083071,-0.4386995698321807
2702,-0.3416988411521201,-0.4386995698321807
2703,-0.36943323728621746,-0.4386995698321807
2704,-0.27059757831819004,-0.4386995698321807
2705,-0.2714778627392983,-0.4386995698321807
2706,-0.2665879187048894,-0.4386995698321807
2707,-0.17636339061124454,-0.4386995698321807
2708,-0.13606326881516106,-0.4386995698321807
2709,0.027672924903826696,-0.4386995698321807
2710,-0.44062319813367795,-0.4386995698321807
2711,-0.27865107720688825,-0.4386995698321807
2712,-0.38361407311538415,-0.4386995698321807
2713,-0.4291276902289092,-0.4386995698321807
2714,-0.6680844098871624,-0.4386995698321807
2715,-0.5656546555873364,-0.4386995698321807
2716,-0.6114304083688447,-0.4386995698321807
2717,-0.6631828180370529,-0.4386995698321807
2718,-0.8360096076174555,-0.4386995698321807
2719,-0.7361756755488446,-0.4386995698321807
2720,-0.6808453780290145,-0.4386995698321807
2721,-0.6835291131216116,-0.4386995698321807
2722,-0.4875939564680828,-0.4386995698321807
2723,-0.5154458615127855,-0.4386995698321807
2724,-0.1708112827856708,-0.4386995698321807
2725,-0.39799595878088284,-0.4386995698321807
2726,-0.48475531076171824,-0.4386995698321807
2727,-0.4191785424818042,-0.4386995698321807
2728,-0.293885671506368,-0.4386995698321807
2729,-0.12157806254481349,-0.4386995698321807
2730,-0.8650889818406265,-1.1667711918727741
2731,-0.8937601746776667,-1.1667711918727741
2732,-0.8875855277977998,-1.1667711918727741
2733,-1.074573826524681,-1.1667711918727741
2734,-1.0232698879618352,-1.1667711918727741
2735,-1.0784985983584723,-1.1667711918727741
2736,-1.1170849420942566,-1.1667711918727741
2737,-1.1011057064304064,-1.1667711918727741
2738,-0.9811341804359653,-1.1667711918727741
2739,-1.1870064021486257,-1.1667711918727741
2740,-1.3061781409717013,-1.1667711918727741
2741,-1.2924645230832472,-1.1667711918727741
2742,-1.501790019939837,-1.1667711918727741
2743,-1.5086638334710551,-1.1667711918727741
2744,-1.4304120005741607,-1.1667711918727741
2745,-1.3041782715560237,-1.1667711918727741
2746,-1.3096228065741746,-1.1667711918727741
2747,-1.360919648356425,-1.1667711918727741
2748,-1.4336960176826241,-1.1667711918727741
2749,-1.112103401726346,-1.1667711918727741
2750,-1.1805639373549044,-1.1667711918727741
2751,-1.1365088980464393,-1.1667711918727741
2752,-0.8997784081646267,-1.1667711918727741
2753,-0.8780973977036656,-1.1667711918727741
2754,-0.8550198564769553,-1.1667711918727741
2755,-0.9361163938725777,-1.1667711918727741
2756,-0.83864801285396,-1.1667711918727741
2757,-0.81814344206559,-1.1667711918727741
2758,-0.8603846229395101,-1.1667711918727741
2759,-1.0443871090051215,-1.1667711918727741
2760,-0.9960099663327214,-1.1667711918727741
2761,-1.200371977033593,-1.1667711918727741
2762,-1.2713414532076581,-1.1667711918727741
2763,-1.2559933420910545,-1.1667711918727741
2764,-1.3886819668450499,-1.1667711918727741
2765,-1.5650671135203666,-1.1667711918727741
2766,-1.241710985346812,-1.1667711918727741
2767,-1.3285375222991624,-1.1667711918727741
2768,-1.4975063711626664,-1.1667711918727741
2769,-1.5047506901716474,-1.1667711918727741
2770,-1.219892205474011,-1.1667711918727741
2771,-1.386800114392341,-1.1667711918727741
2772,-1.3772126015389852,-1.1667711918727741
2773,-1.1552019595113097,-1.1667711918727741
2774,-1.2870357103137873,-1.1667711918727741
2775,-0.974280002664838,-1.1667711918727741
2776,-1.1323856177264704,-1.1667711918727741
2777,-1.0148039640222137,-1.1667711918727741
2778,-1.0399165057809359,-1.1667711918727741
2779,-0.9244860534758554,-1.1667711918727741
2780,-1.0624772829710278,-1.1667711918727741
2781,-0.8292884835870201,-1.1667711918727741
2782,-1.0076303158095892,-1.1667711918727741
2783,-0.7881707595543814,-1.1667711918727741
2784,-0.7858054242030883,-1.1667711918727741
2785,-0.8969079454035505,-1.1667711918727741
2786,-1.0530213004738482,-1.1667711918727741
2787,-1.0718198139856918,-1.1667711918727741
2788,-1.1946898099686984,-1.1667711918727741
2789,-1.2566150221084393,-1.1667711918727741
2790,-1.3095386645577085,-1.1667711918727741
2791,-1.3010828368394152,-1.1667711918727741
2792,-1.3097481577670904,-1.1667711918727741
2793,-1.4318917321876816,-1.1667711918727741
2794,-1.7218777936773306,-1.1667711918727741
2795,-1.5641483565796321,-1.1667711918727741
2796,-1.2732642011865498,-1.1667711918727741
2797,-1.345997475071118,-1.1667711918727741
2798,-1.2573519399626072,-1.1667711918727741
2799,-1.300665542568122,-1.1667711918727741
2800,-1.1989577086379473,-1.1667711918727741
2801,-0.9224320667328856,-1.1667711918727741
2802,-1.1872250664968462,-1.1667711918727741
2803,-1.1377526691715916,-1.1667711918727741
2804,-0.772974671051637,-1.1667711918727741
2805,-0.9293574948742706,-1.1667711918727741
2806,-0.8808107716086264,-1.1667711918727741
2807,-0.9788275675585036,-1.1667711918727741
2808,-0.979231617877637,-1.1667711918727741
2809,-1.0968390460699786,-1.1667711918727741
2810,-1.025945863009439,-1.1667711918727741
2811,-0.8993906556120622,-1.1667711918727741
2812,-1.2274633876569256,-1.1667711918727741
2813,-1.3029720651739027,-1.1667711918727741
2814,-1.2269315468595454,-1.1667711918727741
2815,-1.3235045143267505,-1.1667711918727741
2816,-1.4196158674126953,-1.1667711918727741
2817,-1.4507962973021402,-1.1667711918727741
2818,-1.626196900879505,-1.1667711918727741
2819,-1.5025612915140782,-1.1667711918727741
2820,-1.409129165567,-1.1667711918727741
2821,-1.287402896784876,-1.1667711918727741
2822,-1.243600301757403,-1.1667711918727741
2823,-1.1512113029787305,-1.1667711918727741
2824,-1.0825481126241439,-1.1667711918727741
2825,-1.3789290109082766,-1.1667711918727741
2826,-1.1952203753436026,-1.1667711918727741
2827,-0.9144275030495526,-1.1667711918727741
2828,-0.9496073230272803,-1.1667711918727741
2829,-1.0749341971019168,-1.1667711918727741
2830,-1.0075779371205864,-1.1667711918727741
2831,-0.8490977603131663,-1.1667711918727741
2832,-0.7318849367973815,-1.1667711918727741
2833,-1.0921442125173038,-1.1667711918727741
2834,-0.89130464541972,-1.1667711918727741
2835,-1.1365176103295702,-1.1667711918727741
2836,-1.2770879937502748,-1.1667711918727741
2837,-1.1135786734360709,-1.1667711918727741
2838,-1.128050789007568,-1.1667711918727741
2839,-1.2275165268915074,-1.1667711918727741
2840,-1.428206598005914,-1.1667711918727741
2841,-1.3510809908781842,-1.1667711918727741
2842,-1.300445063379252,-1.1667711918727741
2843,-1.2599064479102327,-1.1667711918727741
2844,-1.318256334046127,-1.1667711918727741
2845,-1.4802094851119847,-1.1667711918727741
2846,-1.1839791652190024,-1.1667711918727741
2847,-1.4332133365091884,-1.1667711918727741
2848,-1.4209154944466682,-1.1667711918727741
2849,-1.2291668526831772,-1.1667711918727741
2850,-1.2440094575670662,-1.1667711918727741
2851,-1.051358501782272,-1.1667711918727741
2852,-0.8917353646337918,-1.1667711918727741
2853,-0.9429922909170515,-1.1667711918727741
2854,-1.0241642617062068,-1.1667711918727741
2855,-0.7540385715044532,-1.1667711918727741
2856,-0.8893770199289106,-1.1667711918727741
2857,-0.7994033672716434,-1.1667711918727741
2858,-1.023638532510198,-1.1667711918727741
2859,-0.8959338295885879,-1.1667711918727741
2860,-0.962789533860353,-1.1667711918727741
2861,-0.9570639537088097,-1.1667711918727741
2862,-1.1018582469780396,-1.1667711918727741
2863,-1.2097949012787268,-1.1667711918727741
2864,-1.4543297907375619,-1.1667711918727741
2865,-1.3525111873383107,-1.1667711918727741
2866,-1.5644078653897806,-1.1667711918727741
2867,-1.469047718254156,-1.1667711918727741
2868,-1.4840245161686323,-1.1667711918727741
2869,-1.3075102041767197,-1.1667711918727741
2870,-1.537617729695239,-1.1667711918727741
2871,-1.5133558047006335,-1.1667711918727741
2872,-1.290588368021527,-1.1667711918727741
2873,-1.2267849888592133,-1.1667711918727741
2874,-1.0841425445500232,-1.1667711918727741
2875,-1.114995711553051,-1.1667711918727741
2876,-1.0751727369582582,-1.1667711918727741
2877,-1.0796790898771023,-1.1667711918727741
2878,-1.0507828179042555,-1.1667711918727741
2879,-1.0126075574966062,-1.1667711918727741
2880,-0.926675853665545,-1.1667711918727741
2881,-0.9594075665646731,-1.1667711918727741
2882,-0.9689595284789598,-1.1667711918727741
2883,-0.8512203378988938,-1.1667711918727741
2884,-1.1017804792374517,-1.1667711918727741
2885,-0.9276229683907373,-1.1667711918727741
2886,-1.0540296189466434,-1.1667711918727741
2887,-1.3546127950242837,-1.1667711918727741
2888,-0.9136717181946006,-1.1667711918727741
2889,-1.219642825002102,-1.1667711918727741
2890,-1.5427758057395238,-1.1667711918727741
2891,-1.3835355555192954,-1.1667711918727741
2892,-1.3626782356056166,-1.1667711918727741
2893,-1.5765217004940468,-1.1667711918727741
2894,-1.5175914848057628,-1.1667711918727741
2895,-1.2816868718462722,-1.1667711918727741
2896,-1.3358666856404304,-1.1667711918727741
2897,-1.3208767085086635,-1.1667711918727741
2898,-1.244490499497638,-1.1667711918727741
2899,-1.1222194531524403,-1.1667711918727741
2900,-1.1228060222263232,-1.1667711918727741
2901,-1.232607520989657,-1.1667711918727741
2902,-0.8680512585903585,-1.1667711918727741
2903,-0.9340922837393626,-1.1667711918727741
2904,-1.0036579346452257,-1.1667711918727741
2905,-1.0371534130959654,-1.1667711918727741
2906,-0.8591192447510503,-1.1667711918727741
2907,-1.099607787590649,-1.1667711918727741
2908,-1.1611410472864587,-1.1667711918727741
2909,-1.082998631636742,-1.1667711918727741
2910,-1.0659492288701862,-1.1667711918727741
2911,-0.9587803576801892,-1.1667711918727741
2912,-1.141533261966449,-1.1667711918727741
2913,-1.190045768606952,-1.1667711918727741
2914,-1.1513263448542377,-1.1667711918727741
2915,-1.2458632045007245,-1.1667711918727741
2916,-1.392495248572889,-1.1667711918727741
2917,-1.4469201586989937,-1.1667711918727741
2918,-1.246584600479549,-1.1667711918727741
2919,-1.4257997271552871,-1.1667711918727741
2920,-1.4733236068849223,-1.1667711918727741
2921,-1.4751564944931237,-1.1667711918727741
2922,-1.3368457885689171,-1.1667711918727741
2923,-1.2726629726435124,-1.1667711918727741
2924,-1.246039844127328,-1.1667711918727741
2925,-0.2756841245677993,-0.322762660261295
2926,-0.08314683757688685,-0.322762660261295
2927,-0.36838767013811247,-0.322762660261295
2928,-0.2517684171218314,-0.322762660261295
2929,-0.17652425769347138,-0.322762660261295
2930,-0.2508886896903579,-0.322762660261295
2931,-0.23165973638977777,-0.322762660261295
2932,-0.11764414630282405,-0.322762660261295
2933,-0.10328164463675074,-0.322762660261295
2934,-0.13669662836787916,-0.322762660261295
2935,-0.13516844003891926,-0.322762660261295
2936,-0.2144706761631533,-0.322762660261295
2937,-0.34092920287664447,-0.322762660261295
2938,-0.4435489039737671,-0.322762660261295
2939,-0.45385989713182684,-0.322762660261295
2940,-0.6262391572534651,-0.322762660261295
2941,-0.44094268404578074,-0.322762660261295
2942,-0.5538350084154195,-0.322762660261295
2943,-0.514763939994069,-0.322762660261295
2944,-0.7225678791975084,-0.322762660261295
2945,-0.7006164769398444,-0.322762660261295
2946,-0.5994747010777514,-0.322762660261295
2947,-0.639545380796134,-0.322762660261295
2948,-0.35216799950069394,-0.322762660261295
2949,-0.38604440040554444,-0.322762660261295
2950,-0.33671790925537437,-0.322762660261295
2951,-0.10938982865053289,-0.322762660261295
2952,-0.2571238202103018,-0.322762660261295
2953,-0.23506714237837686,-0.322762660261295
2954,-0.2181219586217273,-0.322762660261295
2955,-0.13087830767251754,-0.322762660261295
2956,-0.13110391341935693,-0.322762660261295
2957,0.03408985627247088,-0.322762660261295
2958,-0.20867420311303578,-0.322762660261295
2959,0.008979151741718983,-0.322762660261295
2960,-0.15035247109876984,-0.322762660261295
2961,-0.05835072140912513,-0.322762660261295
2962,-0.13413785680286133,-0.322762660261295
2963,0.6547100436672916,0.6279873196404167
2964,0.6639104039449732,0.6279873196404167
2965,0.30805588205958334,0.6279873196404167
2966,0.4943211640711753,0.6279873196404167
2967,0.478062280165805,0.6279873196404167
2968,0.26142768713066666,0.6279873196404167
2969,0.208634906279496,0.6279873196404167
2970,0.12757686180940545,0.6279873196404167
2971,0.39797748331726074,0.6279873196404167
2972,0.5267211818712904,0.6279873196404167
2973,0.34173325077215155,0.6279873196404167
2974,0.7297760870773234,0.6279873196404167
2975,0.6877455256582371,0.6279873196404167
2976,0.7217999582861769,0.6279873196404167
2977,0.5875016698197165,0.6279873196404167
2978,1.048232988451742,0.6279873196404167
2979,0.9125667832393487,0.6279873196404167
2980,0.813044572057769,0.6279873196404167
2981,0.7999015229640892,0.6279873196404167
2982,0.8751662969316806,0.6279873196404167
2983,0.9152741153674687,0.6279873196404167
2984,1.0456848993605472,0.6279873196404167
2985,0.7758634038408017,0.6279873196404167
2986,0.7119875398534211,0.6279873196404167
2987,0.8415386723804658,0.6279873196404167
2988,0.6408845119354548,0.6279873196404167
2989,0.6890771290231426,0.6279873196404167
2990,0.5949694094286038,0.6279873196404167
2991,0.3782099668546697,0.6279873196404167
2992,0.3672584001125516,0.6279873196404167
2993,0.20966195593366913,0.6279873196404167
2994,0.3335955835756672,0.6279873196404167
2995,0.37430722281410733,0.6279873196404167
2996,0.389391207266556,0.6279873196404167
2997,0.38597823623122385,0.6279873196404167
2998,0.5731112364072215,0.6279873196404167
2999,0.4558068320922224,0.6279873196404167
3000,0.779591414285181,0.6279873196404167
3001,0.649862285219353,0.6279873196404167
3002,0.10940386040049854,0.07403372615209883
3003,0.24897450588812037,0.22533661709303462
3004,0.4791535981070438,0.22533661709303462
3005,0.5566379920064168,0.22533661709303462
3006,0.3816764507721071,0.22533661709303462
3007,0.4759720144410631,0.22533661709303462
3008,0.4890056947105962,0.22533661709303462
3009,0.4771000601311107,0.22533661709303462
3010,0.38571170888857387,0.22533661709303462
3011,0.3044378228764103,0.22533661709303462
3012,0.3940162631708438,0.22533661709303462
3013,0.39017930723399363,0.5767329464367471
3014,0.39938231143912417,0.5767329464367471
3015,0.3323472224867966,0.5767329464367471
3016,0.37054240485576223,0.5767329464367471
3017,0.1719695849163733,0.5767329464367471
3018,0.4176190822696271,0.5767329464367471
3019,0.4294771388651445,0.5767329464367471
3020,0.3700043718254593,0.5767329464367471
3021,0.27799678512284987,0.5767329464367471
3022,0.2569842855750849,0.5767329464367471
3023,0.3822552785231522,0.5767329464367471
3024,0.5676100660714424,0.5767329464367471
3025,0.6432529943647792,0.5767329464367471
3026,0.5336334716069315,0.5767329464367471
3027,0.643908344687551,0.5767329464367471
3028,0.8197510041309748,0.5767329464367471
3029,0.8504193665853023,0.5767329464367471
3030,0.7796366148430387,0.5767329464367471
3031,0.7527290341095254,0.5767329464367471
3032,0.9022857690656649,0.5767329464367471
3033,0.7931724769363943,0.5767329464367471
3034,0.733981329246699,0.5767329464367471
3035,0.7364462590560324,0.5767329464367471
3036,0.6668524675398744,0.5767329464367471
3037,0.6966788263446329,0.5767329464367471
3038,0.4736336894910031,0.5767329464367471
3039,0.37281730103136845,0.5767329464367471
3040,0.47311999745096295,0.5767329464367471
3041,0.3472268678846814,0.5767329464367471
3042,0.442449151429063,0.5767329464367471
3043,0.3143786002581005,0.5767329464367471
3044,0.4713817565337044,0.5767329464367471
3045,0.3701016594771047,0.5767329464367471
3046,0.5573863493042985,0.5767329464367471
3047,0.4486075598379148,0.5767329464367471
3048,0.546490303384386,0.5767329464367471
3049,0.5775454489106275,0.5767329464367471
3050,0.5104517065679485,0.5767329464367471
3051,0.5645348032181672,0.5767329464367471
3052,0.762659559490213,0.5767329464367471
3053,0.8396755311229009,0.5767329464367471
3054,0.8001013734137417,0.5767329464367471
3055,0.6857904618086441,0.5767329464367471
3056,0.8973038459308998,0.5767329464367471
3057,0.9741476692874922,0.5767329464367471
3058,0.8207592428537547,0.5767329464367471
3059,0.6882944608521397,0.5767329464367471
3060,0.6534991802499145,0.5767329464367471
3061,0.5284634936711476,0.5767329464367471
3062,0.5874493970808193,0.5767329464367471
3063,0.5950086845406758,0.5767329464367471
3064,0.46418667368670896,0.5767329464367471
3065,0.519275542588913,0.5767329464367471
3066,0.28579113327494726,0.5767329464367471
3067,0.34730139554134043,0.5767329464367471
3068,0.4086601846852239,0.5767329464367471
3069,0.25160777995652917,0.5767329464367471
3070,0.26796295868931586,0.5767329464367471
3071,0.40344777365682394,0.5767329464367471
3072,0.29710527195080827,0.5767329464367471
3073,0.6575734900023377,0.5767329464367471
3074,0.3694194265741164,0.5767329464367471
3075,0.45106771005031043,0.5767329464367471
3076,0.6969429328469766,0.5767329464367471
3077,0.5641782984954282,0.5767329464367471
3078,0.5719282967315679,0.5767329464367471
3079,0.978096321701206,0.5767329464367471
3080,0.8342176990406128,0.5767329464367471
3081,0.6457154065278342,0.5767329464367471
3082,0.696426781115326,0.5767329464367471
3083,0.7027086802929694,0.5767329464367471
3084,0.6686641834486677,0.5767329464367471
3085,0.6876629853360071,0.5767329464367471
3086,0.38188167317963573,0.5767329464367471
3087,0.563209975492279,0.5767329464367471
3088,0.5346759920779354,0.5767329464367471
3089,0.3045338644263513,0.5767329464367471
3090,0.2775245986292042,0.5767329464367471
3091,0.3283564698109699,0.5767329464367471
3092,0.2529068105637884,0.5767329464367471
3093,0.396493581194982,0.5767329464367471
3094,0.2815859578399254,0.5767329464367471
3095,0.3955128214965826,0.5767329464367471
3096,0.3409504835863233,0.5767329464367471
3097,0.33290967130108307,0.5767329464367471
3098,0.6523965633756604,0.5767329464367471
3099,0.5189951907823874,0.5767329464367471
3100,0.46394648552785966,0.5767329464367471
3101,0.749353469303911,0.5767329464367471
3102,0.8725581917673677,0.5767329464367471
3103,0.7560323763711787,0.5767329464367471
3104,0.7761709640768923,0.5767329464367471
3105,0.7020315913480681,0.5767329464367471
3106,0.8122742316609143,0.5767329464367471
3107,0.8193597331543061,0.5767329464367471
3108,0.7994322898064046,0.5767329464367471
3109,0.771019682742828,0.5767329464367471
3110,0.73498557762551,0.5767329464367471
3111,0.6520392468895857,0.5767329464367471
3112,0.6171115578648435,0.5767329464367471
3113,0.6830555028921291,0.5767329464367471
3114,0.5270546113727602,0.5767329464367471
3115,0.3378875090095068,0.5767329464367471
3116,0.17651783194366744,0.5767329464367471
3117,0.27398467366896995,0.5767329464367471
3118,0.5602564723087874,0.5767329464367471
3119,0.4158523673796689,0.5767329464367471
3120,0.26816656730798805,0.5767329464367471
3121,0.23385937849741956,0.5767329464367471
3122,0.4520310074157883,0.5767329464367471
3123,0.4155328879490772,0.5767329464367471
3124,0.6769809021704167,0.5767329464367471
3125,0.5864607870899097,0.5767329464367471
3126,0.7087382121522531,0.5767329464367471
3127,0.6873432309163434,0.5767329464367471
3128,0.7940473291258725,0.5767329464367471
3129,1.0665482201998444,0.5767329464367471
3130,0.8186242509066732,0.5767329464367471
3131,0.8640726637296219,0.5767329464367471
3132,0.8967072408712911,0.5767329464367471
3133,0.8869753985655205,0.5767329464367471
3134,0.6227684514404376,0.5767329464367471
3135,0.5847972729108696,0.5767329464367471
3136,0.636673022231291,0.5767329464367471
3137,0.5881211175506161,0.5767329464367471
3138,0.5429726306635002,0.5767329464367471
3139,0.4015809035259314,0.5767329464367471
3140,0.5099535075163839,0.5767329464367471
3141,0.31706317251799365,0.5767329464367471
3142,0.2532238716919476,0.5767329464367471
3143,0.44820991097052315,0.5767329464367471
3144,0.10376036791128795,0.5767329464367471
3145,0.19848962107688817,0.5767329464367471
3146,0.33888394332017535,0.5767329464367471
3147,0.32320757565321134,0.5767329464367471
3148,0.4302005754954735,0.5767329464367471
3149,0.44380005821826024,0.5767329464367471
3150,0.7397315956178474,0.5767329464367471
3151,-1.0065902336216717,-1.0245291833039203
3152,-0.7883796497214755,-1.0245291833039203
3153,-0.9248842199690586,-1.0245291833039203
3154,-0.9544003494691667,-1.0245291833039203
3155,-1.0547754366335764,-1.0245291833039203
3156,-0.7912378252734455,-1.0245291833039203
3157,-0.6262409099370213,-1.0245291833039203
3158,-0.7459408885359233,-1.0245291833039203
3159,-0.8514453680555933,-1.0245291833039203
3160,-0.9533077189323313,-1.0245291833039203
3161,-1.1402326115356614,-1.0245291833039203
3162,-0.9878261004186994,-1.0245291833039203
3163,-1.050300581015537,-1.0245291833039203
3164,-0.9735911674311111,-1.0245291833039203
3165,-1.1977280520359088,-1.0245291833039203
3166,-1.2036509437946332,-1.0245291833039203
3167,-1.2399464376926705,-1.0245291833039203
3168,-1.3961475835894217,-1.0245291833039203
3169,-1.1646176921037414,-1.0245291833039203
3170,-1.2682364789484235,-1.0245291833039203
3171,-1.189672974549442,-1.0245291833039203
3172,-1.1662405283134891,-1.0245291833039203
3173,-1.1694596473954142,-1.0245291833039203
3174,-1.0412252524893928,-1.0245291833039203
3175,-1.0575204793656894,-1.0245291833039203
3176,-0.9717688833063578,-1.0245291833039203
3177,-0.7571123517635191,-1.0245291833039203
3178,-0.8510470192494544,-1.0245291833039203
3179,-0.6991533341204454,-1.0245291833039203
3180,-0.7304104034313191,-1.0245291833039203
3181,-0.5780352317157573,-1.0245291833039203
3182,-0.8203383090201548,-1.0245291833039203
3183,-0.8024829238215933,-1.0245291833039203
3184,-0.8059224550606349,-1.0245291833039203
3185,-0.9172935511059273,-1.0245291833039203
3186,-0.8014105552219305,-1.0245291833039203
3187,-1.18067100298722,-1.0245291833039203
3188,-0.9062344635650842,-1.0245291833039203
3189,-1.1342818454907566,-1.0245291833039203
3190,-1.293626208551745,-1.0245291833039203
3191,-1.0280738073804294,-1.0245291833039203
3192,-1.3177151050395175,-1.0245291833039203
3193,-1.4784578475773988,-1.0245291833039203
3194,-1.3196877737468542,-1.0245291833039203
3195,-1.3128997411416865,-1.0245291833039203
3196,-1.3482753842895814,-1.0245291833039203
3197,-1.109526795109348,-1.0245291833039203
3198,-0.9093942737273946,-1.0245291833039203
3199,-1.1593526018528264,-1.0245291833039203
3200,-0.860992351003866,-1.0245291833039203
3201,-0.8565147109111018,-1.0245291833039203
3202,-1.0990615570623568,-1.0245291833039203
3203,-0.9233852287439803,-1.0245291833039203
3204,-0.7826057429576138,-1.0245291833039203
3205,-0.7126669350505166,-1.0245291833039203
3206,-0.8890013523800849,-1.0245291833039203
3207,-0.7770806261797537,-1.0245291833039203
3208,-0.8547694496773323,-1.0245291833039203
3209,-0.8261786992034984,-1.0245291833039203
3210,-0.9755066694654532,-1.0245291833039203
3211,-0.9835974395563833,-1.0245291833039203
3212,-1.1138998868451453,-1.0245291833039203
3213,-1.12137814659217,-1.0245291833039203
3214,-1.097306946679778,-1.0245291833039203
3215,-1.1162581376723169,-1.0245291833039203
3216,-1.4029703245476448,-1.0245291833039203
3217,-1.2678309126847844,-1.0245291833039203
3218,-1.144271006716566,-1.0245291833039203
3219,-1.2787885724854808,-1.0245291833039203
3220,-1.2922115413630146,-1.0245291833039203
3221,-1.255565766574153,-1.0245291833039203
3222,-1.2831183656938145,-1.0245291833039203
3223,-0.9817186477268851,-1.0245291833039203
3224,-0.9382501255558593,-1.0245291833039203
3225,-1.0184809989203023,-1.0245291833039203
3226,-1.0091262804938812,-1.0245291833039203
3227,-0.8626763621510536,-1.0245291833039203
3228,-1.0735810741723226,-1.0245291833039203
3229,-0.8729136279049186,-1.0245291833039203
3230,-0.9843717281739924,-1.0245291833039203
3231,-0.7271830076070425,-1.0245291833039203
3232,-0.726483756489705,-1.0245291833039203
3233,-0.6723055496492696,-1.0245291833039203
3234,-0.7151663854218908,-1.0245291833039203
3235,-0.8092424709692151,-1.0245291833039203
3236,-0.6820592315392451,-1.0245291833039203
3237,-0.9076232130387639,-1.0245291833039203
3238,-0.9680975888669894,-1.0245291833039203
3239,-1.0142288223704459,-1.0245291833039203
3240,-1.1521148189692356,-1.0245291833039203
3241,-1.2299114128632298,-1.0245291833039203
3242,-1.3598763467115635,-1.0245291833039203
3243,-1.356955066943174,-1.0245291833039203
3244,-1.2569246812150343,-1.0245291833039203
3245,-1.0253271069511747,-1.0245291833039203
3246,-1.1945560903538661,-1.0245291833039203
3247,-1.1901156614789523,-1.0245291833039203
3248,-1.0955010136744727,-1.0245291833039203
3249,-0.8806434644506395,-1.0245291833039203
3250,-1.072801851630793,-1.0245291833039203
3251,-0.9253271980975786,-1.0245291833039203
3252,-0.9211263106017278,-1.0245291833039203
3253,-0.9137327339907213,-1.0245291833039203
3254,-0.9011892411541006,-1.0245291833039203
3255,-0.6746730774402514,-1.0245291833039203
3256,-0.9377674157373932,-1.0245291833039203
3257,-0.7360810805718481,-1.0245291833039203
3258,-0.7592347576280833,-1.0245291833039203
3259,-0.9916043205031165,-1.0245291833039203
3260,-0.802850680992423,-1.0245291833039203
3261,-0.9367607859092042,-1.0245291833039203
3262,-0.8830178057696637,-1.0245291833039203
3263,-1.1048523351373267,-1.0245291833039203
3264,-1.1307618803531727,-1.0245291833039203
3265,-1.2498202913607455,-1.0245291833039203
3266,-1.1913127767050185,-1.0245291833039203
3267,-1.384655599957784,-1.0245291833039203
3268,-1.2234604446727289,-1.0245291833039203
3269,-1.1911171845453297,-1.0245291833039203
3270,-1.2327830468600058,-1.0245291833039203
3271,-1.3723617219318696,-1.0245291833039203
3272,-1.1209181938631387,-1.0245291833039203
3273,-1.1578052310401947,-1.0245291833039203
3274,-0.9553488423031818,-1.0245291833039203
3275,-1.0256326444210602,-1.0245291833039203
3276,-1.0655130825263317,-1.0245291833039203
3277,-0.9578366300355102,-1.0245291833039203
3278,-0.9140710080474023,-1.0245291833039203
3279,-0.8306590527504297,-1.0245291833039203
3280,-0.8475841134106035,-1.0245291833039203
3281,-0.7086763223726213,-1.0245291833039203
3282,-0.741720984638993,-1.0245291833039203
3283,-0.7158595872721927,-1.0245291833039203
3284,-0.7302076300023999,-1.0245291833039203
3285,-0.7682594756524606,-1.0245291833039203
3286,-0.9277085529812994,-1.0245291833039203
3287,-1.1136584697250573,-1.0245291833039203
3288,-1.0318588695120885,-1.0245291833039203
3289,-0.9700330918736053,-1.0245291833039203
3290,-1.2559121990949713,-1.0245291833039203
3291,-1.2030408844960703,-1.0245291833039203
3292,-1.3394796280879033,-1.0245291833039203
3293,-1.5668990783842929,-1.0245291833039203
3294,-1.4038162532541958,-1.0245291833039203
3295,-1.200015989245358,-1.0245291833039203
3296,-1.305510194802693,-1.0245291833039203
3297,-1.107673936861386,-1.0245291833039203
3298,-0.9967627782537789,-1.0245291833039203
3299,-1.1219041120785906,-1.0245291833039203
3300,-0.9167903934768585,-1.0245291833039203
3301,-0.9985096909444638,-1.0245291833039203
3302,-0.9533127898443645,-1.0245291833039203
3303,-0.9001948824665524,-1.0245291833039203
3304,-0.5998566838018027,-1.0245291833039203
3305,-0.8724866342399664,-1.0245291833039203
3306,-0.8052340605946788,-1.0245291833039203
3307,-0.8178779033462706,-1.0245291833039203
3308,-0.7833923128150009,-1.0245291833039203
3309,-0.8994887304838382,-1.0245291833039203
3310,-0.9473642348997448,-1.0245291833039203
3311,-0.7536649493576508,-1.0245291833039203
3312,-1.0311293015806704,-1.0245291833039203
3313,-1.05209666526485,-1.0245291833039203
3314,-1.1699677717305408,-1.0245291833039203
3315,-1.205045621442556,-1.0245291833039203
3316,-1.175588942537225,-1.0245291833039203
3317,-1.3273624129152537,-1.0245291833039203
3318,-1.3846886043418225,-1.0245291833039203
3319,-1.2862185652173357,-1.0245291833039203
3320,-1.30289352297119,-1.0245291833039203
3321,-1.375094565516846,-1.0245291833039203
3322,-1.182332728862757,-1.0245291833039203
3323,-1.1062367612652342,-1.0245291833039203
3324,-0.9889656109802523,-1.0245291833039203
3325,-1.1008862176457461,-1.0245291833039203
3326,-1.0777973118957003,-1.0245291833039203
3327,-0.9243494031703593,-1.0245291833039203
3328,-0.9080091413748168,-1.0245291833039203
3329,-0.7015321682208943,-1.0245291833039203
3330,-0.723166256808343,-1.0245291833039203
3331,-0.7676223658374145,-1.0245291833039203
3332,-0.705852230290124,-1.0245291833039203
3333,-0.6280780388986376,-1.0245291833039203
3334,-0.7530903665791268,-1.0245291833039203
3335,-0.6017780631470079,-1.0245291833039203
3336,-0.7867489628950083,-1.0245291833039203
3337,-0.9920332967702136,-1.0245291833039203
3338,-1.089320288234461,-1.0245291833039203
3339,-1.1104859780465124,-1.0245291833039203
3340,-1.074068648168138,-1.0245291833039203
3341,-1.1073686327994692,-1.0245291833039203
3342,-1.0573953776912557,-1.0245291833039203
3343,-1.2694969582242144,-1.0245291833039203
3344,-1.1252722699821855,-1.0245291833039203
3345,-1.0814188439088464,-1.0245291833039203
3346,-1.1495290697802591,-1.0245291833039203
3347,-1.1567574543681427,-1.0245291833039203
3348,-1.1770804280255396,-1.0245291833039203
3349,-1.0039692423306712,-1.0245291833039203
3350,-0.9808946596001262,-1.0245291833039203
3351,-1.0587447573502535,-1.0245291833039203
3352,-0.9476449481588191,-1.0245291833039203
3353,-0.8605716321724676,-1.0245291833039203
3354,-0.8652740215808616,-1.0245291833039203
3355,-0.9664441432774933,-1.0245291833039203
3356,-0.7186896523622479,-1.0245291833039203
3357,-0.635246624477659,-1.0245291833039203
3358,-0.7461039152096006,-1.0245291833039203
3359,-0.7678028737809737,-1.0245291833039203
3360,-0.8691311590608775,-1.0245291833039203
3361,-1.0152908737805517,-1.0245291833039203
3362,-1.1146513096540474,-1.0245291833039203
3363,-1.0937657489429722,-1.0245291833039203
3364,-2.1984646944461175,-2.130339825939751
3365,-2.3845446950118316,-2.130339825939751
3366,-2.2854507629990204,-2.130339825939751
3367,-2.5067095033907614,-2.130339825939751
3368,-2.4560544319224187,-2.130339825939751
3369,-2.4623424562551297,-2.130339825939751
3370,-2.2613597177335394,-2.130339825939751
3371,-2.523105578244558,-2.130339825939751
3372,-2.322537949009634,-2.130339825939751
3373,-2.2770189191181607,-2.130339825939751
3374,-2.2648785532753144,-2.130339825939751
3375,-2.133178091845011,-2.130339825939751
3376,-2.064212362377111,-2.130339825939751
3377,-2.022144471394998,-2.130339825939751
3378,-1.9228168932329486,-2.130339825939751
3379,-1.92168738208108,-2.130339825939751
3380,-1.8838557839992451,-2.130339825939751
3381,-1.8785652007355904,-2.130339825939751
3382,-1.7793446429746291,-2.130339825939751
3383,-1.8556093158289217,-2.130339825939751
3384,-2.1388095474028277,-2.130339825939751
3385,-2.0040422753901797,-2.130339825939751
3386,-1.8590990780955585,-2.130339825939751
3387,-2.125204627289216,-2.130339825939751
3388,-2.2523451310505824,-2.130339825939751
3389,-2.2752511906758857,-2.130339825939751
3390,-2.2859734481307594,-2.130339825939751
3391,-2.3193714995906483,-2.130339825939751
3392,-2.2615965460859813,-2.130339825939751
3393,-2.3130939997597086,-2.130339825939751
3394,-2.508823427519783,-2.130339825939751
3395,-2.409394038470216,-2.130339825939751
3396,-2.3320439946167095,-2.130339825939751
3397,-2.2079015583379844,-2.130339825939751
3398,-2.2083698818858393,-2.130339825939751
3399,-2.253278438136356,-2.130339825939751
3400,-2.2217271009592423,-2.130339825939751
3401,-2.1489121638353335,-2.130339825939751
3402,-1.9563833298818976,-2.130339825939751
3403,-1.9654798900461008,-2.130339825939751
3404,-1.8137139242496219,-2.130339825939751
3405,-1.932377621786857,-2.130339825939751
3406,-1.8393238515391321,-2.130339825939751
3407,-1.9421153467112746,-2.130339825939751
3408,-1.929355775199401,-2.130339825939751
3409,-1.784952282486216,-2.130339825939751
3410,-2.016961568481654,-2.130339825939751
3411,-2.174061933654806,-2.130339825939751
3412,-2.031517279077404,-2.130339825939751
3413,-2.089859597306085,-2.130339825939751
3414,-2.2019683843243287,-2.130339825939751
3415,-2.1895194065576846,-2.130339825939751
3416,-2.447064893484965,-2.130339825939751
3417,-2.4443626378664627,-2.130339825939751
3418,-2.3942914207653114,-2.130339825939751
3419,-2.3373462425381843,-2.130339825939751
3420,-2.4265366431855364,-2.130339825939751
3421,-2.2763026052480466,-2.130339825939751
3422,-2.417904729889694,-2.130339825939751
3423,-2.1946692537171324,-2.130339825939751
3424,-2.23955523549238,-2.130339825939751
3425,-2.028592149616351,-2.130339825939751
3426,-1.9781012551316686,-2.130339825939751
3427,-1.8491382528767708,-2.130339825939751
3428,-2.0516117153611972,-2.130339825939751
3429,-1.877588502596493,-2.130339825939751
3430,-2.033833483571415,-2.130339825939751
3431,-2.0353348783755956,-2.130339825939751
3432,-1.8459315565114855,-2.130339825939751
3433,-2.036227098432263,-2.130339825939751
3434,-1.8839852098175196,-2.130339825939751
3435,-1.8931788327848071,-2.130339825939751
3436,-1.9516552447037208,-2.130339825939751
3437,-2.0442546204542675,-2.130339825939751
3438,-2.1181574473522184,-2.130339825939751
3439,-2.201401811014439,-2.130339825939751
3440,-2.3490965257883247,-2.130339825939751
3441,-2.372118355066339,-2.130339825939751
3442,3.5579306716553667,3.7049768183257066
3443,3.605516929863379,3.7049768183257066
3444,3.437610565414212,3.7049768183257066
3445,3.441340151680846,3.7049768183257066
3446,3.591568857516598,3.7049768183257066
3447,3.4956608544228556,3.7049768183257066
3448,3.59791555823557,3.7049768183257066
3449,3.5288548953851873,3.7049768183257066
3450,3.8168410277358147,3.7049768183257066
3451,3.9056800022054428,3.7049768183257066
3452,3.8506111422559406,3.7049768183257066
3453,3.8846890353034076,3.7049768183257066
3454,3.9512927151111334,3.7049768183257066
3455,3.853615715449571,3.7049768183257066
3456,4.0567801146270055,3.7049768183257066
3457,3.9790535414649497,3.7049768183257066
3458,3.962899846184339,3.7049768183257066
3459,3.987728234830491,3.7049768183257066
3460,3.9179352483212053,3.7049768183257066
3461,3.756760960013248,3.7049768183257066
3462,3.676141254094085,3.7049768183257066
3463,3.6189991956690335,3.7049768183257066
3464,3.669234360605007,3.7049768183257066
3465,3.3779454169025374,3.7049768183257066
3466,3.5026055672155385,3.7049768183257066
3467,3.448473623974936,3.7049768183257066
3468,3.4450554113988567,3.7049768183257066
3469,3.4272241413225664,3.7049768183257066
3470,3.5304222605410085,3.7049768183257066
3471,3.4037440804532904,3.7049768183257066
3472,3.5467186281006886,3.7049768183257066
3473,3.547683312080034,3.7049768183257066
3474,3.6887258725551137,3.7049768183257066
3475,3.8173470011197854,3.7049768183257066
3476,3.7820840267098377,3.7049768183257066
3477,3.867082733768566,3.7049768183257066
3478,3.655156425735692,3.7049768183257066
3479,3.9870350748733454,3.7049768183257066
3480,3.968577366838294,3.7049768183257066
3481,3.875324182028896,3.7049768183257066
3482,3.8556896406333236,3.7049768183257066
3483,3.9783757006948806,3.7049768183257066
3484,4.03387633762484,3.7049768183257066
3485,3.912822508963051,3.7049768183257066
3486,3.9042409015638913,3.7049768183257066
3487,3.849940168658519,3.7049768183257066
3488,3.920734678065416,3.7049768183257066
3489,3.34526555301164,3.7049768183257066
3490,3.3376446585922954,3.7049768183257066
3491,3.5967464781837752,3.7049768183257066
3492,3.4814587126820515,3.7049768183257066
3493,3.518052573990543,3.7049768183257066
3494,3.3880233230809007,3.7049768183257066
3495,3.491486299029766,3.7049768183257066
3496,3.6426443290117803,3.7049768183257066
3497,3.4257683573078417,3.7049768183257066
3498,3.718755668826393,3.7049768183257066
3499,3.669085751346304,3.7049768183257066
3500,3.7291164121444975,3.7049768183257066
3501,3.624166626854493,3.7049768183257066
3502,3.908854772445688,3.7049768183257066
3503,3.850721806857229,3.7049768183257066
3504,3.8998211746237863,3.7049768183257066
3505,3.9124648528662234,3.7049768183257066
3506,4.0326800917643,3.7049768183257066
3507,3.9721317280555057,3.7049768183257066
3508,3.736436470772128,3.7049768183257066
3509,3.9854742004150183,3.7049768183257066
3510,3.8119021026746935,3.7049768183257066
3511,3.6946320945974485,3.7049768183257066
3512,3.701916116313996,3.7049768183257066
3513,3.6511629115475572,3.7049768183257066
3514,3.48702855547062,3.7049768183257066
3515,3.5667778630177955,3.7049768183257066
3516,3.467358693416457,3.7049768183257066
3517,3.4016375944917616,3.7049768183257066
3518,3.469314577429054,3.7049768183257066
3519,3.584608995608285,3.7049768183257066
3520,3.478642607519775,3.7049768183257066
3521,3.3595157099847834,3.7049768183257066
3522,3.4135488968753154,3.7049768183257066
3523,3.435670378343809,3.7049768183257066
3524,3.7951711927286946,3.7049768183257066
3525,3.7972405221723076,3.7049768183257066
3526,3.7278695019812793,3.7049768183257066
3527,3.7846156973439697,3.7049768183257066
3528,3.8747943780065244,3.7049768183257066
3529,3.9330044962954993,3.7049768183257066
3530,4.001654558816405,3.7049768183257066
3531,4.132459108598848,3.7049768183257066
3532,4.024843001707334,3.7049768183257066
3533,3.904830154830329,3.7049768183257066
3534,3.952557686170522,3.7049768183257066
3535,3.8089474298581174,3.7049768183257066
3536,3.7611078398964506,3.7049768183257066
3537,3.6610973265566154,3.7049768183257066
3538,3.6560160988113277,3.7049768183257066
3539,3.7162044796992277,3.7049768183257066
3540,3.5609705023058775,3.7049768183257066
3541,3.3289620083677187,3.7049768183257066
3542,3.464257382152444,3.7049768183257066
3543,3.4731647746698466,3.7049768183257066
3544,3.52999031070097,3.7049768183257066
3545,3.5243112662877034,3.7049768183257066
3546,3.4390204677579272,3.7049768183257066
3547,3.5073477383259135,3.7049768183257066
3548,3.494018344199228,3.7049768183257066
3549,3.554907416027384,3.7049768183257066
3550,3.638909061070449,3.7049768183257066
3551,3.703836075237133,3.7049768183257066
3552,3.8914372467032474,3.7049768183257066
3553,3.8790296792372922,3.7049768183257066
3554,3.903465502999217,3.7049768183257066
3555,3.899257361169973,3.7049768183257066
3556,3.978308762667569,3.7049768183257066
3557,4.096745148993123,3.7049768183257066
3558,4.026324102360511,3.7049768183257066
3559,3.9223074769186073,3.7049768183257066
3560,3.9116450992571252,3.7049768183257066
3561,3.736078162503531,3.7049768183257066
3562,3.5740243396268814,3.7049768183257066
3563,3.840380311362401,3.7049768183257066
3564,3.6719829902690186,3.7049768183257066
3565,3.5330810660344554,3.7049768183257066
3566,3.48370319291988,3.7049768183257066
3567,3.6374851616019743,3.7049768183257066
3568,3.5284400118754338,3.7049768183257066
3569,3.3459649073382844,3.7049768183257066
3570,3.4444072398255163,3.7049768183257066
3571,3.436125595446103,3.7049768183257066
3572,3.5604176241966865,3.7049768183257066
3573,3.758034620635342,3.7049768183257066
3574,3.6480710675087082,3.7049768183257066
3575,3.7339268542903894,3.7049768183257066
3576,3.745752622979543,3.7049768183257066
3577,3.7829981851027665,3.7049768183257066
3578,3.9511220050393576,3.7049768183257066
3579,3.844082824722224,3.7049768183257066
3580,3.993750652446817,3.7049768183257066
3581,3.9291793111932507,3.7049768183257066
3582,4.0080095448099975,3.7049768183257066
3583,3.9346984467938277,3.7049768183257066
3584,3.9514143048113413,3.7049768183257066
3585,4.0536644806050255,3.7049768183257066
3586,3.841731794042974,3.7049768183257066
3587,3.7267395820126397,3.7049768183257066
3588,3.6286446313972,3.7049768183257066
3589,3.59200402054121,3.7049768183257066
3590,3.478750728687979,3.7049768183257066
3591,3.507362347520715,3.7049768183257066
3592,3.4228970242738908,3.7049768183257066
3593,3.517372814514582,3.7049768183257066
3594,3.347233584454737,3.7049768183257066
3595,3.296748519428336,3.7049768183257066
3596,3.468311062490758,3.7049768183257066
3597,3.543266932359357,3.7049768183257066
3598,3.660529860006942,3.7049768183257066
3599,3.7845205471171846,3.7049768183257066
3600,3.8401550838352,3.7049768183257066
3601,3.8530683284611924,3.7049768183257066
3602,3.8616268538083984,3.7049768183257066
3603,3.628505800887102,3.7049768183257066
3604,3.8814021939857337,3.7049768183257066
3605,4.042939399574035,3.7049768183257066
3606,4.108633744059701,3.7049768183257066
3607,3.8363019722734886,3.7049768183257066
3608,3.8545467658481947,3.7049768183257066
3609,3.9444249273198673,3.7049768183257066
3610,3.849300310181611,3.7049768183257066
3611,3.6909155912601754,3.7049768183257066
3612,3.738822871739847,3.7049768183257066
3613,3.6762975716463036,3.7049768183257066
3614,3.682407379803607,3.7049768183257066
3615,3.6102486623457195,3.7049768183257066
3616,3.558892676545729,3.7049768183257066
3617,3.4509061057367836,3.7049768183257066
3618,3.417818965111494,3.7049768183257066
3619,3.479886582262325,3.7049768183257066
3620,3.29618301791581,3.7049768183257066
3621,3.5114940982976637,3.7049768183257066
3622,3.5097670893869055,3.7049768183257066
3623,3.6776505715016152,3.7049768183257066
3624,3.67733157384282,3.7049768183257066
3625,3.762268139871017,3.7049768183257066
3626,3.5822985785303394,3.7049768183257066
3627,3.7453346910125043,3.7049768183257066
3628,3.8401229446881,3.7049768183257066
3629,3.9898145315287596,3.7049768183257066
3630,3.780113273587071,3.7049768183257066
3631,4.10473470264638,3.7049768183257066
3632,3.9293694585547296,3.7049768183257066
3633,3.9703293162638396,3.7049768183257066
3634,4.006708336379155,3.7049768183257066
3635,3.910929742133582,3.7049768183257066
3636,3.8453152561704127,3.7049768183257066
3637,3.8250093551662157,3.7049768183257066
3638,3.6050715117258445,3.7049768183257066
3639,3.672396659208143,3.7049768183257066
3640,3.4361772998462814,3.7049768183257066
3641,3.631970068158358,3.7049768183257066
3642,3.339103183532862,3.7049768183257066
3643,3.3399714322486576,3.7049768183257066
3644,3.495908498859006,3.7049768183257066
3645,3.5737141661479495,3.7049768183257066
3646,3.5097202464325794,3.7049768183257066
3647,3.50228911339111,3.7049768183257066
3648,3.6635731783256333,3.7049768183257066
3649,3.5837042725784487,3.7049768183257066
3650,3.7319559257909747,3.7049768183257066
3651,3.735779883759249,3.7049768183257066
3652,3.5941822517614086,3.7049768183257066
3653,3.877905862711788,3.7049768183257066
3654,3.9295535435151594,3.7049768183257066
3655,4.097335061142553,3.7049768183257066
3656,3.9246031241744546,3.7049768183257066
3657,4.178929142778222,3.7049768183257066
3658,3.881172437916272,3.7049768183257066
3659,3.8428205010011585,3.7049768183257066
3660,3.8301020652141116,3.7049768183257066
3661,3.6687302848547922,3.7049768183257066
3662,3.6962028558908853,3.7049768183257066
3663,3.7359502555905677,3.7049768183257066
3664,3.6020658478000156,3.7049768183257066
3665,3.5812968204517444,3.7049768183257066
3666,3.6578731726056244,3.7049768183257066
3667,3.339644906518602,3.7049768183257066
3668,3.4647977270031323,3.7049768183257066
3669,3.5160424643769685,3.7049768183257066
3670,3.6619536176310663,3.7049768183257066
3671,3.446715863491201,3.7049768183257066
3672,3.579629682729532,3.7049768183257066
3673,3.484213677161423,3.7049768183257066
3674,3.588918942361529,3.7049768183257066
3675,3.812517311810256,3.7049768183257066
3676,3.7459796379095778,3.7049768183257066
3677,3.7656795170875967,3.7049768183257066
3678,3.9345311110933854,3.7049768183257066
3679,3.8739689926723466,3.7049768183257066
3680,3.9475857892296977,3.7049768183257066
3681,3.967688925561881,3.7049768183257066
3682,4.031013712140027,3.7049768183257066
3683,3.9792087695723817,3.7049768183257066
3684,3.9729397002773363,3.7049768183257066
3685,3.7850982917281133,3.7049768183257066
3686,3.73027349314427,3.7049768183257066
3687,3.765480805105725,3.7049768183257066
3688,3.6946306369777377,3.7049768183257066
3689,3.6252429600632348,3.7049768183257066
3690,3.5380172022697307,3.7049768183257066
3691,3.690777990751602,3.7049768183257066
3692,3.563262689624113,3.7049768183257066
3693,3.2618424181752994,3.7049768183257066
3694,3.6724550049306894,3.7049768183257066
3695,3.405744517078641,3.7049768183257066
3696,3.502387404494626,3.7049768183257066
3697,3.7066304619132775,3.7049768183257066
3698,3.643186403973055,3.7049768183257066
3699,3.8034856393367185,3.7049768183257066
3700,3.8102517619089293,3.7049768183257066
3701,3.5429692772903008,3.7049768183257066
3702,3.7227957637967974,3.7049768183257066
3703,4.084584127924164,3.7049768183257066
3704,3.8144653757717255,3.7049768183257066
3705,3.943353858392888,3.7049768183257066
3706,3.999923730107481,3.7049768183257066
3707,4.062776582618173,3.7049768183257066
3708,4.062970361536373,3.7049768183257066
3709,3.6767826003202835,3.7049768183257066
3710,3.813416193821023,3.7049768183257066
3711,4.0027114889172095,3.7049768183257066
3712,3.7914062052156896,3.7049768183257066
3713,3.7986380470097014,3.7049768183257066
3714,3.4903746961456568,3.7049768183257066
3715,3.5598226966745905,3.7049768183257066
3716,3.4196376513164006,3.7049768183257066
3717,3.4580593419487293,3.7049768183257066
3718,3.5244342656717222,3.7049768183257066
3719,3.3355306648592395,3.7049768183257066
3720,3.473027365818139,3.7049768183257066
3721,3.4741768206933252,3.7049768183257066
3722,3.6308847896127716,3.7049768183257066
3723,3.5713464053564503,3.7049768183257066
3724,3.4081229812266693,3.7049768183257066
3725,3.745776177958452,3.7049768183257066
3726,3.7865181732227247,3.7049768183257066
3727,3.7181349116075824,3.7049768183257066
3728,3.882047639151699,3.7049768183257066
3729,3.973100682539378,3.7049768183257066
3730,3.982871742125452,3.7049768183257066
3731,3.9571555151974556,3.7049768183257066
3732,3.9156942360596787,3.7049768183257066
3733,3.9869215936938023,3.7049768183257066
3734,3.885949035557607,3.7049768183257066
3735,3.728091691784359,3.7049768183257066
3736,3.740588001256151,3.7049768183257066
3737,3.8580996739501643,3.7049768183257066
3738,3.701169226709734,3.7049768183257066
3739,3.4313329737187805,3.7049768183257066
3740,3.6078973994439036,3.7049768183257066
3741,3.589285050032512,3.7049768183257066
3742,3.3098734517680395,3.7049768183257066
3743,3.3246033045126815,3.7049768183257066
3744,3.339307799020385,3.7049768183257066
3745,3.461105873837121,3.7049768183257066
3746,3.5363612850836947,3.7049768183257066
3747,3.459969415105396,3.7049768183257066
3748,3.4644652508828835,3.7049768183257066
3749,3.5173122497158813,3.7049768183257066
3750,3.562024225484611,3.7049768183257066
3751,3.8006669704416045,3.7049768183257066
3752,3.8658371812387244,3.7049768183257066
3753,3.7516967543942634,3.7049768183257066
3754,3.81854103734623,3.7049768183257066
3755,3.871974554216524,3.7049768183257066
3756,3.8783707301512393,3.7049768183257066
3757,4.087691026896628,3.7049768183257066
3758,3.9649925714520133,3.7049768183257066
3759,4.071580929661467,3.7049768183257066
3760,4.031763963780754,3.7049768183257066
3761,-0.6093842097512492,-0.8364704535680281
3762,-0.9181416195302711,-0.8364704535680281
3763,-0.855805110522945,-0.8364704535680281
3764,-0.8637632815519548,-0.8364704535680281
3765,-1.0771839074389866,-0.8364704535680281
3766,-1.165224662941683,-0.8364704535680281
3767,-1.0865078981453586,-0.8364704535680281
3768,-1.2805061836701943,-0.8364704535680281
3769,-1.1901313719920148,-0.8364704535680281
3770,-1.2159008330763528,-0.8364704535680281
3771,-0.8212185851634183,-0.8364704535680281
3772,-1.0149844404659774,-0.8364704535680281
3773,-0.9571741962199247,-0.8364704535680281
3774,-0.8900683154649448,-0.8364704535680281
3775,-0.83349043206547,-0.8364704535680281
3776,-0.8787787598448248,-0.8364704535680281
3777,-0.8254910200800821,-0.8364704535680281
3778,-0.8381018587646897,-0.8364704535680281
3779,-0.4968880215224001,-0.8364704535680281
3780,-0.6233430259453633,-0.8364704535680281
3781,-0.5242038739343792,-0.8364704535680281
3782,-0.5095552405197566,-0.8364704535680281
3783,-0.6974758028869018,-0.8364704535680281
3784,-0.7907781992451379,-0.8364704535680281
3785,-0.7031516409295467,-0.8364704535680281
3786,-0.7661071044340063,-0.8364704535680281
3787,-0.8069411681556229,-0.8364704535680281
3788,-0.9039506260095685,-0.8364704535680281
3789,-0.9542514554241144,-0.8364704535680281
3790,-0.8497880494858832,-0.8364704535680281
3791,-1.1222871123093434,-0.8364704535680281
3792,-1.32342536172136,-0.8364704535680281
3793,-1.0829338554603751,-0.8364704535680281
3794,-1.1193606145380979,-0.8364704535680281
3795,-0.9725236295392844,-0.8364704535680281
3796,-1.0112079553285738,-0.8364704535680281
3797,-1.1704164327970834,-0.8364704535680281
3798,-0.9111570026254479,-0.8364704535680281
3799,-0.9982949940228558,-0.8364704535680281
3800,-0.9131611588360389,-0.8364704535680281
3801,-0.6608920876261666,-0.8364704535680281
3802,-0.7091631369317608,-0.8364704535680281
3803,-0.7239335830482647,-0.8364704535680281
3804,-0.7534510653935921,-0.8364704535680281
3805,-0.6263138255769791,-0.8364704535680281
3806,-0.5897380586130325,-0.8364704535680281
3807,-0.6326826689878691,-0.8364704535680281
3808,-0.462905533669832,-0.8364704535680281
3809,-0.5902831163910526,-0.8364704535680281
3810,-0.6343429520192008,-0.8364704535680281
3811,-0.7545051306637867,-0.8364704535680281
3812,-0.8166648963188399,-0.8364704535680281
3813,-0.9849515081310637,-0.8364704535680281
3814,-1.07227251059603,-0.8364704535680281
3815,-0.8177128296222547,-0.8364704535680281
3816,-1.1437376169553288,-0.8364704535680281
3817,-1.118934951511049,-0.8364704535680281
3818,-1.0899588580045856,-0.8364704535680281
3819,-1.1082366870958142,-0.8364704535680281
3820,-1.1218602212371418,-0.8364704535680281
3821,-1.127369968247707,-0.8364704535680281
3822,-0.8392832848614475,-0.8364704535680281
3823,-0.9575272334755639,-0.8364704535680281
3824,-1.0178136975088674,-0.8364704535680281
3825,-0.7498006405770822,-0.8364704535680281
3826,-0.846334019985482,-0.8364704535680281
3827,-0.7395376449584833,-0.8364704535680281
3828,-0.7030635849765037,-0.8364704535680281
3829,-0.6816540670868685,-0.8364704535680281
3830,-0.3389879426213606,-0.8364704535680281
3831,-0.6315266829253118,-0.8364704535680281
3832,-0.5909409771001051,-0.8364704535680281
3833,-0.719768985278466,-0.8364704535680281
3834,-0.4506176457529351,-0.8364704535680281
3835,-0.7296225993963303,-0.8364704535680281
3836,-0.7270116730796624,-0.8364704535680281
3837,-0.8570774890804133,-0.8364704535680281
3838,-0.6923330180681069,-0.8364704535680281
3839,-0.6884523320301414,-0.8364704535680281
3840,-0.9550500916516214,-0.8364704535680281
3841,-1.1916546909858088,-0.8364704535680281
3842,-0.9344861087733569,-0.8364704535680281
3843,-1.263552646581735,-0.8364704535680281
3844,-1.081856156775884,-0.8364704535680281
3845,-1.1271730272484168,-0.8364704535680281
3846,-1.11627184768934,-0.8364704535680281
3847,-0.9857365778772017,-0.8364704535680281
3848,-0.933122300907983,-0.8364704535680281
3849,-0.9821114041725232,-0.8364704535680281
3850,-1.0238716388656033,-0.8364704535680281
3851,-0.5528230285650504,-0.8364704535680281
3852,-0.6243128566190932,-0.8364704535680281
3853,-0.6231416473843908,-0.8364704535680281
3854,-0.6665821235449085,-0.8364704535680281
3855,-0.5461780229960814,-0.8364704535680281
3856,-0.6321770551489523,-0.8364704535680281
3857,-0.5511340175300319,-0.8364704535680281
3858,-0.5930372864620127,-0.8364704535680281
3859,-0.4795200579391048,-0.8364704535680281
3860,-0.6384374285850473,-0.8364704535680281
3861,-0.6490909540763904,-0.8364704535680281
3862,-0.884569369674203,-0.8364704535680281
3863,-0.8554838782350569,-0.8364704535680281
3864,-0.8754828839453533,-0.8364704535680281
3865,-0.9590661050053184,-0.8364704535680281
3866,-0.8988313923037129,-0.8364704535680281
3867,-1.1368036085003703,-0.8364704535680281
3868,-1.071081958344367,-0.8364704535680281
3869,-1.1965612780844004,-0.8364704535680281
3870,-0.8994956542724853,-0.8364704535680281
3871,-0.9665176812967419,-0.8364704535680281
3872,-1.0714803640447395,-0.8364704535680281
3873,-0.9202621631569048,-0.8364704535680281
3874,-0.8687096346892816,-0.8364704535680281
3875,-0.9814178166222148,-0.8364704535680281
3876,-0.8164966959078068,-0.8364704535680281
3877,-0.7624335979449864,-0.8364704535680281
3878,-0.7340370173637183,-0.8364704535680281
3879,-0.6369300730479688,-0.8364704535680281
3880,-0.5643588447627244,-0.8364704535680281
3881,-0.5599631430903516,-0.8364704535680281
3882,-0.49357983411284134,-0.8364704535680281
3883,-0.567898503374091,-0.8364704535680281
3884,-0.722316190973771,-0.8364704535680281
3885,-0.5875636375354588,-0.8364704535680281
3886,-0.7685649901175994,-0.8364704535680281
3887,-0.7775334515967305,-0.8364704535680281
3888,-0.765163740312681,-0.8364704535680281
3889,-0.9687703130733999,-0.8364704535680281
3890,-1.0346346057676656,-0.8364704535680281
3891,-1.1607139176047445,-0.8364704535680281
3892,-0.9607594688867699,-0.8364704535680281
3893,-1.1201424342862165,-0.8364704535680281
3894,-0.8894758377007227,-0.8364704535680281
3895,-1.0437281055093373,-0.8364704535680281
3896,-1.19944209333233,-0.8364704535680281
3897,-1.1690790444764807,-0.8364704535680281
3898,-0.8562872576961804,-0.8364704535680281
3899,-0.9092237394973146,-0.8364704535680281
3900,-0.814181006735606,-0.8364704535680281
3901,-0.7320518961563178,-0.8364704535680281
3902,-0.7039487027486784,-0.8364704535680281
3903,-0.7612542323308404,-0.8364704535680281
3904,-0.6510618127379191,-0.8364704535680281
3905,-0.6137161168187081,-0.8364704535680281
3906,-0.6071820848188486,-0.8364704535680281
3907,-0.656821645739035,-0.8364704535680281
3908,-0.5078588926644353,-0.8364704535680281
3909,-0.43592604211593433,-0.8364704535680281
3910,-0.6938240580774604,-0.8364704535680281
3911,-0.8237918499205714,-0.8364704535680281
3912,-0.8444726005517145,-0.8364704535680281
3913,-0.9413024690122692,-0.8364704535680281
3914,-1.3165521849939652,-0.8364704535680281
3915,-1.1331683089058113,-0.8364704535680281
3916,-0.9406443421298983,-0.8364704535680281
3917,-1.0851635083854647,-0.8364704535680281
3918,-1.2256776820393886,-0.8364704535680281
3919,-0.925339743345871,-0.8364704535680281
3920,-1.073997947283817,-0.8364704535680281
3921,-1.0028004309798821,-0.8364704535680281
3922,-0.8776824550603257,-0.8364704535680281
3923,-1.127245211382887,-0.8364704535680281
3924,-0.8970297818488977,-0.8364704535680281
3925,-0.8010312623004566,-0.8364704535680281
3926,-0.865104963444055,-0.8364704535680281
3927,-0.6896813486854134,-0.8364704535680281
3928,-0.4789768161729381,-0.8364704535680281
3929,-0.579807379707028,-0.8364704535680281
3930,-0.580312992058363,-0.8364704535680281
3931,-0.5592845958398733,-0.8364704535680281
3932,-0.42651196962430526,-0.8364704535680281
3933,-0.721405451442755,-0.8364704535680281
3934,-0.5137331733596228,-0.8364704535680281
3935,-0.749363029509144,-0.8364704535680281
3936,-0.729728304377381,-0.8364704535680281
3937,-0.8721631234102041,-0.8364704535680281
3938,-0.8127246621484456,-0.8364704535680281
3939,-0.9467815544679286,-0.8364704535680281
3940,-1.062369815940703,-0.8364704535680281
3941,-0.9042749848446832,-0.8364704535680281
3942,-1.013456928611514,-0.8364704535680281
3943,-1.2365137796701475,-0.8364704535680281
3944,-1.047517649143285,-0.8364704535680281
3945,-0.9932831961966853,-0.8364704535680281
3946,-1.1829287607708496,-0.8364704535680281
3947,-1.0066566807294912,-0.8364704535680281
3948,-0.8405704763000834,-0.8364704535680281
3949,-1.028513995875631,-0.8364704535680281
3950,-0.8683362614768172,-0.8364704535680281
3951,-0.7266109594741044,-0.8364704535680281
3952,-0.8037989394556022,-0.8364704535680281
3953,-0.6997372511589702,-0.8364704535680281
3954,-0.5951189630459288,-0.8364704535680281
3955,-0.5290876610796265,-0.8364704535680281
3956,-0.7233148229543241,-0.8364704535680281
3957,-0.5287185913160137,-0.8364704535680281
3958,-0.6640171644234223,-0.8364704535680281
3959,-0.5181957777052408,-0.8364704535680281
3960,-0.6518822343176832,-0.8364704535680281
3961,-0.6347180226340571,-0.8364704535680281
3962,-0.8108528165777668,-0.8364704535680281
3963,-0.8885709677042327,-0.8364704535680281
3964,-0.9229006254736906,-0.8364704535680281
3965,-0.9599722760239486,-0.8364704535680281
3966,-0.8430860562215615,-0.8364704535680281
3967,-1.2998008000013137,-0.8364704535680281
3968,-1.2302730371943305,-0.8364704535680281
3969,-0.895114727362542,-0.8364704535680281
3970,-0.92923110725327,-0.8364704535680281
3971,-1.2153652691896821,-0.8364704535680281
3972,-1.0082112491530062,-0.8364704535680281
3973,-1.0641846702818438,-0.8364704535680281
3974,-1.0643564652608322,-0.8364704535680281
3975,-0.8197523694547096,-0.8364704535680281
3976,-0.8369612862101801,-0.8364704535680281
3977,-0.5537355897260134,-0.8364704535680281
3978,-0.8118963536655983,-0.8364704535680281
3979,-0.4404088411168132,-0.8364704535680281
3980,-0.6880681065686032,-0.8364704535680281
3981,-0.7616077903733405,-0.8364704535680281
3982,-0.611052570225829,-0.8364704535680281
3983,-0.5515180442943491,-0.8364704535680281
3984,-0.7996366935593523,-0.8364704535680281
3985,-0.782386048540746,-0.8364704535680281
3986,-0.7968546736725023,-0.8364704535680281
3987,-0.7385501899321458,-0.8364704535680281
3988,-1.1173074282701205,-0.8364704535680281
3989,-0.7404308287043077,-0.8364704535680281
3990,-0.9536176233802769,-0.8364704535680281
3991,-1.125256516096629,-0.8364704535680281
3992,-0.8308048477548267,-0.8364704535680281
3993,-1.205213247378105,-0.8364704535680281
3994,-1.1501227432900896,-0.8364704535680281
3995,-1.2013808856230341,-0.8364704535680281
3996,-1.2220704185769575,-0.8364704535680281
3997,-0.8706006290388468,-0.8364704535680281
3998,-0.8212935885006192,-0.8364704535680281
3999,-0.8619905528465128,-0.8364704535680281
4000,-0.9440444777769664,-0.8364704535680281
4001,-0.9695647489078432,-0.8364704535680281
4002,-0.6734019130869742,-0.8364704535680281
4003,-0.891496385566001,-0.8364704535680281
4004,-0.6149955998331817,-0.8364704535680281
4005,-0.6396367853240583,-0.8364704535680281
4006,-0.5363543493565625,-0.8364704535680281
4007,-0.4280442487576728,-0.8364704535680281
4008,-0.5239513263059492,-0.8364704535680281
4009,-0.4617675823814926,-0.8364704535680281
4010,-0.5989243377221615,-0.8364704535680281
4011,-0.8041221373810108,-0.8364704535680281
4012,-1.5066185954292894,-1.6661930964322442
4013,-1.7096602957520344,-1.6661930964322442
4014,-1.776040276065845,-1.6661930964322442
4015,-1.6355749556330563,-1.6661930964322442
4016,-1.928084256413145,-1.6661930964322442
4017,-2.0722340073433774,-1.6661930964322442
4018,-1.9551965210079083,-1.6661930964322442
4019,-1.938317946215166,-1.6661930964322442
4020,-2.000622905073112,-1.6661930964322442
4021,-1.953000815712681,-1.6661930964322442
4022,-2.0214657084602288,-1.6661930964322442
4023,-1.7712743265082174,-1.6661930964322442
4024,-1.7102613902073862,-1.6661930964322442
4025,-1.7782448498767214,-1.6661930964322442
4026,-1.6543346011336608,-1.6661930964322442
4027,-1.5739902214293577,-1.6661930964322442
4028,-1.6181832176652327,-1.6661930964322442
4029,-1.5471899036693368,-1.6661930964322442
4030,-1.5264432700373851,-1.6661930964322442
4031,-1.4136964480326226,-1.6661930964322442
4032,-1.364602630289823,-1.6661930964322442
4033,-1.2909227676090407,-1.6661930964322442
4034,-1.4210855994111449,-1.6661930964322442
4035,-1.527997238355518,-1.6661930964322442
4036,-1.582821257274096,-1.6661930964322442
4037,-1.6030598349916974,-1.6661930964322442
4038,-1.8400527856885478,-1.6661930964322442
4039,-1.8056297340763232,-1.6661930964322442
4040,-1.759426482345626,-1.6661930964322442
4041,-1.763133810210927,-1.6661930964322442
4042,-1.7824997839082926,-1.6661930964322442
4043,-1.7399361275560827,-1.6661930964322442
4044,-1.9172949053995585,-1.6661930964322442
4045,-2.0122955544271868,-1.6661930964322442
4046,-1.8788045145563816,-1.6661930964322442
4047,-1.8107505383283358,-1.6661930964322442
4048,-1.5824348809315854,-1.6661930964322442
4049,-1.940516058860605,-1.6661930964322442
4050,-1.6001703620815002,-1.6661930964322442
4051,-1.4577970909402453,-1.6661930964322442
4052,-1.6424299695830118,-1.6661930964322442
4053,-1.601428207777315,-1.6661930964322442
4054,-1.4805355909462483,-1.6661930964322442
4055,-1.2519569625950733,-1.6661930964322442
4056,-1.4056951583624981,-1.6661930964322442
4057,-1.4941400598247598,-1.6661930964322442
4058,-1.5783441578339654,-1.6661930964322442
4059,-1.5222532361769354,-1.6661930964322442
4060,-1.3890508419974474,-1.6661930964322442
4061,-1.5342949191305284,-1.6661930964322442
4062,-1.659372386949281,-1.6661930964322442
4063,-1.7923419362351036,-1.6661930964322442
4064,-1.6813246757067197,-1.6661930964322442
4065,-1.921784354250927,-1.6661930964322442
4066,-1.7191999945218883,-1.6661930964322442
4067,-1.949362510876972,-1.6661930964322442
4068,-1.8271969876149874,-1.6661930964322442
4069,-1.8520579702439737,-1.6661930964322442
4070,-1.9472532289503246,-1.6661930964322442
4071,-1.8682048654614707,-1.6661930964322442
4072,-1.8344620006072103,-1.6661930964322442
4073,-1.7694444823669593,-1.6661930964322442
4074,-1.5749357652188325,-1.6661930964322442
4075,-1.5485545392647855,-1.6661930964322442
4076,-1.6298465221398168,-1.6661930964322442
4077,-1.4145629999097848,-1.6661930964322442
4078,-1.4565969547404307,-1.6661930964322442
4079,-1.4669111290239791,-1.6661930964322442
4080,-1.3691970476162822,-1.6661930964322442
4081,-1.289123973403747,-1.6661930964322442
4082,-1.348897285812642,-1.6661930964322442
4083,-1.1942851881219902,-1.6661930964322442
4084,-1.5531922366540167,-1.6661930964322442
4085,-1.457801795867174,-1.6661930964322442
4086,-1.6032074453816814,-1.6661930964322442
4087,-1.617265995226887,-1.6661930964322442
4088,-1.6322266097936806,-1.6661930964322442
4089,-1.7292468261950718,-1.6661930964322442
4090,-1.7565028309357433,-1.6661930964322442
4091,-1.6907896302454708,-1.6661930964322442
4092,-1.9767679649242555,-1.6661930964322442
4093,-1.852913044048371,-1.6661930964322442
4094,-1.8840667430748854,-1.6661930964322442
4095,-1.7174677007706247,-1.6661930964322442
4096,-1.7935376178793632,-1.6661930964322442
4097,-1.8197953756233447,-1.6661930964322442
4098,-1.9509326571590175,-1.6661930964322442
4099,-1.6971037757435357,-1.6661930964322442
4100,-1.815294477370303,-1.6661930964322442
4101,-1.3984083664615004,-1.6661930964322442
4102,-1.486409346285284,-1.6661930964322442
4103,-1.6599242967049836,-1.6661930964322442
4104,-1.5284216497902001,-1.6661930964322442
4105,-1.4964384539716549,-1.6661930964322442
4106,-1.6335710306954683,-1.6661930964322442
4107,-1.379099866465535,-1.6661930964322442
4108,-1.4467806886993104,-1.6661930964322442
4109,-1.2542703809134348,-1.6661930964322442
4110,-1.51784509817557,-1.6661930964322442
4111,-1.5193133557966518,-1.6661930964322442
4112,-1.70625217780715,-1.6661930964322442
4113,-1.5474883170289924,-1.6661930964322442
4114,-1.6455098171460028,-1.6661930964322442
4115,-1.7595474392435873,-1.6661930964322442
4116,-2.0688782494605342,-1.6661930964322442
4117,-1.9891282669893544,-1.6661930964322442
4118,-1.985797664220212,-1.6661930964322442
4119,-1.9102052464369297,-1.6661930964322442
4120,-1.8498212715311038,-1.6661930964322442
4121,-1.8471673853298882,-1.6661930964322442
4122,-1.994623912782063,-1.6661930964322442
4123,-1.8513809837547344,-1.6661930964322442
4124,-1.8625758626781341,-1.6661930964322442
4125,-1.7186460067740033,-1.6661930964322442
4126,-1.6288589238915603,-1.6661930964322442
4127,-1.5102957057932613,-1.6661930964322442
4128,-1.5457991293991749,-1.6661930964322442
4129,-1.5968458834708477,-1.6661930964322442
4130,-1.3148636308365833,-1.6661930964322442
4131,-1.4476043073797713,-1.6661930964322442
4132,-1.466336297652474,-1.6661930964322442
4133,-1.4111008734534116,-1.6661930964322442
4134,-1.3823344219855145,-1.6661930964322442
4135,-1.6181339517478208,-1.6661930964322442
4136,-1.606658957622321,-1.6661930964322442
4137,-1.5715075262892677,-1.6661930964322442
4138,-1.646697833242206,-1.6661930964322442
4139,-1.658788699052996,-1.6661930964322442
4140,-1.8863221609924516,-1.6661930964322442
4141,-1.8285336755276447,-1.6661930964322442
4142,-2.0429730307953515,-1.6661930964322442
4143,-1.948896597860032,-1.6661930964322442
4144,-2.1802057362006275,-1.6661930964322442
4145,-1.8129262753706799,-1.6661930964322442
4146,-1.9586750203750807,-1.6661930964322442
4147,-2.180169549818454,-1.6661930964322442
4148,-1.6698149830901243,-1.6661930964322442
4149,-1.8114144653394857,-1.6661930964322442
4150,-1.6707251296956132,-1.6661930964322442
4151,-1.5628207457542536,-1.6661930964322442
4152,-1.4315334775724573,-1.6661930964322442
4153,-1.512431614227256,-1.6661930964322442
4154,-1.4679292890090827,-1.6661930964322442
4155,-1.4127875191063868,-1.6661930964322442
4156,-1.4554057942403749,-1.6661930964322442
4157,-1.3908842226339053,-1.6661930964322442
4158,-1.3719648102887128,-1.6661930964322442
4159,-1.5894084332965017,-1.6661930964322442
4160,-1.4640041965092614,-1.6661930964322442
4161,-1.3520995198344166,-1.6661930964322442
4162,-1.5531350095750238,-1.6661930964322442
4163,-1.8701288082009664,-1.6661930964322442
4164,-1.6852082112851072,-1.6661930964322442
4165,-1.8559965007979753,-1.6661930964322442
4166,-1.8193420771782596,-1.6661930964322442
4167,-1.961923386635999,-1.6661930964322442
4168,-1.9612089247536642,-1.6661930964322442
4169,-2.0330324819379815,-1.6661930964322442
4170,-1.9280204418091886,-1.6661930964322442
4171,-1.652707175436122,-1.6661930964322442
4172,-1.9199652062775467,-1.6661930964322442
4173,-1.8486619366261594,-1.6661930964322442
4174,-1.8280398195415943,-1.6661930964322442
4175,-1.6081303700469987,-1.6661930964322442
4176,-1.674275531441757,-1.6661930964322442
4177,-1.838734099943891,-1.6661930964322442
4178,-1.515825891041918,-1.6661930964322442
4179,-1.377957448883154,-1.6661930964322442
4180,-1.4272565339314334,-1.6661930964322442
4181,-1.47455569587086,-1.6661930964322442
4182,-1.4910408463848877,-1.6661930964322442
4183,-1.3979808902392694,-1.6661930964322442
4184,-1.3700234182778739,-1.6661930964322442
4185,-1.422855870188626,-1.6661930964322442
4186,-1.595442466137408,-1.6661930964322442
4187,-1.9725873927609987,-1.6661930964322442
4188,-1.7600832297517592,-1.6661930964322442
4189,-1.666316572983049,-1.6661930964322442
4190,-1.791226114453917,-1.6661930964322442
4191,-1.9042653373624903,-1.6661930964322442
4192,-1.8575966811679805,-1.6661930964322442
4193,-1.7813762791615875,-1.6661930964322442
4194,-1.8539828882733986,-1.6661930964322442
4195,-1.877989585446621,-1.6661930964322442
4196,-1.9834972168982101,-1.6661930964322442
4197,-1.8374911478539004,-1.6661930964322442
4198,-1.7551101294082612,-1.6661930964322442
4199,-1.9134189315670422,-1.6661930964322442
4200,-1.6423275921930993,-1.6661930964322442
4201,-1.5952671308863282,-1.6661930964322442
4202,-1.829675204731862,-1.6661930964322442
4203,-1.5286579096864554,-1.6661930964322442
4204,-1.407701600586136,-1.6661930964322442
4205,-1.2867819059166286,-1.6661930964322442
4206,-1.49559250597217,-1.6661930964322442
4207,-1.5964914310487717,-1.6661930964322442
4208,-1.4421938446503606,-1.6661930964322442
4209,-1.4864879499914863,-1.6661930964322442
4210,-1.4677836399713948,-1.6661930964322442
4211,-1.7463312882046882,-1.6661930964322442
4212,-1.6686844031701509,-1.6661930964322442
4213,-1.7526094751735124,-1.6661930964322442
4214,-1.7846606873125712,-1.6661930964322442
4215,-2.046747870931088,-1.6661930964322442
4216,-1.911632621995363,-1.6661930964322442
4217,-1.8555157447746349,-1.6661930964322442
4218,-1.9966158704963366,-1.6661930964322442
4219,-1.9070811316260574,-1.6661930964322442
4220,-2.106826371185379,-1.6661930964322442
4221,-1.931532736336375,-1.6661930964322442
4222,-1.9713423096258247,-1.6661930964322442
4223,-1.6984805778639764,-1.6661930964322442
4224,-1.7454639740177507,-1.6661930964322442
4225,-1.6933628814534112,-1.6661930964322442
4226,-1.6435090738815765,-1.6661930964322442
4227,-1.5465022265845532,-1.6661930964322442
4228,-1.4051293195611094,-1.6661930964322442
4229,-1.615044400814699,-1.6661930964322442
4230,-1.5374775502687286,-1.6661930964322442
4231,-1.5819256406582292,-1.6661930964322442
4232,-1.3273546857764773,-1.6661930964322442
4233,-1.3057721320676687,-1.6661930964322442
4234,-1.5651802211973052,-1.6661930964322442
4235,-1.4763983388636381,-1.6661930964322442
4236,-1.6461109067697872,-1.6661930964322442
4237,-1.7278874887740518,-1.6661930964322442
4238,-1.7595696395214244,-1.6661930964322442
4239,-1.9502390867788888,-1.6661930964322442
4240,-2.179522194170762,-1.6661930964322442
4241,-1.9041479547766444,-1.6661930964322442
4242,-1.9146003668422524,-1.6661930964322442
4243,-1.9709677119699471,-1.6661930964322442
4244,-1.8829726366819406,-1.6661930964322442
4245,-1.8795312723474067,-1.6661930964322442
4246,-2.018681109061034,-1.6661930964322442
4247,-1.7538721688590357,-1.6661930964322442
4248,-1.7166858285922995,-1.6661930964322442
4249,-1.57275122327158,-1.6661930964322442
4250,-1.7069174099734685,-1.6661930964322442
4251,-1.6963159305160511,-1.6661930964322442
4252,-1.7097207811424646,-1.6661930964322442
4253,-1.4052938581058876,-1.6661930964322442
4254,-1.3043905348928648,-1.6661930964322442
4255,-1.3270268214141454,-1.6661930964322442
4256,-1.3904487509625139,-1.6661930964322442
4257,-1.326464329005344,-1.6661930964322442
4258,-1.5049869221070395,-1.6661930964322442
4259,-1.5609008495165062,-1.6661930964322442
4260,-1.6052245164406138,-1.6661930964322442
4261,-1.5704689698068772,-1.6661930964322442
4262,-1.6557617808666931,-1.6661930964322442
4263,-1.4832102956032576,-1.6661930964322442
4264,-1.9044257011411718,-1.6661930964322442
4265,-1.6768964236884207,-1.6661930964322442
4266,-1.7279845151473596,-1.6661930964322442
4267,-2.0485419263933493,-1.6661930964322442
4268,-2.0634421241166243,-1.6661930964322442
4269,-1.9561988201242695,-1.6661930964322442
4270,-1.9922267707427874,-1.6661930964322442
4271,-1.8464121374741174,-1.6661930964322442
4272,-2.0262461004871186,-1.6661930964322442
4273,-1.6738053495442864,-1.6661930964322442
4274,-1.5292587733405973,-1.6661930964322442
4275,-1.650548730675102,-1.6661930964322442
4276,-1.7256351239124326,-1.6661930964322442
4277,-1.6190121512648898,-1.6661930964322442
4278,-1.4655621191470007,-1.6661930964322442
4279,-1.546168143497332,-1.6661930964322442
4280,-1.460262060871885,-1.6661930964322442
4281,-1.5207467809381408,-1.6661930964322442
4282,-1.4215812332407016,-1.6661930964322442
4283,-1.3178527434616085,-1.6661930964322442
4284,-1.5530097780399659,-1.6661930964322442
4285,-1.4003829067957931,-1.6661930964322442
4286,0.9848457186680648,0.8566757710682555
4287,0.8490780142459093,0.8566757710682555
4288,0.9049120058912634,0.8566757710682555
4289,0.7571580991889444,0.8566757710682555
4290,0.7152855292013424,0.8566757710682555
4291,0.8715393695612812,0.8566757710682555
4292,0.5204620895179581,0.8566757710682555
4293,0.6303826316686884,0.8566757710682555
4294,0.6434961492598568,0.8566757710682555
4295,0.7063757994232358,0.8566757710682555
4296,0.8673960287269842,0.8566757710682555
4297,0.885423152464951,0.8566757710682555
4298,0.6648133132675724,0.8566757710682555
4299,0.8156927627859671,0.8566757710682555
4300,0.8825736368921396,0.8566757710682555
4301,1.0356503885405128,0.8566757710682555
4302,0.8020672918088374,0.8566757710682555
4303,0.9551822743139027,0.8566757710682555
4304,1.2348391481183993,0.8566757710682555
4305,1.2108467085884502,0.8566757710682555
4306,1.0687781109013297,0.8566757710682555
4307,1.1340053798847176,0.8566757710682555
4308,1.0258949264272625,0.8566757710682555
4309,1.1401131521893773,0.8566757710682555
4310,1.0537723955236893,0.8566757710682555
4311,1.0484231644512791,0.8566757710682555
4312,0.977900199070165,0.8566757710682555
4313,0.8208298679375083,0.8566757710682555
4314,0.7305622754234573,0.8566757710682555
4315,0.8078752419156274,0.8566757710682555
4316,0.5794190549491673,0.8566757710682555
4317,0.6722435094023799,0.8566757710682555
4318,0.6758613476638258,0.8566757710682555
4319,0.5712191652815564,0.8566757710682555
4320,0.5115145245360744,0.8566757710682555
4321,0.5571965206212748,0.8566757710682555
4322,0.5241262596600658,0.8566757710682555
4323,0.6090835859304156,0.8566757710682555
4324,0.7868720169948079,0.8566757710682555
4325,0.9369289504789936,0.8566757710682555
4326,0.8399605285650811,0.8566757710682555
4327,0.8052465530365304,0.8566757710682555
4328,1.1029914287192666,0.8566757710682555
4329,1.0625299585917611,0.8566757710682555
4330,1.0462776598350365,0.8566757710682555
4331,1.1669152864570589,0.8566757710682555
4332,1.1170428854029395,0.8566757710682555
4333,1.0028006938125582,0.8566757710682555
4334,1.0827717402154171,0.8566757710682555
4335,0.9520276794505325,0.8566757710682555
4336,1.1454995116939986,0.8566757710682555
4337,0.8864594980589496,0.8566757710682555
4338,0.7554764440696138,0.8566757710682555
4339,0.7674812981494534,0.8566757710682555
4340,0.6207580263850041,0.8566757710682555
4341,0.43757722590400217,0.8566757710682555
4342,0.7186715185583431,0.8566757710682555
4343,0.9191476116762543,0.8566757710682555
4344,0.40186573367768225,0.8566757710682555
4345,0.6810052474299186,0.8566757710682555
4346,0.7136330088097552,0.8566757710682555
4347,0.6356148395302226,0.8566757710682555
4348,0.6324171227300617,0.8566757710682555
4349,0.7865467649684403,0.8566757710682555
4350,0.9355331091525649,0.8566757710682555
4351,1.0216814986429383,0.8566757710682555
4352,0.9924577198560804,0.8566757710682555
4353,0.7475381368232168,0.8566757710682555
4354,1.2434366792463067,0.8566757710682555
4355,1.19170067207872,0.8566757710682555
4356,1.1665617084839623,0.8566757710682555
4357,1.0873477397857454,0.8566757710682555
4358,0.9999157854127062,0.8566757710682555
4359,1.1126815812287385,0.8566757710682555
4360,0.8740749782199473,0.8566757710682555
4361,0.9186587245916153,0.8566757710682555
4362,0.7867415528221191,0.8566757710682555
4363,0.8063388048832114,0.8566757710682555
4364,0.654776360183928,0.8566757710682555
4365,0.6159600488357457,0.8566757710682555
4366,0.661308832618402,0.8566757710682555
4367,0.7002802524711663,0.8566757710682555
4368,0.5556487063582344,0.8566757710682555
4369,0.6043810152110951,0.8566757710682555
4370,0.7294717533639827,0.8566757710682555
4371,0.6400334194327184,0.8566757710682555
4372,0.6686020519515111,0.8566757710682555
4373,0.7345973766724001,0.8566757710682555
4374,0.7034439475988401,0.8566757710682555
4375,1.0184030723580106,0.8566757710682555
4376,0.9068265328886991,0.8566757710682555
4377,1.1196522862861222,0.8566757710682555
4378,0.947117279517198,0.8566757710682555
4379,2.1786636672668345,1.9585136171708586
4380,2.133700478013636,1.9585136171708586
4381,2.115606637326268,1.9585136171708586
4382,2.2629242126483766,1.9585136171708586
4383,2.2886809459777866,1.9585136171708586
4384,2.079043222349389,1.9585136171708586
4385,2.2424875179820196,1.9585136171708586
4386,2.1349131979947447,1.9585136171708586
4387,2.0421856419927575,1.9585136171708586
4388,2.071075449493734,1.9585136171708586
4389,1.8874717040612123,1.9585136171708586
4390,1.7315205318340148,1.9585136171708586
4391,1.9315639863999914,1.9585136171708586
4392,1.8082633890467679,1.9585136171708586
4393,1.7862455597113405,1.9585136171708586
4394,1.5768590392095194,1.9585136171708586
4395,1.8143149262773315,1.9585136171708586
4396,1.7411440041021993,1.9585136171708586
4397,1.7516231747321402,1.9585136171708586
4398,1.660185459277228,1.9585136171708586
4399,1.9504110255186207,1.9585136171708586
4400,1.9235175694899533,1.9585136171708586
4401,2.18257809114816,1.9585136171708586
4402,2.127704129884473,1.9585136171708586
4403,2.087727300898321,1.9585136171708586
4404,2.080180800380681,1.9585136171708586
4405,2.2197761933867612,1.9585136171708586
4406,2.2937931733527352,1.9585136171708586
4407,2.201338469661136,1.9585136171708586
4408,2.0296252697206474,1.9585136171708586
4409,2.187351096850617,1.9585136171708586
4410,1.9285805253195811,1.9585136171708586
4411,1.898433278119289,1.9585136171708586
4412,1.9352148748709308,1.9585136171708586
4413,1.7704257629362279,1.9585136171708586
4414,1.9884048323024643,1.9585136171708586
4415,1.6391665512725837,1.9585136171708586
4416,1.673242520657381,1.9585136171708586
4417,1.8592253046981688,1.9585136171708586
4418,1.6871046428631544,1.9585136171708586
4419,1.6309339854366098,1.9585136171708586
4420,1.7198916945312739,1.9585136171708586
4421,1.6355462821935327,1.9585136171708586
4422,1.9381220501999143,1.9585136171708586
4423,1.7923513849981025,1.9585136171708586
4424,1.9526233758994884,1.9585136171708586
4425,2.055466021791115,1.9585136171708586
4426,2.042083519393951,1.9585136171708586
4427,2.1127025992176405,1.9585136171708586
4428,2.1130339003971703,1.9585136171708586
4429,2.2264262378390103,1.9585136171708586
4430,2.103071706195462,1.9585136171708586
4431,2.1314249232977,1.9585136171708586
4432,2.268409716967621,1.9585136171708586
4433,2.237426957548661,1.9585136171708586
4434,2.1242416957254293,1.9585136171708586
4435,2.017571317567497,1.9585136171708586
4436,2.074141877351349,1.9585136171708586
4437,1.9918288092613756,1.9585136171708586
4438,1.9136425522511777,1.9585136171708586
4439,1.8115614660371884,1.9585136171708586
4440,1.7958801229394181,1.9585136171708586
4441,1.7218792984019737,1.9585136171708586
4442,1.8729343666548413,1.9585136171708586
4443,1.474543436433083,1.9585136171708586
4444,1.6694108307051272,1.9585136171708586
4445,1.7603761564586768,1.9585136171708586
4446,1.7190355465592195,1.9585136171708586
4447,1.8681429516805819,1.9585136171708586
4448,1.7805927119781688,1.9585136171708586
4449,2.070987558001379,1.9585136171708586
4450,2.0173057753750343,1.9585136171708586
4451,2.0768004884719398,1.9585136171708586
4452,1.956454802067199,1.9585136171708586
4453,2.0262483180308797,1.9585136171708586
4454,2.088384698839495,1.9585136171708586
4455,2.1748979199884717,1.9585136171708586
4456,2.163604746240023,1.9585136171708586
4457,2.155273311739463,1.9585136171708586
4458,2.243405186307841,1.9585136171708586
4459,2.1921556015410277,1.9585136171708586
4460,2.264678416611798,1.9585136171708586
4461,2.1802419517220097,1.9585136171708586
4462,1.901495426658236,1.9585136171708586
4463,2.0580527788123155,1.9585136171708586
4464,1.7797655865333963,1.9585136171708586
4465,1.7687514895031173,1.9585136171708586
4466,1.7893149415796303,1.9585136171708586
4467,1.6590023025998475,1.9585136171708586
4468,1.6747948870625669,1.9585136171708586
4469,1.719004054896461,1.9585136171708586
4470,1.6966539627554855,1.9585136171708586
4471,1.7768280375251992,1.9585136171708586
4472,1.9044446802428816,1.9585136171708586
4473,1.8451465438312011,1.9585136171708586
4474,1.9073310508653052,1.9585136171708586
4475,2.1101969764305673,1.9585136171708586
4476,1.8981962564028674,1.9585136171708586
4477,2.1248923593159934,1.9585136171708586
4478,2.0351760162807633,1.9585136171708586
4479,0.21505570739089713,-0.19414583389268875
4480,-0.062427245001442366,-0.19414583389268875
4481,-0.008914198208632929,-0.19414583389268875
4482,0.049547600687148335,-0.19414583389268875
4483,0.020145811162187527,-0.19414583389268875
4484,-0.012733251623578024,-0.19414583389268875
4485,-0.009963565683226719,-0.19414583389268875
4486,-0.10199611418748385,-0.19414583389268875
4487,-0.33469849095534365,-0.19414583389268875
4488,-0.18535084256392734,-0.19414583389268875
4489,-0.2917511728284831,-0.19414583389268875
4490,-0.20308421629538403,-0.19414583389268875
4491,-0.4816391086570164,-0.19414583389268875
4492,-0.3085088306526238,-0.19414583389268875
4493,-0.49402176032648265,-0.19414583389268875
4494,-0.3233491755394653,-0.19414583389268875
4495,-0.4705565291428804,-0.19414583389268875
4496,-0.4320831472920061,-0.19414583389268875
4497,-0.45254871067327385,-0.19414583389268875
4498,-0.26728682922071534,-0.19414583389268875
4499,-0.2432037129168207,-0.19414583389268875
4500,-0.3607785182885663,-0.19414583389268875
4501,-0.13726085459847764,-0.19414583389268875
4502,-0.03842276786086318,-0.19414583389268875
4503,0.044172650579419825,-0.19414583389268875
4504,0.04344128255544935,-0.19414583389268875
4505,-0.1478667698884642,-0.19414583389268875
4506,0.08211375874221816,-0.19414583389268875
4507,0.126534558770239,-0.19414583389268875
4508,0.1830565956486559,-0.19414583389268875
4509,0.1501770573505441,-0.19414583389268875
4510,-0.23153895967410998,-0.19414583389268875
4511,-0.23378489465274646,-0.19414583389268875
4512,-0.018397305918501847,-0.19414583389268875
4513,-0.27614684438183146,-0.19414583389268875
4514,-0.2349839357589505,-0.19414583389268875
4515,-0.379201303329322,-0.19414583389268875
4516,-0.3542514189619897,-0.19414583389268875
4517,-0.5610086044939141,-0.19414583389268875
4518,-0.5160219746524195,-0.19414583389268875
4519,-0.6221351272647941,-0.19414583389268875
4520,-0.6089811859226327,-0.19414583389268875
4521,-0.3950328505443873,-0.19414583389268875
4522,-0.31262413712787457,-0.19414583389268875
4523,-0.29523162632548045,-0.19414583389268875
4524,-0.18809225571757335,-0.19414583389268875
4525,-0.12785574325311616,-0.19414583389268875
4526,-0.26174122406864364,-0.19414583389268875
4527,-0.08228310546556405,-0.19414583389268875
4528,-0.05907424772002806,-0.19414583389268875
4529,0.14897275817229766,-0.19414583389268875
4530,-0.17764696058353446,-0.19414583389268875
4531,0.1891815460679176,-0.19414583389268875
4532,-0.09889077892078099,-0.19414583389268875
4533,0.0533786636843063,-0.19414583389268875
4534,-0.04065128535316742,-0.19414583389268875
4535,-0.03872698590504425,-0.19414583389268875
4536,-0.07212176220574475,-0.19414583389268875
4537,-0.18341648930879087,-0.19414583389268875
4538,-0.19765092939371745,-0.19414583389268875
4539,-0.3189307103078523,-0.19414583389268875
4540,-0.3180515640987937,-0.19414583389268875
4541,-0.44760265537947563,-0.19414583389268875
4542,-0.2944832601657523,-0.19414583389268875
4543,-0.43200036514911433,-0.19414583389268875
4544,-0.6259334354573971,-0.19414583389268875
4545,-0.3272509338321443,-0.19414583389268875
4546,-0.5071678300925508,-0.19414583389268875
4547,-0.3405495710027727,-0.19414583389268875
4548,-0.14989789537621118,-0.19414583389268875
4549,-0.22119898041229805,-0.19414583389268875
4550,-0.19805472214786232,-0.19414583389268875
4551,-0.08494913892435976,-0.19414583389268875
4552,-0.09316123870146065,-0.19414583389268875
4553,-0.009339664599592568,-0.19414583389268875
4554,0.09946455914922195,-0.19414583389268875
4555,0.029031516240420663,-0.19414583389268875
4556,0.013535749382207307,-0.19414583389268875
4557,0.047320043938203105,-0.19414583389268875
4558,0.15362302201762304,-0.19414583389268875
4559,-0.056934865529423284,-0.19414583389268875
4560,-0.049776418165646596,-0.19414583389268875
4561,0.20833734019766198,-0.19414583389268875
4562,-0.06508041130353702,-0.19414583389268875
4563,-0.32265828561983706,-0.19414583389268875
4564,-0.3332482494615023,-0.19414583389268875
4565,-0.40767523457092253,-0.19414583389268875
4566,-0.5899963856398356,-0.19414583389268875
4567,-0.41722783148686116,-0.19414583389268875
4568,-0.37830528542147085,-0.19414583389268875
4569,-0.5344543493798186,-0.19414583389268875
4570,-0.3212187130312778,-0.19414583389268875
4571,-0.49964025968477543,-0.19414583389268875
4572,-0.4628438244412641,-0.19414583389268875
4573,-0.27653538878939,-0.19414583389268875
4574,-0.3332637656846895,-0.19414583389268875
4575,-0.21648138153983157,-0.19414583389268875
4576,-0.0330863090466898,-0.19414583389268875
4577,0.048673339906386004,-0.19414583389268875
4578,0.02252427449000005,-0.19414583389268875
4579,-0.08662499217582931,-0.19414583389268875
4580,-0.08574098043022155,-0.19414583389268875
4581,0.10754660446309514,-0.19414583389268875
4582,0.09017300556545971,-0.19414583389268875
4583,0.07778834129579498,-0.19414583389268875
4584,0.034996040525123784,-0.19414583389268875
4585,0.0017393704820584943,-0.19414583389268875
4586,-0.1844595086132121,-0.19414583389268875
4587,-0.19579573923416016,-0.19414583389268875
4588,-0.33437902845792633,-0.19414583389268875
4589,-0.2776226174600183,-0.19414583389268875
4590,-0.3451108040165032,-0.19414583389268875
4591,-0.35523403942912996,-0.19414583389268875
4592,-0.5400805307534844,-0.19414583389268875
4593,-0.48757116182099136,-0.19414583389268875
4594,-0.41972111397177403,-0.19414583389268875
4595,-0.6083824120000277,-0.19414583389268875
4596,-0.5521333161261579,-0.19414583389268875
4597,-0.16529447938307437,-0.19414583389268875
4598,-0.3890701693931639,-0.19414583389268875
4599,-0.29428873673677736,-0.19414583389268875
4600,-0.14879987395999608,-0.19414583389268875
4601,-0.16314711612611624,-0.19414583389268875
4602,-0.07656015781055575,-0.19414583389268875
4603,-0.07392598100479433,-0.19414583389268875
4604,0.05751090046016466,-0.19414583389268875
4605,0.16839835166152917,-0.19414583389268875
4606,0.10813206551880619,-0.19414583389268875
4607,0.11758459376780958,-0.19414583389268875
4608,-0.06558912041825657,-0.19414583389268875
4609,-0.11928887825700282,-0.19414583389268875
4610,0.01840957298777532,-0.19414583389268875
4611,-0.06432647639827473,-0.19414583389268875
4612,-0.3763804747269158,-0.19414583389268875
4613,-0.25889494216141334,-0.19414583389268875
4614,-0.5108773629226167,-0.19414583389268875
4615,-0.43166599230143887,-0.19414583389268875
4616,-0.27958281641486693,-0.19414583389268875
4617,-0.3704182825840947,-0.19414583389268875
4618,-0.47869911384629554,-0.19414583389268875
4619,-0.42798116372482276,-0.19414583389268875
4620,-0.40094099277074435,-0.19414583389268875
4621,-0.284937608204927,-0.19414583389268875
4622,-0.41334679674284946,-0.19414583389268875
4623,-0.3504398805257418,-0.19414583389268875
4624,-0.35421067738529194,-0.19414583389268875
4625,-0.40196394786688455,-0.19414583389268875
4626,-0.0926983824184392,-0.19414583389268875
4627,-0.1290523793530578,-0.19414583389268875
4628,0.12445437093271272,-0.19414583389268875
4629,0.213320531110206,-0.19414583389268875
4630,0.02660256973782288,-0.19414583389268875
4631,-0.1743003685864538,-0.19414583389268875
4632,0.013611363873288956,-0.19414583389268875
4633,-0.07809801680352949,-0.19414583389268875
4634,0.04905484107084199,-0.19414583389268875
4635,0.03824263997095943,-0.19414583389268875
4636,-0.21680325840798817,-0.19414583389268875
4637,-0.2120116583871448,-0.19414583389268875
4638,-0.3645910472546384,-0.19414583389268875
4639,-0.36789820453402944,-0.19414583389268875
4640,-0.30550298783595536,-0.19414583389268875
4641,-0.47226578934547037,-0.19414583389268875
4642,-0.3943574624871742,-0.19414583389268875
4643,-0.6263999626842032,-0.19414583389268875
4644,-0.5048747095313367,-0.19414583389268875
4645,-0.4874151783040651,-0.19414583389268875
4646,-0.43766042631482804,-0.19414583389268875
4647,-0.2731866836209702,-0.19414583389268875
4648,-0.25848244700812895,-0.19414583389268875
4649,-0.42952570700045106,-0.19414583389268875
4650,-0.40866842619284954,-0.19414583389268875
4651,-0.08603936418234745,-0.19414583389268875
4652,0.08004098688024743,-0.19414583389268875
4653,0.09326671161903502,-0.19414583389268875
4654,0.0782800856871545,-0.19414583389268875
4655,0.24131198322801975,-0.19414583389268875
4656,0.1673369882163491,-0.19414583389268875
4657,0.12556953227239356,-0.19414583389268875
4658,0.10376318903543476,-0.19414583389268875
4659,0.0923384631726859,-0.19414583389268875
4660,0.07199291195140184,-0.19414583389268875
4661,-0.3069883905204068,-0.19414583389268875
4662,-0.34692465361268215,-0.19414583389268875
4663,-0.13255154697986682,-0.19414583389268875
4664,-0.2654168044908727,-0.19414583389268875
4665,-0.37684146409231767,-0.19414583389268875
4666,-0.3388889674132939,-0.19414583389268875
4667,-0.5122108435436605,-0.19414583389268875
4668,-0.4818299958713344,-0.19414583389268875
4669,-0.4299139408582991,-0.19414583389268875
4670,0.415872069699246,0.5944452049644832
4671,0.3374269054171043,0.5944452049644832
4672,0.525229192617568,0.5944452049644832
4673,0.5411078571417582,0.5944452049644832
4674,0.5577036923576453,0.5944452049644832
4675,0.6420465508977138,0.5944452049644832
4676,0.7241789700841983,0.5944452049644832
4677,0.8559190435430857,0.5944452049644832
4678,0.7945029758764719,0.5944452049644832
4679,0.7960074246721583,0.5944452049644832
4680,0.9033861256758717,0.5944452049644832
4681,0.8021365827854423,0.5944452049644832
4682,0.7630180227079455,0.5944452049644832
4683,0.6173980503260657,0.5944452049644832
4684,0.8534164383754991,0.5944452049644832
4685,0.6814953863004589,0.5944452049644832
4686,0.5209339162842371,0.5944452049644832
4687,0.6357961099439675,0.5944452049644832
4688,0.29554054922823547,0.5944452049644832
4689,0.43416581559564593,0.5944452049644832
4690,0.3427720248269091,0.5944452049644832
4691,0.4022490231730451,0.5944452049644832
4692,0.37561230004902035,0.5944452049644832
4693,0.3004873970225725,0.5944452049644832
4694,0.3231431900819326,0.5944452049644832
4695,0.40229514353197354,0.5944452049644832
4696,0.2522172514148586,0.5944452049644832
4697,0.5273116129126832,0.5944452049644832
4698,0.41578140133317426,0.5944452049644832
4699,0.5681738305929922,0.5944452049644832
4700,0.4964590294750229,0.5944452049644832
4701,0.7075591947351924,0.5944452049644832
4702,0.9434384313869163,0.5944452049644832
4703,0.7115910386766804,0.5944452049644832
4704,0.7915552663064351,0.5944452049644832
4705,0.7182054773046063,0.5944452049644832
4706,0.8145900103370768,0.5944452049644832
4707,0.7915736156702964,0.5944452049644832
4708,0.7722646860217428,0.5944452049644832
4709,0.7262906518687163,0.5944452049644832
4710,0.7972216662338241,0.5944452049644832
4711,0.6883947005195726,0.5944452049644832
4712,0.6231959925492003,0.5944452049644832
4713,0.7357225786809316,0.5944452049644832
4714,0.5894968935872442,0.5944452049644832
4715,0.5260381508674572,0.5944452049644832
4716,0.42684768746670704,0.5944452049644832
4717,0.336079278735521,0.5944452049644832
4718,0.31787781423091555,0.5944452049644832
4719,0.5819159473566693,0.5944452049644832
4720,0.4239306341682004,0.5944452049644832
4721,0.48592143056335513,0.5944452049644832
4722,0.4099269591907948,0.5944452049644832
4723,0.42766451457865123,0.5944452049644832
4724,0.5565616215923352,0.5944452049644832
4725,0.6539658087059292,0.5944452049644832
4726,0.6613787702500159,0.5944452049644832
4727,0.5113540083796118,0.5944452049644832
4728,0.870632436172644,0.5944452049644832
4729,0.883444001929554,0.5944452049644832
4730,0.8388381220425993,0.5944452049644832
4731,0.7032877609203984,0.5944452049644832
4732,0.9662945961581983,0.5944452049644832
4733,0.7618327637022244,0.5944452049644832
4734,0.9515321830949913,0.5944452049644832
4735,0.8049366919466729,0.5944452049644832
4736,0.7436790776606786,0.5944452049644832
4737,0.5670066560815161,0.5944452049644832
4738,0.42855548863340287,0.5944452049644832
4739,0.3798554782610508,0.5944452049644832
4740,0.33534151392337047,0.5944452049644832
4741,0.4121447282795675,0.5944452049644832
4742,0.4351460455738145,0.5944452049644832
4743,0.2666208501268892,0.5944452049644832
4744,0.345014389523019,0.5944452049644832
4745,0.5752909711996156,0.5944452049644832
4746,0.2804316192968327,0.5944452049644832
4747,0.308751240120512,0.5944452049644832
4748,0.40783965575343323,0.5944452049644832
4749,0.4741951396312176,0.5944452049644832
4750,0.598563020082846,0.5944452049644832
4751,0.6157244707597681,0.5944452049644832
4752,0.7623370890229,0.5944452049644832
4753,0.701753100842011,0.5944452049644832
4754,0.9041061234396743,0.5944452049644832
4755,0.9378847930062921,0.5944452049644832
4756,0.868940963357248,0.5944452049644832
4757,1.0687197149273275,0.5944452049644832
4758,0.8986820148740657,0.5944452049644832
4759,0.7058153580827509,0.5944452049644832
4760,0.7370381903090686,0.5944452049644832
4761,0.9758427940576979,0.5944452049644832
4762,0.553080956060532,0.5944452049644832
4763,0.598485062276877,0.5944452049644832
4764,0.542246676362303,0.5944452049644832
4765,0.5433353163585444,0.5944452049644832
4766,0.5124747384334873,0.5944452049644832
4767,0.3069926167506066,0.5944452049644832
4768,0.40672671672722494,0.5944452049644832
4769,0.27679072344723177,0.5944452049644832
4770,0.5199606317994255,0.5944452049644832
4771,0.3411238486968603,0.5944452049644832
4772,0.3692845623364319,0.5944452049644832
4773,0.5373662894799573,0.5944452049644832
4774,0.7189943999859324,0.5944452049644832
4775,0.4381096544229966,0.5944452049644832
4776,0.8101669474923622,0.5944452049644832
4777,0.7053783724832814,0.5944452049644832
4778,0.8014031492414021,0.5944452049644832
4779,0.6758669684858116,0.5944452049644832
4780,0.8733164327857217,0.5944452049644832
4781,0.9176176677711094,0.5944452049644832
4782,0.8340222353107514,0.5944452049644832
4783,0.8583962432335983,0.5944452049644832
4784,0.9121809438015103,0.5944452049644832
4785,0.7992902427901839,0.5944452049644832
4786,0.5976039071421545,0.5944452049644832
4787,0.6936486397378878,0.5944452049644832
4788,0.4630913552184864,0.5944452049644832
4789,0.5446234522765606,0.5944452049644832
4790,0.6832415034143756,0.5944452049644832
4791,0.1823407360203044,0.5944452049644832
4792,1.1217542519580332,1.3101699733230383
4793,1.0169940549954837,1.3101699733230383
4794,0.9365237188142665,1.3101699733230383
4795,1.0258908257030153,1.3101699733230383
4796,1.0660655280662046,1.3101699733230383
4797,1.1307776537621732,1.3101699733230383
4798,1.197627386167488,1.3101699733230383
4799,1.2450361733826663,1.3101699733230383
4800,1.3467600868857215,1.3101699733230383
4801,1.340913153056208,1.3101699733230383
4802,1.5164774718122396,1.3101699733230383
4803,1.303848298661247,1.3101699733230383
4804,1.4498939238687303,1.3101699733230383
4805,1.4534064463866911,1.3101699733230383
4806,1.5318403024935217,1.3101699733230383
4807,1.6006605892122132,1.3101699733230383
4808,1.5207253954084954,1.3101699733230383
4809,1.4318298666268752,1.3101699733230383
4810,1.4678391718981352,1.3101699733230383
4811,1.4309339670066448,1.3101699733230383
4812,1.337342979390016,1.3101699733230383
4813,1.4418187370300604,1.3101699733230383
4814,1.0807412409588983,1.3101699733230383
4815,1.1874676720545936,1.3101699733230383
4816,1.004666819954496,1.3101699733230383
4817,1.1190999007809006,1.3101699733230383
4818,0.9791447771267527,1.3101699733230383
4819,1.100150658257128,1.3101699733230383
4820,1.2227735351661653,1.3101699733230383
4821,1.252924424076528,1.3101699733230383
4822,1.2534867251114172,1.3101699733230383
4823,1.1065193654805956,1.3101699733230383
4824,1.2708261598295283,1.3101699733230383
4825,1.3431573255874778,1.3101699733230383
4826,1.3555128782094275,1.3101699733230383
4827,1.4771390030965774,1.3101699733230383
4828,1.4646678874697676,1.3101699733230383
4829,-0.3377370960250541,-0.6144780687370693
4830,-0.2931057924419338,-0.6144780687370693
4831,-0.41575984578590186,-0.6144780687370693
4832,-0.38624494324732694,-0.6144780687370693
4833,-0.5269832833928154,-0.6144780687370693
4834,-0.45318257221525515,-0.6144780687370693
4835,-0.4971270095996811,-0.6144780687370693
4836,-0.4341341177294559,-0.6144780687370693
4837,-0.6564610572340897,-0.6144780687370693
4838,-0.6296425664034168,-0.6144780687370693
4839,-0.7243566443592898,-0.6144780687370693
4840,-0.6192105361400525,-0.6144780687370693
4841,-0.9325263807123381,-0.6144780687370693
4842,-0.7258335500999247,-0.6144780687370693
4843,-0.9003221894391003,-0.6144780687370693
4844,-0.8901507116714849,-0.6144780687370693
4845,-0.74269584360718,-0.6144780687370693
4846,-0.8276051764337156,-0.6144780687370693
4847,-0.8274116984030994,-0.6144780687370693
4848,-0.668603895722498,-0.6144780687370693
4849,-0.5376171740581123,-0.6144780687370693
4850,-0.6488410854265375,-0.6144780687370693
4851,-0.6817634657420891,-0.6144780687370693
4852,-0.4876469834221073,-0.6144780687370693
4853,-0.4551825521437036,-0.6144780687370693
4854,-0.3310534727837188,-0.6144780687370693
4855,-0.4682732065642871,-0.6144780687370693
4856,-0.40615268895079026,-0.6144780687370693
4857,-0.42281190074417163,-0.6144780687370693
4858,-0.4769313156270749,-0.6144780687370693
4859,-0.35927153132759515,-0.6144780687370693
4860,-0.49235217640584544,-0.6144780687370693
4861,-0.2544893636472859,-0.6144780687370693
4862,-0.7995552912012662,-0.6144780687370693
4863,-0.8678422076288344,-0.6144780687370693
4864,-0.8107796836114468,-0.6144780687370693
4865,-1.0096615030033218,-0.6144780687370693
4866,-0.94368339565415,-0.6144780687370693
4867,-0.8835663564877997,-0.6144780687370693
4868,-0.6567780553784974,-0.6144780687370693
4869,-0.9106944956291109,-0.6144780687370693
4870,-0.7929883714951195,-0.6144780687370693
4871,-0.8766081425625925,-0.6144780687370693
4872,-0.86242820965109,-0.6144780687370693
4873,-0.627759730668553,-0.6144780687370693
4874,-0.7891370591910289,-0.6144780687370693
4875,-0.6072111015779736,-0.6144780687370693
4876,-0.6136307990478347,-0.6144780687370693
4877,-0.8172966927974468,-0.6144780687370693
4878,-0.24746749223565778,-0.6144780687370693
4879,-0.48730861162645245,-0.6144780687370693
4880,-0.14316233909571696,-0.6144780687370693
4881,-0.3000099155688871,-0.6144780687370693
4882,-0.49670921354371983,-0.6144780687370693
4883,-0.4030620349945817,-0.6144780687370693
4884,-0.5656666776192936,-0.6144780687370693
4885,-0.3940891691188852,-0.6144780687370693
4886,-0.45119215245398164,-0.6144780687370693
4887,-0.7190462623168514,-0.6144780687370693
4888,-0.6841310567065023,-0.6144780687370693
4889,-0.6661500162723981,-0.6144780687370693
4890,-0.8638257213038013,-0.6144780687370693
4891,-0.8312088836732531,-0.6144780687370693
4892,-0.8186047388662153,-0.6144780687370693
4893,-0.763442277858349,-0.6144780687370693
4894,-1.000420912773378,-0.6144780687370693
4895,-0.5561429774337175,-0.04995257962066386
4896,-0.11500562694865765,-0.04995257962066386
4897,-0.17795381708012303,-0.04995257962066386
4898,-0.10587344318632069,-0.04995257962066386
4899,-0.14561210368631036,-0.04995257962066386
4900,0.010732558523466513,-0.04995257962066386
4901,-0.009584553875001713,-0.04995257962066386
4902,0.2122191071723446,-0.04995257962066386
4903,0.01965314066358509,-0.04995257962066386
4904,0.2075714595041277,-0.04995257962066386
4905,0.07701109152637131,-0.04995257962066386
4906,0.23859780357682542,-0.04995257962066386
4907,0.22704463967835029,-0.04995257962066386
4908,0.36140861907273136,-0.04995257962066386
4909,0.01197329450707374,-0.04995257962066386
4910,0.10832609006810105,-0.04995257962066386
4911,0.0027593827315212788,-0.04995257962066386
4912,-0.08562403900659019,-0.04995257962066386
4913,-0.24147950750786765,-0.04995257962066386
4914,-0.17837437356348662,-0.04995257962066386
4915,-0.22567742133501384,-0.04995257962066386
4916,-0.28088814045831867,-0.04995257962066386
4917,-0.2606360491698563,-0.04995257962066386
4918,-0.30283651786690025,-0.04995257962066386
4919,-0.33105468041611674,-0.04995257962066386
4920,-0.38761473670882063,-0.04995257962066386
4921,-0.22340267538318065,-0.04995257962066386
4922,-0.03997252887701838,-0.04995257962066386
4923,-0.1700356304173497,-0.04995257962066386
4924,-0.05698434840797443,-0.04995257962066386
4925,-0.016409119299038162,-0.04995257962066386
4926,0.06875527946056059,-0.04995257962066386
4927,0.021868687025912964,-0.04995257962066386
4928,0.1988851913848241,-0.04995257962066386
4929,0.04559942975665093,-0.04995257962066386
4930,0.3027701256603409,-0.04995257962066386
4931,0.20517961034935944,-0.04995257962066386
4932,0.2682990825939989,0.0028399601888609537
4933,0.3072071053158577,0.0028399601888609537
4934,0.2653454315690773,0.0028399601888609537
4935,0.06518470099230896,0.0028399601888609537
4936,0.10194828164920085,0.0028399601888609537
4937,0.24660158817245148,0.0028399601888609537
4938,-0.09603742202641265,0.0028399601888609537
4939,-0.40974102258452794,0.0028399601888609537
4940,-0.22578971504312395,0.0028399601888609537
4941,-0.18648313844401898,0.0028399601888609537
4942,-0.3503901324488424,0.0028399601888609537
4943,-0.24255859863108956,0.0028399601888609537
4944,-0.2125985996583705,0.0028399601888609537
4945,-0.29039088904682697,0.0028399601888609537
4946,-0.48928835428433437,0.0028399601888609537
4947,-0.01649474930571837,0.0028399601888609537
4948,-0.17757512636093076,0.0028399601888609537
4949,-0.017108800843859504,0.0028399601888609537
4950,-0.02994412843199446,0.0028399601888609537
4951,0.012615312480249885,0.0028399601888609537
4952,0.002779026693011527,0.0028399601888609537
4953,0.038463668429673026,0.0028399601888609537
4954,0.21870992107866716,0.0028399601888609537
4955,0.2637185676295425,0.0028399601888609537
4956,0.28910658254404914,0.0028399601888609537
4957,0.24465763170704793,0.0028399601888609537
4958,0.411927216677061,0.0028399601888609537
4959,-0.9281662068752097,-1.2054283111753699
4960,-1.028097388089282,-1.2054283111753699
4961,-1.086635455743025,-1.2054283111753699
4962,-1.2478015832882294,-1.2054283111753699
4963,-1.2340460214107023,-1.2054283111753699
4964,-1.3188225011796815,-1.2054283111753699
4965,-1.4589624394342162,-1.2054283111753699
4966,-1.5118413686909284,-1.2054283111753699
4967,-1.4783129819425378,-1.2054283111753699
4968,-1.3753676236245995,-1.2054283111753699
4969,-1.4113824588909605,-1.2054283111753699
4970,-1.5209965897973938,-1.2054283111753699
4971,-1.279073520907555,-1.2054283111753699
4972,-1.429680139902384,-1.2054283111753699
4973,-1.4352259739816162,-1.2054283111753699
4974,-1.1833579750679866,-1.2054283111753699
4975,-1.1108644884409293,-1.2054283111753699
4976,-1.244168511191803,-1.2054283111753699
4977,-1.1590835080520807,-1.2054283111753699
4978,-0.7869335632930613,-1.2054283111753699
4979,-0.885382303830444,-1.2054283111753699
4980,-1.0009046497718126,-1.2054283111753699
4981,-0.8734415935786095,-1.2054283111753699
4982,-1.0795856113541054,-1.2054283111753699
4983,-0.9258009272828895,-1.2054283111753699
4984,-1.0569598321179001,-1.2054283111753699
4985,-1.0339646346825717,-1.2054283111753699
4986,-1.2393579508914514,-1.2054283111753699
4987,-1.2882042803325664,-1.2054283111753699
4988,0.8016735946932736,0.8303224743807281
4989,0.6568363697327342,0.8303224743807281
4990,0.7157927857983369,0.8303224743807281
4991,0.5312515364736327,0.8303224743807281
4992,0.5692292282772071,0.8303224743807281
4993,0.5852471093266667,0.8303224743807281
4994,0.6872340406384754,0.8303224743807281
4995,0.5250997829356336,0.8303224743807281
4996,0.4908018223574699,0.8303224743807281
4997,0.6922568104318891,0.8303224743807281
4998,0.6683109051980086,0.8303224743807281
4999,0.8938523293269838,0.8303224743807281
5000,0.7108061611171153,0.8303224743807281
5001,0.8353262182009948,0.8303224743807281
5002,-1.267689515242332,-1.4246133034272186
5003,-1.2732303194025427,-1.4246133034272186
5004,-1.2002356938838914,-1.4246133034272186
5005,-1.1682108918975342,-1.4246133034272186
5006,-1.1799020338717254,-1.4246133034272186
5007,-1.1811627328742313,-1.4246133034272186
5008,-1.2168763954013726,-1.4246133034272186
5009,-1.2210079313743682,-1.4246133034272186
5010,-1.2191187292487136,-1.4246133034272186
5011,-1.205080972823682,-1.4246133034272186
5012,-1.2573493424529836,-1.4246133034272186
5013,-1.3306706508781725,-1.4246133034272186
5014,-1.5735326557723397,-1.4246133034272186
5015,-1.639245414170215,-1.4246133034272186
5016,-1.6563332936793582,-1.4246133034272186
5017,-1.5979697198293015,-1.4246133034272186
5018,-1.7125588737126536,-1.4246133034272186
5019,-1.8229911355590473,-1.4246133034272186
5020,-1.580621329445656,-1.4246133034272186
5021,-1.7586513177017935,-1.4246133034272186
5022,-1.731488212644846,-1.4246133034272186
5023,-1.4814355482083235,-1.4246133034272186
5024,-1.4554109456133184,-1.4246133034272186
5025,-1.538091904203117,-1.4246133034272186
5026,-1.232210180458119,-1.4246133034272186
5027,-1.218458220003407,-1.4246133034272186
5028,-1.14454007260528,-1.4246133034272186
5029,-1.0273138172204663,-1.4246133034272186
5030,-1.1271341202560548,-1.4246133034272186
5031,-1.0398217447679734,-1.4246133034272186
5032,-1.090576712755735,-1.4246133034272186
5033,-1.2115695320485473,-1.4246133034272186
5034,-1.3384517705640135,-1.4246133034272186
5035,-1.1761454998163678,-1.4246133034272186
5036,-1.146696185402041,-1.4246133034272186
5037,-1.3217494350251433,-1.4246133034272186
5038,-1.560172993198059,-1.4246133034272186
5039,-1.4656529488229917,-1.4246133034272186
5040,-1.5869267329147738,-1.4246133034272186
5041,-1.659814260554385,-1.4246133034272186
5042,-1.632181790675576,-1.4246133034272186
5043,-1.5930295738579003,-1.4246133034272186
5044,-1.8590460057183669,-1.4246133034272186
5045,-1.6215568670967786,-1.4246133034272186
5046,-1.7975326080585048,-1.4246133034272186
5047,-1.6855003567732338,-1.4246133034272186
5048,-1.5212766905515074,-1.4246133034272186
5049,-0.18280417015670258,0.04927092883891309
5050,0.10090493576256848,0.04927092883891309
5051,0.12826784310765613,0.04927092883891309
5052,0.15839720220367293,0.04927092883891309
5053,0.20603293466791353,0.04927092883891309
5054,0.215197352067888,0.04927092883891309
5055,0.2634086545731491,0.04927092883891309
5056,0.24130628706240617,0.04927092883891309
5057,0.320350619723431,0.04927092883891309
5058,0.2596062574047906,0.04927092883891309
5059,0.28663811921926297,0.04927092883891309
5060,0.3267644564569801,0.04927092883891309
5061,0.16275163042440827,0.04927092883891309
5062,0.025272149797546016,0.04927092883891309
5063,-0.14656525690172031,0.04927092883891309
5064,0.1358157436727608,0.04927092883891309
5065,-0.10917334327294952,0.04927092883891309
5066,-0.05732280089532879,0.04927092883891309
5067,-0.15362572754167902,0.04927092883891309
5068,-0.17528299203466927,0.04927092883891309
5069,-0.40130594571056094,0.04927092883891309
5070,-0.12426893808806716,0.04927092883891309
5071,-0.126089251304711,0.04927092883891309
5072,-0.15829902053771586,0.04927092883891309
5073,-0.10453579456235958,0.04927092883891309
5074,-0.10455181927569071,0.04927092883891309
5075,0.039918170262764195,0.04927092883891309
5076,0.03064204633930326,0.04927092883891309
5077,0.15363777993664793,0.04927092883891309
5078,0.10707172501518711,0.04927092883891309
5079,0.33109013587074443,0.04927092883891309
5080,0.4628810055705008,0.04927092883891309
5081,0.37314128364308957,0.04927092883891309
5082,0.27520264359825153,0.04927092883891309
5083,0.20623170398542928,0.04927092883891309
5084,0.1373412264010881,0.04927092883891309
5085,0.3963782776950625,0.04927092883891309
5086,0.14462936610664487,0.04927092883891309
5087,0.1460343452538712,0.04927092883891309
5088,-0.13077643903541677,0.04927092883891309
5089,0.027558251096147013,0.04927092883891309
5090,-0.17913254487499536,0.04927092883891309
5091,-0.21540494876227584,0.04927092883891309
5092,-0.25416968987007604,0.04927092883891309
5093,-0.14058352614890893,0.04927092883891309
5094,-0.2230989437284984,0.04927092883891309
5095,-0.2857816196523922,0.04927092883891309
5096,-0.16901455979005092,0.04927092883891309
5097,-0.06050850022024179,0.04927092883891309
5098,0.105272994476004,0.04927092883891309
5099,-0.1731397614886139,0.04927092883891309
5100,-0.06875068618628483,0.04927092883891309
5101,0.10127543671545255,0.04927092883891309
5102,0.3028469258575542,0.04927092883891309
5103,0.35431965505016194,0.04927092883891309
5104,0.1585037548783101,0.04927092883891309
5105,0.31654131680260655,0.04927092883891309
5106,0.1314401979694774,0.04927092883891309
5107,0.22822532144372878,0.04927092883891309
5108,0.1516867068564476,0.04927092883891309
5109,0.22758611323204142,0.04927092883891309
5110,0.18353603330168478,0.04927092883891309
5111,0.10054358082897152,0.11631958970600338
5112,0.08235331885998384,0.11631958970600338
5113,0.027393265410666712,0.11631958970600338
5114,0.08175465215430494,0.11631958970600338
5115,0.01162649381557368,0.11631958970600338
5116,0.04574614443096109,0.11631958970600338
5117,-0.1346780156650358,0.11631958970600338
5118,-0.22893276804127244,0.11631958970600338
5119,-0.18561905937247705,0.11631958970600338
5120,-0.02757616549201175,0.11631958970600338
5121,-0.046939071778121455,0.11631958970600338
5122,0.02166701640107807,0.11631958970600338
5123,-0.00802331915207126,0.11631958970600338
5124,0.18769655039566457,0.11631958970600338
5125,0.25503040010986294,0.11631958970600338
5126,0.31066195838166866,0.11631958970600338
5127,0.26315586841762945,0.11631958970600338
5128,0.46796681533815543,0.11631958970600338
5129,0.2618987424064152,0.11631958970600338
5130,0.28107254013796545,0.11631958970600338
5131,0.21336600629278143,0.11631958970600338
5132,0.4165082800833754,0.11631958970600338
5133,0.2661943440173443,0.11631958970600338
5134,0.3753915219481535,0.11631958970600338
5135,0.3214736724541096,0.11631958970600338
5136,0.23486247847584713,0.11631958970600338
5137,0.044599939223027296,0.11631958970600338
5138,0.04832994016872126,0.11631958970600338
5139,0.11998616004954599,0.11631958970600338
5140,-0.15166170953330854,0.11631958970600338
5141,-0.38462764216057627,0.11631958970600338
5142,-0.15746192278987853,0.11631958970600338
5143,-0.16713715480955438,0.11631958970600338
5144,-0.009716692565111318,0.11631958970600338
5145,-0.1707420510134228,0.11631958970600338
5146,-0.15874301859327933,0.11631958970600338
5147,0.11470872156375947,0.11631958970600338
5148,-0.03335465680540847,0.11631958970600338
5149,0.10437898066316126,0.11631958970600338
5150,-0.013422697722282353,0.11631958970600338
5151,0.27094761247504584,0.11631958970600338
5152,0.29877450634471553,0.11631958970600338
5153,0.19829137582061004,0.11631958970600338
5154,0.5736646662829318,0.11631958970600338
5155,0.4391385888096879,0.11631958970600338
5156,0.4084351454724705,0.11631958970600338
5157,0.2179595257978139,0.11631958970600338
5158,0.3764654857216142,0.11631958970600338
5159,0.20414861301060208,0.11631958970600338
5160,0.2766055833301789,0.11631958970600338
5161,0.2083596795256512,0.11631958970600338
5162,0.18113874800281562,0.11631958970600338
5163,0.03962970511602067,0.11631958970600338
5164,0.06965937299166329,0.11631958970600338
5165,0.01766033474309782,0.11631958970600338
5166,-0.16356255338257816,0.11631958970600338
5167,-0.0008277662139608843,0.11631958970600338
5168,-0.09748289623074873,0.11631958970600338
5169,-0.1455997079921003,0.11631958970600338
5170,-0.06232460006329274,0.11631958970600338
5171,-0.026823476028229737,0.11631958970600338
5172,-0.058608644798312515,0.11631958970600338
5173,0.11356766693482466,0.11631958970600338
5174,0.0537208461128577,0.11631958970600338
5175,0.1968088557699066,0.11631958970600338
5176,0.08564537132354036,0.11631958970600338
5177,0.2351148887978068,0.11631958970600338
5178,0.2729980504114899,0.11631958970600338
5179,0.2617624786374588,0.11631958970600338
5180,0.28271137753820375,0.11631958970600338
5181,0.37943611174621816,0.11631958970600338
5182,0.36396519048945364,0.11631958970600338
5183,0.199376006840029,0.11631958970600338
5184,0.12759419756766072,0.11631958970600338
5185,0.20930630227920316,0.11631958970600338
5186,0.2701496201253269,0.11631958970600338
5187,0.2241216598339173,0.11631958970600338
5188,0.044008705730182146,0.11631958970600338
5189,0.10677118991430912,0.11631958970600338
5190,-0.03872724845384318,0.11631958970600338
5191,-0.1327985412968344,0.11631958970600338
5192,-0.05467557629721925,0.11631958970600338
5193,-0.04656033033410853,0.11631958970600338
5194,0.03381255923370452,0.11631958970600338
5195,-0.38267146166352806,0.11631958970600338
5196,-0.05463813785800316,0.11631958970600338
5197,0.05461196595033038,0.11631958970600338
5198,-0.09814514585126513,0.11631958970600338
5199,-0.14687332290139027,0.11631958970600338
5200,0.30739021246035825,0.11631958970600338
5201,0.3419852228277379,0.11631958970600338
5202,0.21637622676429757,0.11631958970600338
5203,0.3820100445335429,0.11631958970600338
5204,0.513119466851543,0.11631958970600338
5205,0.22931378218109075,0.11631958970600338
5206,0.21790255462613745,0.11631958970600338
5207,0.32396435423223524,0.11631958970600338
5208,0.3990611745583176,0.11631958970600338
5209,0.541365864440708,0.11631958970600338
5210,0.15394243360516013,0.11631958970600338
5211,0.2420459800190993,0.11631958970600338
5212,0.3511510209039369,0.11631958970600338
5213,0.08437050180270717,0.11631958970600338
5214,-0.0711085488959405,0.11631958970600338
5215,-0.15948938154161899,0.11631958970600338
5216,-0.2848506063688101,0.11631958970600338
5217,-0.12810521442411027,0.11631958970600338
5218,-0.07874091879063383,0.11631958970600338
5219,-0.1559954726627974,0.11631958970600338
5220,-0.09182561330635561,0.11631958970600338
5221,-0.08720591670072458,0.11631958970600338
5222,0.05655406453915296,0.11631958970600338
5223,-0.17233738149503242,0.11631958970600338
5224,-0.06017700602730504,0.11631958970600338
5225,0.14959349559646493,0.11631958970600338
5226,0.1474266355559994,0.11631958970600338
5227,0.422536703139426,0.11631958970600338
5228,0.361829616081655,0.11631958970600338
5229,0.41132250722630936,0.11631958970600338
5230,0.4505388802985628,0.2428033096678189
5231,0.546316508568454,0.2428033096678189
5232,0.5702130490758233,0.2428033096678189
5233,0.4697087251526513,0.2428033096678189
5234,0.47352239088234593,0.2428033096678189
5235,0.5093157110026875,0.2428033096678189
5236,0.24093627524509936,0.2428033096678189
5237,0.14213929577695922,0.2428033096678189
5238,0.25462145413888626,0.2428033096678189
5239,0.28576908822439806,0.2428033096678189
5240,-0.006203313580710454,0.2428033096678189
5241,0.01680463825897016,0.2428033096678189
5242,-0.024544279696756766,0.2428033096678189
5243,0.01816449159875755,0.2428033096678189
5244,-0.02518258491603606,0.2428033096678189
5245,-0.02523602781900272,0.2428033096678189
5246,-0.09427832860959075,0.2428033096678189
5247,0.029422587592775717,0.2428033096678189
5248,0.15566392130995768,0.2428033096678189
5249,0.04578723610789423,0.2428033096678189
5250,0.23003096641223955,0.2428033096678189
5251,0.17637748473097004,0.2428033096678189
5252,0.46510020513995787,0.2428033096678189
5253,0.32504827522967117,0.2428033096678189
5254,0.4622482449089179,0.2428033096678189
5255,0.5920792730963169,0.2428033096678189
5256,0.47333111718500165,0.2428033096678189
5257,0.5574430516157265,0.2428033096678189
5258,0.2843598031250698,0.2428033096678189
5259,0.4851785037166013,0.2428033096678189
5260,0.16197240635282842,0.2428033096678189
5261,0.34937586517859215,0.2428033096678189
5262,0.23461973271940043,0.2428033096678189
5263,0.30932107874651255,0.2428033096678189
5264,0.2818402369992812,0.2428033096678189
5265,0.13904370411190053,0.2428033096678189
5266,0.110058249162578,0.2428033096678189
5267,0.08184228541650856,0.2428033096678189
5268,-0.020074475136055564,0.2428033096678189
5269,0.1866571084992068,0.2428033096678189
5270,-0.08323700283392774,0.2428033096678189
5271,0.05237454629433844,0.2428033096678189
5272,-0.19889891507341484,0.2428033096678189
5273,0.1128746077288721,0.2428033096678189
5274,0.30211967399981104,0.2428033096678189
5275,0.19156081891292107,0.2428033096678189
5276,0.21405628763958284,0.2428033096678189
5277,0.388914378580452,0.2428033096678189
5278,0.371686462304471,0.2428033096678189
5279,-1.4007449085991002,-1.5044285688822374
5280,-1.3710817431900302,-1.5044285688822374
5281,-1.2104142221506533,-1.5044285688822374
5282,-1.2994077617301336,-1.5044285688822374
5283,-1.3898265813177555,-1.5044285688822374
5284,-0.25248808756159236,-0.4276541318902997
5285,-0.13541597645042858,-0.4276541318902997
5286,-0.29198458115886927,-0.4276541318902997
5287,-0.4124521905187034,-0.4276541318902997
5288,-0.43423812187695576,-0.4276541318902997
5289,-0.5438115471781495,-0.4276541318902997
5290,-0.53402328504585,-0.4276541318902997
5291,-0.677182575338656,-0.4276541318902997
5292,-0.4171594366046813,-0.4276541318902997
5293,-0.695751772525986,-0.4276541318902997
5294,-0.6308278964802709,-0.4276541318902997
5295,-0.6620171449840389,-0.4276541318902997
5296,-0.6611854105189084,-0.4276541318902997
5297,-0.5857627282678145,-0.4276541318902997
5298,-0.5006975982938736,-0.4276541318902997
5299,-0.4500349270502407,-0.4276541318902997
5300,-0.23764095907960495,-0.4276541318902997
5301,-0.14434447579142295,-0.4276541318902997
5302,-0.1714555835336092,-0.4276541318902997
5303,-0.15324809349924404,-0.4276541318902997
5304,-0.1662921980277885,-0.4276541318902997
5305,-0.3668024641428988,-0.4276541318902997
5306,-0.1813721976353232,-0.4276541318902997
5307,-0.1111489883703955,-0.4276541318902997
5308,-0.2340772465300717,-0.4276541318902997
5309,-0.1862033176944847,-0.4276541318902997
5310,-0.265790918620851,-0.4276541318902997
5311,-0.45260711392330966,-0.4276541318902997
5312,-0.4852857524647768,-0.4276541318902997
5313,-0.5273303790028161,-0.4276541318902997
5314,-0.5854615094460721,-0.4276541318902997
5315,-0.578125113742241,-0.4276541318902997
5316,-0.5107437595402681,-0.4276541318902997
5317,-0.6363308235114529,-0.4276541318902997
5318,-0.6162100793438311,-0.4276541318902997
5319,-0.6977001615928905,-0.4276541318902997
5320,-0.7597837700927037,-0.4276541318902997
5321,-0.6874237374501564,-0.4276541318902997
5322,-0.4412897759191202,-0.4276541318902997
5323,-0.6014564086263017,-0.4276541318902997
5324,-0.36047890053823944,-0.4276541318902997
5325,-0.4914664689977037,-0.4276541318902997
5326,-0.47581560621417424,-0.4276541318902997
5327,-0.12571018459846406,-0.4276541318902997
5328,-0.26173257666131056,-0.4276541318902997
5329,-0.1977013558428471,-0.4276541318902997
5330,-0.17795480796203544,-0.4276541318902997
5331,-0.14446352182331246,-0.4276541318902997
5332,-0.11612992948115097,-0.4276541318902997
5333,-0.2962520715354461,-0.4276541318902997
5334,-0.2729582945070356,-0.4276541318902997
5335,-0.2976150261951138,-0.4276541318902997
5336,-0.35604485146678977,-0.4276541318902997
5337,-0.3888394918593733,-0.4276541318902997
5338,-0.5835969018546362,-0.4276541318902997
5339,-0.6058896416720415,-0.4276541318902997
5340,-0.6660310588730454,-0.4276541318902997
5341,-0.6663247473447365,-0.4276541318902997
5342,-0.7302701869777598,-0.4276541318902997
5343,-0.5905047559020185,-0.4276541318902997
5344,-0.596281995563243,-0.4276541318902997
5345,-0.75836385907241,-0.4276541318902997
5346,-0.6598639045670338,-0.4276541318902997
5347,-0.6399111730882784,-0.4276541318902997
5348,-0.6023433870918784,-0.4276541318902997
5349,-0.455048297031575,-0.4276541318902997
5350,-0.41626462730799785,-0.4276541318902997
5351,-0.5025646326405071,-0.4276541318902997
5352,-0.18087473538085508,-0.4276541318902997
5353,-0.17540964144195814,-0.4276541318902997
5354,-0.2831858470266799,-0.4276541318902997
5355,-0.1747189687927555,-0.4276541318902997
5356,-0.009193583516610232,-0.4276541318902997
5357,-0.0637684303883436,-0.4276541318902997
5358,-0.3879451299624481,-0.4276541318902997
5359,-0.17245205794759405,-0.4276541318902997
5360,-0.16721769766357084,-0.4276541318902997
5361,-0.497077496673045,-0.4276541318902997
5362,-0.26714850954832536,-0.4276541318902997
5363,-0.4802784958453128,-0.4276541318902997
5364,-0.47047461567912097,-0.4276541318902997
5365,-0.6038410908908428,-0.4276541318902997
5366,-0.659324912528441,-0.4276541318902997
5367,-0.5489213514912324,-0.4276541318902997
5368,-0.850156248021013,-0.4276541318902997
5369,-0.6773243664284614,-0.4276541318902997
5370,-0.783799729106904,-0.4276541318902997
5371,-0.6384363878165951,-0.4276541318902997
5372,-0.5449856523725223,-0.4276541318902997
5373,-0.42127484858075037,-0.4276541318902997
5374,-0.4441291029829497,-0.4276541318902997
5375,-0.44856252215617154,-0.4276541318902997
5376,-0.3727522880702239,-0.4276541318902997
5377,-0.31063530536924366,-0.4276541318902997
5378,-0.3124125184543052,-0.4276541318902997
5379,-0.1730159819663188,-0.4276541318902997
5380,-0.3094076417630599,-0.4276541318902997
5381,-0.16906917740170258,-0.4276541318902997
5382,-0.18609311657399136,-0.4276541318902997
5383,-0.3271062927149876,-0.4276541318902997
5384,-0.21290836979094482,-0.4276541318902997
5385,-0.07839968458867268,-0.4276541318902997
5386,-0.276590372657586,-0.4276541318902997
5387,-0.2999214651687,-0.4276541318902997
5388,-0.266185572761519,-0.4276541318902997
5389,-0.5311601270679093,-0.4276541318902997
5390,-0.5623391078113434,-0.4276541318902997
5391,-0.6961838856369919,-0.4276541318902997
5392,-0.5951551531385215,-0.4276541318902997
5393,-0.8291880371250822,-0.4276541318902997
5394,-0.663838855332262,-0.4276541318902997
5395,-0.5940908468016975,-0.4276541318902997
5396,-0.6758363969729257,-0.4276541318902997
5397,-0.6293611441211884,-0.4276541318902997
5398,-0.5746209862840962,-0.4276541318902997
5399,-0.319894246718059,-0.4276541318902997
5400,-0.42043135186249964,-0.4276541318902997
5401,-0.4106717857582117,-0.4276541318902997
5402,-0.35632044073398295,-0.4276541318902997
5403,-0.2421216203222697,-0.4276541318902997
5404,-0.22348947234781513,-0.4276541318902997
5405,-0.08805977565892176,-0.4276541318902997
5406,-0.08665887333532724,-0.4276541318902997
5407,-0.2243817365334761,-0.4276541318902997
5408,-0.25554505473155253,-0.4276541318902997
5409,-0.28693553150413675,-0.4276541318902997
5410,-0.1675571258227036,-0.4276541318902997
5411,-0.23077359722963822,-0.4276541318902997
5412,-0.5325034149166123,-0.4276541318902997
5413,-0.5757230312585919,-0.4276541318902997
5414,-0.7232748656297339,-0.4276541318902997
5415,-0.479508668032984,-0.4276541318902997
5416,-0.6292472736491848,-0.4276541318902997
5417,-0.6271743071861902,-0.4276541318902997
5418,-0.6957903588881506,-0.4276541318902997
5419,-0.8061833647493869,-0.4276541318902997
5420,-0.5201294292233313,-0.4276541318902997
5421,-0.6102650034825873,-0.4276541318902997
5422,-0.6515923327034494,-0.4276541318902997
5423,-0.5572907080639001,-0.4276541318902997
5424,-0.6174076008812215,-0.4276541318902997
5425,-0.4496525929206949,-0.4276541318902997
5426,-0.41784979325913685,-0.4276541318902997
5427,-0.46489280871138383,-0.4276541318902997
5428,-0.24569951761951223,-0.4276541318902997
5429,-0.18354899815237993,-0.4276541318902997
5430,-0.2749509236766108,-0.4276541318902997
5431,-0.26992810314496285,-0.4276541318902997
5432,-0.21197603322227063,-0.4276541318902997
5433,-0.2831765715749577,-0.4276541318902997
5434,-0.08711574641359654,-0.4276541318902997
5435,-0.18359977931802596,-0.4276541318902997
5436,-0.3406725095463827,-0.4276541318902997
5437,-0.3646791277854011,-0.4276541318902997
5438,-0.48834657491069716,-0.4276541318902997
5439,-0.5754440526000667,-0.4276541318902997
5440,-0.5546769440021795,-0.4276541318902997
5441,-0.6542875491153712,-0.4276541318902997
5442,-0.592758029642981,-0.4276541318902997
5443,-0.6694357605133908,-0.4276541318902997
5444,-0.6595384904140907,-0.4276541318902997
5445,-0.7288377773195076,-0.4276541318902997
5446,-0.7468396994135786,-0.4276541318902997
5447,-0.7223710044584116,-0.4276541318902997
5448,-0.5025663170418021,-0.4276541318902997
5449,-0.40329702174549464,-0.4276541318902997
5450,-0.5410184585460989,-0.4276541318902997
5451,-0.3953224154231772,-0.4276541318902997
5452,-0.12091204035404698,-0.4276541318902997
5453,-0.19659070141079008,-0.4276541318902997
5454,-0.24297805619507595,-0.4276541318902997
5455,-0.11688584401448615,-0.4276541318902997
5456,-0.06802842243055754,-0.4276541318902997
5457,-0.14224152464576897,-0.4276541318902997
5458,-0.28567189500898993,-0.4276541318902997
5459,-0.17727236170307195,-0.4276541318902997
5460,-0.3816184920163316,-0.4276541318902997
5461,-0.25108201877852365,-0.4276541318902997
5462,1.0373955372389472,1.0425088179474418
5463,0.8935862516824016,1.0425088179474418
5464,0.9935249243166844,1.0425088179474418
5465,1.0895823988191635,1.0425088179474418
5466,0.9175900017985772,1.0425088179474418
5467,0.7516080515558863,1.0425088179474418
5468,0.898858759151798,1.0425088179474418
5469,0.8046265168371691,1.0425088179474418
5470,0.9294175424483997,1.0425088179474418
5471,0.8326041922673171,1.0425088179474418
5472,0.7313345635362691,1.0425088179474418
5473,0.7599235659179541,1.0425088179474418
5474,0.8949706250139452,1.0425088179474418
5475,0.9964240870084135,1.0425088179474418
5476,1.1650432109886268,1.0425088179474418
5477,0.9956421388810377,1.0425088179474418
5478,1.2010188492147142,1.0425088179474418
5479,1.3221040706599223,1.0425088179474418
5480,1.2963640711772648,1.0425088179474418
5481,1.3864362779690458,1.0425088179474418
5482,1.0717267688576568,1.0425088179474418
5483,1.3414572063058774,1.0425088179474418
5484,1.1712893549247423,1.0425088179474418
5485,1.141496195980136,1.0425088179474418
5486,1.2408926831065192,1.0425088179474418
5487,1.164820930006727,1.0425088179474418
5488,0.9679484237335431,1.0425088179474418
5489,0.9878668835400746,1.0425088179474418
5490,0.9099708024670519,1.0425088179474418
5491,0.7227769115230065,1.0425088179474418
5492,0.9554921262693636,1.0425088179474418
5493,0.5789469890892794,0.7033102322497785
5494,0.45608046152787307,0.7033102322497785
5495,0.6409022450964917,0.7033102322497785
5496,0.3552639790979114,0.7033102322497785
5497,0.4057330801776504,0.7033102322497785
5498,0.5390641183170493,0.7033102322497785
5499,0.5651235763009966,0.7033102322497785
