0,1.066175795345489,1.0918937136362954
1,1.148834787422696,1.0918937136362954
2,1.118363229340861,1.0918937136362954
3,1.010316622805572,1.0918937136362954
4,0.7814305429792161,0.6750584159383035
5,0.8304000506908293,0.6750584159383035
6,0.678503216500313,0.6750584159383035
7,0.8100563085809723,0.6750584159383035
8,0.695293062023444,0.6750584159383035
9,0.6276511107129454,0.6750584159383035
10,0.7630130411538796,0.6750584159383035
11,0.8224792220857744,0.6750584159383035
12,0.4619788614448295,0.6750584159383035
13,0.7321435634860448,0.6750584159383035
14,0.8575326344543152,0.6750584159383035
15,0.6375216722033039,0.6750584159383035
16,0.7264524644151596,0.6750584159383035
17,0.4954737641394028,0.6750584159383035
18,0.4460285439512145,0.6750584159383035
19,0.5614168673961283,0.6750584159383035
20,0.6033769893804435,0.6750584159383035
21,0.6339639854121709,0.6750584159383035
22,0.5932156252149166,0.6750584159383035
23,0.7144835820737411,0.6750584159383035
24,0.6611487805199351,0.6750584159383035
25,0.8356725368200817,0.6750584159383035
26,0.7529902242450162,0.6750584159383035
27,0.7756317325452806,0.6750584159383035
28,0.8803844066542706,0.6750584159383035
29,0.6552238289754111,0.6750584159383035
30,0.8970197801782712,0.6750584159383035
31,0.5646270750685719,0.6750584159383035
32,0.6602972033588513,0.6750584159383035
33,0.8667587658581645,0.6750584159383035
34,0.8164076732026402,0.6750584159383035
35,0.7224303498755312,0.6750584159383035
36,0.7257567415482743,0.6750584159383035
37,0.6444404082149086,0.6750584159383035
38,0.7227084664520196,0.6750584159383035
39,0.8146444687076112,0.6750584159383035
40,0.6311832643198578,0.6750584159383035
41,0.5292259600750389,0.6750584159383035
42,0.6506192647196049,0.6750584159383035
43,0.695803626340563,0.6750584159383035
44,0.7346893396938468,0.6750584159383035
45,0.6018319134582726,0.6750584159383035
46,0.6219678971158284,0.6750584159383035
47,0.5684659195984814,0.6750584159383035
48,0.647975498985048,0.6750584159383035
49,0.6374130567383035,0.6750584159383035
50,0.7724890398813931,0.6750584159383035
51,0.6418342763614261,0.6750584159383035
52,0.6077190732601205,0.6750584159383035
53,0.695010245934202,0.6750584159383035
54,0.5996523256468188,0.6750584159383035
55,0.5932091491541072,0.6750584159383035
56,0.8069495934975742,0.6750584159383035
57,0.6854319795221463,0.6750584159383035
58,0.8047917496190489,0.6750584159383035
59,0.7636202812464844,0.6750584159383035
60,0.7197493043636274,0.6750584159383035
61,0.7416867577405145,0.6750584159383035
62,0.4439644920315899,0.6750584159383035
63,0.6373910895735503,0.6750584159383035
64,0.8231431853320439,0.6750584159383035
65,0.41625195974606544,0.6750584159383035
66,0.7122414856639337,0.6750584159383035
67,0.6078197502480824,0.6750584159383035
68,0.5842943538541097,0.6750584159383035
69,0.6711387462526068,0.6750584159383035
70,0.5168997437203015,0.6750584159383035
71,0.8062547828248787,0.6750584159383035
72,0.4426727930358863,0.6750584159383035
73,0.6604776631490331,0.6750584159383035
74,0.7846599559431703,0.6750584159383035
75,0.6184506230471243,0.6750584159383035
76,0.7258866055397608,0.6750584159383035
77,0.5521899921417133,0.6750584159383035
78,0.6697666110540723,0.6750584159383035
79,0.8075870686665289,0.6750584159383035
80,0.5989932607800055,0.6750584159383035
81,0.8068329843212219,0.6750584159383035
82,0.6923724440546644,0.6750584159383035
83,0.7871493157712369,0.6750584159383035
84,0.761835717765529,0.6750584159383035
85,0.7051760349355695,0.6750584159383035
86,0.6280716526197299,0.6750584159383035
87,0.7881362076938924,0.6750584159383035
88,0.65507415389048,0.6750584159383035
89,0.6984543822369567,0.6750584159383035
90,0.7150924004326497,0.6750584159383035
91,0.6659257471934814,0.6750584159383035
92,0.7850466224367094,0.6750584159383035
93,0.5295184268551069,0.6750584159383035
94,0.6724387378255849,0.6750584159383035
95,0.672169249593136,0.6750584159383035
96,0.5160777124469342,0.6750584159383035
97,0.4911844563123519,0.6750584159383035
98,0.6012794362908768,0.6750584159383035
99,0.636075003874998,0.6750584159383035
100,0.5651542445670088,0.6750584159383035
101,0.8349774374056725,0.6750584159383035
102,0.5564506610390868,0.6750584159383035
103,0.7520362245165244,0.6750584159383035
104,0.7967053510025306,0.6750584159383035
105,0.6606384262371676,0.6750584159383035
106,0.8556244113308215,0.6750584159383035
107,0.9048876467574164,0.6750584159383035
108,0.8354912824346225,0.6750584159383035
109,0.7880460014926091,0.6750584159383035
110,0.7647679465496522,0.6750584159383035
111,0.7311263556202119,0.6750584159383035
112,0.6706478070212087,0.6750584159383035
113,0.6245948818053285,0.6750584159383035
114,0.5126688020801579,0.6750584159383035
115,0.6771450885430735,0.6750584159383035
116,0.631677074019947,0.6750584159383035
117,0.41137304109698736,0.6750584159383035
118,0.46951902105087406,0.6750584159383035
119,0.7153691009636908,0.6750584159383035
120,0.6078875229680151,0.6750584159383035
121,0.5270085439625989,0.6750584159383035
122,0.6449001440983902,0.6750584159383035
123,0.6418639422183086,0.6750584159383035
124,0.544752322433125,0.6750584159383035
125,0.6000931393170397,0.6750584159383035
126,0.7909367151273076,0.6750584159383035
127,0.7361123635627767,0.6750584159383035
128,0.5729538036665349,0.6750584159383035
129,0.5979070706519776,0.6750584159383035
130,0.7523977500500932,0.6750584159383035
131,0.8370135224264725,0.6750584159383035
132,0.7364537662709513,0.6750584159383035
133,0.7002263384587097,0.6750584159383035
134,0.7497275632844804,0.6750584159383035
135,0.5999631131350981,0.6750584159383035
136,0.7896916918979167,0.6750584159383035
137,0.5398327920480889,0.6750584159383035
138,0.8709693494477423,0.6750584159383035
139,0.517265865985105,0.6750584159383035
140,0.6242290016508724,0.6750584159383035
141,0.7545046453292936,0.6750584159383035
142,0.5729472983516026,0.6750584159383035
143,0.4652325771651141,0.6750584159383035
144,0.6435579857699536,0.6750584159383035
145,0.4504472001752461,0.6750584159383035
146,0.7204232431029768,0.6750584159383035
147,0.7102600087922756,0.6750584159383035
148,0.5518872123521305,0.6750584159383035
149,0.5557733862913143,0.6750584159383035
150,0.5854642014230139,0.6750584159383035
151,0.555129273496321,0.6750584159383035
152,0.7255653600318884,0.6750584159383035
153,0.5617454872385507,0.6750584159383035
154,0.870826894115555,0.6750584159383035
155,0.7615476702018203,0.6750584159383035
156,0.7535649167068217,0.6750584159383035
157,0.7058979897433733,0.6750584159383035
158,0.747106095105751,0.6750584159383035
159,0.7848790428358021,0.6750584159383035
160,0.6529668931031045,0.6750584159383035
161,0.6552499128448288,0.6750584159383035
162,0.5845819046661067,0.6750584159383035
163,0.6941650215189648,0.6750584159383035
164,0.7519501982727007,0.6750584159383035
165,0.511784660252397,0.6750584159383035
166,0.5670356062177412,0.6750584159383035
167,0.5506736097038369,0.6750584159383035
168,0.5577419128866776,0.6750584159383035
169,0.6432484522700338,0.6750584159383035
170,0.6540143586700699,0.6750584159383035
171,0.6317104841070982,0.6750584159383035
172,0.7219993121227786,0.6750584159383035
173,0.7051191393747284,0.6750584159383035
174,0.8357418331934395,0.6750584159383035
175,0.4903519289233166,0.6750584159383035
176,0.6788419338677542,0.6750584159383035
177,0.7201080778116935,0.6750584159383035
178,0.7427894319535182,0.6750584159383035
179,0.823730322654157,0.6750584159383035
180,0.7359446947336543,0.6750584159383035
181,0.6092264248769051,0.6750584159383035
182,0.7589348881162041,0.6750584159383035
183,0.7774030212075864,0.6750584159383035
184,0.7143919659198016,0.6750584159383035
185,0.7337250936272207,0.6750584159383035
186,0.5745559381300271,0.6750584159383035
187,0.6315002374448608,0.6750584159383035
188,0.5029709343344241,0.6750584159383035
189,0.7479266287954892,0.6750584159383035
190,0.5649035002337891,0.6750584159383035
191,0.8108835192310673,0.6750584159383035
192,0.6390605669371038,0.6750584159383035
193,0.5997191379759358,0.6750584159383035
194,0.6384140179597432,0.6750584159383035
195,0.49807530704104697,0.6750584159383035
196,0.8550934982475059,0.6750584159383035
197,0.654852134805309,0.6750584159383035
198,0.6685257682397774,0.6750584159383035
199,0.5490970265379627,0.6750584159383035
200,0.8094825931657081,0.6750584159383035
201,0.63463022649239,0.6750584159383035
202,0.7037019724530624,0.6750584159383035
203,0.7758171949875036,0.6750584159383035
204,0.7322772836555972,0.6750584159383035
205,0.8055857265633564,0.6750584159383035
206,0.6682300618908102,0.6750584159383035
207,0.7607005556549445,0.6750584159383035
208,0.7369397087080164,0.6750584159383035
209,0.772355822199954,0.6750584159383035
210,0.7513246305153201,0.6750584159383035
211,0.10660038127121721,-0.0031741524670008407
212,0.07768113528998065,-0.0031741524670008407
213,-0.0068182984078262315,-0.0031741524670008407
214,-0.19854495821398913,-0.0031741524670008407
215,-0.09953615755675276,-0.0031741524670008407
216,-0.10371482757981391,-0.0031741524670008407
217,0.0623905196699536,-0.0031741524670008407
218,-0.008153156746498087,-0.0031741524670008407
219,-0.14574745446531306,-0.0031741524670008407
220,-0.0072010944523701464,-0.0031741524670008407
221,0.037236234029774946,-0.0031741524670008407
222,-0.13331329660643235,-0.0031741524670008407
223,-0.059064419919175964,-0.0031741524670008407
224,-0.0373348957316853,-0.0031741524670008407
225,-0.0085564168338738,-0.0031741524670008407
226,0.0701231241109729,-0.0031741524670008407
227,-0.1361858011071542,-0.0031741524670008407
228,-0.0432456042197782,-0.0031741524670008407
229,-0.9896269154464092,-1.1527209480709415
230,-1.1607556295139883,-1.1527209480709415
231,-1.0422936254567285,-1.1527209480709415
232,-1.1392956889421169,-1.1527209480709415
233,-1.0951384293097994,-1.1527209480709415
234,-0.9770215259856618,-1.1527209480709415
235,-1.1213252753461471,-1.1527209480709415
236,-1.162824550755687,-1.1527209480709415
237,-1.281639863696029,-1.1527209480709415
238,-1.1052254595850346,-1.1527209480709415
239,-0.9714283689199893,-1.1527209480709415
240,-1.307615253953961,-1.1527209480709415
241,-1.314254427991437,-1.1527209480709415
242,-1.3919722118188,-1.1527209480709415
243,-1.2137717113120088,-1.1527209480709415
244,-1.2418603821087277,-1.1527209480709415
245,-0.9924932424796037,-1.1527209480709415
246,-1.0829081060831687,-1.1527209480709415
247,-1.1982204021530845,-1.1527209480709415
248,-1.2104212655629336,-1.1527209480709415
249,-1.0922794453832259,-1.1527209480709415
250,-1.2838082875761763,-1.1527209480709415
251,-1.2253635250192096,-1.1527209480709415
252,-0.9272867678100992,-1.1527209480709415
253,-1.0238216532885365,-1.1527209480709415
254,-1.2225537796299073,-1.1527209480709415
255,-1.1011083543588138,-1.1527209480709415
256,-0.908735934385259,-1.1527209480709415
257,-1.0639473356493294,-1.1527209480709415
258,-1.1193694482777699,-1.1527209480709415
259,-0.9990071813662833,-1.1527209480709415
260,0.7115457920628098,0.789985836818734
261,0.8624220709532552,0.789985836818734
262,0.7057478568194181,0.789985836818734
263,0.7859289335054772,0.789985836818734
264,0.8378629237576238,0.789985836818734
265,0.7283156135941217,0.789985836818734
266,0.7925931588152945,0.789985836818734
267,0.7790336036015182,0.789985836818734
268,0.6071489860819251,0.789985836818734
269,0.7438477524836361,0.789985836818734
270,0.7610608012525156,0.789985836818734
271,0.7874874348032975,0.789985836818734
272,0.7938083753720155,0.789985836818734
273,0.90232908835226,0.789985836818734
274,0.7433726288853613,0.789985836818734
275,0.6481832156902585,0.789985836818734
276,0.6299164697648315,0.789985836818734
277,0.7893659240896078,0.789985836818734
278,0.9760118153594634,0.789985836818734
279,0.7209253025594995,0.789985836818734
280,0.9604596005675898,0.789985836818734
281,0.7297007067228917,0.789985836818734
282,0.7394998176421259,0.789985836818734
283,0.9720789871470142,0.789985836818734
284,0.8732032864074636,0.789985836818734
285,0.7843033134940278,0.789985836818734
286,0.7787378855544541,0.789985836818734
287,0.8340073551627308,0.789985836818734
288,0.8837155390103874,0.789985836818734
289,0.9022351678762947,0.789985836818734
290,0.8918503076863119,0.789985836818734
291,0.6717984504393084,0.789985836818734
292,0.5659338004738259,0.789985836818734
293,0.6551676819933322,0.789985836818734
294,0.6879180247353177,0.789985836818734
295,0.7616203826573298,0.789985836818734
296,0.7108625618550349,0.789985836818734
297,0.8284872358333683,0.789985836818734
298,0.7947958973024317,0.789985836818734
299,0.803027395552013,0.789985836818734
300,0.7813151545171612,0.789985836818734
301,0.5957096492146884,0.789985836818734
302,0.6827425155952609,0.789985836818734
303,0.970569720630735,0.789985836818734
304,0.8512020809295726,0.789985836818734
305,0.8592936672355798,0.789985836818734
306,0.9115142188251537,0.789985836818734
307,0.7977790120307836,0.789985836818734
308,0.8000335406209856,0.789985836818734
309,0.6673662748277673,0.789985836818734
310,0.8256355676030701,0.789985836818734
311,0.9014169771425966,0.789985836818734
312,0.7968741236106444,0.789985836818734
313,0.7562624305170585,0.789985836818734
314,0.8783679776911156,0.789985836818734
315,0.7742095905460099,0.789985836818734
316,0.5730762679051422,0.789985836818734
317,0.8254329541632643,0.789985836818734
318,0.8922131833105634,0.789985836818734
319,0.7562430259475388,0.789985836818734
320,0.834109067892952,0.789985836818734
321,0.8971776223335136,0.789985836818734
322,0.8215527832959143,0.789985836818734
323,0.8189547292018848,0.789985836818734
324,0.6964509078856289,0.789985836818734
325,0.7652898434238835,0.789985836818734
326,0.7922352217580624,0.789985836818734
327,0.8808764181266227,0.789985836818734
328,0.8402542456201898,0.789985836818734
329,0.8162595843340565,0.789985836818734
330,0.8863356169480002,0.789985836818734
331,0.7514353375885036,0.789985836818734
332,0.810587629395652,0.789985836818734
333,0.8352363817226629,0.789985836818734
334,0.7686887613883766,0.789985836818734
335,0.7720622316587329,0.789985836818734
336,0.8295421391371245,0.789985836818734
337,0.8776705392493571,0.789985836818734
338,0.798600938265701,0.789985836818734
339,0.70462374322052,0.789985836818734
340,0.7333538499321527,0.789985836818734
341,0.7005740475999958,0.789985836818734
342,0.7251015471236373,0.789985836818734
343,0.6560455515237531,0.789985836818734
344,0.6729975346901532,0.789985836818734
345,0.7271987346070812,0.789985836818734
346,0.826484953260873,0.789985836818734
347,0.6884827707401383,0.789985836818734
348,0.8826068737412817,0.789985836818734
349,0.8724789261323445,0.789985836818734
350,0.7533738154710528,0.789985836818734
351,0.6955956323353424,0.789985836818734
352,0.7235219494520164,0.789985836818734
353,0.8730285198630992,0.789985836818734
354,0.9698949926876023,0.789985836818734
355,0.86266088357577,0.789985836818734
356,0.8473666981617348,0.789985836818734
357,0.764303583367987,0.789985836818734
358,0.9351413955259518,0.789985836818734
359,0.6975133942279987,0.789985836818734
360,0.8456661141437302,0.789985836818734
361,0.9018639646939965,0.789985836818734
362,0.9029830080956739,0.789985836818734
363,0.7387186489048249,0.789985836818734
364,0.6544258527092573,0.789985836818734
365,0.5153473743912708,0.789985836818734
366,0.5930748855988291,0.789985836818734
367,0.5896750549694129,0.789985836818734
368,0.7496052493397244,0.789985836818734
369,0.6655415282317863,0.789985836818734
370,0.6690286854559797,0.789985836818734
371,0.5932556243133972,0.789985836818734
372,0.9082593465567341,0.789985836818734
373,0.7813537180165324,0.789985836818734
374,0.7438796746008106,0.789985836818734
375,0.7775650299851723,0.789985836818734
376,0.7405455921600608,0.789985836818734
377,0.8059239420796311,0.789985836818734
378,0.7751999668538473,0.789985836818734
379,0.7897055674436367,0.789985836818734
380,0.9713379703282783,0.789985836818734
381,0.7596585851874259,0.789985836818734
382,0.9188553885603765,0.789985836818734
383,0.8679387900829942,0.789985836818734
384,0.8654879041915413,0.789985836818734
385,0.6715743439876842,0.789985836818734
386,0.8735216213446326,0.789985836818734
387,0.6598965207281171,0.789985836818734
388,0.733578600124735,0.789985836818734
389,0.7509565182598897,0.789985836818734
390,0.6949964658239222,0.789985836818734
391,0.6836791920041233,0.789985836818734
392,0.5823669302344994,0.789985836818734
393,0.7307280535813077,0.789985836818734
394,0.738964696866372,0.789985836818734
395,0.5999379180203721,0.789985836818734
396,0.6278974913850639,0.789985836818734
397,0.4475707251116525,0.44722421598640955
398,0.23384091352228467,0.44722421598640955
399,0.28907509058212566,0.44722421598640955
400,0.37741412490492643,0.44722421598640955
401,0.3007604473265597,0.44722421598640955
402,0.5734360141351307,0.44722421598640955
403,0.2886807932477429,0.44722421598640955
404,0.39619074584685604,0.44722421598640955
405,0.3205233442653712,0.44722421598640955
406,0.45655577828692956,0.44722421598640955
407,0.3658296053518102,0.44722421598640955
408,0.4020682060539774,0.44722421598640955
409,0.3992047752811452,0.44722421598640955
410,0.4556937949307949,0.44722421598640955
411,0.45032573240490076,0.44722421598640955
412,0.481462970247071,0.44722421598640955
413,0.625374215393051,0.44722421598640955
414,0.2846819335371949,0.44722421598640955
415,0.4281821895433068,0.44722421598640955
416,0.39120850999074414,0.44722421598640955
417,0.41489886572214446,0.44722421598640955
418,0.4186610847253591,0.44722421598640955
419,0.3207422298998399,0.44722421598640955
420,0.48390832940417494,0.44722421598640955
421,0.380340326352393,0.44722421598640955
422,0.5009147867973888,0.44722421598640955
423,0.39076866401130966,0.44722421598640955
424,0.4782534140774227,0.44722421598640955
425,0.4941463589494352,0.44722421598640955
426,0.40880187459039247,0.44722421598640955
427,0.23554203924925046,0.44722421598640955
428,0.3108073596006043,0.44722421598640955
429,0.4676036171555731,0.44722421598640955
430,0.6527115845514341,0.44722421598640955
431,0.5802107749818767,0.44722421598640955
432,0.5735990581752085,0.44722421598640955
433,0.567680933224153,0.44722421598640955
434,0.4023585535838891,0.44722421598640955
435,0.4758885371958836,0.44722421598640955
436,0.5782754121065541,0.44722421598640955
437,0.424946981643691,0.44722421598640955
438,0.3712455876273876,0.44722421598640955
439,0.49309516791975455,0.44722421598640955
440,0.399666946848572,0.44722421598640955
441,0.15120275057381152,0.44722421598640955
442,0.4293058857086821,0.44722421598640955
443,0.4926054842035173,0.44722421598640955
444,0.5576377612152381,0.44722421598640955
445,0.5578549131698627,0.44722421598640955
446,0.34046998482650376,0.44722421598640955
447,0.5291201963410553,0.44722421598640955
448,0.3353065041777159,0.44722421598640955
449,0.4200545145583522,0.44722421598640955
450,0.417368869317809,0.44722421598640955
451,0.445044125129821,0.44722421598640955
452,0.5335875391669687,0.44722421598640955
453,0.5481908146564329,0.44722421598640955
454,0.5203623116452287,0.44722421598640955
455,0.5806467671244683,0.44722421598640955
456,0.4595226786801852,0.44722421598640955
457,0.40006130358425684,0.44722421598640955
458,0.5177032855067081,0.44722421598640955
459,0.4862021697726315,0.44722421598640955
460,0.4755171395807242,0.44722421598640955
461,0.5771372323187488,0.44722421598640955
462,0.42252358999276296,0.44722421598640955
463,0.4306948067709083,0.44722421598640955
464,0.3986951656858684,0.44722421598640955
465,0.5071874621861455,0.44722421598640955
466,0.3740109092552397,0.44722421598640955
467,0.4320705202208116,0.44722421598640955
468,0.5442872743578719,0.44722421598640955
469,0.2928552251667843,0.44722421598640955
470,0.37880200968613265,0.44722421598640955
471,0.2558789552019488,0.44722421598640955
472,0.70951037789399,0.44722421598640955
473,0.479282879599609,0.44722421598640955
474,0.6037804427112525,0.44722421598640955
475,-0.8417409664850778,-0.8152139224339785
476,-0.7981970437661585,-0.8152139224339785
477,-0.7449670523447272,-0.8152139224339785
478,-0.6953035952842846,-0.8152139224339785
479,-0.7746172460816623,-0.8152139224339785
480,-0.7294739922383017,-0.8152139224339785
481,-0.8742440168337219,-0.8152139224339785
482,-0.7717881928882598,-0.8152139224339785
483,-0.9075358944986625,-0.8152139224339785
484,-0.8440063344339314,-0.8152139224339785
485,-0.8428217191926156,-0.8152139224339785
486,-0.8852336883877651,-0.8152139224339785
487,-1.07026032169963,-0.8152139224339785
488,-0.7729223866694989,-0.8152139224339785
489,-0.8432386109185029,-0.8152139224339785
490,-0.9407616131522493,-0.8152139224339785
491,-0.819195385880634,-0.8152139224339785
492,-0.9042301979679421,-0.8152139224339785
493,-0.866069953765756,-0.8152139224339785
494,-1.026942458242997,-0.8152139224339785
495,-0.7030032942138672,-0.8152139224339785
496,-0.718256981198402,-0.8152139224339785
497,-0.9406464179146906,-0.8152139224339785
498,-0.9644007781902783,-0.8152139224339785
499,-0.7267797529182448,-0.8152139224339785
500,-1.0032519480663968,-0.8152139224339785
501,-0.9094610733278835,-0.8152139224339785
502,-0.93409878506639,-0.8152139224339785
503,-0.9010573725083463,-0.8152139224339785
504,-0.6934589619470725,-0.8152139224339785
505,-0.6786050892565535,-0.8152139224339785
506,-0.725214611853138,-0.8152139224339785
507,-0.8335621957040065,-0.8152139224339785
508,-0.6864114714636111,-0.8152139224339785
509,-0.6327198644427807,-0.8152139224339785
510,-0.8741329045924127,-0.8152139224339785
511,-0.9357151876113557,-0.8152139224339785
512,-0.6075404074217189,-0.8152139224339785
513,-1.0223367848706448,-0.8152139224339785
514,-0.8866689610541492,-0.8152139224339785
515,-0.8101405895509848,-0.8152139224339785
516,-0.8611523083433326,-0.8152139224339785
517,-0.5318393373732184,-0.8152139224339785
518,-0.9879408802260148,-0.8152139224339785
519,-0.8419783366860323,-0.8152139224339785
520,-0.8535420735042285,-0.8152139224339785
521,-0.9688962306134316,-0.8152139224339785
522,-0.8238099075373448,-0.8152139224339785
523,-0.9402708348468791,-0.8152139224339785
524,-0.8280861581298876,-0.8152139224339785
525,-0.8008134608250663,-0.8152139224339785
526,-0.7910077544830834,-0.8152139224339785
527,-0.9160252256809565,-0.8152139224339785
528,-0.656357293204671,-0.8152139224339785
529,-0.5709873570942224,-0.8152139224339785
530,-0.7576081812692194,-0.8152139224339785
531,-0.6432705753463845,-0.8152139224339785
532,-0.7494092545448103,-0.8152139224339785
533,-0.8480009659054081,-0.8152139224339785
534,-0.7906078807535897,-0.8152139224339785
535,-0.9533392720878672,-0.8152139224339785
536,-0.7374434340510553,-0.8152139224339785
537,-0.9054660666826055,-0.8152139224339785
538,-0.7523184604966772,-0.8152139224339785
539,-0.7002715457042178,-0.8152139224339785
540,-0.8682827896426047,-0.8152139224339785
541,-0.9631326658726379,-0.8152139224339785
542,-0.687775832360753,-0.8152139224339785
543,-1.0529255865009122,-0.8152139224339785
544,-0.9439434187435289,-0.8152139224339785
545,-0.8117375287360367,-0.8152139224339785
546,-0.856095080100247,-0.8152139224339785
547,-0.9126307835241885,-0.8152139224339785
548,-1.003140371355468,-0.8152139224339785
549,-0.7880668576035096,-0.8152139224339785
550,-0.9112783316183647,-0.8152139224339785
551,-0.7459104346736374,-0.8152139224339785
552,-0.6828395377657482,-0.8152139224339785
553,-1.004856531394525,-0.8152139224339785
554,-0.8525307910760777,-0.8152139224339785
555,-0.8243222927950116,-0.8152139224339785
556,-0.6783913551037161,-0.8152139224339785
557,-0.6782343421298773,-0.8152139224339785
558,-0.704368596817299,-0.8152139224339785
559,-0.9043809837991175,-0.8152139224339785
560,-0.7990934765014084,-0.8152139224339785
561,-0.7330374415425088,-0.8152139224339785
562,-0.6594004049300177,-0.8152139224339785
563,-0.903549328089146,-0.8152139224339785
564,-0.6834136434651,-0.8152139224339785
565,-0.9724372348769447,-0.8152139224339785
566,-0.8387592738687659,-0.8152139224339785
567,-0.9084281752467696,-0.8152139224339785
568,-0.7718955384714801,-0.8152139224339785
569,-0.822686833960747,-0.8152139224339785
570,-0.8096614465478046,-0.8152139224339785
571,-0.8842214724437816,-0.8152139224339785
572,-1.070417786605071,-0.8152139224339785
573,-1.0232210141747975,-0.8152139224339785
574,-0.9403192613205099,-0.8152139224339785
575,-0.7195001409784718,-0.8152139224339785
576,-0.8260648900615071,-0.8152139224339785
577,-0.8038261185090678,-0.8152139224339785
578,-0.8169529896534928,-0.8152139224339785
579,-0.8399460417815259,-0.8152139224339785
580,-0.651530801240872,-0.8152139224339785
581,-0.8261827952022053,-0.8152139224339785
582,-0.8483031919287223,-0.8152139224339785
583,-0.6270424532802898,-0.8152139224339785
584,-0.6377130853282221,-0.8152139224339785
585,-0.6911788895623433,-0.8152139224339785
586,-0.8034524082438743,-0.8152139224339785
587,-0.7556262312115302,-0.8152139224339785
588,-0.54407350002074,-0.8152139224339785
589,-0.8379855695503801,-0.8152139224339785
590,-0.8489118366863132,-0.8152139224339785
591,-0.8602886233045811,-0.8152139224339785
592,-0.7922427808223438,-0.8152139224339785
593,-0.791044709473089,-0.8152139224339785
594,-0.6982684571499594,-0.8152139224339785
595,-0.8339816070579353,-0.8152139224339785
596,-0.7199113386031077,-0.8152139224339785
597,-0.7569922466579221,-0.8152139224339785
598,-0.9226529566715276,-0.8152139224339785
599,-0.8650339084952909,-0.8152139224339785
600,-0.8051816073137044,-0.8152139224339785
601,-0.9609760632738078,-0.8152139224339785
602,-0.7744417813305514,-0.8152139224339785
603,-0.6193679573725411,-0.8152139224339785
604,-0.7364844384585839,-0.8152139224339785
605,-0.8996990757135707,-0.8152139224339785
606,-0.8600114343797565,-0.8152139224339785
607,-0.9844393763429612,-0.8152139224339785
608,-0.819759614875529,-0.8152139224339785
609,-0.8493632302436677,-0.8152139224339785
610,-0.7891274098333991,-0.8152139224339785
611,-0.6055711145305801,-0.8152139224339785
612,-0.8898689687269615,-0.8152139224339785
613,-0.8695846817069446,-0.8152139224339785
614,-0.9427613137168729,-0.8152139224339785
615,-0.9169917368257624,-0.8152139224339785
616,-0.9708184609878449,-0.8152139224339785
617,-0.8242861573843303,-0.8152139224339785
618,-0.8589910305237475,-0.8152139224339785
619,-0.8576543675124734,-0.8152139224339785
620,-0.8526447821950204,-0.8152139224339785
621,-0.8546310513103867,-0.8152139224339785
622,-0.8482982458398122,-0.8152139224339785
623,-0.8599442322695385,-0.8152139224339785
624,-0.6133540639651337,-0.8152139224339785
625,-1.0313655950853562,-0.8152139224339785
626,-0.5646824700284874,-0.8152139224339785
627,-0.845233460093562,-0.8152139224339785
628,-0.57717227307413,-0.8152139224339785
629,-0.8366778771478556,-0.8152139224339785
630,-0.8370294665537074,-0.8152139224339785
631,-0.6321514603333312,-0.8152139224339785
632,-0.9091941506867423,-0.8152139224339785
633,-0.6163260324849441,-0.8152139224339785
634,-0.7138310985687224,-0.8152139224339785
635,-0.7684636071212373,-0.8152139224339785
636,-0.5801911766977667,-0.8152139224339785
637,-0.7345166217858388,-0.8152139224339785
638,-0.8274487871279751,-0.8152139224339785
639,-0.8518028535147539,-0.8152139224339785
640,-0.6600215663927479,-0.8152139224339785
641,-0.9191415231617033,-0.8152139224339785
642,-0.896022574200634,-0.8152139224339785
643,-0.8328298487162742,-0.8152139224339785
644,-0.7747042715170954,-0.8152139224339785
645,-0.7072901989264266,-0.8152139224339785
646,-0.945661783730315,-0.8152139224339785
647,-0.7191173647301938,-0.8152139224339785
648,-0.7945729755286564,-0.8152139224339785
649,-0.7548755977645688,-0.8152139224339785
650,-0.8957945788320606,-0.8152139224339785
651,-0.7403042282857466,-0.8152139224339785
652,-0.8684974943845895,-0.8152139224339785
653,-0.6397250890755413,-0.8152139224339785
654,-0.6204813107942148,-0.8152139224339785
655,-0.7404385260944283,-0.8152139224339785
656,-0.7835426700627363,-0.8152139224339785
657,-0.661439126397438,-0.8152139224339785
658,-0.8593942701753335,-0.8152139224339785
659,-0.6172624509938179,-0.8152139224339785
660,-0.8900496809949733,-0.8152139224339785
661,-0.7959225163406124,-0.8152139224339785
662,-0.5719696849117974,-0.8152139224339785
663,-0.8933950536464885,-0.8152139224339785
664,-1.0450954543179007,-0.8152139224339785
665,-0.8875416891735369,-0.8152139224339785
666,-0.6452287476678895,-0.8152139224339785
667,-0.8314566699980044,-0.8152139224339785
668,-0.8865282529996832,-0.8152139224339785
669,-0.9364362569496306,-0.8152139224339785
670,-0.7472930876630834,-0.8152139224339785
671,-0.9846507237448644,-0.8152139224339785
672,-0.8359861780830797,-0.8152139224339785
673,-0.8111356376713135,-0.8152139224339785
674,-0.8528773076355558,-0.8152139224339785
675,-0.9491712280678297,-0.8152139224339785
676,-0.996354735227236,-0.8152139224339785
677,-0.8741807002965082,-0.8152139224339785
678,-0.7562868429949319,-0.8152139224339785
679,-0.7160810118832591,-0.8152139224339785
680,-0.7734304807469915,-0.8152139224339785
681,-0.8805423577339956,-0.8152139224339785
682,0.6799721265423907,0.6693043786739487
683,0.7339495957294684,0.6693043786739487
684,0.7272303153332612,0.6693043786739487
685,0.8135901384144782,0.6693043786739487
686,0.5373493849315941,0.6693043786739487
687,0.7800236275217436,0.6693043786739487
688,0.5593754477677355,0.6693043786739487
689,0.5769289889923197,0.6693043786739487
690,0.5955770568706404,0.6693043786739487
691,-1.4493509116732777,-1.412191722679285
692,-1.6147712178088842,-1.412191722679285
693,-1.3982893897244315,-1.412191722679285
694,-1.359545335050755,-1.412191722679285
695,-1.4997952298211328,-1.412191722679285
696,-1.5189214168835288,-1.412191722679285
697,-1.4936332122038034,-1.412191722679285
698,-1.289618660170845,-1.412191722679285
699,-1.4404292389494269,-1.412191722679285
700,-1.3197240294382442,-1.412191722679285
701,-1.4867816553357642,-1.412191722679285
702,-1.569784910594206,-1.412191722679285
703,-1.3221284320930542,-1.412191722679285
704,-1.3828062144133195,-1.412191722679285
705,-1.3533484937088252,-1.412191722679285
706,-1.216560553048029,-1.412191722679285
707,-1.3431277283369845,-1.412191722679285
708,-1.3593322586208727,-1.412191722679285
709,-1.4598087831699085,-1.412191722679285
710,-1.5758193648959797,-1.412191722679285
711,-1.4058767089683524,-1.412191722679285
712,-1.5739630051256628,-1.412191722679285
713,-1.605149701874756,-1.412191722679285
714,-1.3595276209295046,-1.412191722679285
715,-1.5126725972360848,-1.412191722679285
716,-1.6132485281433422,-1.412191722679285
717,-1.4530105246222447,-1.412191722679285
718,-1.3882961561966023,-1.412191722679285
719,-1.2783952649512285,-1.412191722679285
720,-1.4146797592168752,-1.412191722679285
721,-1.3526160492968342,-1.412191722679285
722,-1.2999360265083975,-1.412191722679285
723,-1.4255160847823933,-1.412191722679285
724,-1.2596671895833855,-1.412191722679285
725,-1.3195512907108955,-1.412191722679285
726,-1.4183702312497728,-1.412191722679285
727,-1.4013306861770456,-1.412191722679285
728,-1.3101546350473683,-1.412191722679285
729,-1.4298598541306515,-1.412191722679285
730,-1.424976868839548,-1.412191722679285
731,-1.3138808231476682,-1.412191722679285
732,-1.3407139506723535,-1.412191722679285
733,-1.3146312585263498,-1.412191722679285
734,-1.3572323539460587,-1.412191722679285
735,-1.534382177952057,-1.412191722679285
736,-1.5099075134926168,-1.412191722679285
737,-1.389474669306292,-1.412191722679285
738,-1.6326715637045197,-1.412191722679285
739,-1.493311385347731,-1.412191722679285
740,-1.4263553073441169,-1.412191722679285
741,-1.4312730328326912,-1.412191722679285
742,-1.1256564949196906,-1.412191722679285
743,-1.5159857957311313,-1.412191722679285
744,-1.6277785142503627,-1.412191722679285
745,-1.377590991676787,-1.412191722679285
746,-1.640560805894357,-1.412191722679285
747,-1.612716954330632,-1.412191722679285
748,-1.4298306557341602,-1.412191722679285
749,-1.4301923053015622,-1.412191722679285
750,-1.5612492669415408,-1.412191722679285
751,-1.4468411408775372,-1.412191722679285
752,-1.411822613667395,-1.412191722679285
753,-1.314190787576696,-1.412191722679285
754,-1.2646117908341845,-1.412191722679285
755,-1.076579438677487,-1.412191722679285
756,-1.3990903461854878,-1.412191722679285
757,-1.4261255995672106,-1.412191722679285
758,-1.3934821958096117,-1.412191722679285
759,-1.2987296790712346,-1.412191722679285
760,-1.2641555918522311,-1.412191722679285
761,-1.339968028811605,-1.412191722679285
762,-1.2951930708288497,-1.412191722679285
763,-1.4740666669201148,-1.412191722679285
764,-1.47486972678781,-1.412191722679285
765,-1.4278507647865137,-1.412191722679285
766,-1.4946758177907804,-1.412191722679285
767,-1.439936622755212,-1.412191722679285
768,-1.3987358007269906,-1.412191722679285
769,-1.4103771088389696,-1.412191722679285
770,-1.496085721519047,-1.412191722679285
771,-1.4875683613115265,-1.412191722679285
772,-1.3833700208219566,-1.412191722679285
773,-1.5505906166071621,-1.412191722679285
774,-1.4880924396185937,-1.412191722679285
775,-1.4678425773052999,-1.412191722679285
776,-1.3886949496996457,-1.412191722679285
777,-1.4453293742617963,-1.412191722679285
778,-1.4919841310995265,-1.412191722679285
779,-1.2988911968857937,-1.412191722679285
780,-1.5481975507603518,-1.412191722679285
781,-1.175411947004844,-1.412191722679285
782,-1.4069163501577533,-1.412191722679285
783,-1.3707224466746302,-1.412191722679285
784,-1.3945589178996356,-1.412191722679285
785,-1.4200816802536371,-1.412191722679285
786,-1.6038122778728734,-1.412191722679285
787,-1.3527303507590474,-1.412191722679285
788,-1.4001216566953354,-1.412191722679285
789,-1.482667522315568,-1.412191722679285
790,-1.3678000758469606,-1.412191722679285
791,-1.5239238580315981,-1.412191722679285
792,-1.6017840195156623,-1.412191722679285
793,-1.4921036564077117,-1.412191722679285
794,-1.2895941380894338,-1.412191722679285
795,-1.3749546601112965,-1.412191722679285
796,-1.5129881304906718,-1.412191722679285
797,-1.3688661742110766,-1.412191722679285
798,-1.431108203605829,-1.412191722679285
799,-1.5237228771503597,-1.412191722679285
800,-1.3661204125905404,-1.412191722679285
801,-1.3343264286043461,-1.412191722679285
802,-1.3262856003658365,-1.412191722679285
803,-1.4429600516021222,-1.412191722679285
804,-1.2830078960607831,-1.412191722679285
805,-1.3181424494247307,-1.412191722679285
806,-1.2591300118421733,-1.412191722679285
807,-1.3923281989652734,-1.412191722679285
808,-1.5045138734754298,-1.412191722679285
809,-1.2238969385748373,-1.412191722679285
810,-1.400493172560044,-1.412191722679285
811,-1.2436443792031893,-1.412191722679285
812,-1.4639870977926095,-1.412191722679285
813,-1.5978748899478463,-1.412191722679285
814,-1.4626154874292272,-1.412191722679285
815,-1.4515736106039019,-1.412191722679285
816,-1.3903261655385162,-1.412191722679285
817,-1.4434588585632164,-1.412191722679285
818,-1.4584892493920996,-1.412191722679285
819,-1.4367154080563003,-1.412191722679285
820,-1.510601280204936,-1.412191722679285
821,-1.5916233015564296,-1.412191722679285
822,-1.477974410096189,-1.412191722679285
823,-1.380807733065562,-1.412191722679285
824,-1.5157987359084557,-1.412191722679285
825,-1.5320520426632676,-1.412191722679285
826,-1.4449262440648942,-1.412191722679285
827,-1.3860627922143847,-1.412191722679285
828,-1.2492628640450083,-1.412191722679285
829,-1.487607821337012,-1.412191722679285
830,-1.31583155929451,-1.412191722679285
831,-1.2883804263250427,-1.412191722679285
832,-1.2458916947913594,-1.412191722679285
833,-1.4455297515086327,-1.412191722679285
834,-1.338031372953065,-1.412191722679285
835,-1.3542453743525233,-1.412191722679285
836,-1.3783879014621685,-1.412191722679285
837,-1.4133884659320741,-1.412191722679285
838,-1.2542685292282798,-1.412191722679285
839,-1.468461443526641,-1.412191722679285
840,-1.5393217595074387,-1.412191722679285
841,-1.510162084415184,-1.412191722679285
842,-1.466541416528865,-1.412191722679285
843,-1.3589079908090254,-1.412191722679285
844,-1.4679684507962174,-1.412191722679285
845,-1.6644368566683512,-1.412191722679285
846,-1.321154611600249,-1.412191722679285
847,-1.5659124004989566,-1.412191722679285
848,-1.3800880962477011,-1.412191722679285
849,-1.2962859663717095,-1.412191722679285
850,-1.2394107007863902,-1.412191722679285
851,-1.310775998404985,-1.412191722679285
852,-1.5073342654673534,-1.412191722679285
853,-1.299500691766844,-1.412191722679285
854,-1.3813867612986224,-1.412191722679285
855,-1.4215328611293232,-1.412191722679285
856,-1.3745317163468918,-1.412191722679285
857,-1.311463609274822,-1.412191722679285
858,-1.4791183317054661,-1.412191722679285
859,-1.2981813981971708,-1.412191722679285
860,-1.2652220015236755,-1.412191722679285
861,-1.4434687625821176,-1.412191722679285
862,-1.2892813644408656,-1.412191722679285
863,-1.373447320976684,-1.412191722679285
864,-1.5241939069691623,-1.412191722679285
865,-1.340875106217192,-1.412191722679285
866,-1.3754565850659257,-1.412191722679285
867,-1.3483740223637413,-1.412191722679285
868,-1.4237941104045129,-1.412191722679285
869,-1.44091125312016,-1.412191722679285
870,-1.5323350676022411,-1.412191722679285
871,-1.5880764170350379,-1.412191722679285
872,-1.3949348415994507,-1.412191722679285
873,-1.6269188866121083,-1.412191722679285
874,-1.4657417651291922,-1.412191722679285
875,-1.3686201936121694,-1.412191722679285
876,-1.294658750701653,-1.412191722679285
877,-1.3361502202566324,-1.412191722679285
878,-1.3406888943842292,-1.412191722679285
879,-1.35871540425496,-1.412191722679285
880,-1.36050277648744,-1.412191722679285
881,-1.2573878988191451,-1.412191722679285
882,-1.3889265889979565,-1.412191722679285
883,-1.2466578861759785,-1.412191722679285
884,-1.3446484789369293,-1.412191722679285
885,-1.5249637199310448,-1.412191722679285
886,-1.2913517663745582,-1.412191722679285
887,-1.4430430024501428,-1.412191722679285
888,0.07398612305665314,0.09929189658349008
889,0.09043371241848508,0.09929189658349008
890,-0.08200589460077974,0.09929189658349008
891,0.022200048981284193,0.09929189658349008
892,0.1251653871539152,0.09929189658349008
893,0.0657827533269569,0.09929189658349008
894,0.1046070226943141,0.09929189658349008
895,-0.01354496134607195,0.09929189658349008
896,0.030381934469471857,0.09929189658349008
897,0.016339800744487133,0.09929189658349008
898,0.006495173397290419,0.09929189658349008
899,0.06418550720873045,0.09929189658349008
900,-0.02800299637060516,0.09929189658349008
901,0.3632488835916898,0.09929189658349008
902,0.20707675890382066,0.09929189658349008
903,0.3816637407660258,0.09929189658349008
904,0.2888919639403522,0.09929189658349008
905,0.2771419340192622,0.09929189658349008
906,0.1653259486793467,0.09929189658349008
907,-0.19974522283049093,0.09929189658349008
908,0.2340123279955002,0.09929189658349008
909,0.1165119722852909,0.09929189658349008
910,0.15583328432451046,0.09929189658349008
911,0.08576952226999507,0.09929189658349008
912,0.12366363120881717,0.09929189658349008
913,-0.021351234066090012,0.09929189658349008
914,0.028230798637618296,0.09929189658349008
915,0.04356396784657447,0.09929189658349008
916,0.06672499006191317,0.09929189658349008
917,-0.06478547851218203,0.09929189658349008
918,0.08430248430011399,0.09929189658349008
919,-0.21065391203882952,0.09929189658349008
920,0.05617160072100644,0.09929189658349008
921,0.09176998836584976,0.09929189658349008
922,-0.00432763364683714,0.09929189658349008
923,0.01667724345379575,0.09929189658349008
924,0.03763766205708708,0.09929189658349008
925,0.00460807033071934,0.09929189658349008
926,0.20678782484585567,0.09929189658349008
927,-0.020936235425441256,0.09929189658349008
928,0.2236236585837993,0.09929189658349008
929,0.20725050458587835,0.09929189658349008
930,0.18935033356860387,0.09929189658349008
931,0.2905245731399485,0.09929189658349008
932,0.18873960420177088,0.09929189658349008
933,0.10315110629495175,0.09929189658349008
934,0.2556535164706557,0.09929189658349008
935,0.12686993980223962,0.09929189658349008
936,0.06893028061612269,0.09929189658349008
937,0.26478755577377644,0.09929189658349008
938,-0.005141829753003317,0.09929189658349008
939,-0.03165505524098301,0.09929189658349008
940,0.01476268674927549,0.09929189658349008
941,0.015283263008537426,0.09929189658349008
942,0.07137984719289894,0.09929189658349008
943,0.13059731412915954,0.09929189658349008
944,0.18300494980661605,0.09929189658349008
945,-0.10028780304432579,0.09929189658349008
946,-0.1756212963688516,0.09929189658349008
947,0.008764669308924507,0.09929189658349008
948,0.04119562925859335,0.09929189658349008
949,-0.07096917909012172,0.09929189658349008
950,0.12304854780851615,0.09929189658349008
951,0.16147297887744044,0.09929189658349008
952,0.27848414661300314,0.09929189658349008
953,0.05791900782183165,0.09929189658349008
954,-0.06063366921603139,0.09929189658349008
955,0.15602287602334147,0.09929189658349008
956,0.048266922693172704,0.09929189658349008
957,0.09063967027471939,0.09929189658349008
958,0.2373401672252021,0.09929189658349008
959,0.22116884787800387,0.09929189658349008
960,0.13182793545961033,0.09929189658349008
961,-0.02461439088185501,0.09929189658349008
962,0.306195362211174,0.09929189658349008
963,0.041009607787461905,0.09929189658349008
964,0.04643395004231644,0.09929189658349008
965,0.15249234030902972,0.09929189658349008
966,-0.16521925113464744,0.09929189658349008
967,0.15615172574007746,0.09929189658349008
968,-0.09710178022894188,0.09929189658349008
969,0.06882534548647387,0.09929189658349008
970,0.10145914826445974,0.09929189658349008
971,-0.08063163065193643,0.09929189658349008
972,0.04308449190356227,0.09929189658349008
973,0.049660461085763004,0.09929189658349008
974,0.07469202442221033,0.09929189658349008
975,0.24137518640727484,0.09929189658349008
976,0.06357444808052604,0.09929189658349008
977,-0.09582657092464969,0.09929189658349008
978,0.09585874612336628,0.09929189658349008
979,0.1648624630648735,0.09929189658349008
980,0.06615857449400592,0.09929189658349008
981,0.30485329154971796,0.09929189658349008
982,0.23860230742255054,0.09929189658349008
983,0.07753359190072019,0.09929189658349008
984,0.20983656686225916,0.09929189658349008
985,0.06700324271041078,0.09929189658349008
986,-0.012985193789236332,0.09929189658349008
987,0.020314549695507715,0.09929189658349008
988,0.161275842414013,0.09929189658349008
989,0.05950627722725621,0.09929189658349008
990,0.3026797802070044,0.09929189658349008
991,0.04292963038522858,0.09929189658349008
992,0.12919275058459012,0.09929189658349008
993,0.04897043328263419,0.09929189658349008
994,0.16372260896645824,0.09929189658349008
995,-0.04031659969747302,0.09929189658349008
996,-0.04506653610238244,0.09929189658349008
997,0.020441836499506524,0.09929189658349008
998,0.08178770614931725,0.09929189658349008
999,0.16353255052461718,0.09929189658349008
1000,0.08234278078211778,0.09929189658349008
1001,0.006211590569486867,0.09929189658349008
1002,0.18921703739479984,0.09929189658349008
1003,0.0717151969045413,0.09929189658349008
1004,0.15787374966495954,0.09929189658349008
1005,0.1474734311703444,0.09929189658349008
1006,0.24289221330761585,0.09929189658349008
1007,-0.0051267162382522755,0.09929189658349008
1008,0.15475281649538997,0.09929189658349008
1009,0.22327427614559023,0.09929189658349008
1010,0.19024285096917765,0.09929189658349008
1011,0.34713493685145047,0.09929189658349008
1012,0.015939860421096703,0.09929189658349008
1013,0.1458938096307495,0.09929189658349008
1014,0.08743277378683564,0.09929189658349008
1015,-0.7607721900378498,-0.6444203241445288
1016,-0.6663476184051178,-0.6444203241445288
1017,-0.636737627507255,-0.6444203241445288
1018,-0.745836580778535,-0.6444203241445288
1019,-0.5754939776912247,-0.6444203241445288
1020,-0.5267512371064839,-0.6444203241445288
1021,-0.981809367875022,-0.6444203241445288
1022,-0.707181649538225,-0.6444203241445288
1023,-0.8361410621923143,-0.6444203241445288
1024,-0.6953900126198999,-0.6444203241445288
1025,-0.7024843369085448,-0.6444203241445288
1026,-0.6014788964239788,-0.6444203241445288
1027,-0.6002495273617945,-0.6444203241445288
1028,-0.4508089594292405,-0.6444203241445288
1029,-0.6880513624169944,-0.6444203241445288
1030,-0.6339934952958557,-0.6444203241445288
1031,-0.5872294334401557,-0.6444203241445288
1032,-0.4409723377980932,-0.6444203241445288
1033,-0.8143888638530137,-0.6444203241445288
1034,-0.4759534422012034,-0.6444203241445288
1035,-0.5081187600379409,-0.6444203241445288
1036,-0.7231208785016545,-0.6444203241445288
1037,-0.6346836136373275,-0.6444203241445288
1038,-0.4867530954916137,-0.6444203241445288
1039,-0.6882325857586777,-0.6444203241445288
1040,-0.7123917076112732,-0.6444203241445288
1041,-0.744664001323476,-0.6444203241445288
1042,-0.7010985347909241,-0.6444203241445288
1043,-0.6503574446788845,-0.6444203241445288
1044,-0.8353325488724537,-0.6444203241445288
1045,-0.8615755058776695,-0.6444203241445288
1046,-0.7792580600504692,-0.6444203241445288
1047,-0.7371799219983718,-0.6444203241445288
1048,-0.7620092667930816,-0.6444203241445288
1049,-0.7567443631244969,-0.6444203241445288
1050,-0.8024602399586308,-0.6444203241445288
1051,-0.5089509520290101,-0.6444203241445288
1052,-0.6800971270700472,-0.6444203241445288
1053,-0.6778472446229842,-0.6444203241445288
1054,-0.48436130353344903,-0.6444203241445288
1055,-0.5333385401254269,-0.6444203241445288
1056,-0.6554815942073906,-0.6444203241445288
1057,-0.3856467812567968,-0.6444203241445288
1058,-0.4930052160780139,-0.6444203241445288
1059,-0.6613181671382218,-0.6444203241445288
1060,-0.6014191818650144,-0.6444203241445288
1061,-0.6905742696275132,-0.6444203241445288
1062,-0.5321023115361696,-0.6444203241445288
1063,-0.71988209505267,-0.6444203241445288
1064,-0.5666390204669102,-0.6444203241445288
1065,-0.7013621787496858,-0.6444203241445288
1066,-0.6544190857194652,-0.6444203241445288
1067,-0.5181046560218807,-0.6444203241445288
1068,-0.7426525086040396,-0.6444203241445288
1069,-0.7398115509022091,-0.6444203241445288
1070,-0.7547989260782284,-0.6444203241445288
1071,-0.7880612721057808,-0.6444203241445288
1072,-0.7523666881212356,-0.6444203241445288
1073,-0.7638277740757248,-0.6444203241445288
1074,-0.6397175094823804,-0.6444203241445288
1075,-0.603401388037154,-0.6444203241445288
1076,-0.6204788454723195,-0.6444203241445288
1077,-0.4449661517285519,-0.6444203241445288
1078,-0.6903476723335255,-0.6444203241445288
1079,-0.602990761952094,-0.6444203241445288
1080,-0.6389175450108819,-0.6444203241445288
1081,-0.5869939927339621,-0.6444203241445288
1082,-0.5145941778477244,-0.6444203241445288
1083,-0.5806846355761212,-0.6444203241445288
1084,-0.7318384571238723,-0.6444203241445288
1085,-0.6124184845593956,-0.6444203241445288
1086,0.20112166320927283,0.24976673350890297
1087,0.33668161940364555,0.24976673350890297
1088,0.35827175942328005,0.24976673350890297
1089,0.12813052489076762,0.24976673350890297
1090,0.1910697132643097,0.24976673350890297
1091,0.2870238296973647,0.24976673350890297
1092,0.29288297079365627,0.24976673350890297
1093,0.00875630468011361,0.24976673350890297
1094,0.10210248656401213,0.24976673350890297
1095,0.03427136402901129,0.24976673350890297
1096,0.1789000785587629,0.24976673350890297
1097,0.18754049333643563,0.24976673350890297
1098,0.3326481409731085,0.24976673350890297
1099,0.29651815882111277,0.24976673350890297
1100,0.3938521709683883,0.24976673350890297
1101,0.12402952488908939,0.24976673350890297
1102,0.15184972786413137,0.24976673350890297
1103,0.30695003145946753,0.24976673350890297
1104,0.3310394419468373,0.24976673350890297
1105,0.2733369021146811,0.24976673350890297
1106,0.21890262837630287,0.24976673350890297
1107,0.28106412728927477,0.24976673350890297
1108,0.25222557215656033,0.24976673350890297
1109,0.2556510203298295,0.24976673350890297
1110,0.3747152236979464,0.24976673350890297
1111,-0.02661114662487696,0.24976673350890297
1112,-0.08325827575940739,0.24976673350890297
1113,0.2655899296889263,0.24976673350890297
1114,0.11421210498383375,0.24976673350890297
1115,0.17173722913301384,0.24976673350890297
1116,-0.036155011453353675,0.24976673350890297
1117,-0.008819752766296936,0.24976673350890297
1118,0.3089439157437093,0.24976673350890297
1119,0.33534106005883185,0.24976673350890297
1120,0.04842150952787626,0.24976673350890297
1121,0.25503089886954955,0.24976673350890297
1122,0.3869634151882893,0.24976673350890297
1123,0.21918010430970475,0.24976673350890297
1124,-0.007780641109155781,0.24976673350890297
1125,0.25772713401174213,0.24976673350890297
1126,0.4913791921923716,0.24976673350890297
1127,0.29252842364692233,0.24976673350890297
1128,0.2558172839438127,0.24976673350890297
1129,0.2326484930528085,0.24976673350890297
1130,0.2684996968198982,0.24976673350890297
1131,0.2129514283356739,0.24976673350890297
1132,0.3809555946218739,0.24976673350890297
1133,0.35985453356573593,0.24976673350890297
1134,0.16694492168787983,0.24976673350890297
1135,0.3901613518058012,0.24976673350890297
1136,0.2656172452915046,0.24976673350890297
1137,0.4161900693564158,0.24976673350890297
1138,0.3363846978955096,0.24976673350890297
1139,0.21838154644276678,0.24976673350890297
1140,0.2457632960373535,0.24976673350890297
1141,0.03368405454970019,0.24976673350890297
1142,0.31816034633319185,0.24976673350890297
1143,0.020532802205219074,0.24976673350890297
1144,0.29635351934241655,0.24976673350890297
1145,0.3093710047124984,0.24976673350890297
1146,0.23231373380037793,0.24976673350890297
1147,0.2614662736321692,0.24976673350890297
1148,0.20356739989084421,0.24976673350890297
1149,0.30067122282119807,0.24976673350890297
1150,0.2921570590720252,0.24976673350890297
1151,0.15484286585074242,0.24976673350890297
1152,0.26777564481719895,0.24976673350890297
1153,0.22696300671101582,0.24976673350890297
1154,0.1769010075129997,0.24976673350890297
1155,0.321965787636448,0.24976673350890297
1156,0.3111462840455168,0.24976673350890297
1157,0.40674925113301336,0.24976673350890297
1158,0.3654230773743062,0.24976673350890297
1159,0.28110443822169445,0.24976673350890297
1160,0.14222811868921847,0.24976673350890297
1161,0.3969874137636498,0.24976673350890297
1162,0.1390264713422696,0.24976673350890297
1163,0.2275072034757423,0.24976673350890297
1164,0.10862599038919368,0.24976673350890297
1165,0.2717960782316618,0.24976673350890297
1166,0.2567329349013012,0.24976673350890297
1167,0.12818645053875077,0.24976673350890297
1168,0.05504165760935632,0.24976673350890297
1169,-0.02039194715237641,0.24976673350890297
1170,0.1663248395012114,0.24976673350890297
1171,0.2080034782217039,0.24976673350890297
1172,0.33924452463515353,0.24976673350890297
1173,0.31374853176245787,0.24976673350890297
1174,0.22088907203276636,0.24976673350890297
1175,0.1871740851583822,0.24976673350890297
1176,0.24576248941003825,0.24976673350890297
1177,0.21504993653769316,0.24976673350890297
1178,0.3820835767438263,0.24976673350890297
1179,0.21952608208969174,0.24976673350890297
1180,0.27175780848688025,0.24976673350890297
1181,0.55764031324656,0.24976673350890297
1182,0.42175601936828877,0.24976673350890297
1183,0.2755804681170637,0.24976673350890297
1184,0.4749293013252566,0.24976673350890297
1185,0.3408627708162635,0.24976673350890297
1186,0.12167082320549547,0.24976673350890297
1187,0.3005447509946611,0.24976673350890297
1188,0.1834167871840744,0.24976673350890297
1189,0.2515976667254007,0.24976673350890297
1190,0.12539277950899422,0.24976673350890297
1191,0.38466927054490385,0.24976673350890297
1192,0.35981660966130935,0.24976673350890297
1193,0.06541546232014739,0.24976673350890297
1194,0.1604519410917897,0.24976673350890297
1195,0.14297387587452257,0.24976673350890297
1196,0.35649815241256205,0.24976673350890297
1197,0.14957170821935334,0.24976673350890297
1198,0.4653596059958617,0.24976673350890297
1199,0.2361716734016422,0.24976673350890297
1200,0.37439047022377153,0.24976673350890297
1201,0.364390540596687,0.24976673350890297
1202,0.18660115704384173,0.24976673350890297
1203,0.29549737637046664,0.24976673350890297
1204,0.29032477364867143,0.24976673350890297
1205,0.29727535685951756,0.24976673350890297
1206,0.3891151892624438,0.24976673350890297
1207,0.2507394693938263,0.24976673350890297
1208,0.32503687193479663,0.24976673350890297
1209,0.15759001988110122,0.24976673350890297
1210,0.14054592141135466,0.24976673350890297
1211,0.12065595942726601,0.24976673350890297
1212,0.08240475595874183,0.24976673350890297
1213,0.43220732038229265,0.24976673350890297
1214,0.28910149860513773,0.24976673350890297
1215,0.11340401518785015,0.24976673350890297
1216,0.25866455525322707,0.24976673350890297
1217,0.2028570035199569,0.24976673350890297
1218,0.023332418141461836,0.24976673350890297
1219,0.16213163814396225,0.24976673350890297
1220,0.2604461763284003,0.24976673350890297
1221,0.11411680681615824,0.24976673350890297
1222,0.11792963040764173,0.24976673350890297
1223,0.17366394428988743,0.24976673350890297
1224,0.0906984337499353,0.24976673350890297
1225,0.2797875845049202,0.05743583115574461
1226,0.20788470740044285,0.05743583115574461
1227,0.31530825286702663,0.05743583115574461
1228,-0.11271502448583515,0.05743583115574461
1229,0.07708688082996938,0.05743583115574461
1230,0.2702966924272064,0.05743583115574461
1231,0.22845689355443013,0.05743583115574461
1232,-0.1170974847879285,0.05743583115574461
1233,0.002503075866132874,0.05743583115574461
1234,0.10017132009956656,0.05743583115574461
1235,0.21882889279961382,0.05743583115574461
1236,0.060818959074381077,0.05743583115574461
1237,0.0034772462608880102,0.05743583115574461
1238,0.03687186830875231,0.05743583115574461
1239,0.06056281010093691,0.05743583115574461
1240,0.04763814938973295,0.05743583115574461
1241,0.04469345203523394,0.05743583115574461
1242,-0.00570066838200111,0.05743583115574461
1243,-0.06456611268400893,0.05743583115574461
1244,0.019264994202386802,0.05743583115574461
1245,0.035378811045177434,0.05743583115574461
1246,-0.04652930020653691,0.05743583115574461
1247,0.14376196997429178,0.05743583115574461
1248,0.1012850519100463,0.05743583115574461
1249,-0.006032133721048792,0.05743583115574461
1250,0.10198059682812476,0.05743583115574461
1251,0.023014058359178753,0.05743583115574461
1252,0.12004748037219015,0.05743583115574461
1253,0.057495558048943976,0.05743583115574461
1254,0.18207619162402355,0.05743583115574461
1255,0.18535181240275964,0.05743583115574461
1256,0.216793988678193,0.05743583115574461
1257,0.08615124253375028,0.05743583115574461
1258,0.12815511239786678,0.05743583115574461
1259,0.0820602270664936,0.05743583115574461
1260,0.08207645083040555,0.05743583115574461
1261,-0.08265592220929487,0.05743583115574461
1262,-0.07011478559538874,0.05743583115574461
1263,-0.04956500200993647,0.05743583115574461
1264,-0.03404115620345654,0.05743583115574461
1265,-0.09209664371076122,0.05743583115574461
1266,0.047712094483592885,0.05743583115574461
1267,-0.7826834893771492,-0.6694817641114403
1268,-0.8248139035113686,-0.6694817641114403
1269,-0.6242984614922806,-0.6694817641114403
1270,-0.6891146488429291,-0.6694817641114403
1271,-0.7664210604824139,-0.6694817641114403
1272,-0.6671178416544449,-0.6694817641114403
1273,-0.8186993749526985,-0.6694817641114403
1274,-0.7884926871889765,-0.6694817641114403
1275,-0.7264536091859591,-0.6694817641114403
1276,-0.7185274696122149,-0.6694817641114403
1277,-0.6964962207093969,-0.6694817641114403
1278,-0.6547494026603399,-0.6694817641114403
1279,-0.3467825123466941,-0.6694817641114403
1280,-0.4816164304519597,-0.6694817641114403
1281,-0.7263460336944785,-0.6694817641114403
1282,-0.647311813318178,-0.6694817641114403
1283,-0.7733004868853095,-0.6694817641114403
1284,-0.6526404149112668,-0.6694817641114403
1285,-0.5693278565815825,-0.6694817641114403
1286,-0.656304975838319,-0.6694817641114403
1287,-0.9199371665455733,-0.6694817641114403
1288,-0.702443120629256,-0.6694817641114403
1289,-0.6602685129524181,-0.6694817641114403
1290,-0.633487879114552,-0.6694817641114403
1291,-0.7268646646172239,-0.6694817641114403
1292,-0.6357257397346407,-0.6694817641114403
1293,-0.7285022509254123,-0.6694817641114403
1294,-0.7747403417981411,-0.6694817641114403
1295,-0.8737988790870772,-0.6694817641114403
1296,-0.695267929106048,-0.6694817641114403
1297,-0.6210492898485531,-0.6694817641114403
1298,-0.5105625008716048,-0.6694817641114403
1299,-0.5765773737707122,-0.6694817641114403
1300,-0.5216061052703266,-0.6694817641114403
1301,-0.6156476712329727,-0.6694817641114403
1302,-0.8941513192508995,-0.6694817641114403
1303,-0.7572936053575895,-0.6694817641114403
1304,-0.5566474378145707,-0.6694817641114403
1305,-0.4677831231430164,-0.6694817641114403
1306,-0.6444764157694773,-0.6694817641114403
1307,-0.6009215236361007,-0.6694817641114403
1308,-0.6767197820252117,-0.6694817641114403
1309,-0.7365255774537413,-0.6694817641114403
1310,-0.5971356508088013,-0.6694817641114403
1311,-0.6870210818128261,-0.6694817641114403
1312,-0.7380105955758488,-0.6694817641114403
1313,-0.47865697937363816,-0.6694817641114403
1314,-0.823490197605663,-0.6694817641114403
1315,-0.7717586136358179,-0.6694817641114403
1316,-0.7785463074329588,-0.6694817641114403
1317,-0.6506249838058572,-0.6694817641114403
1318,-0.8057267781555265,-0.6694817641114403
1319,-0.8531425432360162,-0.6694817641114403
1320,-0.6239534150910243,-0.6694817641114403
1321,-0.6842096133877617,-0.6694817641114403
1322,-0.6114732934561832,-0.6694817641114403
1323,-0.7528578995908575,-0.6694817641114403
1324,-0.747513676380954,-0.6694817641114403
1325,-0.5346607877871095,-0.6694817641114403
1326,-0.6596245248156595,-0.6694817641114403
1327,-0.6900616469008808,-0.6694817641114403
1328,-0.6914085867251961,-0.6694817641114403
1329,-0.581315958553329,-0.6694817641114403
1330,-0.678222284538946,-0.6694817641114403
1331,-0.5703073580512482,-0.6694817641114403
1332,-0.6097266383140028,-0.6694817641114403
1333,-0.5632646066788889,-0.6694817641114403
1334,-0.582211897549748,-0.6694817641114403
1335,-0.7208030319582304,-0.6694817641114403
1336,-0.6847800879718662,-0.6694817641114403
1337,-0.6314983926785915,-0.6694817641114403
1338,-0.7331342575036884,-0.6694817641114403
1339,-0.5904419158138388,-0.6694817641114403
1340,-0.6348870849229756,-0.6694817641114403
1341,-0.8844866778102576,-0.6694817641114403
1342,-0.6383398274806666,-0.6694817641114403
1343,-0.7743790177197666,-0.6694817641114403
1344,-0.8742739506740368,-0.6694817641114403
1345,-0.8509675149407185,-0.6694817641114403
1346,-0.6639895526955963,-0.6694817641114403
1347,-0.646624243505939,-0.6694817641114403
1348,-0.890268159926893,-0.6694817641114403
1349,-0.6506920716684089,-0.6694817641114403
1350,-0.7083865505196855,-0.6694817641114403
1351,-0.7007298643861116,-0.6694817641114403
1352,-0.6412707347919644,-0.6694817641114403
1353,-0.6220892952591985,-0.6694817641114403
1354,-0.6977163622091305,-0.6694817641114403
1355,-0.39119065024657185,-0.6694817641114403
1356,-0.47471369193583624,-0.6694817641114403
1357,-0.41563803742250804,-0.6694817641114403
1358,-0.5085134084454401,-0.6694817641114403
1359,-0.6430982914909077,-0.6694817641114403
1360,-0.687503996515994,-0.6694817641114403
1361,-0.7770024035544909,-0.6694817641114403
1362,-0.7853316639620831,-0.6694817641114403
1363,-0.7796369448105069,-0.6694817641114403
1364,-0.6883970600759776,-0.6694817641114403
1365,-0.838935401525448,-0.6694817641114403
1366,-0.792528185929396,-0.6694817641114403
1367,-0.8715486607677405,-0.6694817641114403
1368,-0.9109262703612183,-0.6694817641114403
1369,-0.661785163064859,-0.6694817641114403
1370,-0.6357216966551347,-0.6694817641114403
1371,-0.7010101284300285,-0.6694817641114403
1372,-0.6133797635666887,-0.6694817641114403
1373,-0.6331494780801842,-0.6694817641114403
1374,-0.8184691070204816,-0.6694817641114403
1375,-0.6197980734479066,-0.6694817641114403
1376,-0.40538620693433697,-0.6694817641114403
1377,-0.7202251843424449,-0.6694817641114403
1378,-0.6700006696810009,-0.6694817641114403
1379,-0.6195321974498686,-0.6694817641114403
1380,-0.6032931174359593,-0.6694817641114403
1381,-0.56140336762169,-0.6694817641114403
1382,-0.7411996407570856,-0.6694817641114403
1383,-0.38663069858301297,-0.6694817641114403
1384,-0.5379826569121784,-0.6694817641114403
1385,-0.5645734653956451,-0.6694817641114403
1386,-0.6491005960706121,-0.6694817641114403
1387,-0.8926890733643981,-0.6694817641114403
1388,-0.6796099950959792,-0.6694817641114403
1389,-0.7532262855560219,-0.6694817641114403
1390,-0.6179842377353448,-0.6694817641114403
1391,-0.4971007846828103,-0.6694817641114403
1392,-0.7522049781008494,-0.6694817641114403
1393,-0.7432526775667236,-0.6694817641114403
1394,-0.7743090841712446,-0.6694817641114403
1395,-0.8061865990952801,-0.6694817641114403
1396,-0.6917930417998058,-0.6694817641114403
1397,-0.6696404762399268,-0.6694817641114403
1398,-0.7295110023446234,-0.6694817641114403
1399,-0.8085695466809388,-0.6694817641114403
1400,-0.6814239634507446,-0.6694817641114403
1401,-0.6724457843527398,-0.6694817641114403
1402,-0.5641946372933337,-0.6694817641114403
1403,-0.47234896681755556,-0.6694817641114403
1404,-0.52806197505991,-0.6694817641114403
1405,-0.6984487687725137,-0.6694817641114403
1406,-0.8285274980488524,-0.6694817641114403
1407,-0.4645243913179941,-0.6694817641114403
1408,-0.6853711936636608,-0.6694817641114403
1409,-0.6330592805573901,-0.6694817641114403
1410,-0.5687418667979411,-0.6694817641114403
1411,-0.6851360420191954,-0.6694817641114403
1412,-0.6628642743075916,-0.6694817641114403
1413,-0.5808872898359151,-0.6694817641114403
1414,-0.434070613490567,-0.6694817641114403
1415,-0.9013022311534128,-0.6694817641114403
1416,-0.711455827916649,-0.6694817641114403
1417,-0.9081978037606572,-0.6694817641114403
1418,-0.7845217440917411,-0.6694817641114403
1419,-0.6898833065452831,-0.6694817641114403
1420,-0.7749666483485911,-0.6694817641114403
1421,-0.6214471259641999,-0.6694817641114403
1422,-0.8576240095842184,-0.6694817641114403
1423,-0.5591829500043353,-0.6694817641114403
1424,-0.6727002362563478,-0.6694817641114403
1425,-0.589510085337089,-0.6694817641114403
1426,-0.6025947067920486,-0.6694817641114403
1427,-0.5691881367697961,-0.6694817641114403
1428,-0.43603802696096217,-0.6694817641114403
1429,-0.5740462880608261,-0.6694817641114403
1430,-0.6058236125043732,-0.6694817641114403
1431,-0.520013043758581,-0.6694817641114403
1432,-0.6086553277041987,-0.6694817641114403
1433,-0.5600982291953726,-0.6694817641114403
1434,-0.7512135335881205,-0.6694817641114403
1435,-0.6742891832357853,-0.6694817641114403
1436,-0.7318990038531145,-0.6694817641114403
1437,-0.7109597671528108,-0.6694817641114403
1438,-0.590801967482359,-0.6694817641114403
1439,-0.8762008097458414,-0.6694817641114403
1440,-0.657817133443106,-0.6694817641114403
1441,-0.710542016757496,-0.6694817641114403
1442,-0.6118005945332579,-0.6694817641114403
1443,-0.635933770444044,-0.6694817641114403
1444,-0.5681335859499639,-0.6694817641114403
1445,-0.6475493882889738,-0.6694817641114403
1446,-0.7376440630407142,-0.6694817641114403
1447,-0.7966047211760903,-0.6694817641114403
1448,-0.710147945475807,-0.6694817641114403
1449,-0.7202370236634215,-0.6694817641114403
1450,-0.6458297755950906,-0.6694817641114403
1451,-0.9161940670806527,-0.6694817641114403
1452,-0.7018471590748936,-0.6694817641114403
1453,-0.6607207825316391,-0.6694817641114403
1454,-0.46222542581694176,-0.6694817641114403
1455,-0.6086995980718167,-0.6694817641114403
1456,-0.6704513842787774,-0.6694817641114403
1457,-0.44640331679363854,-0.6694817641114403
1458,-0.5562353615373105,-0.6694817641114403
1459,-0.4689537525415019,-0.6694817641114403
1460,-0.8006121240434872,-0.6694817641114403
1461,-0.6499221481831113,-0.6694817641114403
1462,-0.661060500255012,-0.6694817641114403
1463,-0.6284225728856814,-0.6694817641114403
1464,-0.7166585463546087,-0.6694817641114403
1465,-0.5948563056551013,-0.6694817641114403
1466,-0.7981523910204865,-0.6694817641114403
1467,-0.8007377961306664,-0.6694817641114403
1468,-0.5259575991715172,-0.6694817641114403
1469,-0.6054173846017653,-0.6694817641114403
1470,-0.8303832734438178,-0.6694817641114403
1471,-0.8124559130783292,-0.6694817641114403
1472,-0.5160811712919506,-0.6694817641114403
1473,-0.6128834226113508,-0.6694817641114403
1474,-0.6511521592216153,-0.6694817641114403
1475,-0.5665893643383686,-0.6694817641114403
1476,-0.6206784377583312,-0.6694817641114403
1477,-0.5509071719768026,-0.6694817641114403
1478,-0.4984504759013396,-0.6694817641114403
1479,-0.42767939268224753,-0.6694817641114403
1480,-0.7950015568322616,-0.6694817641114403
1481,-0.6202210949466452,-0.6694817641114403
1482,-0.7065433220306172,-0.6694817641114403
1483,-0.4665042914763276,-0.6694817641114403
1484,-0.6810818691435339,-0.6694817641114403
1485,-0.6685102820628752,-0.6694817641114403
1486,-0.49850474333835404,-0.6694817641114403
1487,-0.5174607757218928,-0.6694817641114403
1488,0.5883182123089041,0.5401410463699176
1489,0.5830137959271471,0.5401410463699176
1490,0.6108535836201338,0.5401410463699176
1491,0.4681884859587122,0.5401410463699176
1492,0.48444983021528043,0.5401410463699176
1493,0.561116562973637,0.5401410463699176
1494,0.31828743985876506,0.5401410463699176
1495,0.733386108328268,0.5401410463699176
1496,0.41208244881779266,0.5401410463699176
1497,0.6636248189444899,0.5401410463699176
1498,0.6129024850197494,0.5401410463699176
1499,0.49207246522070797,0.5401410463699176
1500,0.5942857301019325,0.5401410463699176
1501,0.5834875187350564,0.5401410463699176
1502,0.5888617332674708,0.5401410463699176
1503,0.4581306857257979,0.5401410463699176
1504,0.3261338622087715,0.5401410463699176
1505,0.5285597148305367,0.5401410463699176
1506,0.6307201520559815,0.5401410463699176
1507,0.5448641213152611,0.5401410463699176
1508,0.5249158098668841,0.5401410463699176
1509,0.5402062887082616,0.5401410463699176
1510,0.7140866832355167,0.5401410463699176
1511,0.5498066207156648,0.5401410463699176
1512,0.6800046428524742,0.5401410463699176
1513,0.6096274890264328,0.5401410463699176
1514,0.198472264904054,0.5401410463699176
1515,0.6282994991588119,0.5401410463699176
1516,0.5602149732449085,0.5401410463699176
1517,0.5794491781738661,0.5401410463699176
1518,0.4594913199045689,0.5401410463699176
1519,0.5192142148437084,0.5401410463699176
1520,0.46348313957146,0.5401410463699176
1521,0.4111220243628258,0.5401410463699176
1522,0.428548196410219,0.5401410463699176
1523,0.49989964774251483,0.5401410463699176
1524,0.4978808844099396,0.5401410463699176
1525,0.5065911241913703,0.5401410463699176
1526,0.6711525019532139,0.5401410463699176
1527,0.3732977059044121,0.30555088020574994
1528,0.402515182448551,0.30555088020574994
1529,0.5413755830056083,0.30555088020574994
1530,0.3607761499898342,0.30555088020574994
1531,0.15234083637162416,0.30555088020574994
1532,0.4442166773672325,0.30555088020574994
1533,0.3453245604090597,0.30555088020574994
1534,0.14750636745264228,0.30555088020574994
1535,0.3533968470607245,0.30555088020574994
1536,0.39965048079707305,0.30555088020574994
1537,0.2191640835528608,0.30555088020574994
1538,0.33287748243427023,0.30555088020574994
1539,0.22341601614446324,0.30555088020574994
1540,0.36091495141992835,0.30555088020574994
1541,0.2841147749309085,0.30555088020574994
1542,0.5202973001407356,0.30555088020574994
1543,0.34989217752668733,0.30555088020574994
1544,0.3963188978108739,0.30555088020574994
1545,0.26113883875157584,0.30555088020574994
1546,0.22090841963830926,0.30555088020574994
1547,0.20451209463352296,0.30555088020574994
1548,0.27910787503155043,0.30555088020574994
1549,0.3128881626753018,0.30555088020574994
1550,0.45882417663201674,0.30555088020574994
1551,0.06526670296870486,0.30555088020574994
1552,0.46837732813982846,0.30555088020574994
1553,0.30101222454507476,0.30555088020574994
1554,0.5174367302722389,0.30555088020574994
1555,0.30848322973501835,0.30555088020574994
1556,0.3180968687883096,0.30555088020574994
1557,0.3125773723039423,0.30555088020574994
1558,0.2917359107993763,0.30555088020574994
1559,0.37218715988064854,0.30555088020574994
1560,0.2640253393139094,0.30555088020574994
1561,0.24021112139869555,0.30555088020574994
1562,0.4212600104504692,0.30555088020574994
1563,0.18051150792782558,0.30555088020574994
1564,0.29872134693126806,0.30555088020574994
1565,0.2234766992184569,0.30555088020574994
1566,0.22477825488493258,0.30555088020574994
1567,0.1079347723084493,0.30555088020574994
1568,0.07861326619839959,0.30555088020574994
1569,0.2464189251139128,0.30555088020574994
1570,0.3075601080560364,0.30555088020574994
1571,1.7325486955357738,1.7409144406085635
1572,1.6949259799459233,1.7409144406085635
1573,1.77564088418112,1.7409144406085635
1574,1.7696107039776494,1.7409144406085635
1575,1.6905386208385627,1.7409144406085635
1576,1.6543223819886979,1.7409144406085635
1577,1.7987071219337727,1.7409144406085635
1578,1.5872926936378795,1.7409144406085635
1579,2.000603531360467,1.7409144406085635
1580,1.895119672309769,1.7409144406085635
1581,1.792453927009125,1.7409144406085635
1582,1.838536675482621,1.7409144406085635
1583,1.8506515077138188,1.7409144406085635
1584,1.8326451657978953,1.7409144406085635
1585,1.764649251834596,1.7409144406085635
1586,2.007593238327968,1.7409144406085635
1587,1.9595186342297366,1.7409144406085635
1588,1.7915997968553259,1.7409144406085635
1589,1.6905783811866975,1.7409144406085635
1590,1.671331247381548,1.7409144406085635
1591,-1.0422110597196534,-1.3491008942059581
1592,-1.2919127745864607,-1.3491008942059581
1593,-1.313738975194124,-1.3491008942059581
1594,-1.410498851693629,-1.3491008942059581
1595,-1.117057600617208,-1.3491008942059581
1596,-1.3661417077860412,-1.3491008942059581
1597,-1.3301483926771713,-1.3491008942059581
1598,-1.4859945719776906,-1.3491008942059581
1599,-1.432417956824575,-1.3491008942059581
1600,-1.5221730170445686,-1.3491008942059581
1601,-1.3553012607510186,-1.3491008942059581
1602,-1.294003203695778,-1.3491008942059581
1603,-1.2294840305847945,-1.3491008942059581
1604,-1.1682421447751576,-1.3491008942059581
1605,-1.3109404944436016,-1.3491008942059581
1606,-1.3190956509176335,-1.3491008942059581
1607,-1.3086181450718846,-1.3491008942059581
1608,-1.1215567597569083,-1.3491008942059581
1609,-1.3726996653044339,-1.3491008942059581
1610,-1.197758626859416,-1.3491008942059581
1611,-1.3705566392742266,-1.3491008942059581
1612,-1.419279871355149,-1.3491008942059581
1613,-1.2383708355007585,-1.3491008942059581
1614,-1.4288183354513526,-1.3491008942059581
1615,-1.425875482865247,-1.3491008942059581
1616,-1.5141432185558823,-1.3491008942059581
1617,-1.413168370727599,-1.3491008942059581
1618,-1.6216657389426536,-1.3491008942059581
1619,-1.5935014865323078,-1.3491008942059581
1620,-1.4932929757301752,-1.3491008942059581
1621,-1.4159592669905832,-1.3491008942059581
1622,-1.2611758652626055,-1.3491008942059581
1623,-1.5538843727075065,-1.3491008942059581
1624,-1.360957132868751,-1.3491008942059581
1625,-1.2065504866956824,-1.3491008942059581
1626,-1.4436647603499564,-1.355369851063415
1627,-1.2411084757482262,-1.355369851063415
1628,-1.305261283685636,-1.355369851063415
1629,-1.1335715849594445,-1.355369851063415
1630,-1.2325650846568355,-1.355369851063415
1631,-1.2285813903677703,-1.355369851063415
1632,-1.0963095012075668,-1.355369851063415
1633,-1.3772178694178994,-1.355369851063415
1634,-1.300982710549425,-1.355369851063415
1635,-1.3167722987237018,-1.355369851063415
1636,-1.1915166458483217,-1.355369851063415
1637,-1.4244109460063077,-1.355369851063415
1638,-1.420133586369403,-1.355369851063415
1639,-1.5291161956785335,-1.355369851063415
1640,-1.2789842947457755,-1.355369851063415
1641,-1.3387728473662768,-1.355369851063415
1642,-1.47971000083537,-1.355369851063415
1643,-1.523737820017738,-1.355369851063415
1644,-1.3343220408800938,-1.355369851063415
1645,-1.2633459787678274,-1.355369851063415
1646,-1.3097661041391855,-1.355369851063415
1647,-1.3900231673577033,-1.355369851063415
1648,-1.2512776307509312,-1.355369851063415
1649,-1.4721163578644776,-1.355369851063415
1650,-1.2913657701511614,-1.355369851063415
1651,-1.2928932418557317,-1.355369851063415
1652,-1.175569800184365,-1.355369851063415
1653,-1.234273500839702,-1.355369851063415
1654,-1.4153205438886503,-1.355369851063415
1655,-1.2155867427355411,-1.355369851063415
1656,-1.3842654959992275,-1.355369851063415
1657,-1.1839674070201023,-1.355369851063415
1658,-1.2227522962903907,-1.355369851063415
1659,-1.4459506719344521,-1.355369851063415
1660,-1.1492175301234921,-1.355369851063415
1661,-1.2398624884262475,-1.355369851063415
1662,1.5398995131403128,1.4605111550463798
1663,1.430390825413019,1.4605111550463798
1664,1.4666037192805497,1.4605111550463798
1665,1.4476413105081893,1.4605111550463798
1666,1.5032933121872771,1.4605111550463798
1667,1.3609437016662709,1.4605111550463798
1668,1.4952275373929285,1.4605111550463798
1669,1.3580824312471724,1.4605111550463798
1670,1.3013110595832003,1.4605111550463798
1671,1.4524834165035692,1.4605111550463798
1672,1.3929811650709945,1.4605111550463798
1673,1.4085384826951903,1.4605111550463798
1674,1.6181090236215698,1.4605111550463798
1675,1.327907138629876,1.4605111550463798
1676,1.4366471152944131,1.4605111550463798
1677,1.500877359557821,1.4605111550463798
1678,1.3974942746274284,1.4605111550463798
1679,1.6525553132428183,1.4605111550463798
1680,1.725290453381523,1.4605111550463798
1681,1.678354403966691,1.4605111550463798
1682,1.5110139410660612,1.4605111550463798
1683,1.5385197476275125,1.4605111550463798
1684,1.5449956920887065,1.4605111550463798
1685,1.2553452541090486,1.4605111550463798
1686,1.6533249629258595,1.4605111550463798
1687,1.4030415007569912,1.4605111550463798
1688,1.366045023397483,1.4605111550463798
1689,1.511131461623731,1.4605111550463798
1690,1.5645143143306,1.4605111550463798
1691,1.5285238935053018,1.4605111550463798
1692,1.3425513353166414,1.4605111550463798
1693,1.2702250286778058,1.4605111550463798
1694,1.4701442240772675,1.4605111550463798
1695,1.4972162322734723,1.4605111550463798
1696,1.535933433669196,1.4605111550463798
1697,1.5279879384632995,1.4605111550463798
1698,1.6361904512523768,1.4605111550463798
1699,1.4369267277092532,1.4605111550463798
1700,1.3474407140808509,1.4605111550463798
1701,1.4044629521070378,1.4605111550463798
1702,1.5316366826699535,1.4605111550463798
1703,1.3888984371799713,1.4605111550463798
1704,1.5416758050792578,1.4605111550463798
1705,1.4374259391432112,1.4605111550463798
1706,1.5420086933295774,1.4605111550463798
1707,1.6021650156366303,1.4605111550463798
1708,1.5521391158122662,1.4605111550463798
1709,1.4398692225766532,1.4605111550463798
1710,1.4129346549171005,1.4605111550463798
1711,1.4357053578654286,1.4605111550463798
1712,1.4206941288541544,1.4605111550463798
1713,1.2797494388476116,1.4605111550463798
1714,1.330170442807928,1.4605111550463798
1715,1.3232132735286983,1.4605111550463798
1716,1.4491069559600767,1.4605111550463798
1717,1.100850392634636,1.4605111550463798
1718,1.5395131153770796,1.4605111550463798
1719,1.4693979360776066,1.4605111550463798
1720,1.2470062159880038,1.4605111550463798
1721,1.4276328064419581,1.4605111550463798
1722,1.4307831359510994,1.4605111550463798
1723,1.5919000585991698,1.4605111550463798
1724,1.3681551258738465,1.4605111550463798
1725,1.677120004356696,1.4605111550463798
1726,1.506494273574084,1.4605111550463798
1727,1.5739737840960744,1.4605111550463798
1728,1.4912865125674013,1.4605111550463798
1729,1.4128591493496885,1.4605111550463798
1730,1.5540482801472362,1.4605111550463798
1731,1.5391948433534695,1.4605111550463798
1732,1.4224291360769707,1.4605111550463798
1733,1.420236146478637,1.4605111550463798
1734,1.5503832305185161,1.4605111550463798
1735,1.4095804967906536,1.4605111550463798
1736,1.5017569907279331,1.4605111550463798
1737,1.6410738437119265,1.4605111550463798
1738,1.372618694781305,1.4605111550463798
1739,1.3233018748962235,1.4605111550463798
1740,1.3965836066166637,1.4605111550463798
1741,1.2623086163195842,1.4605111550463798
1742,1.3542983437285236,1.4605111550463798
1743,1.3328366196975177,1.4605111550463798
1744,1.411114379158562,1.4605111550463798
1745,1.104793902929875,1.4605111550463798
1746,1.3232451016562752,1.4605111550463798
1747,1.4220406300906527,1.4605111550463798
1748,1.45710387825596,1.4605111550463798
1749,1.3088064695248496,1.4605111550463798
1750,1.3373900525598985,1.4605111550463798
1751,1.478152410799785,1.4605111550463798
1752,1.6039484677978402,1.4605111550463798
1753,1.5237771093328134,1.4605111550463798
1754,1.5103557794329512,1.4605111550463798
1755,1.5572777597470266,1.4605111550463798
1756,1.591190039308018,1.4605111550463798
1757,1.3378223933703215,1.4605111550463798
1758,1.6087789572354096,1.4605111550463798
1759,1.4449736460542422,1.4605111550463798
1760,1.3243697057108357,1.4605111550463798
1761,1.2920434745584732,1.4605111550463798
1762,1.4469645433617488,1.4605111550463798
1763,1.4125959628124585,1.4605111550463798
1764,1.4817618029898516,1.4605111550463798
1765,1.301324069299295,1.4605111550463798
1766,1.3261427371108807,1.4605111550463798
1767,1.4851946833503014,1.4605111550463798
1768,1.4824839561936796,1.4605111550463798
1769,1.3905925518078956,1.4605111550463798
1770,1.3755019528729184,1.4605111550463798
1771,1.4767180347742552,1.4605111550463798
1772,1.4562313936001365,1.4605111550463798
1773,1.3241391278608845,1.4605111550463798
1774,1.5965502650659624,1.4605111550463798
1775,1.3448972030732211,1.4605111550463798
1776,1.5464768934533106,1.4605111550463798
1777,1.4972348166761669,1.4605111550463798
1778,1.5058486412390313,1.4605111550463798
1779,1.6104866029215186,1.4605111550463798
1780,1.542121785612742,1.4605111550463798
1781,1.487486767444873,1.4605111550463798
1782,1.6434490954948424,1.4605111550463798
1783,1.621332843505238,1.4605111550463798
1784,1.2685651452291746,1.4605111550463798
1785,1.5464367221725177,1.4605111550463798
1786,1.644864439508666,1.4605111550463798
1787,1.4614410222171348,1.4605111550463798
1788,1.4285111995021382,1.4605111550463798
1789,1.344968065832821,1.4605111550463798
1790,1.4172183132170646,1.4605111550463798
1791,1.4720257667984324,1.4605111550463798
1792,1.4110638799668993,1.4605111550463798
1793,1.3396833583337724,1.4605111550463798
1794,1.429388174381669,1.4605111550463798
1795,1.4106662567910848,1.4605111550463798
1796,1.2330283006412015,1.4605111550463798
1797,1.3645258415067845,1.4605111550463798
1798,1.4596892351341764,1.4605111550463798
1799,1.242585228535905,1.4605111550463798
1800,1.3257992091318236,1.4605111550463798
1801,1.5054609639296188,1.4605111550463798
1802,1.6184138446258245,1.4605111550463798
1803,1.30713666872435,1.4605111550463798
1804,1.5770611972892326,1.4605111550463798
1805,1.7279833389111712,1.4605111550463798
1806,-1.6111688166851625,-1.798238587209236
1807,-1.5875437197765718,-1.798238587209236
1808,-1.628330499396631,-1.798238587209236
1809,-1.7154814918390033,-1.798238587209236
1810,-1.63370547432299,-1.798238587209236
1811,-1.6720335956277437,-1.798238587209236
1812,-1.9244188850937054,-1.798238587209236
1813,-1.6187962884714402,-1.798238587209236
1814,-1.8759891429781392,-1.798238587209236
1815,-1.7255255029709184,-1.798238587209236
1816,-1.7705112759674557,-1.798238587209236
1817,-1.8592347224729817,-1.798238587209236
1818,-1.8858405346184977,-1.798238587209236
1819,-1.785852834455751,-1.798238587209236
1820,-1.8284309114501371,-1.798238587209236
1821,-1.8253199426154445,-1.798238587209236
1822,-1.9411187377947974,-1.798238587209236
1823,-1.7024798995423303,-1.798238587209236
1824,-1.9021315714787694,-1.798238587209236
1825,-1.7715151096299024,-1.798238587209236
1826,-1.657165586947766,-1.798238587209236
1827,-1.6536583872920445,-1.798238587209236
1828,-1.775878294486884,-1.798238587209236
1829,-1.7497255858435166,-1.798238587209236
1830,-1.7335453444495583,-1.798238587209236
1831,-1.6917092331332007,-1.798238587209236
1832,-1.8268753622581253,-1.798238587209236
1833,-1.8315288421943148,-1.798238587209236
1834,-1.739623933843358,-1.798238587209236
1835,-1.8338604728989418,-1.798238587209236
1836,-1.7217854061035798,-1.798238587209236
1837,-1.8613237212756526,-1.798238587209236
1838,-1.7905538208145222,-1.798238587209236
1839,-1.7435076341289693,-1.798238587209236
1840,-1.8098276681113474,-1.798238587209236
1841,-1.9095083645999469,-1.798238587209236
1842,-1.8548699143061969,-1.798238587209236
1843,-1.9503284791848123,-1.798238587209236
1844,-1.7356273727109812,-1.798238587209236
1845,-0.8035474302769227,-0.6990640239746331
1846,-0.6697408530516676,-0.6990640239746331
1847,-0.7533962727536766,-0.6990640239746331
1848,-0.8388941971777649,-0.6990640239746331
1849,-0.689990822116746,-0.6990640239746331
1850,-0.7446603006974086,-0.6990640239746331
1851,-0.7535593697652303,-0.6990640239746331
1852,-0.7841782068825702,-0.6990640239746331
1853,-0.5885563323083252,-0.6990640239746331
1854,-0.6816554385993924,-0.6990640239746331
1855,-0.6970220192840733,-0.6990640239746331
1856,-0.7074154350713868,-0.6990640239746331
1857,-0.7686297862977522,-0.6990640239746331
1858,-0.5243469406150073,-0.6990640239746331
1859,-0.74825345742631,-0.6990640239746331
1860,-0.7613109422988174,-0.6990640239746331
1861,-0.6653161634480337,-0.6990640239746331
1862,-0.6808780012246636,-0.6990640239746331
1863,-0.64288194776504,-0.6990640239746331
1864,-0.7616908983125845,-0.6990640239746331
1865,-0.7007481070822997,-0.6990640239746331
1866,-0.6024625630602429,-0.6990640239746331
1867,-0.6463266686127465,-0.6990640239746331
1868,-0.6294824205430212,-0.6990640239746331
1869,-0.8311829991119364,-0.6990640239746331
1870,-0.6356932713839749,-0.6990640239746331
1871,-0.9215827753829988,-0.6990640239746331
1872,-0.7838765596683824,-0.6990640239746331
1873,-0.7310848391946436,-0.6990640239746331
1874,-0.8163191836768763,-0.6990640239746331
1875,-0.8086288982377497,-0.6990640239746331
1876,-0.6348529760182117,-0.6990640239746331
1877,-0.5579157842659039,-0.6990640239746331
1878,-0.6010793445292076,-0.6990640239746331
1879,-0.7267980442170616,-0.6990640239746331
1880,-0.5827202701613116,-0.6990640239746331
1881,-0.37378299915119684,-0.45786265657195246
1882,-0.4819148351811878,-0.45786265657195246
1883,-0.2879141403772301,-0.45786265657195246
1884,-0.4282187653459585,-0.45786265657195246
1885,-0.4290722844726627,-0.45786265657195246
1886,-0.4492643133604088,-0.45786265657195246
1887,-0.48970155538867216,-0.45786265657195246
1888,-0.4476524226810851,-0.45786265657195246
1889,-0.5504198634830046,-0.45786265657195246
1890,-0.5678049075864902,-0.45786265657195246
1891,-0.5129564622992401,-0.45786265657195246
1892,-0.7324378490132707,-0.45786265657195246
1893,-0.37882451914592463,-0.45786265657195246
1894,-0.5753300412602395,-0.45786265657195246
1895,-0.630058851567644,-0.45786265657195246
1896,-0.5305844838097667,-0.45786265657195246
1897,-0.597726927160159,-0.45786265657195246
1898,-0.42946247818662364,-0.45786265657195246
1899,-0.25904497768106993,-0.45786265657195246
1900,-0.38309218454102534,-0.45786265657195246
1901,-0.5343827649965458,-0.45786265657195246
1902,-0.48068681398713387,-0.45786265657195246
1903,-0.34596028587859273,-0.45786265657195246
1904,-0.45016251497782245,-0.45786265657195246
1905,-0.19015149607793774,-0.45786265657195246
1906,-0.348002556879751,-0.45786265657195246
1907,-0.23613564505426332,-0.45786265657195246
1908,-0.3219287964318656,-0.45786265657195246
1909,-0.23942001474303012,-0.45786265657195246
1910,-0.6098500488440133,-0.45786265657195246
1911,-0.4763846064030949,-0.45786265657195246
1912,-0.33731732718267327,-0.45786265657195246
1913,-0.606339632806946,-0.45786265657195246
1914,-0.5180684071759268,-0.45786265657195246
1915,-0.6037171653940612,-0.45786265657195246
1916,-0.3621329295511343,-0.45786265657195246
1917,-0.5584822878654064,-0.45786265657195246
1918,-0.5118802831135209,-0.45786265657195246
1919,-0.6046988333129579,-0.45786265657195246
1920,-0.6043378004272448,-0.45786265657195246
1921,-0.6448750109668151,-0.45786265657195246
1922,-0.5584170107423296,-0.45786265657195246
1923,-0.4480666168227996,-0.45786265657195246
1924,-0.46358682410049623,-0.45786265657195246
1925,-0.679816081242091,-0.45786265657195246
1926,-0.32570321143441644,-0.45786265657195246
1927,-0.376115400514639,-0.45786265657195246
1928,-0.3635669404485513,-0.45786265657195246
1929,-0.4931436429084261,-0.45786265657195246
1930,-0.2944033246417216,-0.45786265657195246
1931,-0.24852574374634803,-0.45786265657195246
1932,-0.35245797306980103,-0.45786265657195246
1933,-0.397545541725416,-0.45786265657195246
1934,-0.3185008686567757,-0.45786265657195246
1935,-0.37561481248006245,-0.45786265657195246
1936,-0.4899729195531785,-0.45786265657195246
1937,-0.5488122614767376,-0.45786265657195246
1938,-0.5255335824341643,-0.45786265657195246
1939,-0.3524589076437027,-0.45786265657195246
1940,-0.3154482660834576,-0.45786265657195246
1941,-0.6595466738824755,-0.45786265657195246
1942,-0.6484546328766592,-0.45786265657195246
1943,-0.603351464833132,-0.45786265657195246
1944,-0.5412192869582966,-0.45786265657195246
1945,-0.36475464244370026,-0.45786265657195246
1946,-0.6184804873489087,-0.45786265657195246
1947,-0.40108760324646386,-0.45786265657195246
1948,-0.3963692310471404,-0.45786265657195246
1949,-0.39336205817924186,-0.45786265657195246
1950,-0.3769756626411957,-0.45786265657195246
1951,-0.3782183087055192,-0.45786265657195246
1952,-0.4680078763507292,-0.45786265657195246
1953,-0.4516762120208129,-0.45786265657195246
1954,-0.12031295562742342,-0.45786265657195246
1955,-0.4219688698073427,-0.45786265657195246
1956,-0.32234820863564484,-0.45786265657195246
1957,-0.41094547762376277,-0.45786265657195246
1958,-0.41922463566688134,-0.45786265657195246
1959,-0.4144063869380843,-0.45786265657195246
1960,-0.510354627411268,-0.45786265657195246
1961,-0.382929419813349,-0.45786265657195246
1962,-0.5686471206024519,-0.45786265657195246
1963,-0.404697409300218,-0.45786265657195246
1964,-0.4336129164406592,-0.45786265657195246
1965,-0.3920093724294371,-0.45786265657195246
1966,-0.45704003077593225,-0.45786265657195246
1967,-0.5852318252667502,-0.45786265657195246
1968,-0.4221491002280119,-0.45786265657195246
1969,-0.40703102347650466,-0.45786265657195246
1970,-0.4716902865269659,-0.45786265657195246
1971,-0.42894896109745695,-0.45786265657195246
1972,-0.43251039066687685,-0.45786265657195246
1973,-0.2832719502397794,-0.45786265657195246
1974,-0.3842103505372044,-0.45786265657195246
1975,-0.6585753605261199,-0.45786265657195246
1976,-0.46336077892308875,-0.45786265657195246
1977,-0.3718476331425911,-0.45786265657195246
1978,-0.5753402614335722,-0.45786265657195246
1979,-0.4296239928961997,-0.45786265657195246
1980,-0.10548055261879671,-0.45786265657195246
1981,-0.26050903015916116,-0.45786265657195246
1982,-0.305451436494186,-0.45786265657195246
1983,-0.398789138140329,-0.45786265657195246
1984,-0.3916814295600849,-0.45786265657195246
1985,-0.24679280514875648,-0.45786265657195246
1986,-1.1415578555181285,-1.3656209023970278
1987,-1.385427667259276,-1.3656209023970278
1988,-1.3086130848988085,-1.3656209023970278
1989,-1.3986688175789432,-1.3656209023970278
1990,-1.302477885526429,-1.3656209023970278
1991,-1.5302798098417516,-1.3656209023970278
1992,-1.5268682605288895,-1.3656209023970278
1993,-1.376904944336582,-1.3656209023970278
1994,-1.5968609076318592,-1.3656209023970278
1995,-1.5976391568338462,-1.3656209023970278
1996,-1.4294192501958831,-1.3656209023970278
1997,-1.3072893984037692,-1.3656209023970278
1998,-1.2986469414023671,-1.3656209023970278
1999,-1.3980333461491923,-1.3656209023970278
2000,-1.3075684555805764,-1.3656209023970278
2001,-1.3527373226470574,-1.3656209023970278
2002,-1.1425405526244916,-1.3656209023970278
2003,-1.3415852652429727,-1.3656209023970278
2004,-1.4479313736475143,-1.3656209023970278
2005,-1.2685367261977327,-1.3656209023970278
2006,-1.3317738526210603,-1.3656209023970278
2007,-1.2716632892373547,-1.3656209023970278
2008,-1.3721781248442753,-1.3656209023970278
2009,-1.4632298663784442,-1.3656209023970278
2010,-1.2490434577060159,-1.3656209023970278
2011,-1.2968062271846383,-1.3656209023970278
2012,-1.3775305232783415,-1.3656209023970278
2013,-1.42146682951288,-1.3656209023970278
2014,-1.4437480976055208,-1.3656209023970278
2015,-1.6265910542701556,-1.3656209023970278
2016,-1.3161795134288363,-1.3656209023970278
2017,-1.698148022865539,-1.3656209023970278
2018,-1.5164349349084434,-1.3656209023970278
2019,-1.6300008016147438,-1.3656209023970278
2020,-1.386316662085224,-1.3656209023970278
2021,-1.43106846032404,-1.3656209023970278
2022,-1.370670488807135,-1.3656209023970278
2023,-1.4417193402020818,-1.3656209023970278
2024,-1.363294724993381,-1.3656209023970278
2025,-1.2838106576624968,-1.3656209023970278
2026,-1.3553983836649424,-1.3656209023970278
2027,-1.2108303510201253,-1.3656209023970278
2028,-1.2076459699645667,-1.3656209023970278
2029,-1.2828677730509839,-1.3656209023970278
2030,-1.2914560437947165,-1.3656209023970278
2031,-1.3622790115151024,-1.3656209023970278
2032,-1.3582010761536096,-1.3656209023970278
2033,-1.2552686251327758,-1.3656209023970278
2034,-1.391914616157998,-1.3656209023970278
2035,-1.346501879344591,-1.3656209023970278
2036,-1.3591111231869402,-1.3656209023970278
2037,-1.3573611966020682,-1.3656209023970278
2038,-1.3745792153873426,-1.3656209023970278
2039,-1.429021778850322,-1.3656209023970278
2040,-1.3090080951862346,-1.3656209023970278
2041,-1.4909063611060616,-1.3656209023970278
2042,-1.4958205168550827,-1.3656209023970278
2043,-1.395169120321062,-1.3656209023970278
2044,-1.500845818497375,-1.3656209023970278
2045,-1.3312640812782766,-1.3656209023970278
2046,-1.258523505962869,-1.3656209023970278
2047,-1.3849099998423704,-1.3656209023970278
2048,-1.2197245405011143,-1.3656209023970278
2049,-1.305818942508556,-1.3656209023970278
2050,-1.4388238854497417,-1.3656209023970278
2051,-1.2919610299284336,-1.3656209023970278
2052,-1.216611342043152,-1.3656209023970278
2053,-1.334740967476883,-1.3656209023970278
2054,-1.388920057764583,-1.3656209023970278
2055,-1.205202380434402,-1.3656209023970278
2056,-0.33097466658689856,-0.35012050151159296
2057,-0.4856663900818281,-0.35012050151159296
2058,-0.28638096342447494,-0.35012050151159296
2059,-0.43396942167733127,-0.35012050151159296
2060,-0.47623436591522816,-0.35012050151159296
2061,-0.24161239089644249,-0.35012050151159296
2062,-0.42653807070465816,-0.35012050151159296
2063,-0.48142572027271346,-0.35012050151159296
2064,-0.3966889791860269,-0.35012050151159296
2065,-0.3511493076973025,-0.35012050151159296
2066,-0.21157392536291042,-0.35012050151159296
2067,-0.33220853574076264,-0.35012050151159296
2068,-0.2916723754384768,-0.35012050151159296
2069,-0.3381680661266241,-0.35012050151159296
2070,-0.40981550290556457,-0.35012050151159296
2071,-0.5606730464334984,-0.35012050151159296
2072,-0.4271538660073184,-0.35012050151159296
2073,-0.4233922936607992,-0.35012050151159296
2074,-0.31688761538739146,-0.35012050151159296
2075,-0.35550220324812404,-0.35012050151159296
2076,-0.38460311296238614,-0.35012050151159296
2077,-0.34311400894070637,-0.35012050151159296
2078,-0.15029916542549474,-0.35012050151159296
2079,-0.21197783662280317,-0.35012050151159296
2080,-0.14639830737793397,-0.35012050151159296
2081,-0.18285233604761822,-0.35012050151159296
2082,-0.30946240136232583,-0.35012050151159296
2083,-0.3107660505360021,-0.35012050151159296
2084,-0.277778122648125,-0.35012050151159296
2085,-0.3618533884582958,-0.35012050151159296
2086,-0.21950615731695344,-0.35012050151159296
2087,-0.4250122054018807,-0.35012050151159296
2088,-0.6354743417559874,-0.35012050151159296
2089,-0.30659854779962475,-0.35012050151159296
2090,-0.3255626798913871,-0.35012050151159296
2091,-0.28327151014281765,-0.35012050151159296
2092,-0.3436614448830274,-0.35012050151159296
2093,-0.3230442516969399,-0.35012050151159296
2094,0.7432193844894912,1.0307043793840396
2095,0.9635123532972923,1.0307043793840396
2096,0.9488981215154396,1.0307043793840396
2097,0.6742310448590046,1.0307043793840396
2098,1.0489182013367382,1.0307043793840396
2099,1.2261554725532982,1.0307043793840396
2100,0.9432916475054592,1.0307043793840396
2101,1.021600164343854,1.0307043793840396
2102,0.9570826489625736,1.0307043793840396
2103,1.1030772226827488,1.0307043793840396
2104,1.2485042387156253,1.0307043793840396
2105,1.2278303016685357,1.0307043793840396
2106,1.140048589382813,1.0307043793840396
2107,1.025062370529285,1.0307043793840396
2108,1.2534590191328856,1.0307043793840396
2109,0.9985384394053893,1.0307043793840396
2110,0.9248437959145326,1.0307043793840396
2111,1.1596306438724444,1.0307043793840396
2112,1.042161672785305,1.0307043793840396
2113,1.0619964095591905,1.0307043793840396
2114,0.9867443386071029,1.0307043793840396
2115,0.9700783163866873,1.0307043793840396
2116,1.0601988830235187,1.0307043793840396
2117,0.729423090852069,1.0307043793840396
2118,0.8439154648272799,1.0307043793840396
2119,0.8139171164631034,1.0307043793840396
2120,1.1787294535371176,1.0307043793840396
2121,1.0067493965418362,1.0307043793840396
2122,1.081478572653445,1.0307043793840396
2123,1.1674708090691792,1.0307043793840396
2124,1.0240736022231887,1.0307043793840396
2125,0.9964434913655347,1.0307043793840396
2126,0.9411144671689486,1.0307043793840396
2127,1.165798406126088,1.0307043793840396
2128,1.0927494003749483,1.0307043793840396
2129,1.0212220763381827,1.0307043793840396
2130,0.9904448961797264,1.0307043793840396
2131,0.8762404975705338,1.0307043793840396
2132,1.0659837182627248,1.0307043793840396
2133,1.0914647517995444,1.0307043793840396
2134,0.9513885088944969,1.0307043793840396
2135,1.0449291256588413,1.0307043793840396
2136,-1.5443442250988237,-1.537646211841883
2137,-1.6587125146277404,-1.537646211841883
2138,-1.64139121399391,-1.537646211841883
2139,-1.4008299417541468,-1.537646211841883
2140,-1.735508980111964,-1.537646211841883
2141,-1.5807064121917727,-1.537646211841883
2142,-1.7213994099201106,-1.537646211841883
2143,-1.5652313379904534,-1.537646211841883
2144,-1.5628858659504254,-1.537646211841883
2145,-1.544764040499155,-1.537646211841883
2146,-1.4485299214538052,-1.537646211841883
2147,-1.5035667578507743,-1.537646211841883
2148,-1.7967950339319965,-1.537646211841883
2149,-1.4287777693009485,-1.537646211841883
2150,-1.6265813253146575,-1.537646211841883
2151,-1.6376977194856046,-1.537646211841883
2152,-1.5364243573368304,-1.537646211841883
2153,-1.2688231730178046,-1.537646211841883
2154,-1.5363429830327546,-1.537646211841883
2155,-1.5356642527728486,-1.537646211841883
2156,-1.5344688795674597,-1.537646211841883
2157,-1.1889758929749328,-1.537646211841883
2158,-1.5708607539545227,-1.537646211841883
2159,-1.5626025178649485,-1.537646211841883
2160,-1.4908858438452766,-1.537646211841883
2161,-1.367733676311305,-1.537646211841883
2162,-1.4596849322330365,-1.537646211841883
2163,-1.3804021041874712,-1.537646211841883
2164,-1.7245103411326375,-1.537646211841883
2165,-1.6636470835640695,-1.537646211841883
2166,-1.496231161703562,-1.537646211841883
2167,-1.577556730087169,-1.537646211841883
2168,-1.7303687760562685,-1.537646211841883
2169,-1.5680951738655882,-1.537646211841883
2170,-1.765268471138192,-1.537646211841883
2171,-1.5083744542781605,-1.537646211841883
2172,-1.49184740821693,-1.537646211841883
2173,-1.5663828543270784,-1.537646211841883
2174,-1.6806334693694815,-1.537646211841883
2175,-1.634136244364877,-1.537646211841883
2176,-1.4578668519103983,-1.537646211841883
2177,-1.4909257913942453,-1.537646211841883
2178,-1.4653652588599368,-1.537646211841883
2179,-1.4437823020051241,-1.537646211841883
2180,-1.5179382042585687,-1.537646211841883
2181,-1.4504773748444961,-1.537646211841883
2182,-1.4078354339528845,-1.537646211841883
2183,-1.3800174705544284,-1.537646211841883
2184,-1.4439676775375019,-1.537646211841883
2185,-1.4223535611575997,-1.537646211841883
2186,-1.4402521310973335,-1.537646211841883
2187,-1.5184503372343416,-1.537646211841883
2188,-1.6486861535168276,-1.537646211841883
2189,-1.63998661446535,-1.537646211841883
2190,-1.5510932877786514,-1.537646211841883
2191,-1.4945779345262062,-1.537646211841883
2192,-1.5927665517182865,-1.537646211841883
2193,-1.6532076961912128,-1.537646211841883
2194,-1.654086783801023,-1.537646211841883
2195,-1.4823692786700247,-1.537646211841883
2196,-1.5542838636828553,-1.537646211841883
2197,-1.6382136374412783,-1.537646211841883
2198,-1.4527373369414485,-1.537646211841883
2199,-1.5639093595527367,-1.537646211841883
2200,-1.3547520416669345,-1.537646211841883
2201,-1.6422535337549877,-1.537646211841883
2202,-1.595636647848852,-1.537646211841883
2203,-1.508565681177886,-1.537646211841883
2204,-1.7955870027807375,-1.537646211841883
2205,-1.4956447942074473,-1.537646211841883
2206,-1.5122014759265348,-1.537646211841883
2207,-1.497257163326892,-1.537646211841883
2208,-1.3533988004449502,-1.537646211841883
2209,-1.6286670562320493,-1.537646211841883
2210,-1.3729725087192066,-1.537646211841883
2211,-1.4054232402991693,-1.537646211841883
2212,-1.5571703130910202,-1.537646211841883
2213,-1.5758938699977418,-1.537646211841883
2214,-1.5044651874715143,-1.537646211841883
2215,-1.3667771047823791,-1.537646211841883
2216,-1.6016945890355634,-1.537646211841883
2217,-1.5793166421986085,-1.537646211841883
2218,-1.7034423452882894,-1.537646211841883
2219,-1.4699143478156682,-1.537646211841883
2220,-1.6632972754434712,-1.537646211841883
2221,-1.8454096809694063,-1.537646211841883
2222,-1.4781278205612038,-1.537646211841883
2223,-1.533169098840686,-1.537646211841883
2224,-1.5588431091879043,-1.537646211841883
2225,-1.6664443648645195,-1.537646211841883
2226,-1.5539260936620427,-1.537646211841883
2227,-1.7506432560870913,-1.537646211841883
2228,-1.5413013255483805,-1.537646211841883
2229,-1.6058808177242174,-1.537646211841883
2230,-1.3701863794059637,-1.537646211841883
2231,-1.5209945332483314,-1.537646211841883
2232,-1.5393591760330512,-1.537646211841883
2233,-1.6988654451654235,-1.537646211841883
2234,-1.4123671959829895,-1.537646211841883
2235,-1.4507568107042759,-1.537646211841883
2236,-1.62963312356802,-1.537646211841883
2237,-1.44492892830941,-1.537646211841883
2238,-1.3805973682116162,-1.537646211841883
2239,-1.5142655741825979,-1.537646211841883
2240,-1.6052951298789817,-1.537646211841883
2241,-1.6921796349280125,-1.537646211841883
2242,-1.719648722357164,-1.537646211841883
2243,-1.6229566897302903,-1.537646211841883
2244,-1.6784307718373872,-1.537646211841883
2245,-1.3481586343760563,-1.537646211841883
2246,-1.4105410473292825,-1.537646211841883
2247,-1.5347380936311248,-1.537646211841883
2248,-1.5027832757054334,-1.537646211841883
2249,-1.4087723529115488,-1.537646211841883
2250,-1.5680075593148277,-1.537646211841883
2251,-1.4148126531313607,-1.537646211841883
2252,-1.643427925168335,-1.537646211841883
2253,-1.6939690951381365,-1.537646211841883
2254,-1.622285963232564,-1.537646211841883
2255,-1.3331081389772024,-1.537646211841883
2256,-1.4099141739900345,-1.537646211841883
2257,-1.4598721559760524,-1.537646211841883
2258,-1.409179673538417,-1.537646211841883
2259,-1.6033318636941616,-1.537646211841883
2260,-1.5099830606608058,-1.537646211841883
2261,-1.520872175163038,-1.537646211841883
2262,-1.5054849609109187,-1.537646211841883
2263,-1.5447634243397361,-1.537646211841883
2264,-1.5230224137414248,-1.537646211841883
2265,-1.5498023433923669,-1.537646211841883
2266,-1.7823312642173552,-1.537646211841883
2267,-1.5684222542233712,-1.537646211841883
2268,-1.4313115800044849,-1.537646211841883
2269,-1.5214591473998669,-1.537646211841883
2270,-1.3727930163786333,-1.537646211841883
2271,-1.5471548245695477,-1.537646211841883
2272,-1.6469371457003095,-1.537646211841883
2273,-1.3959943029179323,-1.537646211841883
2274,-1.524435248477933,-1.537646211841883
2275,-1.6855637141875657,-1.537646211841883
2276,-1.504033265626555,-1.537646211841883
2277,-1.4998541331287614,-1.537646211841883
2278,-1.5617148633658386,-1.537646211841883
2279,-1.3131310216666479,-1.537646211841883
2280,-1.4052875694000713,-1.537646211841883
2281,-1.4366894056085298,-1.537646211841883
2282,-1.5080765377592127,-1.537646211841883
2283,-1.447716371101593,-1.537646211841883
2284,-1.4793620585194076,-1.537646211841883
2285,-1.4470167442955466,-1.537646211841883
2286,-1.6634208420846854,-1.537646211841883
2287,-1.7046557523714352,-1.537646211841883
2288,-1.682087461852069,-1.537646211841883
2289,-1.579911930830017,-1.537646211841883
2290,-1.5845117720580488,-1.537646211841883
2291,0.016603263951182633,-0.0320246996055404
2292,0.01807463037931443,-0.0320246996055404
2293,-0.12092473612056837,-0.0320246996055404
2294,0.049514214407404784,-0.0320246996055404
2295,-0.16730678422219333,-0.0320246996055404
2296,-0.13377378122930755,-0.0320246996055404
2297,-0.30863794540225653,-0.0320246996055404
2298,-0.018917269208958174,-0.0320246996055404
2299,-0.005951715006499112,-0.0320246996055404
2300,-0.1356060491394731,-0.0320246996055404
2301,-0.2093065914618035,-0.0320246996055404
2302,-0.060412233026778575,-0.0320246996055404
2303,0.033706802179484484,-0.0320246996055404
2304,-0.0664638019731824,-0.0320246996055404
2305,-0.0678896805593547,-0.0320246996055404
2306,-0.0840817831821743,-0.0320246996055404
2307,0.07762772234390126,-0.0320246996055404
2308,0.02758112585315082,-0.0320246996055404
2309,-0.0553715101323851,-0.0320246996055404
2310,-0.08080030870651943,-0.0320246996055404
2311,0.04391406902872928,-0.0320246996055404
2312,-0.20568500567614637,-0.0320246996055404
2313,-0.02479592458002808,-0.0320246996055404
2314,-0.10489942759116837,-0.0320246996055404
2315,-0.3564153032740862,-0.0320246996055404
2316,-0.195175438738324,-0.0320246996055404
2317,-0.09259578437620483,-0.0320246996055404
2318,-0.20997330065946113,-0.0320246996055404
2319,-0.20833911078856437,-0.0320246996055404
2320,-0.033557634061668534,-0.0320246996055404
2321,-0.07070675855623225,-0.0320246996055404
2322,0.017290400013700247,-0.0320246996055404
2323,0.15257685061628398,-0.0320246996055404
2324,-0.22671103142412843,-0.0320246996055404
2325,-0.03738568486163407,-0.0320246996055404
2326,-0.05473043100074647,-0.0320246996055404
2327,-0.09174412498941799,-0.0320246996055404
2328,0.1992924517087153,-0.0320246996055404
2329,-0.26540664023219585,-0.0320246996055404
2330,0.05314055697399661,-0.0320246996055404
2331,0.1157728419045393,-0.0320246996055404
2332,0.18839306921767343,-0.0320246996055404
2333,0.24627503403075474,-0.0320246996055404
2334,0.14462736343841118,-0.0320246996055404
2335,-0.13558376788005572,-0.0320246996055404
2336,0.027380863135927688,-0.0320246996055404
2337,-0.04862802846643343,-0.0320246996055404
2338,-0.20679846531946666,-0.0320246996055404
2339,-0.03839290572449888,-0.0320246996055404
2340,0.04918893119248002,-0.0320246996055404
2341,-0.06293500459011764,-0.0320246996055404
2342,-0.011873388181301119,-0.0320246996055404
2343,-0.11334962410814454,-0.0320246996055404
2344,-0.10449613000789856,-0.0320246996055404
2345,-0.1292800409177445,-0.0320246996055404
2346,-0.20472026810570695,-0.0320246996055404
2347,-0.14295993450886274,-0.0320246996055404
2348,-0.030900379847945608,-0.0320246996055404
2349,1.5184368974050826,1.5992345795610268
2350,1.5329317071882298,1.5992345795610268
2351,1.6687759988149755,1.5992345795610268
2352,1.7616062682095939,1.5992345795610268
2353,1.7100006571154627,1.5992345795610268
2354,1.7335190291967326,1.5992345795610268
2355,1.7895483059321495,1.5992345795610268
2356,1.5154806358331556,1.5992345795610268
2357,1.6163981158677796,1.5992345795610268
2358,1.6350270458733935,1.5992345795610268
2359,1.5389856609111832,1.5992345795610268
2360,1.546107900142474,1.5992345795610268
2361,1.6419574512597481,1.5992345795610268
2362,1.753885203744125,1.5992345795610268
2363,1.5946737922678356,1.5992345795610268
2364,1.6669238751218447,1.5992345795610268
2365,1.5586338458432292,1.5992345795610268
2366,1.5518904385998311,1.5992345795610268
2367,1.3722554438076702,1.5992345795610268
2368,1.5778290412357698,1.5992345795610268
2369,1.5821212382603933,1.5992345795610268
2370,1.556779923632688,1.5992345795610268
2371,1.63404683898357,1.5992345795610268
2372,1.6141174970630443,1.5992345795610268
2373,1.734825464549636,1.5992345795610268
2374,1.557453136909425,1.5992345795610268
2375,1.464352557950567,1.5992345795610268
2376,1.3203913143390256,1.5992345795610268
2377,1.627230694531926,1.5992345795610268
2378,1.6245364005093352,1.5992345795610268
2379,1.7606676824778296,1.5992345795610268
2380,1.6547718274656098,1.5992345795610268
2381,-0.8841968239769233,-0.7840564811352864
2382,-0.6558014859594834,-0.7840564811352864
2383,-0.6463390781804064,-0.7840564811352864
2384,-0.697839075075595,-0.7840564811352864
2385,-0.6292089302957182,-0.7840564811352864
2386,-0.7764088062356004,-0.7840564811352864
2387,-0.7936732223318311,-0.7840564811352864
2388,-0.7636037532341337,-0.7840564811352864
2389,-0.7067769416675365,-0.7840564811352864
2390,-0.7430130694288409,-0.7840564811352864
2391,-0.7512813572751197,-0.7840564811352864
2392,-0.7912117208758213,-0.7840564811352864
2393,-0.9752803717247368,-0.7840564811352864
2394,-0.8718335198283275,-0.7840564811352864
2395,-0.7089054072595631,-0.7840564811352864
2396,-0.8351681832562345,-0.7840564811352864
2397,-0.8226147318547694,-0.7840564811352864
2398,-0.8230370078729886,-0.7840564811352864
2399,-0.6978653578044685,-0.7840564811352864
2400,-0.6262032140474266,-0.7840564811352864
2401,-0.7701461816991703,-0.7840564811352864
2402,-0.7189669611384581,-0.7840564811352864
2403,-0.596559996228151,-0.7840564811352864
2404,-0.5108148829691995,-0.7840564811352864
2405,-0.7072619254559857,-0.7840564811352864
2406,-0.8407580755934937,-0.7840564811352864
2407,-0.7046500668360086,-0.7840564811352864
2408,-0.6997249631011886,-0.7840564811352864
2409,-0.6504551682308511,-0.7840564811352864
2410,-0.6729541322993481,-0.7840564811352864
2411,-0.7627738566159441,-0.7840564811352864
2412,-0.7449194743472923,-0.7840564811352864
2413,-0.9375208249430153,-0.7840564811352864
2414,-0.7100104478820496,-0.7840564811352864
2415,-0.5297791846371508,-0.7840564811352864
2416,-0.8125675524086102,-0.7840564811352864
2417,-0.8076231498380333,-0.7840564811352864
2418,-1.06036403460265,-0.7840564811352864
2419,-0.8352576673504016,-0.7840564811352864
2420,-0.8658950100594196,-0.7840564811352864
2421,-0.8894667275969803,-0.7840564811352864
2422,-0.8197418279654443,-0.7840564811352864
2423,-0.7874568056703329,-0.7840564811352864
2424,-0.8959852581129664,-0.7840564811352864
2425,-0.9146857700279571,-0.7840564811352864
2426,-0.5595362643114866,-0.7840564811352864
2427,-0.9025956620203609,-0.7840564811352864
2428,-0.5954177105213313,-0.7840564811352864
2429,-0.8384151413780363,-0.7840564811352864
2430,-0.6927233232562616,-0.7840564811352864
2431,-0.7305115823809396,-0.7840564811352864
2432,-0.6134180241099972,-0.7840564811352864
2433,-0.5882707322995049,-0.7840564811352864
2434,-0.6934390718016268,-0.7840564811352864
2435,-0.9053234343826282,-0.7840564811352864
2436,-0.9445798914258502,-0.7840564811352864
2437,-0.6370230472230275,-0.7840564811352864
2438,-0.7931846458635073,-0.7840564811352864
2439,-0.7713499711106719,-0.7840564811352864
2440,-0.6941947809022493,-0.7840564811352864
2441,-0.797325246510844,-0.7840564811352864
2442,-0.561172180893033,-0.7840564811352864
2443,-0.6224503854021575,-0.7840564811352864
2444,-0.8006339499022841,-0.7840564811352864
2445,-0.8670732235875743,-0.7840564811352864
2446,-0.8164971735638015,-0.7840564811352864
2447,-0.7774529356620907,-0.7840564811352864
2448,-0.7652947645631369,-0.7840564811352864
2449,-0.6851650373445229,-0.7840564811352864
2450,-0.8033664915930405,-0.7840564811352864
2451,-0.7205948322008926,-0.7840564811352864
2452,-0.6473396139293534,-0.7840564811352864
2453,-0.7690086858974352,-0.7840564811352864
2454,-0.9123622161181016,-0.7840564811352864
2455,-0.7882217287448268,-0.7840564811352864
2456,-0.6642647762438333,-0.7840564811352864
2457,-0.9069077767121874,-0.7840564811352864
2458,-0.8223962381012174,-0.7840564811352864
2459,-0.791622643068147,-0.7840564811352864
2460,-0.8452095001599196,-0.7840564811352864
2461,-0.7494971824376263,-0.7840564811352864
2462,-0.7115339155723736,-0.7840564811352864
2463,-0.7942969838194863,-0.7840564811352864
2464,-0.7867939258348771,-0.7840564811352864
2465,-0.796039413684937,-0.7840564811352864
2466,-0.6610716342249506,-0.7840564811352864
2467,-0.8094616606607858,-0.7840564811352864
2468,-0.8117718717963491,-0.7840564811352864
2469,-0.9682952843866556,-0.7840564811352864
2470,-0.791016378138356,-0.7840564811352864
2471,-0.8274493463127227,-0.7840564811352864
2472,-0.84573797949361,-0.7840564811352864
2473,-0.6934611164648395,-0.7840564811352864
2474,-0.8297081979583307,-0.7840564811352864
2475,-0.7538817137786147,-0.7840564811352864
2476,-0.9137714245589375,-0.7840564811352864
2477,-0.8365756645224358,-0.7840564811352864
2478,-0.575755041670117,-0.7840564811352864
2479,-0.7034313907053127,-0.7840564811352864
2480,-0.6436914014667248,-0.7840564811352864
2481,-0.6443433329574532,-0.7840564811352864
2482,-0.8098091297281358,-0.7840564811352864
2483,-0.6708791433232792,-0.7840564811352864
2484,-0.6420314525432901,-0.7840564811352864
2485,-0.7410677013405853,-0.7840564811352864
2486,-0.7800665638558312,-0.7840564811352864
2487,-0.8508367128913726,-0.7840564811352864
2488,-0.8520819627376907,-0.7840564811352864
2489,-0.9994940908772063,-0.7840564811352864
2490,-0.9077398032105342,-0.7840564811352864
2491,-0.8109859405480777,-0.7840564811352864
2492,-1.0307450805604361,-0.7840564811352864
2493,-0.741967467088556,-0.7840564811352864
2494,-0.7313585057871069,-0.7840564811352864
2495,-0.9408743808854417,-0.7840564811352864
2496,-0.8472211338135837,-0.7840564811352864
2497,-0.9683827214640094,-0.7840564811352864
2498,-1.0549112328981494,-0.7840564811352864
2499,-0.7918628614299381,-0.7840564811352864
2500,-0.7701207102921259,-0.7840564811352864
2501,-0.7554752665572325,-0.7840564811352864
2502,-0.7842393333569943,-0.7840564811352864
2503,-0.7606399617156779,-0.7840564811352864
2504,-0.6631974313338957,-0.7840564811352864
2505,-0.5551388735456864,-0.7840564811352864
2506,-0.8508777918117827,-0.7840564811352864
2507,-0.7819301521089754,-0.7840564811352864
2508,-0.8377741410682391,-0.7840564811352864
2509,-0.6225934664635454,-0.7840564811352864
2510,-0.6889748188324363,-0.7840564811352864
2511,-0.8199980850462918,-0.7840564811352864
2512,-0.9232716855825363,-0.7840564811352864
2513,-0.8125565033400515,-0.7840564811352864
2514,-0.7253698820349836,-0.7840564811352864
2515,-0.8736018014548917,-0.7840564811352864
2516,-0.9343600523328284,-0.7840564811352864
2517,-0.8079868017017883,-0.7840564811352864
2518,-0.6303641257490535,-0.7840564811352864
2519,-0.8466597756002381,-0.7840564811352864
2520,-0.8863563777835823,-0.7840564811352864
2521,-0.9153816208649574,-0.7840564811352864
2522,-0.8357494264569527,-0.7840564811352864
2523,-0.7151657725353132,-0.7840564811352864
2524,-0.5656737542050494,-0.7840564811352864
2525,-0.7627679362947299,-0.7840564811352864
2526,-0.7594207005177468,-0.7840564811352864
2527,-0.8668483215341745,-0.7840564811352864
2528,-0.8094897797693558,-0.7840564811352864
2529,-0.7983829178711843,-0.7840564811352864
2530,-0.6641078977241176,-0.7840564811352864
2531,-0.8807717524082901,-0.7840564811352864
2532,-0.5621354621419901,-0.7840564811352864
2533,-0.7384118882527981,-0.7840564811352864
2534,-0.8981173383637837,-0.7840564811352864
2535,-0.8216613426069912,-0.7840564811352864
2536,-0.7221384712847775,-0.7840564811352864
2537,-0.6005743373890293,-0.7840564811352864
2538,-0.8589482742151914,-0.7840564811352864
2539,-0.808705950361501,-0.7840564811352864
2540,-0.7953844192613106,-0.7840564811352864
2541,-0.9273912249236652,-0.7840564811352864
2542,-0.8301097448318531,-0.7840564811352864
2543,-0.7770077419408922,-0.7840564811352864
2544,-0.8815935661373366,-0.7840564811352864
2545,-0.6935311627214562,-0.7840564811352864
2546,-0.7833564750790765,-0.7840564811352864
2547,-0.9155091683144203,-0.7840564811352864
2548,-0.7102922860426412,-0.7840564811352864
2549,-0.7759131141159535,-0.7840564811352864
2550,-0.7746723358694783,-0.7840564811352864
2551,-0.9145046823307618,-0.7840564811352864
2552,-0.845633657692874,-0.7840564811352864
2553,-0.8212255507202525,-0.7840564811352864
2554,-0.6567721812213796,-0.7840564811352864
2555,-0.8302687090848083,-0.7840564811352864
2556,-0.5471893528461443,-0.7840564811352864
2557,-0.7453453852079261,-0.7840564811352864
2558,-0.6049600725319608,-0.7840564811352864
2559,-0.8496496931264521,-0.7840564811352864
2560,-0.7551304231446314,-0.7840564811352864
2561,-0.7865202696074765,-0.7840564811352864
2562,-0.7996889480611448,-0.7840564811352864
2563,-0.6730054863353949,-0.7840564811352864
2564,-0.8260173111033933,-0.7840564811352864
2565,-0.7719167348893953,-0.7840564811352864
2566,-0.8131480935102646,-0.7840564811352864
2567,-0.8266279761764321,-0.7840564811352864
2568,-0.84674732417508,-0.7840564811352864
2569,-0.6778842199420918,-0.7840564811352864
2570,-0.9440368277002393,-0.7840564811352864
2571,-0.8745846347422401,-0.7840564811352864
2572,-0.8609107739408888,-0.7840564811352864
2573,-0.9460418841689381,-0.7840564811352864
2574,-0.714339519911205,-0.7840564811352864
2575,-0.8363108183805721,-0.7840564811352864
2576,-0.8117643836100406,-0.7840564811352864
2577,-0.6129745972754533,-0.7840564811352864
2578,-0.7884945989149315,-0.7840564811352864
2579,-0.8363182568698374,-0.7840564811352864
2580,-0.6532503081323504,-0.7840564811352864
2581,-0.886999903118042,-0.7840564811352864
2582,-0.6145350595971623,-0.7840564811352864
2583,-0.7663680673288241,-0.7840564811352864
2584,-0.549473537117259,-0.7840564811352864
2585,-0.8272977635847985,-0.7840564811352864
2586,-0.8337001619993692,-0.7840564811352864
2587,-0.8516986303981533,-0.7840564811352864
2588,-0.7193026419186033,-0.7840564811352864
2589,-0.7302689296977588,-0.7840564811352864
2590,-0.5299812470443003,-0.7840564811352864
2591,-0.7673564460908315,-0.7840564811352864
2592,-0.8977658506690995,-0.7840564811352864
2593,-0.8847728367857257,-0.7840564811352864
2594,-0.7887671907973286,-0.7840564811352864
2595,-0.8156746595132887,-0.7840564811352864
2596,-0.897047811987955,-0.7840564811352864
2597,-0.8155173046857368,-0.7840564811352864
2598,-0.8303390217665868,-0.7840564811352864
2599,-0.8520949030571732,-0.7840564811352864
2600,-0.9045214227060631,-0.7840564811352864
2601,-0.7775669044929059,-0.7840564811352864
2602,-0.7971731128648402,-0.7840564811352864
2603,-0.7642252806387946,-0.7840564811352864
2604,-0.6354663283319948,-0.7840564811352864
2605,-0.8987077361533401,-0.7840564811352864
2606,-0.8826991112580547,-0.7840564811352864
2607,-0.6561815195458861,-0.7840564811352864
2608,-0.7314569545983481,-0.7840564811352864
2609,-0.811772545542473,-0.7840564811352864
2610,-0.7340779581347407,-0.7840564811352864
2611,-0.6620302296928828,-0.7840564811352864
2612,-0.8564119187021991,-0.7840564811352864
2613,-0.9238435106582615,-0.7840564811352864
2614,-0.9527174198640316,-0.7840564811352864
2615,-0.6835409339211899,-0.7840564811352864
2616,-0.9347146953464438,-0.7840564811352864
2617,-0.8686501996164406,-0.7840564811352864
2618,-0.9292635490623679,-0.7840564811352864
2619,-0.8249208994882348,-0.7840564811352864
2620,-0.752513590689442,-0.7840564811352864
2621,-0.6827005528687906,-0.7840564811352864
2622,-0.8353980187375168,-0.7840564811352864
2623,-0.835813827291907,-0.7840564811352864
2624,-0.682774661109336,-0.7840564811352864
2625,-0.7641454477258172,-0.7840564811352864
2626,-0.7207938404018541,-0.7840564811352864
2627,-0.673946976038285,-0.7840564811352864
2628,-0.9215400414158845,-0.7840564811352864
2629,-0.6907736640891655,-0.7840564811352864
2630,-0.6932261001060889,-0.7840564811352864
2631,-0.514477261127968,-0.7840564811352864
2632,-0.6485621635058305,-0.7840564811352864
2633,-0.5837456035916336,-0.7840564811352864
2634,-0.7408669560589065,-0.7840564811352864
2635,-0.7376369828827003,-0.7840564811352864
2636,-0.8885748497186654,-0.7840564811352864
2637,-0.9179357217042033,-0.7840564811352864
2638,-0.6733263323054425,-0.7840564811352864
2639,-0.7923372468107653,-0.7840564811352864
2640,-0.7131710560438722,-0.7840564811352864
2641,-0.9479968619238054,-0.7840564811352864
2642,-0.7605414474941666,-0.7840564811352864
2643,-0.8438444927142436,-0.7840564811352864
2644,-0.8946453647999744,-0.7840564811352864
2645,-0.833972435856875,-0.7840564811352864
2646,-0.8576020168681555,-0.7840564811352864
2647,-0.8629042838610048,-0.7840564811352864
2648,-0.7060418041641964,-0.7840564811352864
2649,-0.7577971725521939,-0.7840564811352864
2650,-0.9100261018560245,-0.7840564811352864
2651,-0.7398234016580099,-0.7840564811352864
2652,-0.7561355238601376,-0.7840564811352864
2653,-0.8772413844644306,-0.7840564811352864
2654,-0.8315327213961576,-0.7840564811352864
2655,-0.7430864758114472,-0.7840564811352864
2656,-0.886350638891301,-0.7840564811352864
2657,-0.7440803011898568,-0.7840564811352864
2658,-0.8042992239791411,-0.7840564811352864
2659,-0.7300572833923931,-0.7840564811352864
2660,-0.8094448741242879,-0.7840564811352864
2661,-0.6669075094696412,-0.7840564811352864
2662,-0.6226166088207072,-0.7840564811352864
2663,-0.8031506317764525,-0.7840564811352864
2664,-0.93339256789527,-0.7840564811352864
2665,-0.8481139696994262,-0.7840564811352864
2666,-0.6848013594230272,-0.7840564811352864
2667,-0.6863251054813391,-0.7840564811352864
2668,-0.8422234324273231,-0.7840564811352864
2669,-0.9320728678452626,-0.7840564811352864
2670,-0.9536964455574932,-0.7840564811352864
2671,-0.8594587269462202,-0.7840564811352864
2672,-0.8708544994298145,-0.7840564811352864
2673,-0.5549221457551594,-0.7840564811352864
2674,-0.8357157778104222,-0.7840564811352864
2675,-0.8910320356683773,-0.7840564811352864
2676,-0.8218139488587747,-0.7840564811352864
2677,-0.6393142590864141,-0.7840564811352864
2678,-0.6198007508793651,-0.7840564811352864
2679,-0.7843066911727731,-0.7840564811352864
2680,-0.5711160165936707,-0.7840564811352864
2681,-0.7230386097972386,-0.7840564811352864
2682,-0.67228599612221,-0.7840564811352864
2683,-0.6809405217027904,-0.7840564811352864
2684,-0.5937967505614274,-0.7840564811352864
2685,-0.7203131132865968,-0.7840564811352864
2686,-0.7114149759600625,-0.7840564811352864
2687,-0.6732663705117362,-0.7840564811352864
2688,-0.6526383247571645,-0.7840564811352864
2689,-0.8479047368575798,-0.7840564811352864
2690,-0.7168184171517298,-0.7840564811352864
2691,-0.7945442271291154,-0.7840564811352864
2692,-0.7628333370484278,-0.7840564811352864
2693,-0.785215305900546,-0.7840564811352864
2694,-0.8588975180859226,-0.7840564811352864
2695,-1.030992227702546,-0.7840564811352864
2696,-0.9348900714423378,-0.7840564811352864
2697,-0.7818973103482457,-0.7840564811352864
2698,-0.9255289821839982,-0.7840564811352864
2699,-0.9105012095365335,-0.7840564811352864
2700,-0.9962194543377179,-0.7840564811352864
2701,-0.8786999196952983,-0.7840564811352864
2702,-0.7120928084449654,-0.7840564811352864
2703,-0.5938252748918854,-0.7840564811352864
2704,-0.8089556869206171,-0.7840564811352864
2705,-0.4943725961680753,-0.7840564811352864
2706,-0.8133411529042153,-0.7840564811352864
2707,-0.718337839535644,-0.7840564811352864
2708,-0.5768268767456243,-0.7840564811352864
2709,-0.8808731167382312,-0.7840564811352864
2710,-0.8817955483758729,-0.7840564811352864
2711,-0.9374526104189769,-0.7840564811352864
2712,-0.7679136900407862,-0.7840564811352864
2713,-0.6095845760923463,-0.7840564811352864
2714,-0.6903333994634306,-0.7840564811352864
2715,-0.7824280593266217,-0.7840564811352864
2716,-0.8450721172924502,-0.7840564811352864
2717,-0.8604458619461979,-0.7840564811352864
2718,-0.9706342496529652,-0.7840564811352864
2719,-0.7971876613304548,-0.7840564811352864
2720,-0.881265251102695,-0.7840564811352864
2721,-0.9704557343215997,-0.7840564811352864
2722,-0.9126918376398534,-0.7840564811352864
2723,-0.9893685811628417,-0.7840564811352864
2724,-0.6939316584959884,-0.7840564811352864
2725,-0.8325692713126831,-0.7840564811352864
2726,-0.6037843750599076,-0.7840564811352864
2727,-0.7548316345339594,-0.7840564811352864
2728,-0.683902571866728,-0.7840564811352864
2729,-0.8958860000397066,-0.7840564811352864
2730,-0.6391309984045611,-0.7840564811352864
2731,-0.7410559534326013,-0.7840564811352864
2732,-0.811188805756445,-0.7840564811352864
2733,-0.7138345447750098,-0.7840564811352864
2734,-0.7941380867645434,-0.7840564811352864
2735,-0.7899596699331305,-0.7840564811352864
2736,-0.6415974875074139,-0.7840564811352864
2737,-0.7473085257257641,-0.7840564811352864
2738,-0.8299530972464303,-0.7840564811352864
2739,-0.6408448882662767,-0.7840564811352864
2740,-0.8627458139153982,-0.7840564811352864
2741,-0.8276900524532071,-0.7840564811352864
2742,-1.0565364750467892,-0.7840564811352864
2743,-0.8432709552557835,-0.7840564811352864
2744,-0.7975086108847866,-0.7840564811352864
2745,-0.902235169428472,-0.7840564811352864
2746,-0.867954380165513,-0.7840564811352864
2747,-0.8297808824144406,-0.7840564811352864
2748,-0.5737630074158686,-0.7840564811352864
2749,-0.6519096679341407,-0.7840564811352864
2750,-0.6480278246021994,-0.7840564811352864
2751,-0.8493319316195739,-0.7840564811352864
2752,-0.7654119037098565,-0.7840564811352864
2753,-0.7789164737637124,-0.7840564811352864
2754,-0.8273458269044807,-0.7840564811352864
2755,-0.6982464751127462,-0.7840564811352864
2756,-0.7173921861593332,-0.7840564811352864
2757,-0.7341749064779023,-0.7840564811352864
2758,-0.5842643523015534,-0.7840564811352864
2759,-0.6261104526469526,-0.7840564811352864
2760,-0.7038221196885405,-0.7840564811352864
2761,-0.6047973401045833,-0.7840564811352864
2762,-0.6576721173720175,-0.7840564811352864
2763,-0.8487250510374598,-0.7840564811352864
2764,-0.9056978862199246,-0.7840564811352864
2765,-0.8432545538107987,-0.7840564811352864
2766,-0.8400188487785735,-0.7840564811352864
2767,-0.8985354337566356,-0.7840564811352864
2768,-0.7697149245521329,-0.7840564811352864
2769,-0.7995370461702986,-0.7840564811352864
2770,-0.9204577757634993,-0.7840564811352864
2771,-0.8912154611351337,-0.7840564811352864
2772,-0.7938259463380115,-0.7840564811352864
2773,-0.9212464229933812,-0.7840564811352864
2774,-0.856515683404776,-0.7840564811352864
2775,-0.4411867594233536,-0.7840564811352864
2776,-0.9327319356382224,-0.7840564811352864
2777,-0.8373816853814827,-0.7840564811352864
2778,-0.7241419236471096,-0.7840564811352864
2779,-0.6856724111221616,-0.7840564811352864
2780,-0.7299725861956287,-0.7840564811352864
2781,-0.7228915359064445,-0.7840564811352864
2782,-0.6683652660937868,-0.7840564811352864
2783,-0.4617593816498198,-0.7840564811352864
2784,-0.7635408036646858,-0.7840564811352864
2785,-0.63985675587293,-0.7840564811352864
2786,-0.6904127108334768,-0.7840564811352864
2787,-0.7723004278865406,-0.7840564811352864
2788,-0.735566549612239,-0.7840564811352864
2789,-0.6820755832029733,-0.7840564811352864
2790,-0.889813111463295,-0.7840564811352864
2791,-0.9190246139469906,-0.7840564811352864
2792,-0.8823757196200003,-0.7840564811352864
2793,-0.7526092622665893,-0.7840564811352864
2794,-0.9070599419597644,-0.7840564811352864
2795,-0.8601460479790125,-0.7840564811352864
2796,-0.692305103286879,-0.7840564811352864
2797,-0.8781928344924151,-0.7840564811352864
2798,-0.794932850026903,-0.7840564811352864
2799,-0.8852087943928924,-0.7840564811352864
2800,-0.7009675521700103,-0.7840564811352864
2801,-0.7845975399879492,-0.7840564811352864
2802,-0.8746266575688533,-0.7840564811352864
2803,-0.7071025801784262,-0.7840564811352864
2804,-0.772085702808495,-0.7840564811352864
2805,-0.7492600885876278,-0.7840564811352864
2806,-0.778038888024504,-0.7840564811352864
2807,-0.6556763630086253,-0.7840564811352864
2808,-0.7070250295970344,-0.7840564811352864
2809,-0.7009070950624399,-0.7840564811352864
2810,-0.8751291518770516,-0.7840564811352864
2811,-0.7145031678790555,-0.7840564811352864
2812,-0.8535880970959581,-0.7840564811352864
2813,-0.7799502077845394,-0.7840564811352864
2814,-0.7415752369719438,-0.7840564811352864
2815,-0.8159948809438805,-0.7840564811352864
2816,-0.8613838823672,-0.7840564811352864
2817,-0.6872799500662874,-0.7840564811352864
2818,-0.858299891967609,-0.7840564811352864
2819,-0.8659060681677808,-0.7840564811352864
2820,-0.7578862198821463,-0.7840564811352864
2821,-0.6556630052482192,-0.7840564811352864
2822,-0.8856444038186126,-0.7840564811352864
2823,-0.6144886347793331,-0.7840564811352864
2824,-0.7624023601822474,-0.7840564811352864
2825,-0.7335199116272169,-0.7840564811352864
2826,-0.6972714239813308,-0.7840564811352864
2827,-0.8597709701519891,-0.7840564811352864
2828,-0.7843826656231347,-0.7840564811352864
2829,-0.789338119056127,-0.7840564811352864
2830,-0.6454291645507355,-0.7840564811352864
2831,-0.8850128528059329,-0.7840564811352864
2832,-0.7348934059139062,-0.7840564811352864
2833,-0.7949700304146314,-0.7840564811352864
2834,-0.6956311458360668,-0.7840564811352864
2835,-0.6644537222312429,-0.7840564811352864
2836,-0.7101060665413456,-0.7840564811352864
2837,-0.7482580559819899,-0.7840564811352864
2838,-0.7143993278131271,-0.7840564811352864
2839,-0.8575605828027039,-0.7840564811352864
2840,1.0761170811528151,1.1324033002070666
2841,0.9347425078110668,1.1324033002070666
2842,0.8939116275998156,1.1324033002070666
2843,0.9933958340088508,1.1324033002070666
2844,1.0332244570716644,1.1324033002070666
2845,1.1063714909548819,1.1324033002070666
2846,1.1570615593541553,1.1324033002070666
2847,1.0866994152716707,1.1324033002070666
2848,0.9764933935396631,1.1324033002070666
2849,0.9904832094765039,1.1324033002070666
2850,0.9750727977010871,1.1324033002070666
2851,1.074214692477926,1.1324033002070666
2852,0.9794356943551898,1.1324033002070666
2853,0.9490245120574009,1.1324033002070666
2854,0.9407153779290192,1.1324033002070666
2855,1.030742302383463,1.1324033002070666
2856,1.2690018806026322,1.1324033002070666
2857,1.1994262646722482,1.1324033002070666
2858,1.2343600602985367,1.1324033002070666
2859,1.0537959755902309,1.1324033002070666
2860,1.2169500867302134,1.1324033002070666
2861,1.0419980774782154,1.1324033002070666
2862,1.1579398319522236,1.1324033002070666
2863,1.132569562947835,1.1324033002070666
2864,1.1111471450611403,1.1324033002070666
2865,1.1686101306183476,1.1324033002070666
2866,0.9781240561212164,1.1324033002070666
2867,1.1692668402345812,1.1324033002070666
2868,1.0937556333448,1.1324033002070666
2869,1.144621894124473,1.1324033002070666
2870,0.9556966170195982,1.1324033002070666
2871,1.0643303350086029,1.1324033002070666
2872,0.9555755840277841,1.1324033002070666
2873,1.197530599677561,1.1324033002070666
2874,1.1757712467253263,1.1324033002070666
2875,1.1992966271100765,1.1324033002070666
2876,1.2449060856252592,1.1324033002070666
2877,1.2796085738002665,1.1324033002070666
2878,1.2306738042115184,1.1324033002070666
2879,1.082479081387518,1.1324033002070666
2880,1.2901277046421011,1.1324033002070666
2881,1.1196127250965204,1.1324033002070666
2882,1.1653156194061107,1.1324033002070666
2883,1.222703083372665,1.1324033002070666
2884,1.1451372130341364,1.1324033002070666
2885,1.2377259227280244,1.1324033002070666
2886,1.2344643405521314,1.1324033002070666
2887,1.043206851805834,1.1324033002070666
2888,1.316017557334962,1.1324033002070666
2889,1.1332789606519043,1.1324033002070666
2890,0.879523994784204,1.1324033002070666
2891,0.12037542524375114,0.1912929215092465
2892,0.1805640456613687,0.1912929215092465
2893,-0.13514321765188259,0.1912929215092465
2894,0.17592437131826702,0.1912929215092465
2895,-0.014388325814645858,0.1912929215092465
2896,0.23810984553033807,0.1912929215092465
2897,0.32529698192377027,0.1912929215092465
2898,0.22071162876980494,0.1912929215092465
2899,0.19646340189714126,0.1912929215092465
2900,0.021620758351080245,0.1912929215092465
2901,0.24056967725056405,0.1912929215092465
2902,0.16515733984410785,0.1912929215092465
2903,0.1669500554056576,0.1912929215092465
2904,0.20874560097524592,0.1912929215092465
2905,0.2974956949127562,0.1912929215092465
2906,0.2324018226934111,0.1912929215092465
2907,0.292957944722576,0.1912929215092465
2908,0.14054395359848537,0.1912929215092465
2909,0.274883223621185,0.1912929215092465
2910,0.2277979524358118,0.1912929215092465
2911,0.32646514323650216,0.1912929215092465
2912,0.17285513170015585,0.1912929215092465
2913,0.05729940378097306,0.1912929215092465
2914,0.028139630989984028,0.1912929215092465
2915,0.0892994276907026,0.1912929215092465
2916,0.056517919100072575,0.1912929215092465
2917,0.3766981267561925,0.1912929215092465
2918,0.09520599151418167,0.1912929215092465
2919,-0.042009135148126805,0.1912929215092465
2920,0.015796839929630276,0.1912929215092465
2921,0.176744009225457,0.1912929215092465
2922,0.109931389472959,0.1912929215092465
2923,0.08426243027275755,0.1912929215092465
2924,0.21971341206760586,0.1912929215092465
2925,0.26068475472252534,0.1912929215092465
2926,0.14379491064036562,0.1912929215092465
2927,0.13491036169083992,0.1912929215092465
2928,0.3808166219285727,0.1912929215092465
2929,0.2744389672483251,0.1912929215092465
2930,0.15870126877288282,0.1912929215092465
2931,0.4183156181957096,0.1912929215092465
2932,0.045516657797403604,0.1912929215092465
2933,0.28000611012618765,0.1912929215092465
2934,0.45366448911748436,0.1912929215092465
2935,0.23474763848095237,0.1912929215092465
2936,0.37255461073559426,0.1912929215092465
2937,0.4505652012707756,0.1912929215092465
2938,0.0077082051916313,0.1912929215092465
2939,0.1664474953671669,0.1912929215092465
2940,0.1546087266775037,0.1912929215092465
2941,0.1419004122747649,0.1912929215092465
2942,0.20069643396588288,0.1912929215092465
2943,0.11759343274157413,0.1912929215092465
2944,0.07998116735248006,0.1912929215092465
2945,0.2816039890008436,0.1912929215092465
2946,-0.012217912476207307,0.1912929215092465
2947,0.1124950164890805,0.1912929215092465
2948,0.2974715501149455,0.1912929215092465
2949,0.2073268872675153,0.1912929215092465
2950,0.11150355365131909,0.1912929215092465
2951,0.22322268742176846,0.1912929215092465
2952,0.25662622886273256,0.1912929215092465
2953,0.36538725472414646,0.1912929215092465
2954,0.24973085542622786,0.1912929215092465
2955,0.34975320259539294,0.1912929215092465
2956,0.32083631854961353,0.1912929215092465
2957,0.13274469613638842,0.1912929215092465
2958,0.10910219210024003,0.1912929215092465
2959,0.09380634385234521,0.1912929215092465
2960,0.28214288676323324,0.1912929215092465
2961,0.19378254997579186,0.1912929215092465
2962,0.13691221136410006,0.1912929215092465
2963,0.025530075156558193,0.1912929215092465
2964,0.20545519135956158,0.1912929215092465
2965,0.03985326657181366,0.1912929215092465
2966,0.051493534672334446,0.1912929215092465
2967,0.13814587141024376,0.1912929215092465
2968,0.06686973894816037,0.1912929215092465
2969,-0.008601082599114782,0.1912929215092465
2970,0.02933887496362348,0.1912929215092465
2971,0.132167793547595,0.1912929215092465
2972,0.043252068490144575,0.1912929215092465
2973,0.15237451939506647,0.1912929215092465
2974,0.07547917105796274,0.1912929215092465
2975,0.3998128591218441,0.1912929215092465
2976,0.08162533812167219,0.1912929215092465
2977,0.17160881676882073,0.1912929215092465
2978,0.17981398505153295,0.1912929215092465
2979,0.4678227750498242,0.1912929215092465
2980,0.416713146480627,0.1912929215092465
2981,0.34485903070927726,0.1912929215092465
2982,0.05765407540296707,0.1912929215092465
2983,0.373529183870648,0.1912929215092465
2984,0.26316871304171474,0.1912929215092465
2985,0.27165863290226744,0.1912929215092465
2986,0.16380988974961144,0.1912929215092465
2987,0.1244265250880525,0.1912929215092465
2988,0.21408523967401835,0.1912929215092465
2989,0.2525017806395268,0.1912929215092465
2990,0.060746559250715135,0.1912929215092465
2991,0.11096889927262146,0.1912929215092465
2992,0.10972119907289787,0.1912929215092465
2993,0.43735012162235976,0.1912929215092465
2994,0.127600480424292,0.1912929215092465
2995,-0.05992995696323685,0.1912929215092465
2996,0.29231034885446017,0.1912929215092465
2997,0.12850545734259528,0.1912929215092465
2998,0.19061536605224194,0.1912929215092465
2999,0.1783298226465948,0.1912929215092465
3000,0.12461137990559987,0.1912929215092465
3001,0.22454512356291617,0.1912929215092465
3002,0.17403541308264636,0.1912929215092465
3003,0.2255628722727197,0.1912929215092465
3004,0.20271910968597104,0.1912929215092465
3005,0.11173017917612939,0.1912929215092465
3006,0.1814387545457782,0.1912929215092465
3007,0.2537685855439185,0.1912929215092465
3008,0.08837453183567603,0.1912929215092465
3009,0.2604125481749553,0.1912929215092465
3010,0.2044019442399821,0.1912929215092465
3011,0.3322406305377535,0.1912929215092465
3012,0.5106035187380322,0.1912929215092465
3013,0.3434572731580331,0.1912929215092465
3014,0.16496774263903624,0.1912929215092465
3015,0.18550567272250795,0.1912929215092465
3016,0.22659581811439816,0.1912929215092465
3017,0.10245723008828714,0.1912929215092465
3018,0.08983447389600874,0.1912929215092465
3019,0.2977406062248933,0.1912929215092465
3020,0.03346573214608257,0.1912929215092465
3021,0.22189788740987446,0.1912929215092465
3022,0.03550244722546299,0.1912929215092465
3023,0.08873193554337212,0.1912929215092465
3024,0.09966936118574324,0.1912929215092465
3025,0.27055498164024605,0.1912929215092465
3026,0.1944690250845736,0.1912929215092465
3027,0.16043086095916168,0.1912929215092465
3028,0.08305468554802306,0.1912929215092465
3029,0.3160881038115345,0.1912929215092465
3030,0.3638997770912299,0.1912929215092465
3031,0.17800608406690804,0.1912929215092465
3032,0.25507790527265617,0.1912929215092465
3033,0.34927997486181067,0.1912929215092465
3034,0.26671037676961923,0.1912929215092465
3035,0.1487635823407755,0.1912929215092465
3036,0.2165903104850182,0.1912929215092465
3037,-0.3091011291780104,-0.19873951561305475
3038,-0.24991048193712634,-0.19873951561305475
3039,-0.5369433554660386,-0.19873951561305475
3040,-0.20712516817389073,-0.19873951561305475
3041,-0.5235543229435798,-0.19873951561305475
3042,-0.26996018209807904,-0.19873951561305475
3043,-0.26893885922636346,-0.19873951561305475
3044,-0.26796651689899054,-0.19873951561305475
3045,-0.1361577471063391,-0.19873951561305475
3046,-0.34590582212956733,-0.19873951561305475
3047,-0.2153531793886421,-0.19873951561305475
3048,-0.03431760180786742,-0.19873951561305475
3049,-0.3264801543669731,-0.19873951561305475
3050,-0.10503691057400648,-0.19873951561305475
3051,0.018400847667889388,-0.19873951561305475
3052,-0.20658625837968198,-0.19873951561305475
3053,-0.08260022317401954,-0.19873951561305475
3054,-0.15151727827995046,-0.19873951561305475
3055,-0.22642764117738534,-0.19873951561305475
3056,-0.2732090387944504,-0.19873951561305475
3057,-0.04296384023424847,-0.19873951561305475
3058,-0.08361797452679803,-0.19873951561305475
3059,-0.15559067981379593,-0.19873951561305475
3060,-0.08745090032538952,-0.19873951561305475
3061,-0.11355439414376539,-0.19873951561305475
3062,1.5608185976660258,1.548461923720576
3063,1.7078693649883139,1.548461923720576
3064,1.6287501466198158,1.548461923720576
3065,1.4161639717906507,1.548461923720576
3066,1.6253890367738126,1.548461923720576
3067,1.731395332918139,1.548461923720576
3068,1.4800627210764083,1.548461923720576
3069,1.3159842536695037,1.548461923720576
3070,1.3898792956209998,1.548461923720576
3071,1.3548396330724242,1.548461923720576
3072,1.616572225041207,1.548461923720576
3073,1.5963701823150989,1.548461923720576
3074,1.2904369335923591,1.548461923720576
3075,1.7683489706451687,1.548461923720576
3076,1.6980091670516595,1.548461923720576
3077,1.6656235823606376,1.548461923720576
3078,1.7241489385003563,1.548461923720576
3079,1.4952117011892891,1.548461923720576
3080,1.458330406451344,1.548461923720576
3081,1.6603843093206674,1.548461923720576
3082,1.587929217306111,1.548461923720576
3083,1.4596489413839442,1.548461923720576
3084,1.5964289086587364,1.548461923720576
3085,1.533648374849606,1.548461923720576
3086,1.6007952292946708,1.548461923720576
3087,1.5870263898471633,1.548461923720576
3088,1.6364424760281133,1.548461923720576
3089,1.5865522183318284,1.548461923720576
3090,1.5268266401033606,1.548461923720576
3091,1.4891218422326795,1.548461923720576
3092,1.5793239497141178,1.548461923720576
3093,1.561982198458695,1.548461923720576
3094,1.3793128973596014,1.548461923720576
3095,1.6573403169926932,1.548461923720576
3096,1.6165689359137856,1.548461923720576
3097,1.3961920784350956,1.548461923720576
3098,1.3859727537424724,1.548461923720576
3099,1.5341163300781848,1.548461923720576
3100,1.5513599114876295,1.548461923720576
3101,1.390988087868421,1.548461923720576
3102,1.5586452793765364,1.548461923720576
3103,1.6794058905782294,1.548461923720576
3104,1.4655103999563934,1.548461923720576
3105,1.4069112870403933,1.548461923720576
3106,1.6700426007803817,1.548461923720576
3107,1.3947710472489818,1.548461923720576
3108,1.5592925041731025,1.548461923720576
3109,1.7295292214391482,1.548461923720576
3110,1.4941043871270667,1.548461923720576
3111,1.4971414746851135,1.548461923720576
3112,1.4133463278220557,1.548461923720576
3113,1.5358579678095228,1.548461923720576
3114,1.4137982182117093,1.548461923720576
3115,1.5054957508632367,1.548461923720576
3116,1.4997511446619505,1.548461923720576
3117,0.5555479704190599,0.6387500862072034
3118,0.5402083710337428,0.6387500862072034
3119,0.5306641172793898,0.6387500862072034
3120,0.7620357599453362,0.6387500862072034
3121,0.5824251775124709,0.6387500862072034
3122,0.5376050624776889,0.6387500862072034
3123,0.4822064238018685,0.6387500862072034
3124,0.747847866235878,0.6387500862072034
3125,0.36107955607151,0.3321983283429661
3126,0.22979202354195222,0.3321983283429661
3127,0.23421135552661942,0.3321983283429661
3128,0.47977993168678884,0.3321983283429661
3129,0.36583216445531125,0.3321983283429661
3130,0.2912737896582967,0.3321983283429661
3131,0.43260861201655804,0.3321983283429661
3132,0.3020941602914644,0.3321983283429661
3133,0.5266467909956134,0.3321983283429661
3134,0.3342635460055706,0.3321983283429661
3135,0.32698589189695976,0.3321983283429661
3136,0.275511344714866,0.3321983283429661
3137,-1.0222463545538192,-0.9986441295211529
3138,-1.0054251657608553,-0.9986441295211529
3139,-0.9670735745371815,-0.9986441295211529
3140,-1.042600404024902,-0.9986441295211529
3141,-1.1465592511069316,-0.9986441295211529
3142,-0.8515068494850314,-0.9986441295211529
3143,-1.0626617776742708,-0.9986441295211529
3144,-0.9685728627165885,-0.9986441295211529
3145,-1.1408312000155791,-0.9986441295211529
3146,-1.269561533889781,-0.9986441295211529
3147,-1.194399947785729,-0.9986441295211529
3148,-1.1009405318155343,-0.9986441295211529
3149,-1.0487766698224048,-0.9986441295211529
3150,-1.0565030718973214,-0.9986441295211529
3151,-0.9595785817398654,-0.9986441295211529
3152,-1.0046888447394773,-0.9986441295211529
3153,-0.8532036187708745,-0.9986441295211529
3154,-1.0229427307870371,-0.9986441295211529
3155,-1.1387928683458381,-0.9986441295211529
3156,-0.7231733608991617,-0.9986441295211529
3157,-0.9225520773559485,-0.9986441295211529
3158,-1.1444953401678526,-0.9986441295211529
3159,-0.9781256850799925,-0.9986441295211529
3160,-0.9168774002309028,-0.9986441295211529
3161,-1.141085850566429,-0.9986441295211529
3162,-1.069889568342045,-0.9986441295211529
3163,-1.1092985403429123,-0.9986441295211529
3164,-0.9924460015587747,-0.9986441295211529
3165,-1.0904042762745285,-0.9986441295211529
3166,-1.0803882569641832,-0.9986441295211529
3167,-1.1578586963742152,-0.9986441295211529
3168,-0.9052492866229491,-0.9986441295211529
3169,-1.2106762338495374,-0.9986441295211529
3170,-1.071677370890955,-0.9986441295211529
3171,-1.212464806072713,-0.9986441295211529
3172,-1.1129054252203199,-0.9986441295211529
3173,-1.0866875468423987,-0.9986441295211529
3174,-1.1177052640502423,-0.9986441295211529
3175,-1.22504353239824,-0.9986441295211529
3176,-0.8969973811569089,-0.9986441295211529
3177,-0.9167712281318515,-0.9986441295211529
3178,-1.0197625321697472,-0.9986441295211529
3179,-0.7968573359326231,-0.9986441295211529
3180,-0.9015413902286173,-0.9986441295211529
3181,-0.8718300546762838,-0.9986441295211529
3182,-0.6749869696638408,-0.9986441295211529
3183,-1.0080461999854373,-0.9986441295211529
3184,-0.992556669704729,-0.9986441295211529
3185,-1.0311655719662545,-0.9986441295211529
3186,-0.9647691724292089,-0.9986441295211529
3187,-1.1437343084215552,-0.9986441295211529
3188,-0.9448735295759083,-0.9986441295211529
3189,-1.0533663077839177,-0.9986441295211529
3190,-1.0606398254639031,-0.9986441295211529
3191,-1.0120544698372658,-0.9986441295211529
3192,-1.0690613433447838,-0.9986441295211529
3193,-1.0357593623812569,-0.9986441295211529
3194,-0.9525114217044484,-0.9986441295211529
3195,-1.0694251398988643,-0.9986441295211529
3196,-1.0461639620809582,-0.9986441295211529
3197,-0.9958468832480772,-0.9986441295211529
3198,-1.1459527643409306,-0.9986441295211529
3199,-0.9991329222019946,-0.9986441295211529
3200,-1.100043813644666,-0.9986441295211529
3201,-1.0008217528446786,-0.9986441295211529
3202,-0.9378815525986037,-0.9986441295211529
3203,-0.9639609995236859,-0.9986441295211529
3204,-1.0560598429347139,-0.9986441295211529
3205,-0.8322357588767245,-0.9986441295211529
3206,-0.9899770535563374,-0.9986441295211529
3207,-0.868789238679359,-0.9986441295211529
3208,-1.0273775674712042,-0.9986441295211529
3209,-1.0486397131931595,-0.9986441295211529
3210,-0.9126005475142969,-0.9986441295211529
3211,-1.009313660962508,-0.9986441295211529
3212,-0.9696754214509062,-0.9986441295211529
3213,-1.0827224102678843,-0.9986441295211529
3214,-0.8473796906501746,-0.9986441295211529
3215,-1.0777122734650266,-0.9986441295211529
3216,-0.9285488091103269,-0.9986441295211529
3217,-1.221359055755278,-0.9986441295211529
3218,-1.1478263640732864,-0.9986441295211529
3219,-1.1023976011886172,-0.9986441295211529
3220,-0.9899641194187966,-0.9986441295211529
3221,-1.0588285759981484,-0.9986441295211529
3222,-1.151427875405154,-0.9986441295211529
3223,-0.968093339722467,-0.9986441295211529
3224,-0.9922673851056278,-0.9986441295211529
3225,-0.8592679192554615,-0.9986441295211529
3226,-1.0463411404815564,-0.9986441295211529
3227,-0.8750215142305171,-0.9986441295211529
3228,-1.0006073485921714,-0.9986441295211529
3229,-0.863561535145145,-0.9986441295211529
3230,-0.9419812145606042,-0.9986441295211529
3231,-0.8343692143587534,-0.9986441295211529
3232,-0.6885099877934604,-0.9986441295211529
3233,-1.0126760341069754,-0.9986441295211529
3234,-0.9765367117363914,-0.9986441295211529
3235,-0.943329926826115,-0.9986441295211529
3236,-0.9726436801485763,-0.9986441295211529
3237,-0.9509129339759704,-0.9986441295211529
3238,-1.0218614785615512,-0.9986441295211529
3239,-0.9627901120801031,-0.9986441295211529
3240,1.44365114536612,1.4092471533484987
3241,1.3387314261033771,1.4092471533484987
3242,1.2568483824913308,1.4092471533484987
3243,1.4206507959349617,1.4092471533484987
3244,1.3729515718941383,1.4092471533484987
3245,1.252534806116056,1.4092471533484987
3246,1.3928590819630526,1.4092471533484987
3247,1.3635208327490649,1.4092471533484987
3248,1.3379075829094416,1.4092471533484987
3249,1.4276558890888866,1.4092471533484987
3250,1.470073176010342,1.4092471533484987
3251,1.411115849050436,1.4092471533484987
3252,1.4226880282680348,1.4092471533484987
3253,1.5253450173446095,1.4092471533484987
3254,1.4792278873647695,1.4092471533484987
3255,1.533767633231679,1.4092471533484987
3256,1.452121891411774,1.4092471533484987
3257,1.6498936965754385,1.4092471533484987
3258,1.397968301602787,1.4092471533484987
3259,1.394750750640351,1.4092471533484987
3260,1.2978262924847188,1.4092471533484987
3261,1.431979539058321,1.4092471533484987
3262,1.3942578297954773,1.4092471533484987
3263,1.4419240956310615,1.4092471533484987
3264,1.5363269547806693,1.4092471533484987
3265,1.3893637746293002,1.4092471533484987
3266,1.276078041782614,1.4092471533484987
3267,1.4036484235617963,1.4092471533484987
3268,1.4082409705890169,1.4092471533484987
3269,1.41200967980674,1.4092471533484987
3270,1.31767210602883,1.4092471533484987
3271,1.1200014034401429,1.4092471533484987
3272,1.4511613644258508,1.4092471533484987
3273,1.4590608421826774,1.4092471533484987
3274,1.4556541657432809,1.4092471533484987
3275,1.288345007224718,1.4092471533484987
3276,1.317452548719339,1.4092471533484987
3277,1.627790945721882,1.4092471533484987
3278,1.3661817756707597,1.4092471533484987
3279,1.3914010479662153,1.4092471533484987
3280,1.4371166764248264,1.4092471533484987
3281,1.5848629736247317,1.4092471533484987
3282,1.487917495829011,1.4092471533484987
3283,1.5674469061223235,1.4092471533484987
3284,1.4036056938011154,1.4092471533484987
3285,1.2826487116414407,1.4092471533484987
3286,1.4059396428389288,1.4092471533484987
3287,1.5100505767183192,1.4092471533484987
3288,1.4533832559030524,1.4092471533484987
3289,1.3180686159546273,1.4092471533484987
3290,1.2429816131914302,1.4092471533484987
3291,1.6216308811795885,1.4092471533484987
3292,1.3271181867609698,1.4092471533484987
3293,1.1324175963963115,1.4092471533484987
3294,1.296741847880412,1.4092471533484987
3295,1.4124847512375025,1.4092471533484987
3296,1.3807684493337067,1.4092471533484987
3297,1.5578154330952847,1.4092471533484987
3298,1.3352589573794538,1.4092471533484987
3299,1.150736616537595,1.4092471533484987
3300,1.2824870135460624,1.4092471533484987
3301,1.3972295740405498,1.4092471533484987
3302,1.493773708551833,1.4092471533484987
3303,1.3387267077553007,1.4092471533484987
3304,1.1635023702850136,1.4092471533484987
3305,1.5483105405722326,1.4092471533484987
3306,1.488095284607459,1.4092471533484987
3307,1.33848037110159,1.4092471533484987
3308,1.6255815353083374,1.4092471533484987
3309,1.4611607319550677,1.4092471533484987
3310,1.5785694110383208,1.4092471533484987
3311,1.4995087834788952,1.4092471533484987
3312,1.477512874218928,1.4092471533484987
3313,1.4450101467868732,1.4092471533484987
3314,1.1107876525113052,1.4092471533484987
3315,1.30698678618641,1.4092471533484987
3316,1.231412645228311,1.4092471533484987
3317,1.3283964395891092,1.4092471533484987
3318,1.505919660597209,1.4092471533484987
3319,1.4322814159058606,1.4092471533484987
3320,1.3359759669521976,1.4092471533484987
3321,1.5337816498913837,1.4092471533484987
3322,0.6580451828939585,0.8513980983178274
3323,0.8034971630371608,0.8513980983178274
3324,0.9402528752144058,0.8513980983178274
3325,0.8413404352239063,0.8513980983178274
3326,0.8614737017223771,0.8513980983178274
3327,1.0194433536316048,0.8513980983178274
3328,0.8898572516302241,0.8513980983178274
3329,0.8144925231272852,0.8513980983178274
3330,0.7444308770009824,0.8513980983178274
3331,0.9288359879583482,0.8513980983178274
3332,0.9364284655384894,0.8513980983178274
3333,1.0131648108351863,0.8513980983178274
3334,0.8197709423468067,0.8513980983178274
3335,0.8707425185204348,0.8513980983178274
3336,0.8996413747337324,0.8513980983178274
3337,0.8341830900632653,0.8513980983178274
3338,0.9534734340166592,0.8513980983178274
3339,0.9669137485522084,0.8513980983178274
3340,0.7896290123381347,0.8513980983178274
3341,0.8243000636379086,0.8513980983178274
3342,0.8553880371656994,0.8513980983178274
3343,0.6601631967272398,0.8513980983178274
3344,1.0183613382348058,0.8513980983178274
3345,0.7365908525313613,0.8513980983178274
3346,0.85249035629237,0.8513980983178274
3347,0.7339530315997008,0.8513980983178274
3348,0.8042555836105103,0.8513980983178274
3349,1.0231916216710266,1.1664040706372598
3350,1.1630466781344402,1.1664040706372598
3351,1.1343955670579393,1.1664040706372598
3352,1.1374234326857144,1.1664040706372598
3353,1.2908795355162335,1.1664040706372598
3354,1.276794536732996,1.1664040706372598
3355,1.07070999035201,1.1664040706372598
3356,1.2015367366927472,1.1664040706372598
3357,1.3755168825016433,1.1664040706372598
3358,1.2015049581393424,1.1664040706372598
3359,1.1987655490146962,1.1664040706372598
3360,1.0176775926361405,1.1664040706372598
3361,1.319657707269616,1.1664040706372598
3362,1.2843531868052493,1.1664040706372598
3363,-0.07293124491568953,0.016015169110352175
3364,-0.040274281004034136,0.016015169110352175
3365,0.05941079383181389,0.016015169110352175
3366,0.01337957727299039,0.016015169110352175
3367,-0.0913844014989553,0.016015169110352175
3368,-0.04557139326240606,0.016015169110352175
3369,0.2123075868584481,0.016015169110352175
3370,-0.04234294894063746,0.016015169110352175
3371,0.04231731016294346,0.016015169110352175
3372,-0.09435283061875194,0.016015169110352175
3373,0.05575374547010835,0.016015169110352175
3374,-0.10106570977711626,0.016015169110352175
3375,-0.1808014662499874,0.016015169110352175
3376,-0.14312686833662952,0.016015169110352175
3377,0.13373655083465927,0.016015169110352175
3378,0.05734185290488006,0.016015169110352175
3379,0.3072662823871213,0.016015169110352175
3380,0.10417988865283331,0.016015169110352175
3381,0.05972333414761058,0.016015169110352175
3382,-0.0454334793525272,0.016015169110352175
3383,0.1320309312536689,0.016015169110352175
3384,0.10888339065206974,0.016015169110352175
3385,0.10675618476934962,0.016015169110352175
3386,0.03322920575097561,0.016015169110352175
3387,0.003946777997824896,0.016015169110352175
3388,-0.07546839414978727,0.016015169110352175
3389,-0.17578378649879578,0.016015169110352175
3390,-0.15677497283964248,0.1152120017112462
3391,0.2610719685419102,0.1152120017112462
3392,0.05165981537627476,0.1152120017112462
3393,-0.08778651768877943,0.1152120017112462
3394,0.19533519127657334,0.1152120017112462
3395,0.30351739684875156,0.1152120017112462
3396,0.2427004955480867,0.1152120017112462
3397,0.07471028742060301,0.1152120017112462
3398,0.06338896049577425,0.1152120017112462
3399,0.23385791191953298,0.1152120017112462
3400,-0.013325621776028152,0.1152120017112462
3401,0.2120313629218124,0.1152120017112462
3402,0.13192234781188972,0.1152120017112462
3403,-2.028299943893488,-2.1707787599771033
3404,-2.154896168021969,-2.1707787599771033
3405,-2.307257307276987,-2.1707787599771033
3406,-1.918581124534418,-2.1707787599771033
3407,-2.1384148686753948,-2.1707787599771033
3408,-2.1807942898921127,-2.1707787599771033
3409,-2.0986771553099075,-2.1707787599771033
3410,-2.0294725284756843,-2.1707787599771033
3411,-1.9291685722406486,-2.1707787599771033
3412,-2.139614229236033,-2.1707787599771033
3413,-2.0483265978105183,-2.1707787599771033
3414,-2.2393703530912403,-2.1707787599771033
3415,-2.139677446277095,-2.1707787599771033
3416,-2.0541853982131926,-2.1707787599771033
3417,-2.14505555419125,-2.1707787599771033
3418,-2.185434319089101,-2.1707787599771033
3419,-2.270726491449917,-2.1707787599771033
3420,-2.2537220402668092,-2.1707787599771033
3421,-2.329352869504581,-2.1707787599771033
3422,-2.2287832545348367,-2.1707787599771033
3423,-2.141294177171416,-2.1707787599771033
3424,-2.280650380569578,-2.1707787599771033
3425,-2.3128226682538147,-2.1707787599771033
3426,-1.9881591852336635,-2.1707787599771033
3427,-2.0000690681436617,-2.1707787599771033
3428,-2.1071620625910423,-2.1707787599771033
3429,-2.074071437581838,-2.1707787599771033
3430,-2.028103122692988,-2.1707787599771033
3431,-2.102696566247885,-2.1707787599771033
3432,-2.087603437269279,-2.1707787599771033
3433,-2.191494023554203,-2.1707787599771033
3434,-2.1603594226004907,-2.1707787599771033
3435,-2.1194175383595137,-2.1707787599771033
3436,-2.296615631842022,-2.1707787599771033
3437,-2.1954500436127216,-2.1707787599771033
3438,-2.1891012228963485,-2.1707787599771033
3439,-2.272172066029808,-2.1707787599771033
3440,-2.0844574723416844,-2.1707787599771033
3441,-2.2415719762149857,-2.1707787599771033
3442,-2.2080096268199627,-2.1707787599771033
3443,-2.0319988837936944,-2.1707787599771033
3444,-2.1033778096430007,-2.1707787599771033
3445,-2.2713037022213913,-2.1707787599771033
3446,-2.4407055648864326,-2.1707787599771033
3447,-2.1680128625539727,-2.1707787599771033
3448,0.5192762073581543,0.45300766427178496
3449,0.36399039624655105,0.45300766427178496
3450,0.3399587023908433,0.45300766427178496
3451,0.5467416767369591,0.45300766427178496
3452,0.4964774872174039,0.45300766427178496
3453,0.5825239277385394,0.45300766427178496
3454,0.5876351495200682,0.45300766427178496
3455,0.412532151688598,0.45300766427178496
3456,0.6513528842629165,0.45300766427178496
3457,0.47553770550780555,0.4667939789236412
3458,0.42409021283920906,0.4667939789236412
3459,0.49295208689971354,0.4667939789236412
3460,0.6934884954676253,0.4667939789236412
3461,0.3258772954209518,0.4667939789236412
3462,0.5025037759048853,0.4667939789236412
3463,0.4323931059288224,0.4667939789236412
3464,0.45667245668508744,0.4667939789236412
3465,0.28756592338452996,0.4667939789236412
3466,0.4742184194991322,0.4667939789236412
3467,0.3321168002730604,0.4667939789236412
3468,0.2756799671986825,0.4667939789236412
3469,0.5062493003856537,0.4667939789236412
3470,0.40960545803750986,0.4667939789236412
3471,0.29234581035303564,0.4667939789236412
3472,0.4237261352699331,0.4667939789236412
3473,0.4267007359503692,0.4667939789236412
3474,0.4630908559441863,0.4667939789236412
3475,0.29403155401046865,0.4667939789236412
3476,0.545314836871692,0.4667939789236412
3477,0.47066027854578224,0.4667939789236412
3478,0.6327317705882114,0.4667939789236412
3479,0.612320219024147,0.4667939789236412
3480,0.29678510816878595,0.4667939789236412
3481,0.61430937182329,0.4667939789236412
3482,0.5766357733817894,0.4667939789236412
3483,0.6954709458544223,0.4667939789236412
3484,0.4022155787423468,0.4667939789236412
3485,0.5354236136899367,0.4667939789236412
3486,0.47285146018465046,0.4667939789236412
3487,0.36822431832218555,0.4667939789236412
3488,0.3401987831679555,0.4667939789236412
3489,0.31808713546270906,0.4667939789236412
3490,0.5603298070968039,0.4667939789236412
3491,0.4496289440436142,0.4667939789236412
3492,0.22955935818285428,0.4667939789236412
3493,0.35271278708883574,0.4667939789236412
3494,0.45745570426733895,0.4667939789236412
3495,0.3702919818312206,0.4667939789236412
3496,0.3142990644851993,0.4667939789236412
3497,0.45402294845843016,0.4667939789236412
3498,0.2535144191790737,0.4667939789236412
3499,0.5718213484003399,0.4667939789236412
3500,0.5099468826269877,0.4667939789236412
3501,0.46809598293590104,0.4667939789236412
3502,0.5277876749261038,0.4667939789236412
3503,0.46940977200235356,0.4667939789236412
3504,0.558142347697536,0.4667939789236412
3505,0.5451429944495123,0.4667939789236412
3506,0.4886902073791963,0.4667939789236412
3507,0.6107938158625466,0.4667939789236412
3508,0.408293087982756,0.4667939789236412
3509,0.33004140669560994,0.4667939789236412
3510,0.47019064657506787,0.4667939789236412
3511,0.6811014250956475,0.4667939789236412
3512,0.6610869241833385,0.4667939789236412
3513,0.3901452064382392,0.4667939789236412
3514,0.41882785242230874,0.4667939789236412
3515,0.5698634093277671,0.4667939789236412
3516,0.6171643398687888,0.4667939789236412
3517,0.12572088904832823,0.4667939789236412
3518,0.3350426028890697,0.4667939789236412
3519,0.39190157690427496,0.4667939789236412
3520,0.4856547742145125,0.4667939789236412
3521,0.420435020392075,0.4667939789236412
3522,0.592764250253736,0.4667939789236412
3523,0.3499307400159861,0.4667939789236412
3524,0.53288721905556,0.4667939789236412
3525,0.5513732687783364,0.4667939789236412
3526,0.6213032098095934,0.4667939789236412
3527,0.42921324013280643,0.4667939789236412
3528,0.5115092732940094,0.4667939789236412
3529,0.412426860279132,0.4667939789236412
3530,0.548216224980772,0.4667939789236412
3531,0.440313931260332,0.4667939789236412
3532,0.5396142569548598,0.4667939789236412
3533,0.3701917123805075,0.4667939789236412
3534,0.4574797397240981,0.4667939789236412
3535,0.5167363121210119,0.4667939789236412
3536,0.40224100653698036,0.4667939789236412
3537,0.512599029170992,0.4667939789236412
3538,0.5371973138998389,0.4667939789236412
3539,0.5080173798132482,0.4667939789236412
3540,0.6019353126283999,0.4667939789236412
3541,0.4182630295027495,0.4667939789236412
3542,0.5035776635409535,0.4667939789236412
3543,0.320066804673131,0.4667939789236412
3544,0.32226294124845783,0.4667939789236412
3545,0.4162889847911249,0.4667939789236412
3546,0.3555813131182871,0.4667939789236412
3547,0.5748444595212027,0.4667939789236412
3548,0.3200316935008568,0.4667939789236412
3549,0.3476625416703414,0.4667939789236412
3550,0.3942540702838923,0.4667939789236412
3551,0.2532984334361488,0.4667939789236412
3552,0.27471493780303835,0.4667939789236412
3553,0.29636718032429693,0.4667939789236412
3554,0.5724732030520867,0.4667939789236412
3555,0.3795481690350354,0.4667939789236412
3556,0.5003894427100732,0.4667939789236412
3557,0.6639731721021611,0.4667939789236412
3558,0.5738012730796436,0.4667939789236412
3559,0.6126914018938534,0.4667939789236412
3560,0.5114231932566276,0.4667939789236412
3561,0.4653471810188466,0.4667939789236412
3562,0.6604637813504243,0.4667939789236412
3563,0.5542331658396589,0.4667939789236412
3564,0.49925334417722256,0.4667939789236412
3565,0.3246493881414385,0.4667939789236412
3566,0.2913361839740277,0.4667939789236412
3567,0.3505176619276138,0.4667939789236412
3568,0.3538912172850006,0.4667939789236412
3569,0.5961415859796004,0.4667939789236412
3570,0.4870999567101643,0.4667939789236412
3571,0.4218788501600958,0.4667939789236412
3572,0.5091531401240368,0.4667939789236412
3573,0.4609823855355206,0.4667939789236412
3574,0.47899353933724503,0.4667939789236412
3575,0.5136794597386292,0.4667939789236412
3576,0.4390384680973807,0.4667939789236412
3577,0.4503440298760906,0.4667939789236412
3578,0.5386538999604774,0.4667939789236412
3579,0.42274383236215757,0.4667939789236412
3580,0.5975248883806065,0.4667939789236412
3581,0.4908224593455136,0.4667939789236412
3582,0.4902877655168562,0.4667939789236412
3583,0.44772161242341413,0.4667939789236412
3584,0.4254630318766164,0.4667939789236412
3585,0.48166793237570416,0.4667939789236412
3586,0.40673785170460836,0.4667939789236412
3587,0.5635284446004194,0.4667939789236412
3588,0.5835729951643357,0.4667939789236412
3589,0.33536835753415584,0.4667939789236412
3590,0.38841080210190143,0.4667939789236412
3591,0.4140602603877891,0.4667939789236412
3592,0.2644262135704649,0.4667939789236412
3593,0.35291013025358914,0.4667939789236412
3594,0.5752004209253827,0.4667939789236412
3595,0.46451185335108763,0.4667939789236412
3596,0.3089864123886477,0.4667939789236412
3597,0.992453716480401,1.156709292378881
3598,1.1506194696003431,1.156709292378881
3599,1.2029316119775493,1.156709292378881
3600,1.1759505740967175,1.156709292378881
3601,1.145595894413772,1.156709292378881
3602,1.1596437461791138,1.156709292378881
3603,0.4287429344934682,0.3119751770034329
3604,0.4133205068349401,0.3119751770034329
3605,0.5659584524775246,0.3119751770034329
3606,0.5189968987708233,0.3119751770034329
3607,0.45446619157477774,0.3119751770034329
3608,0.23429005510932613,0.3119751770034329
3609,0.17083105928646547,0.3119751770034329
3610,0.4494506990593628,0.3119751770034329
3611,0.33491740341987986,0.3119751770034329
3612,0.2824696129270924,0.3119751770034329
3613,0.593261673971162,0.3119751770034329
3614,0.2487047575851782,0.3119751770034329
3615,0.21679929506860493,0.3119751770034329
3616,0.17780998190736325,0.3119751770034329
3617,0.28134356982902203,0.3119751770034329
3618,0.19611519583143108,0.3119751770034329
3619,0.3341393211214413,0.3119751770034329
3620,0.24030449429351025,0.3119751770034329
3621,0.41876688749745916,0.3119751770034329
3622,0.29566546048908676,0.3119751770034329
3623,0.08766004891620754,0.3119751770034329
3624,0.4486580307826492,0.3119751770034329
3625,0.2442595989213359,0.3119751770034329
3626,0.46094395637173013,0.3119751770034329
3627,0.31592241896468504,0.3119751770034329
3628,0.3648409043403478,0.3119751770034329
3629,0.45021950179228765,0.3119751770034329
3630,0.42901052526185635,0.3119751770034329
3631,0.29875037424495926,0.3119751770034329
3632,0.3496719577864849,0.3119751770034329
3633,0.31992445610689396,0.3119751770034329
3634,0.3062150049778698,0.3119751770034329
3635,0.2061865238266905,0.3119751770034329
3636,0.2830525538139262,0.3119751770034329
3637,0.3057804020909429,0.3119751770034329
3638,0.30143477723517953,0.3119751770034329
3639,0.18028793524902542,0.3119751770034329
3640,0.23675442888604967,0.3119751770034329
3641,0.09701486680625118,0.3119751770034329
3642,0.14972601281039258,0.3119751770034329
3643,0.22713308795495313,0.3119751770034329
3644,0.13121597365691917,0.3119751770034329
3645,0.1901043231486336,0.3119751770034329
3646,0.28347196089374815,0.3119751770034329
3647,0.28823572288772115,0.3119751770034329
3648,0.16871921299509668,0.3119751770034329
3649,0.2880470593878467,0.3119751770034329
3650,0.3174677762574969,0.3119751770034329
3651,0.34540129997421093,0.3119751770034329
3652,0.3038202444070658,0.3119751770034329
3653,0.2630208166664069,0.3119751770034329
3654,0.32996571958396687,0.3119751770034329
3655,0.3413205710206715,0.3119751770034329
3656,0.33449897880109253,0.3119751770034329
3657,0.5059216338446971,0.3119751770034329
3658,0.23280923086691574,0.3119751770034329
3659,0.5094152672165743,0.3119751770034329
3660,0.5175067839491022,0.3119751770034329
3661,0.1523062069678164,0.3119751770034329
3662,0.22782052071980335,0.3119751770034329
3663,0.14772761990717048,0.3119751770034329
3664,0.3448047822658441,0.3119751770034329
3665,0.32461644981147075,0.3119751770034329
3666,0.41546538983546333,0.3119751770034329
3667,0.18737684740688376,0.3119751770034329
3668,0.2860259587926637,0.3119751770034329
3669,0.2641460619703413,0.3119751770034329
3670,0.05455886109208686,0.3119751770034329
3671,0.2795338149073355,0.3119751770034329
3672,0.059526970773697514,0.3119751770034329
3673,0.25903720086366766,0.42291893459854524
3674,0.40114667695797823,0.42291893459854524
3675,0.3482882003722286,0.42291893459854524
3676,0.615930440194083,0.42291893459854524
3677,0.34391306426145724,0.42291893459854524
3678,0.4429997111080907,0.42291893459854524
3679,0.3302461031673777,0.42291893459854524
3680,0.39019108844298017,0.42291893459854524
3681,0.6423604791028945,0.42291893459854524
3682,0.4176555770158337,0.42291893459854524
3683,0.4303298605686722,0.42291893459854524
3684,0.5107639027371043,0.42291893459854524
3685,0.442883843585222,0.42291893459854524
3686,0.3488601971973276,0.42291893459854524
3687,0.3771686097803698,0.42291893459854524
3688,0.4798704680925982,0.42291893459854524
3689,0.30915412403470444,0.42291893459854524
3690,0.49553462649131613,0.42291893459854524
3691,0.4424809880776005,0.42291893459854524
3692,0.3504850914252624,0.42291893459854524
3693,0.28263631813673856,0.42291893459854524
3694,0.2838697818029611,0.42291893459854524
3695,0.400110156651024,0.42291893459854524
3696,0.5349170204580368,0.42291893459854524
3697,0.46145084548622156,0.42291893459854524
3698,0.5337763175781699,0.42291893459854524
3699,0.4034327403982195,0.42291893459854524
3700,0.5749378365751933,0.42291893459854524
3701,0.41119973638702223,0.42291893459854524
3702,0.601782069042222,0.42291893459854524
3703,0.6015188474354973,0.42291893459854524
3704,0.4947503745976609,0.42291893459854524
3705,0.564207833628435,0.42291893459854524
3706,0.30586337748093234,0.42291893459854524
3707,0.5900340344530506,0.42291893459854524
3708,0.47539565639041365,0.42291893459854524
3709,0.377479190281936,0.42291893459854524
3710,0.3656393633041842,0.42291893459854524
3711,0.49994950798126536,0.42291893459854524
3712,0.3686657471551571,0.42291893459854524
3713,0.6077421796411142,0.42291893459854524
3714,0.3923685960399297,0.42291893459854524
3715,0.5102242491817212,0.42291893459854524
3716,0.551171218272465,0.42291893459854524
3717,0.471568001644257,0.42291893459854524
3718,0.4028777277757528,0.42291893459854524
3719,0.4946918878146752,0.42291893459854524
3720,0.4117354796228815,0.42291893459854524
3721,0.5158045450830446,0.42291893459854524
3722,0.40614541964251,0.42291893459854524
3723,0.23634223143994088,0.42291893459854524
3724,0.17721105622769062,0.42291893459854524
3725,0.5716338270084312,0.42291893459854524
3726,0.49999213262290015,0.42291893459854524
3727,0.4942165068179193,0.42291893459854524
3728,0.5208774115105566,0.42291893459854524
3729,0.5737464874155306,0.42291893459854524
3730,0.6026614079826798,0.42291893459854524
3731,0.6329942890007962,0.42291893459854524
3732,0.3969554183867279,0.42291893459854524
3733,0.3150529529799169,0.42291893459854524
3734,0.467769856117647,0.42291893459854524
3735,0.43416541860076957,0.42291893459854524
3736,0.6037855658507099,0.42291893459854524
3737,0.498798748648944,0.42291893459854524
3738,0.5158478118260181,0.42291893459854524
3739,-1.5919875619325967,-1.6419785523374282
3740,-1.5164885282496563,-1.6419785523374282
3741,-1.8753190445613812,-1.6419785523374282
3742,-1.6866218299300606,-1.6419785523374282
3743,-1.6890900803216227,-1.6419785523374282
3744,-1.6567304731127084,-1.6419785523374282
3745,-1.733643707462058,-1.6419785523374282
3746,-1.6292351973774384,-1.6419785523374282
3747,-1.7598987069808143,-1.6419785523374282
3748,-1.7116864442048623,-1.6419785523374282
3749,-1.5825225118756987,-1.6419785523374282
3750,-1.5923906296797412,-1.6419785523374282
3751,-1.564649568479275,-1.6419785523374282
3752,-1.5491102578004134,-1.6419785523374282
3753,-1.625872332300489,-1.6419785523374282
3754,-1.6881906232863348,-1.6419785523374282
3755,-1.7777428884732878,-1.6419785523374282
3756,-1.583052590698744,-1.6419785523374282
3757,-1.724948174849776,-1.6419785523374282
3758,-1.7556753938799785,-1.6419785523374282
3759,-1.5773893886359935,-1.6419785523374282
3760,-1.5655862732228025,-1.6419785523374282
3761,-1.6934861747388594,-1.6419785523374282
3762,-1.5975636950009178,-1.6419785523374282
3763,-1.7102001600872319,-1.6419785523374282
3764,-1.8579106516739925,-1.6419785523374282
3765,-1.6200234590996987,-1.6419785523374282
3766,-1.5182379649686373,-1.6419785523374282
3767,-1.7592914669241426,-1.6419785523374282
3768,-1.6614653544158526,-1.6419785523374282
3769,-1.5985224606392958,-1.6419785523374282
3770,-1.7510233360676426,-1.6419785523374282
3771,-1.4913197699432845,-1.6419785523374282
3772,-1.7144944007798073,-1.6419785523374282
3773,-1.6684935162854877,-1.6419785523374282
3774,-1.6070909413992167,-1.6419785523374282
3775,-1.5064852412791208,-1.6419785523374282
3776,-1.6010888872542433,-1.6419785523374282
3777,-1.586638351679807,-1.6419785523374282
3778,-1.5400768449814024,-1.6419785523374282
3779,-1.5991122047460762,-1.6419785523374282
3780,-1.762659821630264,-1.6419785523374282
3781,-1.7831906772957513,-1.6419785523374282
3782,-1.616153161571682,-1.6419785523374282
3783,-1.435879164794598,-1.6419785523374282
3784,-1.563504094318332,-1.6419785523374282
3785,-1.714619482639611,-1.6419785523374282
3786,-1.5780302219504603,-1.6419785523374282
3787,-1.7854247803172172,-1.6419785523374282
3788,-1.821727575999348,-1.6419785523374282
3789,-1.7251329101560073,-1.6419785523374282
3790,-1.5891676658662275,-1.6419785523374282
3791,-1.9618413027497401,-1.6419785523374282
3792,-1.6970882549476796,-1.6419785523374282
3793,-1.759661601475608,-1.6419785523374282
3794,-1.7945008932314956,-1.6419785523374282
3795,-1.6418286546716574,-1.6419785523374282
3796,-1.8399245396288837,-1.6419785523374282
3797,-1.792480490681246,-1.6419785523374282
3798,-1.8067055868898338,-1.6419785523374282
3799,-1.5571479118652847,-1.6419785523374282
3800,-1.5960924925085627,-1.6419785523374282
3801,-1.45481182308189,-1.6419785523374282
3802,-1.6448305877167546,-1.6419785523374282
3803,-0.5665659224846714,-0.5172636785859689
3804,-0.5066952748093239,-0.5172636785859689
3805,-0.55060189271338,-0.5172636785859689
3806,-0.39754182566340535,-0.5172636785859689
3807,-0.7109455807752539,-0.5172636785859689
3808,-0.5246527566688612,-0.5172636785859689
3809,-0.5427354515597608,-0.6394902034124738
3810,-0.41792226371029045,-0.6394902034124738
3811,-0.6260715524767636,-0.6394902034124738
3812,-0.629510114179294,-0.6394902034124738
3813,-0.6522912978939732,-0.6394902034124738
3814,-0.6481391980667391,-0.6394902034124738
3815,-0.6492278027437752,-0.6394902034124738
3816,-0.7268488334957938,-0.6394902034124738
3817,-0.6462346153389379,-0.6394902034124738
3818,-0.5984447853427451,-0.6394902034124738
3819,-0.5349395471813287,-0.6394902034124738
3820,-0.5275004860599386,-0.6394902034124738
3821,-0.6800172137527769,-0.6394902034124738
3822,-0.7564052512801814,-0.6394902034124738
3823,-0.8170062116061777,-0.6394902034124738
3824,-0.8133531029927416,-0.6394902034124738
3825,-0.6227334552722784,-0.6394902034124738
3826,-0.6612691539961775,-0.6394902034124738
3827,-0.8182651529001328,-0.6394902034124738
3828,-0.5752877871607021,-0.6394902034124738
3829,-0.5881019377499181,-0.6394902034124738
3830,-0.63577134702421,-0.6394902034124738
3831,-0.6062718699350419,-0.6394902034124738
3832,-0.5625866925796772,-0.6394902034124738
3833,-0.4830533418275101,-0.6394902034124738
3834,-0.6924495655745431,-0.6394902034124738
3835,-0.6430164317591929,-0.6394902034124738
3836,-0.7426395132513733,-0.6394902034124738
3837,-0.6599731172984721,-0.6394902034124738
3838,-0.6472885780724021,-0.6394902034124738
3839,-0.7064861518807297,-0.6394902034124738
3840,-1.2197995524210872,-1.4283239352752788
3841,-1.4591271979492553,-1.4283239352752788
3842,-1.4685512523913389,-1.4283239352752788
3843,-1.5960214760483178,-1.4283239352752788
3844,-1.3756864467661711,-1.4283239352752788
3845,-1.3498677304101485,-1.4283239352752788
3846,-1.4412294493927393,-1.4283239352752788
3847,-1.4957280364163428,-1.4283239352752788
3848,-1.407353619140527,-1.4283239352752788
3849,-1.4866509139371271,-1.4283239352752788
3850,-1.5393891001012576,-1.4283239352752788
3851,-1.3336374329786937,-1.4283239352752788
3852,-1.214540185874894,-1.4283239352752788
3853,-1.249348201997017,-1.4283239352752788
3854,-1.1808194734019004,-1.4283239352752788
3855,-1.1701088476792834,-1.4283239352752788
3856,-1.4891631150214228,-1.4283239352752788
3857,-1.4576323297146065,-1.4283239352752788
3858,-1.3918078326116414,-1.4283239352752788
3859,-1.4681572619904952,-1.4283239352752788
3860,-1.4458501817814036,-1.4283239352752788
3861,-1.366015129283483,-1.4283239352752788
3862,-1.4646744863584014,-1.4283239352752788
3863,-1.4323024224313499,-1.4283239352752788
3864,-1.4697607677365232,-1.4283239352752788
3865,-1.514903903184851,-1.4283239352752788
3866,-1.4751264820956802,-1.4283239352752788
3867,-1.5869530901913744,-1.4283239352752788
3868,-1.421543942003729,-1.4283239352752788
3869,-1.6118961540062215,-1.4283239352752788
3870,-1.4581868216442706,-1.4283239352752788
3871,-1.6436906151533965,-1.4283239352752788
3872,-1.4872399562287244,-1.4283239352752788
3873,-1.3978608455080057,-1.4283239352752788
3874,-1.5045706005010293,-1.4283239352752788
3875,-1.3784359470555223,-1.4283239352752788
3876,-1.4464107563086608,-1.4283239352752788
3877,-1.3480859126071827,-1.4283239352752788
3878,-1.5838485690736344,-1.4283239352752788
3879,-1.3031901198686768,-1.4283239352752788
3880,-1.387525106746812,-1.4283239352752788
3881,-1.2905120569299413,-1.4283239352752788
3882,-1.2078249843925306,-1.4283239352752788
3883,-1.3970957461218976,-1.4283239352752788
3884,-1.3574617127402158,-1.4283239352752788
3885,-1.368710845101623,-1.4283239352752788
3886,-1.3594232902829428,-1.4283239352752788
3887,-1.558218436747473,-1.4283239352752788
3888,-1.4563697358962524,-1.4283239352752788
3889,-1.4960045218456848,-1.4283239352752788
3890,-1.491960983711988,-1.4283239352752788
3891,-1.232074419343146,-1.4283239352752788
3892,-1.4905184733457675,-1.4283239352752788
3893,-1.4844246232581948,-1.4283239352752788
3894,-1.5106708109296196,-1.4283239352752788
3895,-1.5738322926313866,-1.4283239352752788
3896,-1.5344080251441208,-1.4283239352752788
3897,-1.5347172661073203,-1.4283239352752788
3898,-1.5818345903238138,-1.4283239352752788
3899,-1.5826643586387368,-1.4283239352752788
3900,-1.3586018879535222,-1.4283239352752788
3901,-1.2914015019943934,-1.4283239352752788
3902,-1.3223204240932913,-1.4283239352752788
3903,-1.4901762428893057,-1.4283239352752788
3904,-1.2787755379534145,-1.4283239352752788
3905,-1.3238636794080783,-1.4283239352752788
3906,-1.197557760959838,-1.4283239352752788
3907,-1.4771431482087996,-1.4283239352752788
3908,-1.4626862477030558,-1.4283239352752788
3909,-1.5029943992723884,-1.4283239352752788
3910,-1.446790948944809,-1.4283239352752788
3911,-1.3811567054327467,-1.4283239352752788
3912,-1.4182132651488628,-1.4283239352752788
3913,-1.3558137246393633,-1.4283239352752788
3914,-1.3921916234365477,-1.4283239352752788
3915,-1.347525320095059,-1.4283239352752788
3916,-1.3763636494154512,-1.4283239352752788
3917,-1.4422153452960151,-1.4283239352752788
3918,-1.504743069683014,-1.4283239352752788
3919,-1.4772354437257909,-1.4283239352752788
3920,-1.4217850680792863,-1.4283239352752788
3921,-1.214066821534357,-1.4283239352752788
3922,-1.5605347704014965,-1.4283239352752788
3923,-1.4501774137034562,-1.4283239352752788
3924,-1.475581125916699,-1.4283239352752788
3925,-1.3213277999483564,-1.4283239352752788
3926,-1.3037332009966063,-1.4283239352752788
3927,-1.4314361756457996,-1.4283239352752788
3928,-1.3047488718993003,-1.4283239352752788
3929,-1.3612001852020201,-1.4283239352752788
3930,-1.349931943854362,-1.4283239352752788
3931,-1.4286012848478347,-1.4283239352752788
3932,-1.40059678030005,-1.4283239352752788
3933,-1.403338139238847,-1.4283239352752788
3934,-1.2776468658901174,-1.4283239352752788
3935,-1.4934506932595202,-1.4283239352752788
3936,-1.4548675819949461,-1.4283239352752788
3937,-1.361718441864376,-1.4283239352752788
3938,-1.49594785653537,-1.4283239352752788
3939,-1.3898327864204432,-1.4283239352752788
3940,-1.5102059004191073,-1.4283239352752788
3941,-1.623083561657149,-1.4283239352752788
3942,-1.3381057031042254,-1.4283239352752788
3943,-1.3374162805290293,-1.4283239352752788
3944,-1.3888763187942659,-1.4283239352752788
3945,-1.4886727273003744,-1.4283239352752788
3946,-1.4326886512314947,-1.4283239352752788
3947,-1.3616320001494455,-1.4283239352752788
3948,-1.4645785812999654,-1.4283239352752788
3949,-1.69348383412155,-1.4283239352752788
3950,-1.690210590526456,-1.4283239352752788
3951,-1.5468977545790354,-1.4283239352752788
3952,-1.445354992951502,-1.4283239352752788
3953,-1.3431844465772593,-1.4283239352752788
3954,-1.2512324687874326,-1.4283239352752788
3955,-1.2489215760474042,-1.4283239352752788
3956,-1.5689386947858766,-1.4283239352752788
3957,-1.5505083156572872,-1.4283239352752788
3958,-1.370578139871383,-1.4283239352752788
3959,-1.3675539840034403,-1.4283239352752788
3960,-1.3931534492250766,-1.4283239352752788
3961,-1.2553513727850942,-1.4283239352752788
3962,-1.270920390093558,-1.4283239352752788
3963,-1.3684042788960364,-1.4283239352752788
3964,1.5825705497179192,1.7247619207854534
3965,1.6069899396248015,1.7247619207854534
3966,1.7526202735121184,1.7247619207854534
3967,1.7429556219874005,1.7247619207854534
3968,1.6618138307075039,1.7247619207854534
3969,1.6426812675457159,1.7247619207854534
3970,1.5259781448734433,1.7247619207854534
3971,1.7397283034309947,1.7247619207854534
3972,1.7575029755172555,1.7247619207854534
3973,1.670348379002194,1.7247619207854534
3974,1.8172213240968598,1.7247619207854534
3975,1.7246448006510051,1.7247619207854534
3976,1.7082352047276115,1.7247619207854534
3977,1.6092377630291748,1.7247619207854534
3978,1.6632694853389398,1.7247619207854534
3979,1.9253925595144596,1.7247619207854534
3980,1.838281426754156,1.7247619207854534
3981,1.8193191201938888,1.7247619207854534
3982,1.76609059370374,1.7247619207854534
3983,1.8474774147590323,1.7247619207854534
3984,1.7790399239614008,1.7247619207854534
3985,1.64295822709028,1.7247619207854534
3986,1.624782518013981,1.7247619207854534
3987,1.6799652650652837,1.7247619207854534
3988,1.6529890808082186,1.7247619207854534
3989,1.8079273890081076,1.7247619207854534
3990,1.630720161261384,1.7247619207854534
3991,1.764015499271425,1.7247619207854534
3992,1.8408762326767447,1.7247619207854534
3993,1.6416074853305735,1.7247619207854534
3994,1.6508836077929356,1.7247619207854534
3995,1.8215553017467803,1.7247619207854534
3996,1.7091010556157138,1.7247619207854534
3997,1.6667031292171268,1.7247619207854534
3998,1.6183072526259705,1.7247619207854534
3999,1.6643172446155516,1.7247619207854534
4000,1.570962578342886,1.7247619207854534
4001,1.8063052942596591,1.7247619207854534
4002,1.8777795855921595,1.7247619207854534
4003,1.8957551893547049,1.7247619207854534
4004,1.7146788698550888,1.7247619207854534
4005,1.8119819658090206,1.7247619207854534
4006,1.917880762803914,1.7247619207854534
4007,1.7015123384329032,1.7247619207854534
4008,1.8764758888648483,1.7247619207854534
4009,1.7812348953770905,1.7247619207854534
4010,1.8034911549032946,1.7247619207854534
4011,1.8807846981150744,1.7247619207854534
4012,1.6504139150677808,1.7247619207854534
4013,1.7342293250681642,1.7247619207854534
4014,1.726670957810522,1.7247619207854534
4015,1.4667232989924388,1.7247619207854534
4016,1.5335157711213945,1.7247619207854534
4017,1.697375825255644,1.7247619207854534
4018,1.765372262338867,1.7247619207854534
4019,1.6957169741214786,1.7247619207854534
4020,1.6401657966973306,1.7247619207854534
4021,1.6976689959142863,1.7247619207854534
4022,1.835099684056713,1.7247619207854534
4023,1.5530676729504473,1.7247619207854534
4024,1.6468115455696257,1.7247619207854534
4025,1.7007702135531713,1.7247619207854534
4026,1.8005869780881034,1.7247619207854534
4027,1.7483533432556597,1.7247619207854534
4028,1.7589782837634507,1.7247619207854534
4029,1.8578662105870816,1.7247619207854534
4030,1.8619539130961378,1.7247619207854534
4031,1.8116164311093719,1.7247619207854534
4032,1.7152369282092776,1.7247619207854534
4033,1.8516013592830232,1.7247619207854534
4034,-1.6193536916984357,-1.7321713749372603
4035,-1.625848518205557,-1.7321713749372603
4036,-1.7956649660026243,-1.7321713749372603
4037,-1.6323017460908127,-1.7321713749372603
4038,-1.715708895939878,-1.7321713749372603
4039,-1.7081911577591042,-1.7321713749372603
4040,-1.7879193612590598,-1.7321713749372603
4041,-1.5604003423570436,-1.7321713749372603
4042,-1.7970877462614505,-1.7321713749372603
4043,-1.8627780163003975,-1.7321713749372603
4044,-1.7415051947457265,-1.7321713749372603
4045,-1.822055378991265,-1.7321713749372603
4046,-1.7211300425993807,-1.7321713749372603
4047,-1.6526712078200272,-1.7321713749372603
4048,-1.6355426146474557,-1.7321713749372603
4049,-1.4947424544117465,-1.7321713749372603
4050,-1.633650193158728,-1.7321713749372603
4051,-1.6638455368526914,-1.7321713749372603
4052,-1.712656105998509,-1.7321713749372603
4053,-1.649259451478575,-1.7321713749372603
4054,-1.7643812232892078,-1.7321713749372603
4055,-1.714689831934615,-1.7321713749372603
4056,-1.7336927252944652,-1.7321713749372603
4057,-1.8783310853631312,-1.7321713749372603
4058,-1.604413899567511,-1.7321713749372603
4059,-1.5623964958870198,-1.7321713749372603
4060,-1.5437490240830285,-1.7321713749372603
4061,-1.7855182550449158,-1.7321713749372603
4062,-1.4956046469108892,-1.7321713749372603
4063,-1.7207279151210226,-1.7321713749372603
4064,-1.631817240339948,-1.7321713749372603
4065,-1.6979863035150187,-1.7321713749372603
4066,-1.7822897268183113,-1.7321713749372603
4067,-1.8033460730590412,-1.7321713749372603
4068,-1.8086869441827118,-1.7321713749372603
4069,-1.7845469603115858,-1.7321713749372603
4070,-1.9246455224221888,-1.7321713749372603
4071,-1.8670661116822318,-1.7321713749372603
4072,-1.6453075065028013,-1.7321713749372603
4073,-1.954983135038473,-1.7321713749372603
4074,-1.7573760901726163,-1.7321713749372603
4075,-1.8157978856095325,-1.7321713749372603
4076,-1.6267852368104072,-1.7321713749372603
4077,-1.769810499827972,-1.7321713749372603
4078,-1.558594695410266,-1.7321713749372603
4079,-1.6915082261522194,-1.7321713749372603
4080,-1.7625474315280312,-1.7321713749372603
4081,-1.5443476077528409,-1.7321713749372603
4082,-1.8505053908585771,-1.7321713749372603
4083,-1.7089323215953665,-1.7321713749372603
4084,-1.7464443912013043,-1.7321713749372603
4085,-1.7556049299467755,-1.7321713749372603
4086,-1.5334767568540848,-1.7321713749372603
4087,-1.600699293918408,-1.7321713749372603
4088,-1.7366842333180177,-1.7321713749372603
4089,-1.7381155694558568,-1.7321713749372603
4090,-1.6506125761417545,-1.7321713749372603
4091,-1.7357924608150583,-1.7321713749372603
4092,-1.723030371271473,-1.7321713749372603
4093,-1.9266002793117722,-1.7321713749372603
4094,-1.8153239103696783,-1.7321713749372603
4095,-1.6895806728496576,-1.7321713749372603
4096,-1.971760458686821,-1.7321713749372603
4097,-1.8102240556296623,-1.7321713749372603
4098,-1.6084705703134086,-1.7321713749372603
4099,-1.9042731071415628,-1.7321713749372603
4100,-1.6976278604888957,-1.7321713749372603
4101,-1.7807742898233456,-1.7321713749372603
4102,-1.5658183196472848,-1.7321713749372603
4103,-1.7646614600596255,-1.7321713749372603
4104,-1.787392721100816,-1.7321713749372603
4105,-1.7570516371086,-1.7321713749372603
4106,-1.6661227761757673,-1.7321713749372603
4107,-1.6262980435231125,-1.7321713749372603
4108,-1.7999631236143958,-1.7321713749372603
4109,-1.6636146779688836,-1.7321713749372603
4110,-1.7357936024613383,-1.7321713749372603
4111,-1.8040617222690591,-1.7321713749372603
4112,-1.594692452195592,-1.7321713749372603
4113,-1.6037922164137652,-1.7321713749372603
4114,-1.8755915555064195,-1.7321713749372603
4115,-1.7634730973124284,-1.7321713749372603
4116,-1.6393558291216663,-1.7321713749372603
4117,-1.7438551458003635,-1.7321713749372603
4118,-1.6458202983868369,-1.7321713749372603
4119,-1.6596870874249592,-1.7321713749372603
4120,-1.8242439531046049,-1.7321713749372603
4121,-1.8514980687432767,-1.7321713749372603
4122,-1.8033598981388375,-1.7321713749372603
4123,-1.6459938231098303,-1.7321713749372603
4124,-1.6663306993218183,-1.7321713749372603
4125,-1.667125219926195,-1.7321713749372603
4126,-1.6854211896184246,-1.7321713749372603
4127,-1.7050591223031948,-1.7321713749372603
4128,-1.662734662317627,-1.7321713749372603
4129,-1.5030242510936027,-1.7321713749372603
4130,-1.7554520483220801,-1.7321713749372603
4131,-1.8168732443348103,-1.7321713749372603
4132,-1.765861694039529,-1.7321713749372603
4133,-1.610262047913868,-1.7321713749372603
4134,-1.6058374208704596,-1.7321713749372603
4135,-1.9779465998067596,-1.7321713749372603
4136,-1.5697383437226673,-1.7321713749372603
4137,-1.8304650191492613,-1.7321713749372603
4138,-1.8215150913570173,-1.7321713749372603
4139,-1.6600118867021547,-1.7321713749372603
4140,-1.627768380892089,-1.7321713749372603
4141,-2.0466136057990156,-1.7321713749372603
4142,-1.766526641422606,-1.7321713749372603
4143,-1.7084633540199188,-1.7321713749372603
4144,-1.9451608055533487,-1.7321713749372603
4145,-1.7525461066560877,-1.7321713749372603
4146,-1.7552131871462002,-1.7321713749372603
4147,-1.7576137036332347,-1.7321713749372603
4148,-1.6808679993768536,-1.7321713749372603
4149,-1.5793171486061357,-1.7321713749372603
4150,-1.639541548570712,-1.7321713749372603
4151,-1.6544273905625917,-1.7321713749372603
4152,-1.5496728036934424,-1.7321713749372603
4153,-1.7143139405552805,-1.7321713749372603
4154,-1.7896937437902678,-1.7321713749372603
4155,-1.6161915229620292,-1.7321713749372603
4156,-1.7439783235336859,-1.7321713749372603
4157,-1.646180158219818,-1.7321713749372603
4158,-1.757907063708746,-1.7321713749372603
4159,-1.5275881762349017,-1.7321713749372603
4160,-1.787344078807983,-1.7321713749372603
4161,-1.7997528160813734,-1.7321713749372603
4162,-1.7684334202470775,-1.7321713749372603
4163,-1.7027767059405112,-1.7321713749372603
4164,-1.93479942145016,-1.7321713749372603
4165,-1.6573323890596225,-1.7321713749372603
4166,-1.740317851312098,-1.7321713749372603
4167,-1.6459746988691006,-1.7321713749372603
4168,-1.8638868602457757,-1.7321713749372603
4169,-1.7587162072622342,-1.7321713749372603
4170,-1.735899689217892,-1.7321713749372603
4171,-1.7618534632162248,-1.7321713749372603
4172,-1.7717844536876843,-1.7321713749372603
4173,-1.9420982643408158,-1.7321713749372603
4174,-1.8495682654799512,-1.7321713749372603
4175,-1.6682044379031777,-1.7321713749372603
4176,-1.91236135737286,-1.7321713749372603
4177,-1.6409885546614498,-1.7321713749372603
4178,-1.790600742715948,-1.7321713749372603
4179,-1.6065671751684554,-1.7321713749372603
4180,-1.7221825078323605,-1.7321713749372603
4181,-1.764750334908367,-1.7321713749372603
4182,0.06838841134721667,-0.026534778324543762
4183,0.1760621372230063,-0.026534778324543762
4184,0.042277928171609955,-0.026534778324543762
4185,0.05950625147378029,-0.026534778324543762
4186,0.013721140057189425,-0.026534778324543762
4187,-0.021999353623228843,-0.026534778324543762
4188,0.04588223532912461,-0.026534778324543762
4189,-0.07161875200482534,-0.026534778324543762
4190,0.07043243378692357,-0.026534778324543762
4191,-0.02019289242233619,-0.026534778324543762
4192,-0.1250023114546068,-0.026534778324543762
4193,-0.03377902171304365,-0.026534778324543762
4194,0.015796761489655815,-0.026534778324543762
4195,-0.33207899263185875,-0.026534778324543762
4196,-0.22302764054208435,-0.026534778324543762
4197,0.015545578224655007,-0.026534778324543762
4198,-0.011514394091021537,-0.026534778324543762
4199,-0.02822284495032549,-0.026534778324543762
4200,-0.266963499090159,-0.026534778324543762
4201,0.06933540761781076,-0.026534778324543762
4202,-0.13507909289198414,-0.026534778324543762
4203,0.13150946132736427,-0.026534778324543762
4204,-0.04327732685208977,-0.026534778324543762
4205,-0.07487954989045813,-0.026534778324543762
4206,0.04845653175952343,-0.026534778324543762
4207,0.05215656722473184,-0.026534778324543762
4208,-0.2741307942413333,-0.026534778324543762
4209,-0.14254572529785547,-0.026534778324543762
4210,-0.09960926036957693,-0.026534778324543762
4211,-0.14836930567891057,-0.026534778324543762
4212,-0.04502251442067099,-0.026534778324543762
4213,-0.15917962437050717,-0.026534778324543762
4214,-0.053466343873024055,-0.026534778324543762
4215,-0.12589434686278647,-0.026534778324543762
4216,0.07642980428085588,-0.026534778324543762
4217,-0.1122581048419836,-0.026534778324543762
4218,-0.08547375220128747,-0.026534778324543762
4219,-0.06318220281229808,-0.026534778324543762
4220,-0.11553041822549857,-0.026534778324543762
4221,-0.04397533384070182,-0.026534778324543762
4222,-0.019224675254343807,-0.026534778324543762
4223,-0.1146194488831155,-0.026534778324543762
4224,-0.02176578919400182,-0.026534778324543762
4225,0.12182863089446812,-0.026534778324543762
4226,0.010418205785618374,-0.026534778324543762
4227,-0.03815285990357169,-0.026534778324543762
4228,0.0013263884302507772,-0.026534778324543762
4229,0.08259490458774964,-0.026534778324543762
4230,-0.07349129861861425,-0.026534778324543762
4231,0.27299375629215866,-0.026534778324543762
4232,-0.026409903355667348,-0.026534778324543762
4233,0.012696203390519564,-0.026534778324543762
4234,0.011209697546551524,-0.026534778324543762
4235,0.07326366857672903,-0.026534778324543762
4236,0.022856853484914293,-0.026534778324543762
4237,-0.1622056243602792,-0.026534778324543762
4238,0.06180602180509756,-0.026534778324543762
4239,0.012798813032871365,-0.026534778324543762
4240,-0.13997588397601723,-0.026534778324543762
4241,-0.12777669508183387,-0.026534778324543762
4242,-0.002195803085415074,-0.026534778324543762
4243,-0.053216991272107,-0.026534778324543762
4244,0.04251916454244996,-0.026534778324543762
4245,-0.16011751261396773,-0.026534778324543762
4246,0.08697713146770315,-0.026534778324543762
4247,0.007947984251097835,-0.026534778324543762
4248,-0.1072818548592492,-0.026534778324543762
4249,0.06087568092527255,-0.026534778324543762
4250,0.09415993661499415,-0.026534778324543762
4251,-0.02491681831853494,-0.026534778324543762
4252,0.0706221296869927,-0.026534778324543762
4253,0.05187649648028207,-0.026534778324543762
4254,0.14651462697329137,-0.026534778324543762
4255,-0.058678952024214324,-0.026534778324543762
4256,0.08919481605497098,-0.026534778324543762
4257,-0.007881708899687631,-0.026534778324543762
4258,0.09069231858241364,-0.026534778324543762
4259,0.20004800025966513,-0.026534778324543762
4260,-0.13008452783177715,-0.026534778324543762
4261,0.13258619338732863,-0.026534778324543762
4262,0.04183361137459262,-0.026534778324543762
4263,-0.04690381817913018,-0.026534778324543762
4264,-0.19148591133802345,-0.026534778324543762
4265,-0.1333577259118018,-0.026534778324543762
4266,-0.21086810127889413,-0.026534778324543762
4267,-0.06494777888903483,-0.026534778324543762
4268,-0.08920774788158845,-0.026534778324543762
4269,-0.2193138666528105,-0.026534778324543762
4270,-0.22349715230600362,-0.026534778324543762
4271,-0.0631670120828335,-0.026534778324543762
4272,-0.15829043107677254,-0.026534778324543762
4273,-0.07725012380303485,-0.026534778324543762
4274,0.07399897928468915,-0.026534778324543762
4275,-0.03228161123011575,-0.026534778324543762
4276,0.03215825815761719,-0.026534778324543762
4277,-0.004304099537739539,-0.026534778324543762
4278,-0.04608319506217822,-0.026534778324543762
4279,-0.07051111452305925,-0.026534778324543762
4280,-0.0171136464394393,-0.026534778324543762
4281,0.10004002826164615,-0.026534778324543762
4282,0.06866513394709084,-0.026534778324543762
4283,-0.08742756225223172,-0.026534778324543762
4284,0.05983066866256517,-0.026534778324543762
4285,-0.03610664617221624,-0.026534778324543762
4286,-0.05270255816420852,-0.026534778324543762
4287,-0.06364765813432176,-0.026534778324543762
4288,0.07443243257889327,-0.026534778324543762
4289,0.13368274762782567,-0.026534778324543762
4290,-0.12037366972276653,-0.026534778324543762
4291,-0.03327773674947443,-0.026534778324543762
4292,0.03347255875670474,-0.026534778324543762
4293,-0.015186111167329673,-0.026534778324543762
4294,0.14541096375673845,-0.026534778324543762
4295,-0.23050302196274314,-0.026534778324543762
4296,0.06851576455545208,-0.026534778324543762
4297,-0.059773239021554875,-0.026534778324543762
4298,0.01838305440600307,-0.026534778324543762
4299,-0.04003234771738802,-0.026534778324543762
4300,-0.04713835743360062,-0.026534778324543762
4301,-0.09254471182439838,-0.026534778324543762
4302,0.02380981782502926,-0.026534778324543762
4303,-0.061046310248906416,-0.026534778324543762
4304,0.06825694690185184,-0.026534778324543762
4305,-0.016985683812129164,-0.026534778324543762
4306,0.14297961401911644,-0.026534778324543762
4307,0.0357282459738261,-0.026534778324543762
4308,0.0035233610823000028,-0.026534778324543762
4309,-0.027236493299918126,-0.026534778324543762
4310,-0.10921015010637097,-0.026534778324543762
4311,-0.23897693148288163,-0.026534778324543762
4312,-0.08385588910656863,-0.026534778324543762
4313,0.06122507143721936,-0.026534778324543762
4314,-0.18103245922804923,-0.026534778324543762
4315,-0.1070752195662208,-0.026534778324543762
4316,-0.12116372375972104,-0.026534778324543762
4317,-0.08175042975771424,-0.026534778324543762
4318,-0.15515304197539898,-0.026534778324543762
4319,-0.037162797385701586,-0.026534778324543762
4320,0.09143819265892203,-0.026534778324543762
4321,-0.1806115663689034,-0.026534778324543762
4322,-0.01801734745644478,-0.026534778324543762
4323,0.018364183020904395,-0.026534778324543762
4324,-0.0812217091296021,-0.026534778324543762
4325,-0.10232462317331022,-0.026534778324543762
4326,0.119568981535503,-0.026534778324543762
4327,-0.040411887424245285,-0.026534778324543762
4328,0.0684103165477826,-0.026534778324543762
4329,0.017953132663452012,-0.026534778324543762
4330,0.16163199406042264,-0.026534778324543762
4331,0.19721284294516597,-0.026534778324543762
4332,0.07778631552691345,-0.026534778324543762
4333,0.08380557512030959,-0.026534778324543762
4334,0.023038086684872998,-0.026534778324543762
4335,-0.005454526236813501,-0.026534778324543762
4336,-0.10334663485366175,-0.026534778324543762
4337,0.06137365155986403,-0.026534778324543762
4338,0.017482022067729888,-0.026534778324543762
4339,-0.13133136822339977,-0.026534778324543762
4340,-0.15236592364346585,-0.026534778324543762
4341,-0.09562401276975072,-0.026534778324543762
4342,-0.13307749661059437,-0.026534778324543762
4343,-0.2146164748591629,-0.026534778324543762
4344,-0.051869605940752087,-0.026534778324543762
4345,-0.11774754377426444,-0.026534778324543762
4346,-0.15436732958721483,-0.026534778324543762
4347,-0.23909824216817513,-0.026534778324543762
4348,-0.23343869539817147,-0.026534778324543762
4349,-0.001304425098646438,-0.026534778324543762
4350,0.0457942161978824,-0.026534778324543762
4351,0.034102193922154855,-0.026534778324543762
4352,-0.12599836247030807,-0.026534778324543762
4353,0.19048070576420117,-0.026534778324543762
4354,0.1664985538840128,-0.026534778324543762
4355,0.012413473008572623,-0.026534778324543762
4356,-0.11169066402209037,-0.026534778324543762
4357,-0.03793743284946059,-0.026534778324543762
4358,-0.06731369783500507,-0.026534778324543762
4359,0.18403277002563098,-0.026534778324543762
4360,-0.01149051940390338,-0.026534778324543762
4361,0.07322470758146381,-0.026534778324543762
4362,-0.03157820719173604,-0.026534778324543762
4363,-0.038631235745921685,-0.026534778324543762
4364,-0.03527211126980116,-0.026534778324543762
4365,-0.07994884946615322,-0.026534778324543762
4366,-0.16296420704168768,-0.026534778324543762
4367,0.08638041792397524,-0.026534778324543762
4368,-0.21972949112940346,-0.026534778324543762
4369,-0.07462324874709286,-0.026534778324543762
4370,-0.21109174592818775,-0.026534778324543762
4371,-0.06591816304533406,-0.026534778324543762
4372,0.028845120899704584,-0.026534778324543762
4373,0.19566692101134417,-0.026534778324543762
4374,-0.09995730833877295,-0.026534778324543762
4375,0.03241121547848684,-0.026534778324543762
4376,-0.24377855597044537,-0.026534778324543762
4377,0.16002327111858558,-0.026534778324543762
4378,4.9817422366621456e-06,-0.026534778324543762
4379,-0.036523947287929834,-0.026534778324543762
4380,0.10986148651480017,-0.026534778324543762
4381,-0.00928575839352451,-0.026534778324543762
4382,0.14224252662863074,-0.026534778324543762
4383,0.014958223472593807,-0.026534778324543762
4384,0.13469999552704226,-0.026534778324543762
4385,-0.011809493917122858,-0.026534778324543762
4386,0.05010301445856764,-0.026534778324543762
4387,-0.02992711467507429,-0.026534778324543762
4388,0.008564563598369617,-0.026534778324543762
4389,-0.052921369759834275,-0.026534778324543762
4390,0.12203405158228157,-0.026534778324543762
4391,-0.13235117381295913,-0.026534778324543762
4392,0.0220490991754878,-0.026534778324543762
4393,-0.22218753068675018,-0.026534778324543762
4394,0.01623909989243088,-0.026534778324543762
4395,-0.05009238176248848,-0.026534778324543762
4396,-0.04533291856819734,-0.026534778324543762
4397,-0.1074653457336953,-0.026534778324543762
4398,-0.01331064545058162,-0.026534778324543762
4399,-0.10545207973583644,-0.026534778324543762
4400,0.01208636863055298,-0.026534778324543762
4401,0.04394952103458735,-0.026534778324543762
4402,0.03264391253238717,-0.026534778324543762
4403,0.15182925148496998,-0.026534778324543762
4404,0.02016503401468306,-0.026534778324543762
4405,-0.0850216151406554,-0.026534778324543762
4406,-0.1340026518676714,-0.026534778324543762
4407,-0.009260613215085652,-0.026534778324543762
4408,0.25905629414840725,-0.026534778324543762
4409,0.06695053675176822,-0.026534778324543762
4410,0.15703165005567488,-0.026534778324543762
4411,-0.008774376243111288,-0.026534778324543762
4412,-0.06141597069201267,-0.026534778324543762
4413,-0.08147171653548733,-0.026534778324543762
4414,-0.10090747643501484,-0.026534778324543762
4415,-0.09784057390037379,-0.026534778324543762
4416,-0.09756374363861478,-0.026534778324543762
4417,-0.10895481062757909,-0.026534778324543762
4418,-0.012204986325030857,-0.026534778324543762
4419,-0.16433573400365248,-0.026534778324543762
4420,-0.08927135740066941,-0.026534778324543762
4421,-0.024114809801690916,-0.026534778324543762
4422,-0.28770850961414557,-0.026534778324543762
4423,-0.05703597962776531,-0.026534778324543762
4424,0.05319762105445773,-0.026534778324543762
4425,-0.1510259148331561,-0.026534778324543762
4426,0.09195809112439801,-0.026534778324543762
4427,-0.20926761105743918,-0.026534778324543762
4428,-0.03196482148870391,-0.026534778324543762
4429,-0.05831017020685226,-0.026534778324543762
4430,0.10960618178769652,-0.026534778324543762
4431,-0.056488306545479365,-0.026534778324543762
4432,0.039638662637443506,-0.026534778324543762
4433,-0.02320731587455075,-0.026534778324543762
4434,0.066885565857128,-0.026534778324543762
4435,-0.036543799301639215,-0.026534778324543762
4436,0.015829815415296856,-0.026534778324543762
4437,-0.07216592013284362,-0.026534778324543762
4438,0.11233049711027182,-0.026534778324543762
4439,-0.15495758294839157,-0.026534778324543762
4440,-0.038350069766143864,-0.026534778324543762
4441,-0.21206054285847592,-0.026534778324543762
4442,-0.20878516761107765,-0.026534778324543762
4443,-0.13485354494453816,-0.026534778324543762
4444,-0.08035079330967335,-0.026534778324543762
4445,-0.2444018954433445,-0.026534778324543762
4446,-0.2852017482473687,-0.026534778324543762
4447,-0.18874210907304592,-0.026534778324543762
4448,0.11809564186525506,-0.026534778324543762
4449,0.11417973428242123,-0.026534778324543762
4450,0.04309924895578385,-0.026534778324543762
4451,0.0613046292478781,-0.026534778324543762
4452,0.06393896514542238,-0.026534778324543762
4453,0.07549638143183313,-0.026534778324543762
4454,-0.004741144989809681,-0.026534778324543762
4455,-0.07415215028775489,-0.026534778324543762
4456,0.0691052144247899,-0.026534778324543762
4457,-0.05740904756660542,-0.026534778324543762
4458,-0.03658749809567283,-0.026534778324543762
4459,0.08552896938915422,-0.026534778324543762
4460,-0.02094481948616539,-0.026534778324543762
4461,-0.09441128384416277,-0.026534778324543762
4462,-0.031091829490438504,-0.026534778324543762
4463,0.08651275482900697,-0.026534778324543762
4464,-0.15459176423323623,-0.026534778324543762
4465,-0.0016329344355890847,-0.026534778324543762
4466,0.054096440905065546,-0.026534778324543762
4467,-0.0524512442823184,-0.026534778324543762
4468,0.021964473828083433,-0.026534778324543762
4469,-0.10688225834671894,-0.026534778324543762
4470,0.03680297458311394,-0.026534778324543762
4471,-0.11843273500812443,-0.026534778324543762
4472,-0.26213394941407464,-0.026534778324543762
4473,0.1539753733469749,-0.026534778324543762
4474,-0.11842197400494613,-0.026534778324543762
4475,-0.014577063691628176,-0.026534778324543762
4476,0.19058901068399747,-0.026534778324543762
4477,-0.07977979406458381,-0.026534778324543762
4478,0.045960226343181226,-0.026534778324543762
4479,-0.05852959763422725,-0.026534778324543762
4480,0.11785009070114474,-0.026534778324543762
4481,0.106728099794209,-0.026534778324543762
4482,-0.0354415092254855,-0.026534778324543762
4483,0.08551153792634864,-0.026534778324543762
4484,-0.03711708151870996,-0.026534778324543762
4485,-0.06681327976667494,-0.026534778324543762
4486,-0.1903659018548528,-0.026534778324543762
4487,-0.05011058645512201,-0.026534778324543762
4488,-0.07549707583706827,-0.026534778324543762
4489,0.025913312476242574,-0.026534778324543762
4490,0.04113827765477131,-0.026534778324543762
4491,-0.1250852361525812,-0.026534778324543762
4492,-0.18868032487913194,-0.026534778324543762
4493,-0.15795261430305146,-0.026534778324543762
4494,0.060913141986588315,-0.026534778324543762
4495,-0.12391997970282584,-0.026534778324543762
4496,-0.06620466503784213,-0.026534778324543762
4497,0.06767975249661334,-0.026534778324543762
4498,-0.07567403286997373,-0.026534778324543762
4499,-0.19410012210898553,-0.026534778324543762
4500,0.1314745231242343,-0.026534778324543762
4501,0.040346538985023515,-0.026534778324543762
4502,-0.03744024196670508,-0.026534778324543762
4503,-0.16648878390462385,-0.026534778324543762
4504,0.0391289028154074,-0.026534778324543762
4505,-0.13311446156759738,-0.026534778324543762
4506,0.09083074637106489,-0.026534778324543762
4507,-0.13280352348995791,-0.026534778324543762
4508,-0.03805842496073872,-0.026534778324543762
4509,-0.014961439576341579,-0.026534778324543762
4510,-0.09417380511740403,-0.026534778324543762
4511,-0.10386261537128705,-0.026534778324543762
4512,-0.060723979135210625,-0.026534778324543762
4513,0.0844034553119684,-0.026534778324543762
4514,-0.2101782094988465,-0.026534778324543762
4515,-0.0014413009025181535,-0.026534778324543762
4516,-0.07055873235985513,-0.026534778324543762
4517,0.003024266821863693,-0.026534778324543762
4518,0.18972381958757384,-0.026534778324543762
4519,-0.17004934908046487,-0.026534778324543762
4520,0.04204865103778486,-0.026534778324543762
4521,0.028112069701273126,-0.026534778324543762
4522,0.023621499000811494,-0.026534778324543762
4523,0.1320924374256713,-0.026534778324543762
4524,-0.21863738208040073,-0.026534778324543762
4525,-0.201597508541569,-0.026534778324543762
4526,0.046149373391975244,-0.026534778324543762
4527,0.06913797172742048,-0.026534778324543762
4528,-0.008756333882629613,-0.026534778324543762
4529,0.141902392773665,-0.026534778324543762
4530,0.08029824941377353,-0.026534778324543762
4531,-0.053109064452244184,-0.026534778324543762
4532,0.1078248197580477,-0.026534778324543762
4533,0.2079947020966384,-0.026534778324543762
4534,-0.08976010336892382,-0.026534778324543762
4535,0.1285200906439593,-0.026534778324543762
4536,-0.11922050096621586,-0.026534778324543762
4537,0.07747106573714663,-0.026534778324543762
4538,-0.1255141768903325,-0.026534778324543762
4539,-0.1967298070988514,-0.026534778324543762
4540,0.017279414637965007,-0.026534778324543762
4541,-0.07586881257265651,-0.026534778324543762
4542,-0.03488380133338796,-0.026534778324543762
4543,-0.047755278622604314,-0.026534778324543762
4544,-0.03660198693580069,-0.026534778324543762
4545,0.0951327252959635,-0.026534778324543762
4546,-0.07554676732205337,-0.026534778324543762
4547,-0.18796596864415047,-0.026534778324543762
4548,0.012682524893285228,-0.026534778324543762
4549,-0.2659723463681378,-0.026534778324543762
4550,0.24607438968041725,-0.026534778324543762
4551,0.04918743701917534,-0.026534778324543762
4552,-0.00010270254986064972,-0.026534778324543762
4553,0.007394571443834576,-0.026534778324543762
4554,0.08216852504869784,-0.026534778324543762
4555,-0.04282469105777845,-0.026534778324543762
4556,-0.03028301245567626,-0.026534778324543762
4557,-0.0010323969174017428,-0.026534778324543762
4558,-0.0419815434187767,-0.026534778324543762
4559,-0.046232142542704496,-0.026534778324543762
4560,-0.1880607859481958,-0.026534778324543762
4561,-0.0670275985297438,-0.026534778324543762
4562,-0.02435310925339655,-0.026534778324543762
4563,-0.1173195166184828,-0.026534778324543762
4564,-0.0898081679413664,-0.026534778324543762
4565,-0.128500759368466,-0.026534778324543762
4566,-0.019834110527924238,-0.026534778324543762
4567,-0.045254634476014306,-0.026534778324543762
4568,0.11511473723370227,-0.026534778324543762
4569,-0.1935196290422892,-0.026534778324543762
4570,0.03875930956280462,-0.026534778324543762
4571,-0.18811139460720172,-0.026534778324543762
4572,-0.08684794207874466,-0.026534778324543762
4573,-0.1251558388060503,-0.026534778324543762
4574,-0.03175267842825945,-0.026534778324543762
4575,-0.008847192007655694,-0.026534778324543762
4576,0.21072001363148418,-0.026534778324543762
4577,0.035665540692561726,-0.026534778324543762
4578,0.08828433935282928,-0.026534778324543762
4579,-0.13459424634157607,-0.026534778324543762
4580,-0.0355263499826004,-0.026534778324543762
4581,0.0063166600895723304,-0.026534778324543762
4582,-0.08610537619418418,-0.026534778324543762
4583,0.22445952374471084,-0.026534778324543762
4584,0.02080441451635163,-0.026534778324543762
4585,0.17090744172004552,-0.026534778324543762
4586,-0.13803802127738693,-0.026534778324543762
4587,0.012394222425017597,-0.026534778324543762
4588,0.010089724915863445,-0.026534778324543762
4589,0.09967990092478934,-0.026534778324543762
4590,-0.09173512518259397,-0.026534778324543762
4591,0.12441351779018325,-0.026534778324543762
4592,-0.2646988791445468,-0.026534778324543762
4593,-0.12004706304507955,-0.026534778324543762
4594,-0.08992314185776218,-0.026534778324543762
4595,-0.09288584958795862,-0.026534778324543762
4596,-0.14441347197731597,-0.026534778324543762
4597,-0.14398768159475048,-0.026534778324543762
4598,-0.023783796477719353,-0.026534778324543762
4599,0.11486310124046267,-0.026534778324543762
4600,-0.09733347076031962,-0.026534778324543762
4601,-0.17188296431726674,-0.026534778324543762
4602,-0.010749697486263851,-0.026534778324543762
4603,-0.24452564513759725,-0.026534778324543762
4604,0.11974809802377737,-0.026534778324543762
4605,-0.011280939286308266,-0.026534778324543762
4606,0.018792243756775497,-0.026534778324543762
4607,0.03860060215056441,-0.026534778324543762
4608,-0.009848151315757989,-0.026534778324543762
4609,0.05192979914575682,-0.026534778324543762
4610,0.2548169943077692,-0.026534778324543762
4611,-0.01498408165050592,-0.026534778324543762
4612,0.09325154771175392,-0.026534778324543762
4613,-0.09238600713537524,-0.026534778324543762
4614,-0.010553234653105342,-0.026534778324543762
4615,-0.10332003584501687,-0.026534778324543762
4616,0.04820906821038761,-0.026534778324543762
4617,-0.17631898565046772,-0.026534778324543762
4618,-0.18601561465140273,-0.026534778324543762
4619,-0.1602096967109537,-0.026534778324543762
4620,-0.10212848536114069,-0.026534778324543762
4621,-0.05698706588812014,-0.026534778324543762
4622,-0.042797708590582836,-0.026534778324543762
4623,-0.05688629574044085,-0.026534778324543762
4624,-0.17047006442197538,-0.026534778324543762
4625,-0.013733402732136328,-0.026534778324543762
4626,-0.03730001242312332,-0.026534778324543762
4627,-0.03761082351000827,-0.026534778324543762
4628,0.08302741270492828,-0.026534778324543762
4629,0.03465946339519668,-0.026534778324543762
4630,0.0035618234518288716,-0.026534778324543762
4631,0.13531396250428174,-0.026534778324543762
4632,-0.09535684290913943,-0.026534778324543762
4633,-0.018414344047359053,-0.026534778324543762
4634,0.16385206764316526,-0.026534778324543762
4635,0.13815211481284495,-0.026534778324543762
4636,-0.07610556665914286,-0.026534778324543762
4637,0.10994152206385491,-0.026534778324543762
4638,-0.1682758559106125,-0.026534778324543762
4639,0.12521733256319018,-0.026534778324543762
4640,-0.04760017880639282,-0.026534778324543762
4641,0.11118676521392051,-0.026534778324543762
4642,-0.12294505526251698,-0.026534778324543762
4643,-0.0058314653384101064,-0.026534778324543762
4644,0.044224728032579826,-0.026534778324543762
4645,0.12439028312175748,-0.026534778324543762
4646,-0.04714704249877293,-0.026534778324543762
4647,-0.12714611060357145,-0.026534778324543762
4648,0.04101699205365801,-0.026534778324543762
4649,-0.04061705138699255,-0.026534778324543762
4650,-0.03519797323938314,-0.026534778324543762
4651,0.017604124656298396,-0.026534778324543762
4652,0.15191339831572956,-0.026534778324543762
4653,-0.05694164208430829,-0.026534778324543762
4654,0.2071640466146975,-0.026534778324543762
4655,-0.10571275731214336,-0.026534778324543762
4656,0.06935838926625223,-0.026534778324543762
4657,-0.024917438432916987,-0.026534778324543762
4658,-0.011629633884921081,-0.026534778324543762
4659,-0.04404160901365808,-0.026534778324543762
4660,0.06148475910236908,-0.026534778324543762
4661,-0.03234347244227283,-0.026534778324543762
4662,-0.06107933485716785,-0.026534778324543762
4663,0.022141490364651416,-0.026534778324543762
4664,0.12664643638487025,-0.026534778324543762
4665,0.06662607585311503,-0.026534778324543762
4666,0.027154393825694595,0.06931699036974119
4667,-0.06703243839620335,0.06931699036974119
4668,0.040472776662884985,0.06931699036974119
4669,-0.03330175264598892,0.06931699036974119
4670,-0.10660408566160211,0.06931699036974119
4671,0.04411437503616714,0.06931699036974119
4672,-0.19018883781931833,0.06931699036974119
4673,0.04436295103380891,0.06931699036974119
4674,0.1891383427564587,0.06931699036974119
4675,0.1371663062958324,0.06931699036974119
4676,0.0700014362419562,0.06931699036974119
4677,0.01762761900863799,0.06931699036974119
4678,0.030651930325349512,0.06931699036974119
4679,0.13186728592223151,0.06931699036974119
4680,-0.048981715690406075,0.06931699036974119
4681,0.1371316075050443,0.06931699036974119
4682,-0.11315838476812845,0.06931699036974119
4683,0.055712690869476514,0.06931699036974119
4684,-0.0049439557780473,0.06931699036974119
4685,0.16013084122488852,0.06931699036974119
4686,-0.07244926918303489,0.06931699036974119
4687,0.17532058568168957,0.06931699036974119
4688,0.07205706996483116,0.06931699036974119
4689,0.17290380888412618,0.06931699036974119
4690,0.01003424490548627,0.06931699036974119
4691,-0.012803852721909852,0.06931699036974119
4692,-0.030086839878241418,0.06931699036974119
4693,-0.2980401381538056,-0.47332472271288556
4694,-0.47885824125840953,-0.47332472271288556
4695,-0.35481231350863324,-0.47332472271288556
4696,-0.5859585654901985,-0.47332472271288556
4697,-0.36679739271356326,-0.47332472271288556
4698,-0.5339889427329824,-0.47332472271288556
4699,-0.5733893704338296,-0.47332472271288556
4700,-0.41073331389649737,-0.47332472271288556
4701,-0.385285677367634,-0.47332472271288556
4702,-0.3299825897422171,-0.47332472271288556
4703,-0.3956049990690011,-0.47332472271288556
4704,-0.4202467131081211,-0.47332472271288556
4705,-0.3480057087919232,-0.47332472271288556
4706,-0.4869940626344583,-0.47332472271288556
4707,-0.5312637942880194,-0.47332472271288556
4708,-0.5176323058909973,-0.47332472271288556
4709,-0.5245345925103361,-0.47332472271288556
4710,-0.4390896620361328,-0.47332472271288556
4711,-0.39023650590266845,-0.47332472271288556
4712,-0.4375682625607017,-0.47332472271288556
4713,-0.5495290310208424,-0.47332472271288556
4714,-0.36316025247005523,-0.47332472271288556
4715,-0.5175441832815725,-0.47332472271288556
4716,-0.6873970191307986,-0.47332472271288556
4717,-0.5036894257965641,-0.47332472271288556
4718,-0.6127327655408731,-0.47332472271288556
4719,-0.5285688893486153,-0.47332472271288556
4720,-0.6364144367262192,-0.47332472271288556
4721,-0.41578670948639573,-0.47332472271288556
4722,-0.4232288686686911,-0.47332472271288556
4723,-0.6698376878261767,-0.47332472271288556
4724,-0.5045240103389899,-0.47332472271288556
4725,-0.4663534784174463,-0.47332472271288556
4726,-0.4818642956256827,-0.47332472271288556
4727,-0.25883004458201697,-0.47332472271288556
4728,-0.5412903936925257,-0.47332472271288556
4729,-0.28660414906502385,-0.47332472271288556
4730,-0.46215095421228847,-0.47332472271288556
4731,-0.41270287100631253,-0.47332472271288556
4732,-0.381722112162153,-0.47332472271288556
4733,-0.531988003112446,-0.47332472271288556
4734,-0.4212502367893909,-0.47332472271288556
4735,-0.4620815409375015,-0.47332472271288556
4736,-0.30592643457621915,-0.47332472271288556
4737,-0.3958987652449154,-0.47332472271288556
4738,-0.33958906783526555,-0.47332472271288556
4739,-0.382740926237218,-0.47332472271288556
4740,-0.33428098970821174,-0.47332472271288556
4741,-0.6761925139048895,-0.47332472271288556
4742,-0.5752594583237954,-0.47332472271288556
4743,-0.5717025562590238,-0.47332472271288556
4744,-0.5623751607562408,-0.47332472271288556
4745,-0.5518856255969254,-0.47332472271288556
4746,-0.6444344001171767,-0.47332472271288556
4747,-0.6090461918287787,-0.47332472271288556
4748,-0.6003328116616088,-0.47332472271288556
4749,-0.6384536238984198,-0.47332472271288556
4750,-0.5655871725285496,-0.47332472271288556
4751,-0.3304797599011466,-0.47332472271288556
4752,-0.5066948441428679,-0.47332472271288556
4753,-0.318904286526813,-0.47332472271288556
4754,-0.5069903696116906,-0.47332472271288556
4755,-0.3881739211251782,-0.47332472271288556
4756,-0.6370086239685437,-0.47332472271288556
4757,-0.43425965432291364,-0.47332472271288556
4758,-0.33309755059613716,-0.47332472271288556
4759,-0.4448351814669067,-0.47332472271288556
4760,-0.3555753403978104,-0.47332472271288556
4761,-0.43156650645763456,-0.47332472271288556
4762,-0.5595966922191936,-0.47332472271288556
4763,-0.38628405529399573,-0.47332472271288556
4764,-0.4064372113430878,-0.47332472271288556
4765,-0.4823519607715732,-0.47332472271288556
4766,-0.36488713893852276,-0.47332472271288556
4767,-0.5636639624446851,-0.47332472271288556
4768,-0.5034983812179004,-0.47332472271288556
4769,-0.5955727737785554,-0.47332472271288556
4770,-0.3474503656800759,-0.47332472271288556
4771,-0.5100232468998129,-0.47332472271288556
4772,-0.5723698987052176,-0.47332472271288556
4773,-0.6275678674274766,-0.47332472271288556
4774,-0.7629486290762298,-0.47332472271288556
4775,-0.575432209949864,-0.47332472271288556
4776,-0.3220615312687612,-0.47332472271288556
4777,-0.4866040427464607,-0.47332472271288556
4778,-0.375383768451542,-0.47332472271288556
4779,-0.34745897721103647,-0.47332472271288556
4780,-0.4929150866553239,-0.47332472271288556
4781,-0.44428819657211294,-0.47332472271288556
4782,-0.48254265255840073,-0.47332472271288556
4783,-0.469080039338965,-0.47332472271288556
4784,-0.6050776754634417,-0.47332472271288556
4785,-0.42205537446581765,-0.47332472271288556
4786,-0.5845384796435691,-0.47332472271288556
4787,-0.6119017238916337,-0.47332472271288556
4788,-0.509243217932839,-0.47332472271288556
4789,-0.31558350539586716,-0.47332472271288556
4790,-0.47178068788303446,-0.47332472271288556
4791,-0.5375660637953154,-0.47332472271288556
4792,-0.513535666964154,-0.47332472271288556
4793,-0.4671559482304548,-0.47332472271288556
4794,-0.5402827277221603,-0.47332472271288556
4795,-0.549531698066951,-0.47332472271288556
4796,-0.5096097323025689,-0.47332472271288556
4797,-0.4560617676886336,-0.47332472271288556
4798,-0.45251032896105964,-0.47332472271288556
4799,-0.5314974600806088,-0.47332472271288556
4800,-0.4684836353747393,-0.47332472271288556
4801,-0.3901827683054152,-0.47332472271288556
4802,-0.6284284573378017,-0.47332472271288556
4803,-0.5663430051524249,-0.47332472271288556
4804,-0.5332945545698202,-0.47332472271288556
4805,-0.5848433338712915,-0.47332472271288556
4806,-0.6156422494900959,-0.47332472271288556
4807,-0.4554820137738602,-0.47332472271288556
4808,-0.39838530222978197,-0.47332472271288556
4809,-0.31690482740773074,-0.47332472271288556
4810,-0.3843386235589519,-0.47332472271288556
4811,-0.5428080325631777,-0.47332472271288556
4812,-0.41682915401826187,-0.47332472271288556
4813,-0.4670836595343965,-0.47332472271288556
4814,-0.37994000710712567,-0.47332472271288556
4815,-0.5269468853006969,-0.47332472271288556
4816,-0.36672797584679034,-0.47332472271288556
4817,-0.48758071882347515,-0.47332472271288556
4818,-0.4626627611463711,-0.47332472271288556
4819,-0.33583546298580574,-0.47332472271288556
4820,-0.5476017351278275,-0.47332472271288556
4821,-0.3845594047728607,-0.47332472271288556
4822,-0.5138012621956558,-0.47332472271288556
4823,-0.40145427904702913,-0.47332472271288556
4824,-0.39673703754133405,-0.47332472271288556
4825,-0.5933619527148543,-0.47332472271288556
4826,-0.5663947817275011,-0.47332472271288556
4827,-0.5181336871475932,-0.47332472271288556
4828,-0.5195248865670068,-0.47332472271288556
4829,-0.2451094544893637,-0.47332472271288556
4830,-0.3228209605333837,-0.47332472271288556
4831,-0.40771943742037975,-0.47332472271288556
4832,-0.43602773558676866,-0.47332472271288556
4833,-0.24859715516086012,-0.47332472271288556
4834,-0.30759973058537415,-0.47332472271288556
4835,-0.5166669888933525,-0.47332472271288556
4836,-0.45041618841944947,-0.47332472271288556
4837,-0.5637826831132103,-0.47332472271288556
4838,-0.42179266596878745,-0.47332472271288556
4839,-0.5031166705168955,-0.47332472271288556
4840,-0.5046222899996463,-0.47332472271288556
4841,-0.387414171342061,-0.47332472271288556
4842,-0.6070706288721344,-0.47332472271288556
4843,-0.5147581058242314,-0.47332472271288556
4844,-0.6201996714169976,-0.47332472271288556
4845,-0.6250680792693873,-0.47332472271288556
4846,-0.4439368400698918,-0.47332472271288556
4847,-0.5616747995342839,-0.47332472271288556
4848,-0.44418366050828817,-0.47332472271288556
4849,-0.4911986263973892,-0.47332472271288556
4850,-0.3057395308890083,-0.47332472271288556
4851,-0.32233607924605084,-0.47332472271288556
4852,-0.6516505723769461,-0.47332472271288556
4853,-0.3650981992270947,-0.47332472271288556
4854,-0.25125231217932037,-0.47332472271288556
4855,-0.4306314653285347,-0.47332472271288556
4856,-0.26886541609941655,-0.47332472271288556
4857,-0.49949037350757897,-0.47332472271288556
4858,-0.46423702502544834,-0.47332472271288556
4859,-0.2935678981940849,-0.47332472271288556
4860,-0.3009206637632756,-0.47332472271288556
4861,-0.43268170082427665,-0.47332472271288556
4862,-0.6207597567531556,-0.47332472271288556
4863,-0.41207378185943233,-0.47332472271288556
4864,-0.45700872127657977,-0.47332472271288556
4865,-0.6277479083008329,-0.47332472271288556
4866,-0.5075917888133942,-0.47332472271288556
4867,-0.5428585125652907,-0.47332472271288556
4868,-0.6719546235965514,-0.47332472271288556
4869,-0.4913102772720142,-0.47332472271288556
4870,-0.7052702902657046,-0.47332472271288556
4871,-0.5518033486421292,-0.47332472271288556
4872,-0.5504019905280956,-0.47332472271288556
4873,-0.49672139139156424,-0.47332472271288556
4874,-0.3819692940234902,-0.47332472271288556
4875,-0.6968934850843854,-0.47332472271288556
4876,-0.41239599750078076,-0.47332472271288556
4877,-0.4736330839102497,-0.47332472271288556
4878,-0.43112834518077797,-0.47332472271288556
4879,-0.3339750790128865,-0.47332472271288556
4880,-0.22932952772916235,-0.47332472271288556
4881,-0.3691216070072964,-0.47332472271288556
4882,-0.3721959200060656,-0.47332472271288556
4883,-0.5260309354536032,-0.47332472271288556
4884,-0.3843072759843452,-0.47332472271288556
4885,-0.38709131807406644,-0.47332472271288556
4886,-0.5113362047246645,-0.47332472271288556
4887,-0.3959417446632864,-0.47332472271288556
4888,-0.4025939551817322,-0.47332472271288556
4889,-0.4932877473573408,-0.47332472271288556
4890,-0.3128778912741607,-0.47332472271288556
4891,-0.759179615550332,-0.47332472271288556
4892,-0.5536128969694365,-0.47332472271288556
4893,-0.6408664671791042,-0.47332472271288556
4894,-0.3940218356672869,-0.47332472271288556
4895,-0.649872296844176,-0.47332472271288556
4896,-0.3955984387425301,-0.47332472271288556
4897,-0.550009700759608,-0.47332472271288556
4898,-0.7109660193277177,-0.47332472271288556
4899,-0.31751375643568264,-0.47332472271288556
4900,-0.29003232644006754,-0.47332472271288556
4901,-0.4613119484529068,-0.47332472271288556
4902,-0.4483341286403733,-0.47332472271288556
4903,-0.38587444161598555,-0.47332472271288556
4904,-0.4675731102855961,-0.47332472271288556
4905,-0.5202941085545938,-0.47332472271288556
4906,-0.43185579536586594,-0.47332472271288556
4907,-0.4872601752083282,-0.47332472271288556
4908,-0.4090569771188158,-0.47332472271288556
4909,-0.34031972444830144,-0.47332472271288556
4910,-0.4047328916855044,-0.47332472271288556
4911,-0.6160226897425921,-0.47332472271288556
4912,-0.3426382261820653,-0.47332472271288556
4913,-0.439465247858542,-0.47332472271288556
4914,-0.589332395964521,-0.47332472271288556
4915,-0.6515293531448262,-0.47332472271288556
4916,-0.5925977455935467,-0.47332472271288556
4917,-0.45056278554491896,-0.47332472271288556
4918,-0.5065809530815291,-0.47332472271288556
4919,-0.5130868619042703,-0.47332472271288556
4920,-0.778936358347706,-0.47332472271288556
4921,-0.5842269082066929,-0.47332472271288556
4922,-0.4728448571119034,-0.47332472271288556
4923,-0.549969376767083,-0.47332472271288556
4924,-0.31130555097593243,-0.47332472271288556
4925,-0.46452781368013596,-0.47332472271288556
4926,-0.44079657697021263,-0.47332472271288556
4927,-0.4539423872141565,-0.47332472271288556
4928,-0.8163143870528462,-0.47332472271288556
4929,-0.4487620589642028,-0.47332472271288556
4930,-0.36805395548900277,-0.47332472271288556
4931,-0.4741811530786477,-0.47332472271288556
4932,-0.6173420797157324,-0.47332472271288556
4933,-0.40843201873308144,-0.47332472271288556
4934,-0.30771557304488867,-0.47332472271288556
4935,-0.4663331799518728,-0.47332472271288556
4936,-0.4897660144134768,-0.47332472271288556
4937,-0.5190359044092067,-0.47332472271288556
4938,-0.32659236000559866,-0.47332472271288556
4939,-0.5711617097112264,-0.47332472271288556
4940,-0.6161831322622204,-0.47332472271288556
4941,-0.5468534326986932,-0.47332472271288556
4942,-0.44157625344142104,-0.47332472271288556
4943,-0.5093848105425453,-0.47332472271288556
4944,-0.44093059249296696,-0.47332472271288556
4945,-0.5812706844430799,-0.47332472271288556
4946,-0.5886149359075212,-0.47332472271288556
4947,-0.6006524713293082,-0.47332472271288556
4948,-0.4421369659729435,-0.47332472271288556
4949,-0.4916991325235036,-0.47332472271288556
4950,-0.6170778198210626,-0.47332472271288556
4951,-0.5169284204583935,-0.47332472271288556
4952,-0.44141377921097524,-0.47332472271288556
4953,-0.43379810647723244,-0.47332472271288556
4954,-0.6201023935386119,-0.47332472271288556
4955,-0.39988144509691603,-0.47332472271288556
4956,-0.4808439932994085,-0.47332472271288556
4957,-0.566259928444463,-0.47332472271288556
4958,-0.3987647701467484,-0.47332472271288556
4959,-0.3817786666163826,-0.47332472271288556
4960,-0.5778213457398401,-0.47332472271288556
4961,-0.594103224614548,-0.47332472271288556
4962,-0.5332394508156596,-0.47332472271288556
4963,-0.5266566930352273,-0.47332472271288556
4964,-0.5405133059775725,-0.47332472271288556
4965,-0.7135862473498098,-0.47332472271288556
4966,-0.6633653872613559,-0.47332472271288556
4967,-0.5259359846035598,-0.47332472271288556
4968,-0.7021318259822212,-0.47332472271288556
4969,-0.8274190122738208,-0.47332472271288556
4970,-0.38318037632067836,-0.47332472271288556
4971,-0.5941853292647598,-0.47332472271288556
4972,-0.5724832335724231,-0.47332472271288556
4973,-0.5091330509448547,-0.47332472271288556
4974,-0.5266902114307306,-0.47332472271288556
4975,-0.40814659336668185,-0.47332472271288556
4976,-0.47102053048755754,-0.47332472271288556
4977,-0.5339195144250062,-0.47332472271288556
4978,-0.24432804724415816,-0.47332472271288556
4979,-0.46871793547959645,-0.47332472271288556
4980,-0.5084959988866345,-0.47332472271288556
4981,-0.4318196442065475,-0.47332472271288556
4982,-0.3546491593437071,-0.47332472271288556
4983,-0.4292863486147526,-0.47332472271288556
4984,-0.532354394236673,-0.47332472271288556
4985,-0.3451706484344208,-0.47332472271288556
4986,-0.3484303637113013,-0.47332472271288556
4987,-0.4745889606397501,-0.47332472271288556
4988,-0.5725483824609122,-0.47332472271288556
4989,-0.514631341216566,-0.47332472271288556
4990,-0.5342617434812711,-0.47332472271288556
4991,-0.47890902904161475,-0.47332472271288556
4992,-0.4496491697768583,-0.47332472271288556
4993,-0.6329948441315959,-0.47332472271288556
4994,-0.31660390864642046,-0.47332472271288556
4995,-0.46513803273533944,-0.47332472271288556
4996,-0.6839575285664647,-0.47332472271288556
4997,-0.5317153649193948,-0.47332472271288556
4998,-0.4869634331991236,-0.47332472271288556
4999,-0.6437801787741921,-0.47332472271288556
5000,-0.3296874988536007,-0.47332472271288556
5001,-0.3563737532190915,-0.47332472271288556
5002,-0.6628368286931222,-0.47332472271288556
5003,-0.5640863505601684,-0.47332472271288556
5004,-0.5782949540257873,-0.47332472271288556
5005,-0.332482506635173,-0.47332472271288556
5006,-0.2628008904029021,-0.47332472271288556
5007,-0.4280011339855629,-0.47332472271288556
5008,-0.46619098424264466,-0.47332472271288556
5009,-0.5334324425843663,-0.47332472271288556
5010,-0.4173940226059558,-0.47332472271288556
5011,-0.5441984748337327,-0.47332472271288556
5012,-0.521255987090485,-0.47332472271288556
5013,-0.5132787753674357,-0.47332472271288556
5014,-0.4319769599249306,-0.47332472271288556
5015,-0.4717928140959092,-0.47332472271288556
5016,-0.5466990170264672,-0.47332472271288556
5017,-0.57054246048101,-0.47332472271288556
5018,-0.46976791383678773,-0.47332472271288556
5019,-0.39171323545893166,-0.47332472271288556
5020,-0.4926875349651833,-0.47332472271288556
5021,-0.6675432383508892,-0.47332472271288556
5022,-0.5978442380259114,-0.47332472271288556
5023,-0.5173887152194796,-0.47332472271288556
5024,-0.425571651676688,-0.47332472271288556
5025,-0.33507851068610306,-0.47332472271288556
5026,-0.3810525347540421,-0.47332472271288556
5027,-0.3139570530224536,-0.47332472271288556
5028,-0.4533817814059195,-0.47332472271288556
5029,-0.5204171879461607,-0.47332472271288556
5030,-0.5358023223478173,-0.47332472271288556
5031,-0.3612921074015847,-0.47332472271288556
5032,-0.36149551662862983,-0.47332472271288556
5033,-0.4099699842284766,-0.47332472271288556
5034,-0.4306587109021176,-0.47332472271288556
5035,-0.48622695186323295,-0.47332472271288556
5036,-0.534547861140506,-0.47332472271288556
5037,-0.5589524043748753,-0.47332472271288556
5038,-0.6024381238910218,-0.47332472271288556
5039,-0.45201769439515577,-0.47332472271288556
5040,-1.3845046515679882,-1.2694801562880456
5041,-1.2555375342048707,-1.2694801562880456
5042,-1.1974190857076703,-1.2694801562880456
5043,-1.3038502762729187,-1.2694801562880456
5044,-1.2211642837645815,-1.2694801562880456
5045,-1.2776074193911164,-1.2694801562880456
5046,-1.4920842601555047,-1.2694801562880456
5047,-1.5252271400690331,-1.2694801562880456
5048,-1.328678026518761,-1.2694801562880456
5049,-1.2775242364316879,-1.2694801562880456
5050,-1.4509297116145492,-1.2694801562880456
5051,-1.3219303392044133,-1.2694801562880456
5052,-1.2815796601744234,-1.2694801562880456
5053,-0.22191316685114065,-0.2033201136571621
5054,-0.28271026984532266,-0.2033201136571621
5055,0.0583791360776507,-0.2033201136571621
5056,-0.1490175201340718,-0.2033201136571621
5057,-0.15174318796621603,-0.2033201136571621
5058,-0.01907811253243917,-0.2033201136571621
5059,-0.14153987470580057,-0.2033201136571621
5060,-0.15054295514492994,-0.2033201136571621
5061,-0.17490804481132805,-0.2033201136571621
5062,-0.28829605250415885,-0.2033201136571621
5063,0.03637108633036733,-0.2033201136571621
5064,-0.2936864705444888,-0.2033201136571621
5065,-0.32833750158233477,-0.2033201136571621
5066,-0.3221814137958328,-0.2033201136571621
5067,-0.26667016040970365,-0.2033201136571621
5068,-0.08353356670992924,-0.2033201136571621
5069,-0.2899414940570917,-0.2033201136571621
5070,-0.2862928240581465,-0.2033201136571621
5071,-0.32463987825491103,-0.2033201136571621
5072,-0.3062497164320798,-0.2033201136571621
5073,-0.2866294339103642,-0.2033201136571621
5074,-0.2236642141769126,-0.2033201136571621
5075,-0.20022291327275546,-0.2033201136571621
5076,-0.21178506882537618,-0.2033201136571621
5077,-0.2881490605341356,-0.2033201136571621
5078,-0.03902960195222615,-0.2033201136571621
5079,-0.16883375912258242,-0.2033201136571621
5080,-0.08921395068050078,-0.2033201136571621
5081,0.007716107973035631,-0.2033201136571621
5082,-0.19410661420623865,-0.2033201136571621
5083,-0.14293548254227767,-0.2033201136571621
5084,-0.09851238410584313,-0.2033201136571621
5085,-0.30053612243901484,-0.2033201136571621
5086,-0.2568000137323429,-0.2033201136571621
5087,-0.1696615855207196,-0.2033201136571621
5088,-0.20852088502936078,-0.2033201136571621
5089,-0.32320963693860716,-0.2033201136571621
5090,-0.10267412102291631,-0.2033201136571621
5091,-0.23894665790703137,-0.2033201136571621
5092,-0.29597296419615227,-0.2033201136571621
5093,-0.3289284225408111,-0.2033201136571621
5094,-0.3409942493281019,-0.2033201136571621
5095,-0.29981387975739787,-0.2033201136571621
5096,-0.30053591842454097,-0.2033201136571621
5097,-0.3225509282381725,-0.2033201136571621
5098,-0.2740999340860357,-0.2033201136571621
5099,-0.08748514051187006,-0.2033201136571621
5100,-0.24158548822925044,-0.2033201136571621
5101,-0.2019540890380821,-0.2033201136571621
5102,0.6828070057095557,0.5498041794463335
5103,0.5475368287270779,0.5498041794463335
5104,0.5987723605490001,0.5498041794463335
5105,0.6175366737487333,0.5498041794463335
5106,0.5915084147488687,0.5498041794463335
5107,0.49668544043619006,0.5498041794463335
5108,0.49682256628709504,0.5498041794463335
5109,0.8036859556466865,0.5498041794463335
5110,0.4514870332989729,0.5498041794463335
5111,0.5741900143210025,0.5498041794463335
5112,0.6298551618839149,0.5498041794463335
5113,0.6117375596876864,0.5498041794463335
5114,0.4063350114755444,0.5498041794463335
5115,0.5136769737275446,0.5498041794463335
5116,-0.8760560445704769,-0.7417654359437311
5117,-0.6814445208056361,-0.7417654359437311
5118,-0.720238253230467,-0.7417654359437311
5119,-0.7056802998400288,-0.7417654359437311
5120,-0.7546620644038587,-0.7417654359437311
5121,-0.8771443977722588,-0.7417654359437311
5122,-0.7568087798651835,-0.7417654359437311
5123,-0.6811206976491495,-0.7417654359437311
5124,-0.8268072708924789,-0.7417654359437311
5125,-1.0354875226484672,-0.7417654359437311
5126,-0.7434354518328667,-0.7417654359437311
5127,-0.8924512327520805,-0.7417654359437311
5128,-0.5857108905957079,-0.7417654359437311
5129,-0.7349666472008598,-0.7417654359437311
5130,-0.6163435717896911,-0.7417654359437311
5131,-0.6439660534494014,-0.7417654359437311
5132,-0.609239683938649,-0.7417654359437311
5133,-0.6938286351087718,-0.7417654359437311
5134,-0.76438453952195,-0.7417654359437311
5135,-0.7399452390806801,-0.7417654359437311
5136,-0.7776226638254707,-0.7417654359437311
5137,-0.7951486043239198,-0.7417654359437311
5138,-0.8031932161418256,-0.7417654359437311
5139,-0.7091983035647879,-0.7417654359437311
5140,-0.7554119271279294,-0.7417654359437311
5141,-0.8706052225436467,-0.7417654359437311
5142,-0.6091217900343643,-0.7417654359437311
5143,-0.7469234331154504,-0.7417654359437311
5144,-0.8784439726380726,-0.7417654359437311
5145,-0.8041013225202476,-0.7417654359437311
5146,-0.8091212643646944,-0.7417654359437311
5147,-0.6538247948625229,-0.7417654359437311
5148,-0.794466020393253,-0.7417654359437311
5149,-0.6598517608202098,-0.7417654359437311
5150,-0.9053220942603537,-0.7417654359437311
5151,-0.6994709310039726,-0.7417654359437311
5152,-0.6255061361663214,-0.7417654359437311
5153,-0.6344102679803435,-0.7417654359437311
5154,-0.7732587219168455,-0.7417654359437311
5155,-0.8379447274329539,-0.7417654359437311
5156,-0.7696298419659218,-0.7417654359437311
5157,-0.7798357094671828,-0.7417654359437311
5158,-0.654726692564283,-0.7417654359437311
5159,-0.7824446926678935,-0.7417654359437311
5160,-1.1114997166597214,-1.1150626393846927
5161,-1.1291000334364996,-1.1150626393846927
5162,-1.0300606655120323,-1.1150626393846927
5163,-1.0666305133311147,-1.1150626393846927
5164,-1.062499646919562,-1.1150626393846927
5165,-1.1627712050583772,-1.1150626393846927
5166,-1.2131365574344046,-1.1150626393846927
5167,-1.1992321666009735,-1.1150626393846927
5168,-1.3130610638313711,-1.1150626393846927
5169,-1.2017246535949606,-1.1150626393846927
5170,-1.1906443294394686,-1.1150626393846927
5171,-1.1487617088694784,-1.1150626393846927
5172,-1.3146924079321451,-1.1150626393846927
5173,-1.3404864739860907,-1.1150626393846927
5174,-0.969874882234481,-1.1150626393846927
5175,-1.1240414517862782,-1.1150626393846927
5176,-0.9372202987139687,-1.1150626393846927
5177,-1.0819573527711677,-1.1150626393846927
5178,-1.113843812348039,-1.1150626393846927
5179,-0.7205573950421299,-0.7085629654367929
5180,-0.4844700940336007,-0.7085629654367929
5181,-0.567453564002358,-0.7085629654367929
5182,-0.6804699214265572,-0.7085629654367929
5183,-0.7405451699018009,-0.7085629654367929
5184,-0.7719196701589975,-0.7085629654367929
5185,-0.6030619255298538,-0.7085629654367929
5186,-0.6688416958554038,-0.7085629654367929
5187,-0.845275366613239,-0.7085629654367929
5188,-0.8212858261261,-0.7085629654367929
5189,-0.7124498053986494,-0.7085629654367929
5190,-0.7768393220247963,-0.7085629654367929
5191,-0.7017586748216089,-0.7085629654367929
5192,-0.5572036234960611,-0.7085629654367929
5193,-0.6578497471824853,-0.7085629654367929
5194,-0.6347804723969819,-0.7085629654367929
5195,-0.810389973256779,-0.7085629654367929
5196,-1.263549489441095,-0.921816381901589
5197,-1.1601007596653479,-0.921816381901589
5198,-0.9460805221395253,-0.921816381901589
5199,-1.0189490064032565,-0.921816381901589
5200,-0.7785031778545674,-0.921816381901589
5201,-0.7227350516451799,-0.921816381901589
5202,-0.7746341193809216,-0.921816381901589
5203,-0.95330191613322,-0.921816381901589
5204,-0.7697377889597861,-0.921816381901589
5205,-0.10908112896482079,-0.10347665270915875
5206,-0.1346517782545029,-0.10347665270915875
5207,0.0272087347282533,-0.10347665270915875
5208,-0.003519999641147409,-0.10347665270915875
5209,0.25769843793985225,-0.10347665270915875
5210,-0.1459779490628143,-0.10347665270915875
5211,-0.009352273283064923,-0.10347665270915875
5212,-0.22379274289179737,-0.10347665270915875
5213,-0.056401732900359394,-0.10347665270915875
5214,-0.06536511462868405,-0.10347665270915875
5215,-0.11431846233373774,-0.10347665270915875
5216,-0.19966295588972327,-0.10347665270915875
5217,0.15706764963894565,-0.10347665270915875
5218,-0.04097643983790257,-0.10347665270915875
5219,-0.25775146963149076,-0.10347665270915875
5220,-0.1447046539068679,-0.10347665270915875
5221,-0.03860192544277458,-0.10347665270915875
5222,-0.08276209963819423,-0.10347665270915875
5223,1.368738529859847,1.508554981289617
5224,1.5515415734555196,1.508554981289617
5225,1.520255616829905,1.508554981289617
5226,1.3716403012527851,1.508554981289617
5227,1.4975557950077978,1.508554981289617
5228,1.3813213705295073,1.508554981289617
5229,1.5288718082187707,1.508554981289617
5230,1.5686974053525053,1.508554981289617
5231,1.6153192604097808,1.508554981289617
5232,1.4672508946673894,1.508554981289617
5233,1.5162686752836811,1.508554981289617
5234,1.5422208121671654,1.508554981289617
5235,1.5461817782549363,1.508554981289617
5236,1.59895200925287,1.508554981289617
5237,1.5856765959208452,1.508554981289617
5238,1.5250534145396584,1.508554981289617
5239,1.390483497895376,1.508554981289617
5240,1.388242057995309,1.508554981289617
5241,1.4180640638456121,1.508554981289617
5242,1.348356489410406,1.508554981289617
5243,1.5539315247311227,1.508554981289617
5244,1.5216633226233178,1.508554981289617
5245,1.3496430011258367,1.508554981289617
5246,1.4693034217016,1.508554981289617
5247,1.5012140386774364,1.508554981289617
5248,1.4651654530875013,1.508554981289617
5249,1.573146611782201,1.508554981289617
5250,1.5078098349670366,1.508554981289617
5251,1.4975540845938646,1.508554981289617
5252,1.4891605260292478,1.508554981289617
5253,1.443401503373526,1.508554981289617
5254,1.5407953175714701,1.508554981289617
5255,1.4892984357242203,1.508554981289617
5256,1.565389982153882,1.508554981289617
5257,1.4764085406163152,1.508554981289617
5258,1.560473508294548,1.508554981289617
5259,1.5111264643694813,1.508554981289617
5260,1.6615904722240649,1.508554981289617
5261,1.5102375771042629,1.508554981289617
5262,1.7403777489979375,1.508554981289617
5263,-0.11315790767534398,-0.25561099381405356
5264,-0.5118892233138782,-0.25561099381405356
5265,-0.41975840752439536,-0.25561099381405356
5266,-0.2227887654724123,-0.25561099381405356
5267,-0.27868657331390734,-0.25561099381405356
5268,-0.22666840780006747,-0.25561099381405356
5269,-0.23333588510579079,-0.25561099381405356
5270,-0.5702974419121339,-0.25561099381405356
5271,-0.27357215672459667,-0.25561099381405356
5272,-0.36236434602487766,-0.25561099381405356
5273,-0.2777033318562082,-0.25561099381405356
5274,-0.4238302882507546,-0.25561099381405356
5275,-0.1788161529582652,-0.25561099381405356
5276,-0.344200896933998,-0.25561099381405356
5277,-0.16563996200211514,-0.25561099381405356
5278,-0.22720405009465963,-0.25561099381405356
5279,-0.2218616374216726,-0.25561099381405356
5280,-0.1873316667728315,-0.25561099381405356
5281,0.2552291897091341,0.14362974411752358
5282,0.10904438046426862,0.14362974411752358
5283,0.3356992643323775,0.14362974411752358
5284,0.11598552917416126,0.14362974411752358
5285,0.1911827964480785,0.14362974411752358
5286,0.3611037730928516,0.14362974411752358
5287,0.11835596157357398,0.14362974411752358
5288,0.10756485920717812,0.14362974411752358
5289,0.29667821086851326,0.14362974411752358
5290,0.19229784941189043,0.14362974411752358
5291,-0.005525746155555032,0.14362974411752358
5292,-0.018674631444744405,0.14362974411752358
5293,0.10021827945105655,0.14362974411752358
5294,0.026239482593812036,0.14362974411752358
5295,0.15301366061909044,0.14362974411752358
5296,0.11499476170008294,0.14362974411752358
5297,0.1305237833590925,0.14362974411752358
5298,0.1396842567081345,0.14362974411752358
5299,-0.054928316418575054,0.14362974411752358
5300,0.024340761712543683,0.14362974411752358
5301,0.2396092632541867,0.14362974411752358
5302,0.08092750253362777,0.14362974411752358
5303,0.21203931411340043,0.14362974411752358
5304,0.2204949721467869,0.14362974411752358
5305,0.23396635827508583,0.14362974411752358
5306,0.16669391510274456,0.14362974411752358
5307,0.17175198699313096,0.14362974411752358
5308,0.327871760834836,0.14362974411752358
5309,0.24582000526510614,0.14362974411752358
5310,0.17508691876307675,0.14362974411752358
5311,0.17860884800800686,0.14362974411752358
5312,0.05530498219464542,0.14362974411752358
5313,0.14398263772048658,0.14362974411752358
5314,0.18859691362238507,0.14362974411752358
5315,0.0557362700717092,0.14362974411752358
5316,0.14971994935517371,0.14362974411752358
5317,0.11855136016938285,0.14362974411752358
5318,-0.06682870483737924,0.14362974411752358
5319,0.2389229928747641,0.14362974411752358
5320,0.10080571617950712,0.14362974411752358
5321,0.004210418533477006,0.14362974411752358
5322,-0.19717694390665622,0.14362974411752358
5323,0.16643391243434635,0.14362974411752358
5324,0.19360776890443113,0.14362974411752358
5325,0.06092035829702323,0.14362974411752358
5326,0.27567472481666755,0.14362974411752358
5327,0.044804801675026845,0.14362974411752358
5328,0.104149703614721,0.14362974411752358
5329,0.28965999291004324,0.14362974411752358
5330,-0.08078221680150753,0.14362974411752358
5331,0.16452457220952774,0.14362974411752358
5332,0.17461032014847805,0.14362974411752358
5333,0.32872792832515263,0.14362974411752358
5334,0.11474736103579165,0.14362974411752358
5335,0.35118886785550213,0.14362974411752358
5336,0.13854019382177996,0.14362974411752358
5337,0.20105287356746715,0.14362974411752358
5338,0.2323761866187732,0.14362974411752358
5339,0.028997899013907362,0.14362974411752358
5340,0.14267410506541556,0.14362974411752358
5341,-0.06383660156010924,0.14362974411752358
5342,0.2945847789057655,0.14362974411752358
5343,-0.04831430614552624,0.14362974411752358
5344,0.23108395030471923,0.14362974411752358
5345,-0.015420470089760177,0.14362974411752358
5346,0.07699352132678594,0.14362974411752358
5347,0.06927321821012239,0.14362974411752358
5348,0.1259520693925073,0.14362974411752358
5349,0.2732405762141177,0.14362974411752358
5350,0.14575014938139877,0.14362974411752358
5351,0.12391233268659524,0.14362974411752358
5352,-0.1470026310994092,0.14362974411752358
5353,0.24702906052966359,0.14362974411752358
5354,0.14994267779089873,0.14362974411752358
5355,0.1676072733772226,0.14362974411752358
5356,0.3607151862226796,0.14362974411752358
5357,0.12060150956015325,0.14362974411752358
5358,0.014375985698896372,0.14362974411752358
5359,0.27505501798643045,0.14362974411752358
5360,0.40235922682705394,0.14362974411752358
5361,0.16480405499897458,0.14362974411752358
5362,0.22272581060188612,0.14362974411752358
5363,0.09295373651030148,0.14362974411752358
5364,0.15195553432138809,0.14362974411752358
5365,0.0624492696915332,0.14362974411752358
5366,-0.019360231438787685,0.14362974411752358
5367,-0.2008598751345829,0.14362974411752358
5368,-0.04952851156658915,0.14362974411752358
5369,0.06802008241957821,0.14362974411752358
5370,0.04638865988206881,0.14362974411752358
5371,0.17653448868529184,0.14362974411752358
5372,0.16258015693561023,0.14362974411752358
5373,0.10401983954486972,0.14362974411752358
5374,0.017558482424435036,0.14362974411752358
5375,-0.04841548443005399,0.14362974411752358
5376,0.03633013988917759,0.14362974411752358
5377,0.3109416618354629,0.14362974411752358
5378,0.3886093649946381,0.14362974411752358
5379,0.24757269887574432,0.14362974411752358
5380,0.20669634243204366,0.14362974411752358
5381,0.1510117352861929,0.14362974411752358
5382,0.16372455954309859,0.14362974411752358
5383,0.11499099369259216,0.14362974411752358
5384,0.04498728766776938,0.14362974411752358
5385,0.09989335970724554,0.14362974411752358
5386,0.2838680990474986,0.14362974411752358
5387,0.018816258900960586,0.14362974411752358
5388,0.26364086181343305,0.14362974411752358
5389,-0.0012412932108345903,0.14362974411752358
5390,-0.09671585403253047,0.14362974411752358
5391,-0.08543204311958277,0.14362974411752358
5392,0.031854656142270114,0.14362974411752358
5393,-0.05680918401064522,0.14362974411752358
5394,0.26286508204429776,0.14362974411752358
5395,0.15173188413880326,0.14362974411752358
5396,0.26449395528360115,0.14362974411752358
5397,0.002526672911896552,0.14362974411752358
5398,0.3008638508102611,0.14362974411752358
5399,0.18626016633046164,0.14362974411752358
5400,-0.05488691043651446,0.14362974411752358
5401,0.3013576118985827,0.14362974411752358
5402,0.2178484047611434,0.14362974411752358
5403,0.46249527271348456,0.14362974411752358
5404,0.19537236149958234,0.14362974411752358
5405,0.21610833217788955,0.14362974411752358
5406,0.11022292235739661,0.14362974411752358
5407,0.2547864668060351,0.14362974411752358
5408,0.1499048826841489,0.14362974411752358
5409,0.06544782853831263,0.14362974411752358
5410,0.04325068519145169,0.14362974411752358
5411,0.09599613295272078,0.14362974411752358
5412,0.11349926051208177,0.14362974411752358
5413,0.10345568310321315,0.14362974411752358
5414,0.1018701805235332,0.14362974411752358
5415,0.10559149761291078,0.14362974411752358
5416,0.1498952354669218,0.14362974411752358
5417,0.12622296566159247,0.14362974411752358
5418,0.32179211695983584,0.14362974411752358
5419,0.08875271210842306,0.14362974411752358
5420,0.0791508037709997,0.14362974411752358
5421,0.32114988411292805,0.14362974411752358
5422,0.10013222296660544,0.14362974411752358
5423,0.07790879285669483,0.14362974411752358
5424,0.11602890727218171,0.14362974411752358
5425,0.21918774986971803,0.14362974411752358
5426,0.29786561044165266,0.14362974411752358
5427,0.10719516871727691,0.14362974411752358
5428,0.129170654109687,0.14362974411752358
5429,0.12914075434466124,0.14362974411752358
5430,0.25636098874999186,0.14362974411752358
5431,0.30556394285191457,0.14362974411752358
5432,0.10792109287153154,0.14362974411752358
5433,0.2332122169920125,0.14362974411752358
5434,0.21066681972723914,0.14362974411752358
5435,0.2611353450613476,0.14362974411752358
5436,0.157424594567427,0.14362974411752358
5437,0.06483902376898482,0.14362974411752358
5438,0.12541786543000394,0.14362974411752358
5439,0.16364883167714459,0.14362974411752358
5440,0.059649291807837984,0.14362974411752358
5441,0.0522902570776335,0.14362974411752358
5442,0.11774283019570878,0.14362974411752358
5443,0.013838319471666187,0.14362974411752358
5444,0.08424478721090078,0.14362974411752358
5445,0.2596375414704478,0.14362974411752358
5446,0.03730694091146681,0.14362974411752358
5447,0.09093032451774963,0.14362974411752358
5448,-0.004675790054761226,0.14362974411752358
5449,0.02028239183550464,0.14362974411752358
5450,0.1208338090311669,0.14362974411752358
5451,0.0873672527658151,0.14362974411752358
5452,0.25897098622255443,0.14362974411752358
5453,0.22762720778574663,0.14362974411752358
5454,0.043211580200436625,0.14362974411752358
5455,0.28778793341838893,0.14362974411752358
5456,0.2869375178516021,0.14362974411752358
5457,0.061904599711412774,0.14362974411752358
5458,0.1758836907147352,0.14362974411752358
5459,0.2919799940685421,0.14362974411752358
5460,0.18895153662585074,0.14362974411752358
5461,0.17356811145677525,0.14362974411752358
5462,0.12268868452635498,0.14362974411752358
5463,0.08417688016812991,0.14362974411752358
5464,0.12949375584164388,0.14362974411752358
5465,0.1964779882629307,0.14362974411752358
5466,0.15361539255000248,0.14362974411752358
5467,0.2326184627761596,0.14362974411752358
5468,0.06067867975619712,0.14362974411752358
5469,0.09320049530505328,0.14362974411752358
5470,0.20220345145425386,0.14362974411752358
5471,0.05818221775138681,0.14362974411752358
5472,0.1639122165019171,0.14362974411752358
5473,0.2105410665847595,0.14362974411752358
5474,0.11122597933437492,0.14362974411752358
5475,0.23665181445317318,0.14362974411752358
5476,0.3059054237601685,0.14362974411752358
5477,0.08202666399533587,0.14362974411752358
5478,0.3215754698875753,0.14362974411752358
5479,0.20704260334599042,0.14362974411752358
5480,0.15377879285153012,0.14362974411752358
5481,0.31108273984588214,0.14362974411752358
5482,0.0464564605891396,0.14362974411752358
5483,0.22524291145089972,0.14362974411752358
5484,0.2208651358990017,0.14362974411752358
5485,0.16311612894378408,0.14362974411752358
5486,0.07391236738698455,0.14362974411752358
5487,0.12283424621553063,0.14362974411752358
5488,0.05373939093347424,0.14362974411752358
5489,0.04118922685233244,0.14362974411752358
5490,0.19666237270020903,0.14362974411752358
5491,0.06677521369798503,0.14362974411752358
5492,0.2013767442523582,0.14362974411752358
5493,0.07046110238729994,0.14362974411752358
5494,-0.006495464670848584,0.14362974411752358
5495,0.11674716012477207,0.14362974411752358
5496,-0.023769568952552552,0.14362974411752358
5497,0.07190510899378141,0.14362974411752358
5498,0.052798112696887244,0.14362974411752358
5499,0.12124062842486685,0.14362974411752358
