0,-1.0930902301116672,-1.1567368090451413
1,-1.0616633691476136,-1.1567368090451413
2,-1.0297259911646695,-1.1567368090451413
3,-1.1262120253859027,-1.1567368090451413
4,-1.0335954515107473,-1.1567368090451413
5,-0.9848325183809354,-1.1567368090451413
6,-0.8097642298560705,-1.1567368090451413
7,-0.979717803663097,-1.1567368090451413
8,-1.0276401415729581,-1.1567368090451413
9,-0.9023620115303931,-1.1567368090451413
10,-0.9234795532942253,-1.1567368090451413
11,-1.165268034024034,-1.1567368090451413
12,-1.2212314558784718,-1.1567368090451413
13,-1.267055612461706,-1.1567368090451413
14,-1.1368387814247107,-1.1567368090451413
15,-1.364725393374152,-1.1567368090451413
16,-1.3624579187967254,-1.1567368090451413
17,-1.2634309002647022,-1.1567368090451413
18,-1.3846219716209434,-1.1567368090451413
19,-1.2703598160193739,-1.1567368090451413
20,-1.329046068117067,-1.1567368090451413
21,-1.4373973772901705,-1.1567368090451413
22,-1.1203662697148082,-1.1567368090451413
23,-1.3155721185426146,-1.1567368090451413
24,-1.0841003042848876,-1.1567368090451413
25,-1.1650079895693,-1.1567368090451413
26,-1.1427159885334266,-1.1567368090451413
27,-0.9270723032680548,-1.1567368090451413
28,-0.824133069387355,-1.1567368090451413
29,-0.8943872281654468,-1.1567368090451413
30,-0.7807974137247321,-1.1567368090451413
31,-0.7741430387824499,-1.1567368090451413
32,-0.9502434820952426,-1.1567368090451413
33,-1.0062924402172462,-1.1567368090451413
34,-0.8608678818847901,-1.1567368090451413
35,-0.9384283617504421,-1.1567368090451413
36,-0.9289485092624372,-1.1567368090451413
37,-1.098074798803614,-1.1567368090451413
38,-1.114556597803788,-1.1567368090451413
39,-1.1986857894361131,-1.1567368090451413
40,-1.6000170553657906,-1.1567368090451413
41,-1.3661936026685049,-1.1567368090451413
42,-1.5421665991989404,-1.1567368090451413
43,-1.453748344922617,-1.1567368090451413
44,-1.489482327468212,-1.1567368090451413
45,-1.4578862934961159,-1.1567368090451413
46,-1.2807237436560404,-1.1567368090451413
47,-1.4332994958062957,-1.1567368090451413
48,-1.1938133215758024,-1.1567368090451413
49,-1.1254840582904302,-1.1567368090451413
50,-0.31049901254725404,-0.31682214710527307
51,-0.4555032694620271,-0.31682214710527307
52,-0.09184859195659845,-0.31682214710527307
53,-0.3376497378146561,-0.31682214710527307
54,0.03130901198717945,-0.31682214710527307
55,-0.123617545689374,-0.31682214710527307
56,0.09530593024919379,-0.31682214710527307
57,-0.001965119735434062,-0.31682214710527307
58,-0.03328511860326941,-0.31682214710527307
59,-0.12321685392113979,-0.31682214710527307
60,-0.19610807727942509,-0.31682214710527307
61,-0.21370407094166766,-0.31682214710527307
62,-0.17061015906986046,-0.31682214710527307
63,-0.32003776106888454,-0.31682214710527307
64,-0.6044879766483762,-0.31682214710527307
65,-0.5679172760119863,-0.31682214710527307
66,-0.6550861076837113,-0.31682214710527307
67,-0.5805845612965309,-0.31682214710527307
68,-0.8133845040681618,-0.31682214710527307
69,-0.5945999560339035,-0.31682214710527307
70,-0.45666673462580476,-0.31682214710527307
71,-0.40130768871821787,-0.31682214710527307
72,-0.48044162385890965,-0.31682214710527307
73,-0.5035277315380593,-0.31682214710527307
74,-0.4796148959736767,-0.31682214710527307
75,-0.25209768607714944,-0.31682214710527307
76,-0.25514622755888716,-0.31682214710527307
77,-0.24493091039081116,-0.31682214710527307
78,-0.1355209109034188,-0.31682214710527307
79,-0.08420673511542984,-0.31682214710527307
80,-0.03935802474802286,-0.31682214710527307
81,-0.22580643418992824,-0.31682214710527307
82,-0.04470347115765916,-0.31682214710527307
83,-0.10344290852118665,-0.31682214710527307
84,-0.062434267268321464,-0.31682214710527307
85,-0.22171527390244763,-0.31682214710527307
86,-0.1628810378078409,-0.31682214710527307
87,-0.2897510355947888,-0.31682214710527307
88,-0.4691507365862107,-0.31682214710527307
89,-0.29736752857379223,-0.31682214710527307
90,-0.6506805709294557,-0.31682214710527307
91,-0.5259471235033366,-0.31682214710527307
92,-0.5230024572976146,-0.31682214710527307
93,-0.6044526314782014,-0.31682214710527307
94,-0.732433560163711,-0.31682214710527307
95,-0.5805780872560289,-0.31682214710527307
96,-0.4445325182800577,-0.31682214710527307
97,-0.5057361425950575,-0.31682214710527307
98,-0.3770294102428861,-0.31682214710527307
99,-0.44147578361396606,-0.31682214710527307
100,-0.3508839113950281,-0.31682214710527307
101,-0.3874553172944796,-0.31682214710527307
102,-0.08036784515142731,-0.31682214710527307
103,-0.29826636778423266,-0.31682214710527307
104,-0.283123918294415,-0.31682214710527307
105,-0.12874336576459422,-0.31682214710527307
106,-0.18505239030264153,-0.31682214710527307
107,-0.06107718332942366,-0.31682214710527307
108,-0.06120837109030336,-0.31682214710527307
109,-0.24770059348555828,-0.31682214710527307
110,-0.015690738760630554,-0.31682214710527307
111,-0.2024778890927116,-0.31682214710527307
112,-0.1973199061962332,-0.31682214710527307
113,-0.3686906431385746,-0.31682214710527307
114,-0.2719331909142644,-0.31682214710527307
115,-0.27190483304490276,-0.31682214710527307
116,-0.43574402034301046,-0.31682214710527307
117,-0.617440199435412,-0.31682214710527307
118,-0.5771568378006804,-0.31682214710527307
119,-0.5984085996926347,-0.31682214710527307
120,-0.6072254665145979,-0.31682214710527307
121,-0.4123698194288858,-0.31682214710527307
122,-0.40544977910702606,-0.31682214710527307
123,-0.5042049772823407,-0.31682214710527307
124,-0.432582368351916,-0.31682214710527307
125,-0.34085237374618077,-0.31682214710527307
126,-0.222775550109296,-0.31682214710527307
127,-0.2065399567810408,-0.31682214710527307
128,-0.1733701672757327,-0.31682214710527307
129,-0.046000217148563394,-0.31682214710527307
130,-0.0029885405712389845,-0.31682214710527307
131,-0.10209821474907374,-0.31682214710527307
132,-0.10734231575475514,-0.31682214710527307
133,-0.23273210447076298,-0.31682214710527307
134,0.014732655541444123,-0.31682214710527307
135,-0.10316744306447478,-0.31682214710527307
136,-0.07705695389915523,-0.31682214710527307
137,-0.26950738750203396,-0.31682214710527307
138,-0.4702815702910491,-0.31682214710527307
139,-0.3343763493235136,-0.31682214710527307
140,-0.5161706172973392,-0.31682214710527307
141,-0.5315767846633523,-0.31682214710527307
142,-0.5742460165322388,-0.31682214710527307
143,-0.6638641876464083,-0.31682214710527307
144,-0.5363443745625485,-0.31682214710527307
145,-0.599854769003834,-0.31682214710527307
146,-0.4729289908768967,-0.31682214710527307
147,-0.6722204662158108,-0.31682214710527307
148,-0.44693250931550277,-0.31682214710527307
149,-0.2759359485946533,-0.31682214710527307
150,-0.3226563444718061,-0.31682214710527307
151,-0.3294351376261664,-0.31682214710527307
152,-0.10457699763480839,-0.31682214710527307
153,-0.02869954739540853,-0.31682214710527307
154,-0.06512756293971236,-0.31682214710527307
155,0.19724194307628434,-0.31682214710527307
156,0.21244459366086285,-0.31682214710527307
157,-0.21951249368983528,-0.31682214710527307
158,0.046167351695833664,-0.31682214710527307
159,0.10045670869563852,-0.31682214710527307
160,-0.19636493144098566,-0.31682214710527307
161,-0.1524470301096575,-0.31682214710527307
162,-0.38279624809990354,-0.31682214710527307
163,-0.403768600803448,-0.31682214710527307
164,-0.49567063049977766,-0.31682214710527307
165,-0.49728441556656333,-0.31682214710527307
166,-0.6752783842060412,-0.31682214710527307
167,-0.4746489643993327,-0.31682214710527307
168,-0.5579927962254381,-0.31682214710527307
169,-0.5367409922320598,-0.31682214710527307
170,-0.41798189977355427,-0.31682214710527307
171,-0.44162620013195353,-0.31682214710527307
172,-0.40880772909252716,-0.31682214710527307
173,-0.4834179227158143,-0.31682214710527307
174,-0.4964151301990344,-0.31682214710527307
175,-0.42300775611144026,-0.31682214710527307
176,-0.2154877899025335,-0.31682214710527307
177,-0.1495680577565802,-0.31682214710527307
178,0.12816889402550166,-0.31682214710527307
179,-0.04323664227869406,-0.31682214710527307
180,-0.02125842153383989,-0.31682214710527307
181,-0.19322113437394536,-0.31682214710527307
182,-0.10219881782036971,-0.31682214710527307
183,0.060022414390639656,-0.31682214710527307
184,0.10362577239412134,-0.31682214710527307
185,-0.07145288621318087,-0.31682214710527307
186,-0.27055891888575767,-0.31682214710527307
187,-0.23955695911343342,-0.31682214710527307
188,-0.3190779535568179,-0.31682214710527307
189,-0.3578347985964854,-0.31682214710527307
190,-0.4693618734917051,-0.31682214710527307
191,-0.52471902919367,-0.31682214710527307
192,-0.5196212316498721,-0.31682214710527307
193,-0.5591047772023024,-0.31682214710527307
194,-0.4394192858232496,-0.31682214710527307
195,-0.6245402769629447,-0.31682214710527307
196,0.4184992457487249,0.6336611880388627
197,0.2611346473639412,0.6336611880388627
198,0.5348134730737659,0.6336611880388627
199,0.5191922080812389,0.6336611880388627
200,0.753832436039349,0.6336611880388627
201,0.7410892696084705,0.6336611880388627
202,0.702695613459292,0.6336611880388627
203,0.8778517704703137,0.6336611880388627
204,1.0116230309967977,0.6336611880388627
205,0.8638465238236837,0.6336611880388627
206,0.8267595522659579,0.6336611880388627
207,0.7481189293502989,0.6336611880388627
208,0.9447496773869785,0.6336611880388627
209,0.8328274035263915,0.6336611880388627
210,0.7540460925655478,0.6336611880388627
211,0.7689417707103225,0.6336611880388627
212,0.9341983597572313,0.6336611880388627
213,0.5894815606194073,0.6336611880388627
214,0.461674929212708,0.6336611880388627
215,0.5007013045752551,0.6336611880388627
216,0.18441348976935534,0.6336611880388627
217,0.33590164386617194,0.6336611880388627
218,0.3186256539209424,0.6336611880388627
219,0.41215746679124465,0.6336611880388627
220,0.512731416978446,0.6336611880388627
221,0.2929712442042469,0.6336611880388627
222,0.3660360234660207,0.6336611880388627
223,0.42534952974927365,0.6336611880388627
224,0.6123318822714233,0.6336611880388627
225,0.5679709285966058,0.6336611880388627
226,0.6755435421386689,0.6336611880388627
227,0.6462544539481795,0.6336611880388627
228,0.9556542051395527,0.6336611880388627
229,0.7084701983779599,0.6336611880388627
230,0.8954975490492443,0.6336611880388627
231,0.7490297888082507,0.6336611880388627
232,0.8170761205403984,0.6336611880388627
233,0.9935517523686115,0.6336611880388627
234,0.7349748779633826,0.6336611880388627
235,0.6982608881813093,0.6336611880388627
236,0.7668730488971426,0.6336611880388627
237,0.7674813485086945,0.6336611880388627
238,0.619270242469234,0.6336611880388627
239,0.5728015018608603,0.6336611880388627
240,0.45915965980003526,0.6336611880388627
241,0.3746705559805762,0.6336611880388627
242,0.46736397708709404,0.6336611880388627
243,0.44208844178739715,0.6336611880388627
244,0.488613426806101,0.6336611880388627
245,0.4971653344258057,0.6336611880388627
246,0.4897877495297422,0.6336611880388627
247,0.3693173566737668,0.6336611880388627
248,0.566217991725527,0.6336611880388627
249,0.5908393722890992,0.6336611880388627
250,0.6216239156972858,0.6336611880388627
251,0.5768739124084596,0.6336611880388627
252,0.6951700264657538,0.6336611880388627
253,-1.1574201807487334,-1.3571610121736146
254,-1.063946383432618,-1.3571610121736146
255,-1.2062411239363535,-1.3571610121736146
256,-1.0974064173586697,-1.3571610121736146
257,-1.0189419299697922,-1.3571610121736146
258,-1.1749716907625962,-1.3571610121736146
259,-1.0934747356419763,-1.3571610121736146
260,-1.2054695537885545,-1.3571610121736146
261,-1.1261185553170858,-1.3571610121736146
262,-1.3544503537618457,-1.3571610121736146
263,-1.3843367312902715,-1.3571610121736146
264,-1.47536771567493,-1.3571610121736146
265,-1.4762362249557253,-1.3571610121736146
266,-1.4476709655394202,-1.3571610121736146
267,-1.4458063861478,-1.3571610121736146
268,-1.6444369782396067,-1.3571610121736146
269,-1.7360649089592692,-1.3571610121736146
270,-1.8084069098136528,-1.3571610121736146
271,-1.6292799327771101,-1.3571610121736146
272,-1.4191275472197284,-1.3571610121736146
273,-1.391751098998294,-1.3571610121736146
274,-1.4119086159123213,-1.3571610121736146
275,-1.2254221288041234,-1.3571610121736146
276,-1.441703985471303,-1.3571610121736146
277,-1.1257191063363343,-1.3571610121736146
278,-1.0401465880569594,-1.3571610121736146
279,-0.8963863056023444,-1.3571610121736146
280,-1.1122107851851442,-1.3571610121736146
281,-1.0423262498111134,-1.3571610121736146
282,-1.0275827314097346,-1.3571610121736146
283,-1.0288484997523395,-1.3571610121736146
284,-1.1153558061912958,-1.3571610121736146
285,-1.0940360545974663,-1.3571610121736146
286,-1.2777290076396413,-1.3571610121736146
287,-1.2421273985891617,-1.3571610121736146
288,-1.39217725895529,-1.3571610121736146
289,-1.3804044700343971,-1.3571610121736146
290,-1.5150319844799007,-1.3571610121736146
291,-1.6127234788645413,-1.3571610121736146
292,-1.662475794130128,-1.3571610121736146
293,-1.611330278418646,-1.3571610121736146
294,-1.484475763224343,-1.3263421436635305
295,-1.637997302651379,-1.3263421436635305
296,-1.6227009030603252,-1.3263421436635305
297,-1.4676826311417903,-1.3263421436635305
298,-1.432865766982999,-1.3263421436635305
299,-1.5356442211854768,-1.3263421436635305
300,-1.4315723754979184,-1.3263421436635305
301,-1.260464694673304,-1.3263421436635305
302,-1.3006743257643227,-1.3263421436635305
303,-1.17237290564921,-1.3263421436635305
304,-1.0881813753393617,-1.3263421436635305
305,-1.0173858109409646,-1.3263421436635305
306,-1.1132734741527237,-1.3263421436635305
307,-0.9471204159782227,-1.3263421436635305
308,-1.1875969282054006,-1.3263421436635305
309,-1.213400215931367,-1.3263421436635305
310,-1.1230109414271032,-1.3263421436635305
311,-1.3822031517736455,-1.3263421436635305
312,-1.337398094342693,-1.3263421436635305
313,-1.195600854129524,-1.3263421436635305
314,-1.497777069655293,-1.3263421436635305
315,-1.4971224646705428,-1.3263421436635305
316,-1.6876307198858003,-1.3263421436635305
317,-1.6141911243900329,-1.3263421436635305
318,-1.532249882242811,-1.3263421436635305
319,-1.4964817512815105,-1.3263421436635305
320,-1.615997450834686,-1.3263421436635305
321,-1.5407383636229253,-1.3263421436635305
322,-1.5201272119311786,-1.3263421436635305
323,-1.5044342372500183,-1.3263421436635305
324,-1.509262919999332,-1.3263421436635305
325,-1.2798346774064273,-1.3263421436635305
326,-1.3419590471145855,-1.3263421436635305
327,-1.0863368441099377,-1.3263421436635305
328,-1.1008537044437385,-1.3263421436635305
329,-1.158647468175963,-1.3263421436635305
330,-1.0992151483584953,-1.3263421436635305
331,-1.1329807876710674,-1.3263421436635305
332,-0.9522211416558968,-1.3263421436635305
333,-1.257112130949917,-1.3263421436635305
334,-1.1301404141273421,-1.3263421436635305
335,-1.2754839739614992,-1.3263421436635305
336,-1.1512091633596924,-1.3263421436635305
337,-1.2135226723317507,-1.3263421436635305
338,-1.3246868037984232,-1.3263421436635305
339,-1.3118603966920397,-1.3263421436635305
340,-1.5250059918600174,-1.3263421436635305
341,-1.5736854730215746,-1.3263421436635305
342,-1.531925072169099,-1.3263421436635305
343,-1.6265205600904928,-1.3263421436635305
344,-1.6329176579494964,-1.3263421436635305
345,-1.521842475907015,-1.3263421436635305
346,-1.5610556563601068,-1.3263421436635305
347,-1.5500380683349,-1.3263421436635305
348,-1.46207421162225,-1.3263421436635305
349,-1.3438208572764885,-1.3263421436635305
350,-1.184853016957696,-1.3263421436635305
351,-1.4244082341006388,-1.3263421436635305
352,-1.2907927333900955,-1.3263421436635305
353,-1.1210873844582432,-1.3263421436635305
354,-1.0196079007376115,-1.3263421436635305
355,-1.0502399241926952,-1.3263421436635305
356,-1.0631536409105664,-1.3263421436635305
357,-0.9919327486084785,-1.3263421436635305
358,-0.9965671209210256,-1.3263421436635305
359,-1.0739294305757512,-1.3263421436635305
360,-1.1008526165602406,-1.3263421436635305
361,-1.0923123377747128,-1.3263421436635305
362,-1.2622965383218234,-1.3263421436635305
363,-1.223523872349581,-1.3263421436635305
364,-1.5165497458611772,-1.3263421436635305
365,-1.5705183521595187,-1.3263421436635305
366,-1.490159844176746,-1.3263421436635305
367,-1.5441942565327502,-1.3263421436635305
368,-1.612415685901187,-1.3263421436635305
369,-1.5763600218340552,-1.3263421436635305
370,-1.561558866883651,-1.3263421436635305
371,-1.7524228453173876,-1.3263421436635305
372,-1.413154533440959,-1.3263421436635305
373,-1.432533521524255,-1.3263421436635305
374,-1.2878475148508364,-1.3263421436635305
375,-1.195387318968684,-1.3263421436635305
376,-1.30940679304169,-1.3263421436635305
377,-1.1532295301747981,-1.3263421436635305
378,-1.219075662521234,-1.3263421436635305
379,-1.1872533836427905,-1.3263421436635305
380,-1.1473678670097605,-1.3263421436635305
381,-1.19270017221013,-1.3263421436635305
382,-0.9883002846297538,-1.3263421436635305
383,-1.1155674410914835,-1.3263421436635305
384,-1.1953630398691337,-1.3263421436635305
385,-1.3403468301365908,-1.3263421436635305
386,-1.2873949723711209,-1.3263421436635305
387,-1.5287011710681522,-1.3263421436635305
388,-1.364466887688409,-1.3263421436635305
389,-1.4018363262876814,-1.3263421436635305
390,-1.4070933672097414,-1.3263421436635305
391,-1.6842924043938279,-1.3263421436635305
392,-1.4993986191548658,-1.3263421436635305
393,-1.6957581170724922,-1.3263421436635305
394,-1.4586501288977927,-1.3263421436635305
395,-1.4448844467172757,-1.3263421436635305
396,-1.3956015057620403,-1.3263421436635305
397,-1.612908849376828,-1.3263421436635305
398,-1.428980133572176,-1.3263421436635305
399,-1.3705685259521279,-1.3263421436635305
400,-1.250487963031144,-1.3263421436635305
401,-1.2459558638737875,-1.3263421436635305
402,-1.208620491147468,-1.3263421436635305
403,-1.211917999768783,-1.3263421436635305
404,-1.2488934867488257,-1.3263421436635305
405,-0.9612894108650798,-1.3263421436635305
406,-0.9534625381262034,-1.3263421436635305
407,-1.0527296232382133,-1.3263421436635305
408,-0.9485277675734746,-1.3263421436635305
409,0.3619039138237866,0.20364155141842238
410,0.36851996505880125,0.20364155141842238
411,0.352105278610115,0.20364155141842238
412,0.38552429526873944,0.20364155141842238
413,0.3114569313927827,0.20364155141842238
414,-0.010423452749931394,0.20364155141842238
415,0.1412205334829883,0.20364155141842238
416,0.024176766766500685,0.20364155141842238
417,-0.07761901522393544,0.20364155141842238
418,-0.04986978786715299,0.20364155141842238
419,-0.06880020666573208,0.20364155141842238
420,0.010050997506243803,0.20364155141842238
421,-0.024876674268684396,0.20364155141842238
422,0.17307915317668568,0.20364155141842238
423,-0.07969669940881974,0.20364155141842238
424,0.17138745488514087,0.20364155141842238
425,0.20813582360195002,0.20364155141842238
426,0.3402764416253725,0.20364155141842238
427,0.2979460245549926,0.20364155141842238
428,0.4515410098475401,0.20364155141842238
429,0.4335592573259036,0.20364155141842238
430,0.4283052658065355,0.20364155141842238
431,0.33557396426088265,0.20364155141842238
432,0.6359755480708265,0.20364155141842238
433,0.45199223326495896,0.20364155141842238
434,0.271025496902196,0.20364155141842238
435,0.4759899811585482,0.20364155141842238
436,0.4449116063507812,0.20364155141842238
437,0.1636615729854635,0.20364155141842238
438,0.04482416397297152,0.20364155141842238
439,0.09687766730556975,0.20364155141842238
440,-0.21788345849879925,0.20364155141842238
441,0.07813663432475101,0.20364155141842238
442,-0.05536474022990312,0.20364155141842238
443,-0.010490330033841061,0.20364155141842238
444,-0.00706704154822127,0.20364155141842238
445,0.08909054853535306,0.20364155141842238
446,-0.0349937332610496,0.20364155141842238
447,0.050549939049121084,0.20364155141842238
448,0.18554592284497473,0.20364155141842238
449,0.1367521240094668,0.20364155141842238
450,0.2387583836703665,0.20364155141842238
451,0.3007342291003721,0.20364155141842238
452,0.3030768980832643,0.20364155141842238
453,0.21593016802279533,0.20364155141842238
454,0.23849742217421177,0.20364155141842238
455,0.5726153759379604,0.20364155141842238
456,0.30755357728114924,0.20364155141842238
457,0.4712925922828076,0.20364155141842238
458,0.546281261406711,0.20364155141842238
459,0.42586288996246974,0.20364155141842238
460,0.30073097355876377,0.20364155141842238
461,0.37106831142979624,0.20364155141842238
462,0.09161569653574701,0.20364155141842238
463,0.34621322008022604,0.20364155141842238
464,0.14994702922951253,0.20364155141842238
465,-0.028461692690748955,0.20364155141842238
466,0.03087025487164377,0.20364155141842238
467,-0.019590191679020402,0.20364155141842238
468,-0.08022344457908176,0.20364155141842238
469,-0.035141186769255456,0.20364155141842238
470,-0.22610990214307303,0.20364155141842238
471,0.0854881162253534,0.20364155141842238
472,-0.2064020952240294,0.20364155141842238
473,0.06601724741561765,0.20364155141842238
474,-0.029960463269193112,0.20364155141842238
475,0.06852386369399607,0.20364155141842238
476,0.22179506088223935,0.20364155141842238
477,0.40482959020499154,0.20364155141842238
478,0.5187491337116008,0.20364155141842238
479,0.25667516837260196,0.20364155141842238
480,0.548001441795458,0.20364155141842238
481,0.5081933042715935,0.20364155141842238
482,0.3559432851888772,0.20364155141842238
483,0.35745706370964425,0.20364155141842238
484,0.440589311215627,0.20364155141842238
485,0.3701007844419395,0.20364155141842238
486,0.26971199926622874,0.20364155141842238
487,0.19167005791074784,0.20364155141842238
488,0.15665823605670764,0.20364155141842238
489,0.18198171320358858,0.20364155141842238
490,0.2382378621102128,0.20364155141842238
491,0.039839872348823496,0.20364155141842238
492,-0.12352869401355104,0.20364155141842238
493,0.11699298642053998,0.20364155141842238
494,0.024580996410578843,0.20364155141842238
495,0.04136789881409583,0.20364155141842238
496,0.01152290825962507,0.20364155141842238
497,-0.0038177794596769843,0.20364155141842238
498,0.06629971178696904,0.20364155141842238
499,0.22872954466716472,0.20364155141842238
500,0.07575582327103514,0.20364155141842238
501,0.4011119526747482,0.20364155141842238
502,0.4245733225871377,0.20364155141842238
503,0.2944451373772298,0.20364155141842238
504,0.24711428851477477,0.20364155141842238
505,0.5090411409546767,0.20364155141842238
506,0.2923184881299084,0.20364155141842238
507,0.40348892507936607,0.20364155141842238
508,0.4878275444428023,0.20364155141842238
509,0.5743960984771613,0.20364155141842238
510,0.37988520706404444,0.20364155141842238
511,0.4366347454484869,0.20364155141842238
512,0.43218228997864344,0.20364155141842238
513,0.39406768070636894,0.20364155141842238
514,0.17195283558084706,0.20364155141842238
515,0.17460110563282447,0.20364155141842238
516,-0.010040711246351197,0.20364155141842238
517,-0.042549670923161864,0.20364155141842238
518,-0.048785814714195186,0.20364155141842238
519,0.042387759631715705,0.20364155141842238
520,0.030936090127856253,0.20364155141842238
521,-0.046934161727556045,0.20364155141842238
522,0.10059291635724926,0.20364155141842238
523,0.015130027380045319,0.20364155141842238
524,0.0015412157072377808,0.20364155141842238
525,0.2710945240558566,0.20364155141842238
526,0.372785365385222,0.20364155141842238
527,0.32643870455540563,0.20364155141842238
528,0.4971280269215981,0.20364155141842238
529,0.30950964167517314,0.20364155141842238
530,0.28949469846576675,0.20364155141842238
531,0.46353493687255426,0.20364155141842238
532,0.4771389981815374,0.20364155141842238
533,0.4207015862194763,0.20364155141842238
534,-0.4274590385914909,-0.46906981661808206
535,-0.18197522416213263,-0.46906981661808206
536,-0.33298342241098167,-0.46906981661808206
537,-0.5441793303561148,-0.46906981661808206
538,-0.39730392281756,-0.46906981661808206
539,-0.348044000176243,-0.46906981661808206
540,-0.5640810754893609,-0.46906981661808206
541,-0.8397245412120704,-0.46906981661808206
542,-0.7388284035799279,-0.46906981661808206
543,-0.7649747170775532,-0.46906981661808206
544,-0.7723824396022952,-0.46906981661808206
545,-0.619792716008941,-0.46906981661808206
546,-0.694734272151005,-0.46906981661808206
547,-0.7782202931423842,-0.46906981661808206
548,-0.4924268857413628,-0.46906981661808206
549,-0.6422270896902599,-0.46906981661808206
550,-0.3914209902181496,-0.46906981661808206
551,-0.4250959888892442,-0.46906981661808206
552,-0.3772333863925212,-0.46906981661808206
553,-0.24720727382909588,-0.46906981661808206
554,-0.259003600607962,-0.46906981661808206
555,-0.13746256073476373,-0.46906981661808206
556,-0.25488355082459846,-0.46906981661808206
557,-0.1880837355137597,-0.46906981661808206
558,-0.16101837223228038,-0.46906981661808206
559,-0.16315103764431516,-0.46906981661808206
560,-0.11991797962173195,-0.46906981661808206
561,-0.32669346530300536,-0.46906981661808206
562,-0.27137164230362254,-0.46906981661808206
563,-0.39365840352930853,-0.46906981661808206
564,-0.5178319803242698,-0.46906981661808206
565,-0.6214980372560415,-0.46906981661808206
566,-0.7224487135209909,-0.46906981661808206
567,-0.7014588679293793,-0.46906981661808206
568,-0.621676841636079,-0.46906981661808206
569,-0.736176034646163,-0.46906981661808206
570,-0.7534339727302213,-0.46906981661808206
571,-0.6586227478728578,-0.46906981661808206
572,-0.5417580432458733,-0.46906981661808206
573,-0.46130240946500545,-0.46906981661808206
574,-0.6513564632052105,-0.46906981661808206
575,-0.44271229921466415,-0.46906981661808206
576,-0.43430028736850573,-0.46906981661808206
577,-0.1471876361147612,-0.46906981661808206
578,-0.36810683070792494,-0.46906981661808206
579,-0.31491985631882846,-0.46906981661808206
580,-0.31899859770784567,-0.46906981661808206
581,-0.2592885910673914,-0.46906981661808206
582,-0.25625143305226367,-0.46906981661808206
583,-0.3159678061007757,-0.46906981661808206
584,-0.4194230979766982,-0.46906981661808206
585,-0.41344657316745026,-0.46906981661808206
586,-0.5352292836873803,-0.46906981661808206
587,-0.265382769396378,-0.46906981661808206
588,-0.4719887425633144,-0.46906981661808206
589,-0.4599898068554388,-0.46906981661808206
590,-0.6596726545805416,-0.46906981661808206
591,-0.6686099143958313,-0.46906981661808206
592,-0.66745042620301,-0.46906981661808206
593,-0.6748761866593823,-0.46906981661808206
594,-0.7440094215837338,-0.46906981661808206
595,-0.6965633648244289,-0.46906981661808206
596,-0.7935311950720356,-0.46906981661808206
597,-0.5225983725029321,-0.46906981661808206
598,-0.6576238782192678,-0.46906981661808206
599,-0.4502927561821185,-0.46906981661808206
600,-0.4125162074875383,-0.46906981661808206
601,-0.18560956811779283,-0.46906981661808206
602,-0.4091151815706716,-0.46906981661808206
603,-0.43916722092005256,-0.46906981661808206
604,-0.2725759230806528,-0.46906981661808206
605,-0.13166908912554864,-0.46906981661808206
606,-0.17907830835495692,-0.46906981661808206
607,-0.16496274467083116,-0.46906981661808206
608,-0.3042145677554541,-0.46906981661808206
609,-0.133415428581658,-0.46906981661808206
610,-0.005666158398526799,-0.46906981661808206
611,-0.17694194222645887,-0.46906981661808206
612,-0.3862624843492698,-0.46906981661808206
613,-0.6084928328913591,-0.46906981661808206
614,-0.4691754341241987,-0.46906981661808206
615,-0.6152135112823224,-0.46906981661808206
616,-0.5278093283136388,-0.46906981661808206
617,-0.7554303997990073,-0.46906981661808206
618,-0.780782042445811,-0.46906981661808206
619,-0.7790090476115406,-0.46906981661808206
620,-0.8315840371705769,-0.46906981661808206
621,-0.47675652099042465,-0.46906981661808206
622,-0.6761264964070204,-0.46906981661808206
623,-0.43690182634117586,-0.46906981661808206
624,-0.5307316274311732,-0.46906981661808206
625,-0.5572095965257806,-0.46906981661808206
626,-0.5130421816235629,-0.46906981661808206
627,-0.4226818209001426,-0.46906981661808206
628,-0.25548598276178014,-0.46906981661808206
629,-0.37088286243259616,-0.46906981661808206
630,-0.23745013320988495,-0.46906981661808206
631,-0.2279772502267301,-0.46906981661808206
632,-0.2507042659576326,-0.46906981661808206
633,-0.15324153472045526,-0.46906981661808206
634,-0.19689899983855894,-0.46906981661808206
635,-0.34758525484091685,-0.46906981661808206
636,-0.15341006750384834,-0.46906981661808206
637,-0.38234848175116853,-0.46906981661808206
638,-0.4590899585019016,-0.46906981661808206
639,-0.594024529266329,-0.46906981661808206
640,-0.7596596242394765,-0.46906981661808206
641,-0.6370461502697393,-0.46906981661808206
642,-0.9648953500008635,-0.46906981661808206
643,-0.8751440114956031,-0.46906981661808206
644,-0.7692162704494941,-0.46906981661808206
645,-0.7761793198280618,-0.46906981661808206
646,-0.5644799453429301,-0.46906981661808206
647,-0.6772599199280834,-0.46906981661808206
648,-0.4891027942614147,-0.46906981661808206
649,-0.6195436799346687,-0.46906981661808206
650,-0.26524165561157814,-0.46906981661808206
651,-0.3937103847141715,-0.46906981661808206
652,-0.5104872415853415,-0.46906981661808206
653,-0.48672342226359666,-0.46906981661808206
654,-0.172094580771767,-0.46906981661808206
655,-0.09739283594883463,-0.46906981661808206
656,-0.12977006816949543,-0.46906981661808206
657,-0.39790229752896195,-0.46906981661808206
658,-0.2800151957409748,-0.46906981661808206
659,-0.380793010193055,-0.46906981661808206
660,-0.23670327536394553,-0.46906981661808206
661,-0.3731288011923074,-0.46906981661808206
662,-0.17865195508600265,-0.46906981661808206
663,-0.5066648170717282,-0.46906981661808206
664,-0.5666816215327731,-0.46906981661808206
665,-0.4466326002512377,-0.46906981661808206
666,-0.6175713603583071,-0.46906981661808206
667,-0.7436364941522622,-0.46906981661808206
668,-0.7008373603664335,-0.46906981661808206
669,-0.8083311134086947,-0.46906981661808206
670,-0.7108123453597639,-0.46906981661808206
671,-0.7954768304120872,-0.46906981661808206
672,-0.5876999489333898,-0.46906981661808206
673,-0.552661173914011,-0.46906981661808206
674,-0.5065258085593156,-0.46906981661808206
675,-0.5237242452371922,-0.46906981661808206
676,-1.2144283637943378,-1.4021877509848246
677,-1.320204769523777,-1.4021877509848246
678,-1.2728016574450365,-1.4021877509848246
679,-1.0327795126814248,-1.4021877509848246
680,-1.2273138496488178,-1.4021877509848246
681,-1.154383222487163,-1.4021877509848246
682,-1.1895740843285842,-1.4021877509848246
683,-1.114057920003342,-1.4021877509848246
684,-1.1638961124084504,-1.4021877509848246
685,-1.0186343021761786,-1.4021877509848246
686,-1.3456231532205865,-1.4021877509848246
687,-1.2533975386379916,-1.4021877509848246
688,-1.494943617035198,-1.4021877509848246
689,-1.5218715455410878,-1.4021877509848246
690,-1.4238737148433709,-1.4021877509848246
691,-1.712491225483198,-1.4021877509848246
692,-1.848856821632921,-1.4021877509848246
693,-1.7731353699367958,-1.4021877509848246
694,-1.6369619775009256,-1.4021877509848246
695,-1.6250133958340287,-1.4021877509848246
696,-1.707315928514106,-1.4021877509848246
697,-1.5896267718426846,-1.4021877509848246
698,-1.530355420184831,-1.4021877509848246
699,-1.2677324873507305,-1.4021877509848246
700,-1.3932607808178366,-1.4021877509848246
701,-1.3234061625506288,-1.4021877509848246
702,-0.3320709037192014,-0.5002011037317491
703,-0.3082274094428339,-0.5002011037317491
704,-0.3708672231304568,-0.5002011037317491
705,-0.10563547789854938,-0.5002011037317491
706,-0.42802599520536866,-0.5002011037317491
707,-0.1533932713886177,-0.5002011037317491
708,-0.277532766084556,-0.5002011037317491
709,-0.23602090440519788,-0.5002011037317491
710,-0.5191966890752271,-0.5002011037317491
711,-0.5447665189272295,-0.5002011037317491
712,-0.4903430879453249,-0.5002011037317491
713,-0.2876205371874323,-0.5002011037317491
714,-0.5802176504220077,-0.5002011037317491
715,-0.7429286841259927,-0.5002011037317491
716,-0.6382167536433668,-0.5002011037317491
717,-0.7290218989918696,-0.5002011037317491
718,-0.7746097795830714,-0.5002011037317491
719,-0.8030945201705922,-0.5002011037317491
720,-0.7739592646245046,-0.5002011037317491
721,-0.6836446819506468,-0.5002011037317491
722,-0.8532897661321177,-0.5002011037317491
723,-0.6039697818541536,-0.5002011037317491
724,-0.42245218402262086,-0.5002011037317491
725,-0.4647005769994807,-0.5002011037317491
726,-0.39619685553790285,-0.5002011037317491
727,-0.3216114549829838,-0.5002011037317491
728,-0.35350584464973644,-0.5002011037317491
729,-0.37339128823894785,-0.5002011037317491
730,-0.15867000266066664,-0.5002011037317491
731,-0.2462084065129649,-0.5002011037317491
732,-0.24321255732571034,-0.5002011037317491
733,-0.36945861433589133,-0.5002011037317491
734,-0.38939222469381496,-0.5002011037317491
735,-0.5225798497081963,-0.5002011037317491
736,-0.5742145940180585,-0.5002011037317491
737,-0.42401907254295396,-0.5002011037317491
738,-0.49338618589441224,-0.5002011037317491
739,-0.40151612338059217,-0.5002011037317491
740,-0.5610532566490072,-0.5002011037317491
741,-0.9794739040284657,-0.5002011037317491
742,-0.7468807274045876,-0.5002011037317491
743,-0.7591180911988836,-0.5002011037317491
744,-0.7607578149657955,-0.5002011037317491
745,-0.8036381906998902,-0.5002011037317491
746,-0.5748230414385277,-0.5002011037317491
747,-0.7212563095630408,-0.5002011037317491
748,-0.5972434080228202,-0.5002011037317491
749,-0.6999565355434616,-0.5002011037317491
750,-0.4045263662631722,-0.5002011037317491
751,-0.39196250529349397,-0.5002011037317491
752,-0.2704486729015724,-0.5002011037317491
753,-0.25117933524706815,-0.5002011037317491
754,-0.3783912216219453,-0.5002011037317491
755,-0.23342786049557326,-0.5002011037317491
756,-0.2560270383255852,-0.5002011037317491
757,-0.3130984388770494,-0.5002011037317491
758,-0.2409468111400649,-0.5002011037317491
759,-0.20445691412159095,-0.5002011037317491
760,-0.4048097814214523,-0.5002011037317491
761,-0.33351961634413574,-0.5002011037317491
762,-0.5621468504910526,-0.5002011037317491
763,-0.438708276750089,-0.5002011037317491
764,-0.6567081951577676,-0.5002011037317491
765,-0.5976882387781386,-0.5002011037317491
766,-0.8358532530841332,-0.5002011037317491
767,-0.8088168168656185,-0.5002011037317491
768,-0.8673342715550141,-0.5002011037317491
769,-0.686938222529882,-0.5002011037317491
770,-0.9464402730958602,-0.5002011037317491
771,-0.7189034878882546,-0.5002011037317491
772,-0.6061501496821471,-0.5002011037317491
773,0.9306524915232273,0.8895151015695087
774,0.7752354019691604,0.8895151015695087
775,0.863053507298958,0.8895151015695087
776,0.6044051627188395,0.8895151015695087
777,1.0387100991665987,0.8895151015695087
778,1.0764740693014005,0.8895151015695087
779,1.0718997640700212,0.8895151015695087
780,1.1633958452572082,0.8895151015695087
781,1.0948321383842798,0.8895151015695087
782,1.22955866449281,0.8895151015695087
783,1.2184556845344725,0.8895151015695087
784,1.1804196145063826,0.8895151015695087
785,0.9857579211717216,0.8895151015695087
786,0.8692072141145663,0.8895151015695087
787,1.07043783627925,0.8895151015695087
788,0.8882150671981034,0.8895151015695087
789,0.8350662021841564,0.8895151015695087
790,0.8038724267679944,0.8895151015695087
791,0.8731927762655323,0.8895151015695087
792,0.5468344291046158,0.8895151015695087
793,0.698120083191333,0.8895151015695087
794,0.5504260536516276,0.8895151015695087
795,0.6617110011996068,0.8895151015695087
796,0.8023694951844749,0.8895151015695087
797,0.720843892088105,0.8895151015695087
798,0.7488040799837888,0.8895151015695087
799,0.9882310713217648,0.8895151015695087
800,0.9973732635381057,0.8895151015695087
801,0.9741512940453374,0.8895151015695087
802,1.0739053369597995,0.8895151015695087
803,1.1762784135397575,0.8895151015695087
804,1.071359558021741,0.8895151015695087
805,1.020955304074025,0.8895151015695087
806,1.2531975463852643,0.8895151015695087
807,1.0650735946309033,0.8895151015695087
808,1.169079700179841,0.8895151015695087
809,1.0855810718781136,0.8895151015695087
810,0.9355324749227288,0.8895151015695087
811,0.8630901517233095,0.8895151015695087
812,1.0263481653642206,0.8895151015695087
813,1.077745676307372,0.8895151015695087
814,0.8036122191547697,0.8895151015695087
815,0.8415564105589084,0.8895151015695087
816,0.7897258590032322,0.8895151015695087
817,0.5570682312981117,0.8895151015695087
818,0.6187146624571149,0.8895151015695087
819,0.4858384875940287,0.8895151015695087
820,0.5794490595546767,0.8895151015695087
821,0.6352457490297359,0.8895151015695087
822,0.7191954284636966,0.8895151015695087
823,0.6662571093894059,0.8895151015695087
824,0.7093050714394987,0.8895151015695087
825,0.8868047186544502,0.8895151015695087
826,0.9819457428369482,0.8895151015695087
827,1.0317951723889762,0.8895151015695087
828,1.016248957379972,0.8895151015695087
829,1.0440800344513967,0.8895151015695087
830,1.0393980581053632,0.8895151015695087
831,1.1306225065608286,0.8895151015695087
832,1.3346225837597239,0.8895151015695087
833,1.1413411118799268,0.8895151015695087
834,1.003699767272115,0.8895151015695087
835,0.9520289444632261,0.8895151015695087
836,0.8891955732572258,0.8895151015695087
837,0.9572702161641966,0.8895151015695087
838,0.93052955025051,0.8895151015695087
839,0.8401964629212549,0.8895151015695087
840,0.46432038278363685,0.8895151015695087
841,0.5219160962849329,0.8895151015695087
842,0.641142261969925,0.8895151015695087
843,0.7573104462600662,0.8895151015695087
844,0.6306053121192838,0.8895151015695087
845,0.5817989847562409,0.8895151015695087
846,0.738247726005069,0.8895151015695087
847,0.8153062380064261,0.8895151015695087
848,0.8696185505661537,0.8895151015695087
849,0.9539357403485507,0.8895151015695087
850,1.0283258717858832,0.8895151015695087
851,1.1939972461885586,0.8895151015695087
852,1.016081065392404,0.8895151015695087
853,1.0585251235644615,0.8895151015695087
854,1.1227849168560353,0.8895151015695087
855,1.0692945595436032,0.8895151015695087
856,1.3631460474784403,0.8895151015695087
857,1.1674259466375596,0.8895151015695087
858,1.1599881452147494,0.8895151015695087
859,0.9622887593663312,0.8895151015695087
860,0.9991998463208344,0.8895151015695087
861,0.8722490471975857,0.8895151015695087
862,0.9058996387893032,0.8895151015695087
863,0.9348194694804587,0.8895151015695087
864,0.6462492984499008,0.8895151015695087
865,0.7800847073707322,0.8895151015695087
866,0.7665391037959973,0.8895151015695087
867,0.7471837082598534,0.8895151015695087
868,0.6966852732263329,0.8895151015695087
869,0.725683911083332,0.8895151015695087
870,0.4463108295957522,0.8895151015695087
871,0.6347609527949701,0.8895151015695087
872,0.6560275708588729,0.8895151015695087
873,0.6554816419084896,0.8895151015695087
874,0.8047149331582064,0.8895151015695087
875,1.0123050214846165,0.8895151015695087
876,0.9512614014137747,0.8895151015695087
877,0.9737607513475479,0.8895151015695087
878,0.9293554239467858,0.8895151015695087
879,1.23030616343171,0.8895151015695087
880,1.1191324329240324,0.8895151015695087
881,0.9157116202698431,0.8895151015695087
882,1.230590453282704,0.8895151015695087
883,1.191875247376958,0.8895151015695087
884,1.1523198177581666,0.8895151015695087
885,0.9138589000930486,0.8895151015695087
886,1.0183610450496752,0.8895151015695087
887,0.9489401144112485,0.8895151015695087
888,0.7169217676127113,0.8895151015695087
889,0.8222328511577942,0.8895151015695087
890,0.6805907916482316,0.8895151015695087
891,0.5694539984707396,0.8895151015695087
892,0.6063215978590419,0.8895151015695087
893,0.6774559465714592,0.8895151015695087
894,0.49602094761496685,0.8895151015695087
895,0.5922424811952035,0.8895151015695087
896,0.6751002843378899,0.8895151015695087
897,0.6140813279904095,0.8895151015695087
898,0.8337952871616989,0.8895151015695087
899,0.9987087168366733,0.8895151015695087
900,0.9129056775988211,0.8895151015695087
901,0.9145986606637501,0.8895151015695087
902,1.0125753326867555,0.8895151015695087
903,1.1150933320348417,0.8895151015695087
904,0.9458435490838807,0.8895151015695087
905,1.3018273240450562,0.8895151015695087
906,1.1030281041426098,0.8895151015695087
907,1.1000824003447682,0.8895151015695087
908,0.9816551725209022,0.8895151015695087
909,1.058527747186555,0.8895151015695087
910,1.015830566751017,0.8895151015695087
911,1.040934682682447,0.8895151015695087
912,1.1044246916426268,0.8895151015695087
913,0.8940332162604868,0.8895151015695087
914,0.7425440669313469,0.8895151015695087
915,0.5865550338072975,0.8895151015695087
916,0.6948186761107407,0.8895151015695087
917,0.5353814290556668,0.8895151015695087
918,0.6388225253954574,0.8895151015695087
919,0.6497157484380176,0.8895151015695087
920,0.6640142744955282,0.8895151015695087
921,0.8082162355779484,0.8895151015695087
922,0.5168092516692622,0.8895151015695087
923,0.7790259019210726,0.8895151015695087
924,0.5992182463612088,0.8895151015695087
925,0.8554156442352736,0.8895151015695087
926,0.9670075553581133,0.8895151015695087
927,0.9683812870067514,0.8895151015695087
928,1.0546072083404674,0.8895151015695087
929,1.163657376581302,0.8895151015695087
930,1.0759880436805083,0.8895151015695087
931,1.2647742754357052,0.8895151015695087
932,1.1412459792241594,0.8895151015695087
933,1.1176741224041,0.8895151015695087
934,0.9754982804914668,0.8895151015695087
935,1.175307601768879,0.8895151015695087
936,1.0058004250994819,0.8895151015695087
937,0.9985749312108217,0.8895151015695087
938,0.9412850696347379,0.8895151015695087
939,0.5966271849619935,0.8895151015695087
940,0.5797799638980652,0.8895151015695087
941,0.6700640414026565,0.8895151015695087
942,0.6576174386170204,0.8895151015695087
943,0.44270436774167954,0.8895151015695087
944,0.7324089981076374,0.8895151015695087
945,0.5020030746796021,0.8895151015695087
946,0.5356385745955994,0.8895151015695087
947,0.7988945532499524,0.8895151015695087
948,0.6622814196923807,0.8895151015695087
949,0.9383011834072444,0.8895151015695087
950,-0.8348346103816592,-0.7974660916808773
951,-0.7875466890598598,-0.7974660916808773
952,-0.7261526413021386,-0.7974660916808773
953,-0.6928760297405505,-0.7974660916808773
954,-0.6720120689289516,-0.7974660916808773
955,-0.6162689287605714,-0.7974660916808773
956,-0.45442246565615085,-0.7974660916808773
957,-0.45650236233596314,-0.7974660916808773
958,-0.4542928693667023,-0.7974660916808773
959,-0.37055703488755154,-0.7974660916808773
960,-0.5762434777243808,-0.7974660916808773
961,-0.7768445502477285,-0.7974660916808773
962,-0.626887892417419,-0.7974660916808773
963,-0.748364048243963,-0.7974660916808773
964,-0.9794049351152311,-0.7974660916808773
965,-0.9905111602315527,-0.7974660916808773
966,-1.0582044758102265,-0.7974660916808773
967,-1.0742984629876797,-0.7974660916808773
968,-0.8633697746158991,-0.7974660916808773
969,-0.9838319741827912,-0.7974660916808773
970,-0.8449254730837565,-0.7974660916808773
971,-1.0599540103017329,-0.7974660916808773
972,-0.9760654398246732,-0.7974660916808773
973,-0.8093225791812673,-0.7974660916808773
974,-0.7982385824768685,-0.7974660916808773
975,-0.9166753941863938,-0.7974660916808773
976,-0.7633431912402056,-0.7974660916808773
977,-0.7050807142773415,-0.7974660916808773
978,-0.5883945036404366,-0.7974660916808773
979,-0.46885316766181456,-0.7974660916808773
980,-0.5766043852696491,-0.7974660916808773
981,-0.6420232832572439,-0.7974660916808773
982,-0.5549174696515754,-0.7974660916808773
983,-0.4687984347212538,-0.7974660916808773
984,-0.6150183441048549,-0.7974660916808773
985,-0.5787875473556175,-0.7974660916808773
986,-0.5156726351427566,-0.7974660916808773
987,-0.7573791854026624,-0.7974660916808773
988,-0.834755142736551,-0.7974660916808773
989,-1.0382535373887687,-0.7974660916808773
990,-0.9405535599262191,-0.7974660916808773
991,-1.061580414633821,-0.7974660916808773
992,-1.1222251746103136,-0.7974660916808773
993,-1.2101540916646576,-0.7974660916808773
994,-1.1290146599244149,-0.7974660916808773
995,-0.8955828018725592,-0.7974660916808773
996,-0.9394243012375576,-0.7974660916808773
997,-0.6954278755753927,-0.7974660916808773
998,-0.9383679565529957,-0.7974660916808773
999,-0.9593550167881222,-0.7974660916808773
1000,-0.6906089201482162,-0.7974660916808773
1001,-0.6027324999887005,-0.7974660916808773
1002,-0.6747371004217173,-0.7974660916808773
1003,-0.48777737686421757,-0.7974660916808773
1004,-0.6192079753719725,-0.7974660916808773
1005,-0.34575114589486877,-0.7974660916808773
1006,-0.4159360096934489,-0.7974660916808773
1007,-0.5357657584597586,-0.7974660916808773
1008,-0.5858764246891701,-0.7974660916808773
1009,-0.4797445978084648,-0.7974660916808773
1010,-0.6568905343967177,-0.7974660916808773
1011,-0.6129014707868032,-0.7974660916808773
1012,-0.5513590442047105,-0.7974660916808773
1013,-0.8375579083837502,-0.7974660916808773
1014,-0.8296821641056993,-0.7974660916808773
1015,-1.053259436127604,-0.7974660916808773
1016,-0.9943081135617171,-0.7974660916808773
1017,-1.1487739241908574,-0.7974660916808773
1018,-0.9388990322470322,-0.7974660916808773
1019,-1.1839129113976685,-0.7974660916808773
1020,-1.112420174894372,-0.7974660916808773
1021,-1.0718732781051503,-0.7974660916808773
1022,-0.7959816755627538,-0.7974660916808773
1023,-0.7551282136740168,-0.7974660916808773
1024,-0.8937338257897605,-0.7974660916808773
1025,-0.8307873487489557,-0.7974660916808773
1026,-0.7828527426032196,-0.7974660916808773
1027,-0.6741062482532147,-0.7974660916808773
1028,-0.5815340687390685,-0.7974660916808773
1029,-0.504719198582136,-0.7974660916808773
1030,-0.4499858159576936,-0.7974660916808773
1031,-0.40398933534379705,-0.7974660916808773
1032,-0.5503606262578594,-0.7974660916808773
1033,-0.6001787196560114,-0.7974660916808773
1034,-0.5736006702110528,-0.7974660916808773
1035,-0.6318198443173936,-0.7974660916808773
1036,-0.7847302611874363,-0.7974660916808773
1037,-0.6924944328426794,-0.7974660916808773
1038,-0.878282499619063,-0.7974660916808773
1039,-0.8444604665123508,-0.7974660916808773
1040,-0.9741818664979216,-0.7974660916808773
1041,-0.9260684810861903,-0.7974660916808773
1042,-1.0043051693217047,-0.7974660916808773
1043,-0.9237576545481614,-0.7974660916808773
1044,-1.1302332886931243,-0.7974660916808773
1045,-1.1806085965018513,-0.7974660916808773
1046,-1.0865405764158647,-0.7974660916808773
1047,-1.0493610621639546,-0.7974660916808773
1048,-0.8443010727058058,-0.7974660916808773
1049,-0.7443551676137624,-0.7974660916808773
1050,-0.8837537587394664,-0.7974660916808773
1051,-0.7161321053151805,-0.7974660916808773
1052,-0.7864816127701084,-0.7974660916808773
1053,-0.5242041280815564,-0.7974660916808773
1054,-0.6772224775663751,-0.7974660916808773
1055,-0.4120029165834651,-0.7974660916808773
1056,-0.5445324015307412,-0.7974660916808773
1057,-0.44610689983748025,-0.7974660916808773
1058,-0.6473073257948229,-0.7974660916808773
1059,-0.6030174463992642,-0.7974660916808773
1060,2.7927851427518195,2.6286792051600103
1061,2.666222931384686,2.6286792051600103
1062,2.563250635845883,2.6286792051600103
1063,2.518791254727177,2.6286792051600103
1064,2.6029019690513286,2.6286792051600103
1065,2.596906203482553,2.6286792051600103
1066,2.434372569558595,2.6286792051600103
1067,2.358453740121594,2.6286792051600103
1068,2.3008590177261348,2.6286792051600103
1069,2.35762746140924,2.6286792051600103
1070,2.316322249459261,2.6286792051600103
1071,2.4492113243337545,2.6286792051600103
1072,2.2878200928278147,2.6286792051600103
1073,2.53125737519765,2.6286792051600103
1074,2.6745673342008565,2.6286792051600103
1075,2.740285946779608,2.6286792051600103
1076,2.6786144103891014,2.6286792051600103
1077,2.5446864337327915,2.6286792051600103
1078,2.819409491106777,2.6286792051600103
1079,2.8191437593572095,2.6286792051600103
1080,2.8529340230913034,2.6286792051600103
1081,2.913161928765953,2.6286792051600103
1082,2.9741913681869283,2.6286792051600103
1083,2.8265887783583055,2.6286792051600103
1084,3.018695097659288,2.6286792051600103
1085,2.7327536557848755,2.6286792051600103
1086,2.6330485358124145,2.6286792051600103
1087,2.6289056347705024,2.6286792051600103
1088,2.5785843658797583,2.6286792051600103
1089,2.303689266815102,2.6286792051600103
1090,2.5042752926964185,2.6286792051600103
1091,2.4395084222552406,2.6286792051600103
1092,2.4207961269521356,2.6286792051600103
1093,2.273986496007266,2.6286792051600103
1094,2.327020619601216,2.6286792051600103
1095,2.2313697350238266,2.6286792051600103
1096,2.306725149155394,2.6286792051600103
1097,2.396787161441311,2.6286792051600103
1098,2.546962617462443,2.6286792051600103
1099,2.4849745995385013,2.6286792051600103
1100,2.72620991657199,2.6286792051600103
1101,2.6244413608115695,2.6286792051600103
1102,2.951470361478097,2.6286792051600103
1103,2.834446475309528,2.6286792051600103
1104,2.941973759600338,2.6286792051600103
1105,2.7899924654174932,2.6286792051600103
1106,3.039291100302001,2.6286792051600103
1107,3.0040842530233505,2.6286792051600103
1108,2.7605337639467704,2.6286792051600103
1109,2.8303105989798807,2.6286792051600103
1110,2.889313503693072,2.6286792051600103
1111,2.7471868832210458,2.6286792051600103
1112,2.534512948398149,2.6286792051600103
1113,2.476211755495047,2.6286792051600103
1114,2.619548564270407,2.6286792051600103
1115,2.5501972873768137,2.6286792051600103
1116,2.4819660284001217,2.6286792051600103
1117,2.3082094142324046,2.6286792051600103
1118,2.4150038963975975,2.6286792051600103
1119,2.282477400845349,2.6286792051600103
1120,2.4341412725971967,2.6286792051600103
1121,2.432869168896703,2.6286792051600103
1122,2.2176023898822774,2.6286792051600103
1123,2.3067998426103453,2.6286792051600103
1124,2.5072534459495364,2.6286792051600103
1125,2.558816889572366,2.6286792051600103
1126,2.8476593728130104,2.6286792051600103
1127,2.821607698410427,2.6286792051600103
1128,2.816571815869883,2.6286792051600103
1129,2.9391538272584152,2.6286792051600103
1130,2.9244295048609237,2.6286792051600103
1131,2.9657530098342626,2.6286792051600103
1132,2.8945363525488874,2.6286792051600103
1133,2.785062173214355,2.6286792051600103
1134,2.891328272803448,2.6286792051600103
1135,2.612644532112678,2.6286792051600103
1136,2.833552347490001,2.6286792051600103
1137,2.749897430932701,2.6286792051600103
1138,2.680708724399347,2.6286792051600103
1139,2.468233281272021,2.6286792051600103
1140,2.475104553016694,2.6286792051600103
1141,2.402699783727045,2.6286792051600103
1142,2.3528188417291815,2.6286792051600103
1143,2.440009056840806,2.6286792051600103
1144,2.3655856546090837,2.6286792051600103
1145,2.352991410927065,2.6286792051600103
1146,2.4818954995618565,2.6286792051600103
1147,2.561512118843025,2.6286792051600103
1148,2.477873648748992,2.6286792051600103
1149,0.6868870592751548,0.6608150935820627
1150,0.6936397622513013,0.6608150935820627
1151,0.6251681005001748,0.6608150935820627
1152,0.6825067610769305,0.6608150935820627
1153,0.8902811564976929,0.6608150935820627
1154,0.7444133738607803,0.6608150935820627
1155,0.987834300184902,0.6608150935820627
1156,1.0590396387481666,0.6608150935820627
1157,1.0461551159968507,0.6608150935820627
1158,0.9244731014583585,0.6608150935820627
1159,0.861586323056533,0.6608150935820627
1160,0.7143575308981688,0.6608150935820627
1161,0.8010077920619573,0.6608150935820627
1162,0.7231552400804426,0.6608150935820627
1163,0.5164086530120626,0.6608150935820627
1164,0.6161027367193953,0.6608150935820627
1165,0.7586002913240016,0.6608150935820627
1166,0.369671537957704,0.6608150935820627
1167,0.42671140071954694,0.6608150935820627
1168,0.4327671209513084,0.6608150935820627
1169,0.41951435544817817,0.6608150935820627
1170,0.5007128158942223,0.6608150935820627
1171,0.566027783756883,0.6608150935820627
1172,0.4888178402007104,0.6608150935820627
1173,0.3928470540474827,0.6608150935820627
1174,0.592223747915108,0.6608150935820627
1175,0.689557663625935,0.6608150935820627
1176,0.6411579941093561,0.6608150935820627
1177,0.8990902613910646,0.6608150935820627
1178,0.7474424907996263,0.6608150935820627
1179,0.8673590750377405,0.6608150935820627
1180,0.9518955823483335,0.6608150935820627
1181,0.7872751112338916,0.6608150935820627
1182,1.0101518967482284,0.6608150935820627
1183,0.9503937527962636,0.6608150935820627
1184,1.0200709562062704,0.6608150935820627
1185,0.9617540214759293,0.6608150935820627
1186,0.6893348851431382,0.6608150935820627
1187,0.5434853405941603,0.6608150935820627
1188,0.5948638279043402,0.6608150935820627
1189,0.43987939321563707,0.6608150935820627
1190,0.41682333304969155,0.6608150935820627
1191,0.4118703378960952,0.6608150935820627
1192,0.43452257955217755,0.6608150935820627
1193,0.5364875209759083,0.6608150935820627
1194,0.3754976858192728,0.6608150935820627
1195,0.25350198439611704,0.6608150935820627
1196,0.5639528464924646,0.6608150935820627
1197,0.6347104412508362,0.6608150935820627
1198,0.5474963009100008,0.6608150935820627
1199,0.5729783207139316,0.6608150935820627
1200,0.7160653663682679,0.6608150935820627
1201,0.7867143222442337,0.6608150935820627
1202,0.7239112717051376,0.6608150935820627
1203,0.8767306172149487,0.6608150935820627
1204,0.95215230258318,0.6608150935820627
1205,1.0768381397480427,0.6608150935820627
1206,0.9966756768307521,0.6608150935820627
1207,0.6939428774728067,0.6608150935820627
1208,0.9503196141331387,0.6608150935820627
1209,0.7652947056855346,0.6608150935820627
1210,0.8110348018664199,0.6608150935820627
1211,0.52015911534575,0.6608150935820627
1212,-0.008957080861057117,0.13079717887139594
1213,-1.2785678554968833,-1.3412564976465113
1214,-1.4095463889267998,-1.3412564976465113
1215,-1.5246894596564984,-1.3412564976465113
1216,-1.522961118892729,-1.3412564976465113
1217,-1.6202669730241104,-1.3412564976465113
1218,-1.6360492610524247,-1.3412564976465113
1219,-1.5702747313449477,-1.3412564976465113
1220,-1.538023766532582,-1.3412564976465113
1221,-1.5326870585420906,-1.3412564976465113
1222,-1.4610880216049056,-1.3412564976465113
1223,-1.3402616889461683,-1.3412564976465113
1224,-1.4603139509537075,-1.3412564976465113
1225,-1.4343460261148362,-1.3412564976465113
1226,-1.2720914448760345,-1.3412564976465113
1227,-1.3866323914774585,-1.3412564976465113
1228,-1.1139596010452806,-1.3412564976465113
1229,-1.0840423270783608,-1.3412564976465113
1230,-1.1822596004253514,-1.3412564976465113
1231,-1.1567558284113384,-1.3412564976465113
1232,-1.183699841030335,-1.3412564976465113
1233,-1.0739073478569903,-1.3412564976465113
1234,-1.1625147384811347,-1.3412564976465113
1235,-1.2524654219686335,-1.3412564976465113
1236,-1.2266551550843026,-1.3412564976465113
1237,-1.464237187920662,-1.3412564976465113
1238,-1.3439788495680294,-1.3412564976465113
1239,-1.4137251885167588,-1.3412564976465113
1240,-1.4671710282145,-1.3412564976465113
1241,-1.4163734033952546,-1.3412564976465113
1242,-1.518244361063702,-1.3412564976465113
1243,-1.5388701012459491,-1.3412564976465113
1244,-1.60182812881655,-1.3412564976465113
1245,-1.5407862438178994,-1.3412564976465113
1246,-1.537986040602019,-1.3412564976465113
1247,-1.5190522617560525,-1.3412564976465113
1248,-1.4787778279744033,-1.3412564976465113
1249,-1.3465851035970822,-1.3412564976465113
1250,-1.4112736233989032,-1.3412564976465113
1251,1.232575080204327,1.042114001180896
1252,1.107822022514792,1.042114001180896
1253,1.354584830486215,1.042114001180896
1254,1.1971149040678517,1.042114001180896
1255,1.2350156935171213,1.042114001180896
1256,1.1702632572209932,1.042114001180896
1257,1.285204498856857,1.042114001180896
1258,1.2906494453946202,1.042114001180896
1259,1.3420609046353245,1.042114001180896
1260,1.0479265837014364,1.042114001180896
1261,1.0044848234747072,1.042114001180896
1262,1.1417897657406595,1.042114001180896
1263,0.9960053423345501,1.042114001180896
1264,0.9984095324920046,1.042114001180896
1265,0.7792838948004468,1.042114001180896
1266,0.8153576513496686,1.042114001180896
1267,0.7950303386312157,1.042114001180896
1268,0.7680757643246832,1.042114001180896
1269,0.794673463182244,1.042114001180896
1270,0.6291105246941703,1.042114001180896
1271,0.8817925858110033,1.042114001180896
1272,0.853056368604627,1.042114001180896
1273,0.8083582962646954,1.042114001180896
1274,0.97443614401036,1.042114001180896
1275,1.1230393756456094,1.042114001180896
1276,1.169669866981627,1.042114001180896
1277,1.2675342958782965,1.042114001180896
1278,1.279561768890669,1.042114001180896
1279,1.1681309697781799,1.042114001180896
1280,1.1612007667661948,1.042114001180896
1281,1.0865746876519278,1.042114001180896
1282,1.6623877080784968,1.042114001180896
1283,1.3674045760378761,1.042114001180896
1284,1.4036643283466712,1.042114001180896
1285,1.1695064220199756,1.042114001180896
1286,1.04206975112162,1.042114001180896
1287,1.1679138418396213,1.042114001180896
1288,0.9486005267426092,1.042114001180896
1289,-0.6587040953079436,-0.8094743326562025
1290,-0.9587551830772911,-0.8094743326562025
1291,-1.2046236107189083,-0.8094743326562025
1292,-1.0305229408059076,-0.8094743326562025
1293,-1.2007515451109132,-0.8094743326562025
1294,-1.0785190732320316,-0.8094743326562025
1295,-1.200895309772192,-0.8094743326562025
1296,-0.9150597646922467,-0.8094743326562025
1297,-0.9620815239350398,-0.8094743326562025
1298,-1.054597430436654,-0.8094743326562025
1299,-0.9961054918724129,-0.8094743326562025
1300,-0.8084411970921807,-0.8094743326562025
1301,-0.6992567112136806,-0.8094743326562025
1302,-0.6111814469813951,-0.8094743326562025
1303,-0.5213529579361574,-0.8094743326562025
1304,-0.4578368477091473,-0.8094743326562025
1305,-0.5496486874832169,-0.8094743326562025
1306,-0.5799170848559689,-0.8094743326562025
1307,-0.28288185085525325,-0.8094743326562025
1308,-0.6023288933493236,-0.8094743326562025
1309,-0.5432580713493791,-0.8094743326562025
1310,-0.5296506617692354,-0.8094743326562025
1311,-0.7578707342107408,-0.8094743326562025
1312,-0.7209190176463023,-0.8094743326562025
1313,-0.9875450374282504,-0.8094743326562025
1314,-0.705383176993243,-0.8094743326562025
1315,-0.9265429010657409,-0.8094743326562025
1316,-1.0221504983860454,-0.8094743326562025
1317,-1.0822035901300144,-0.8094743326562025
1318,-1.0851030400649473,-0.8094743326562025
1319,-1.1120892428406721,-0.8094743326562025
1320,-0.9303544580929092,-0.8094743326562025
1321,-1.051811281450462,-0.8094743326562025
1322,-1.1609020753228627,-0.8094743326562025
1323,-0.8841877889379863,-0.8094743326562025
1324,-0.827528898953553,-0.8094743326562025
1325,-0.7537198871056169,-0.8094743326562025
1326,-0.5800084555890477,-0.8094743326562025
1327,-0.6378647457360984,-0.8094743326562025
1328,-0.7332384385091484,-0.8094743326562025
1329,-0.660143711799928,-0.8094743326562025
1330,-0.7159149622671621,-0.8094743326562025
1331,-0.6280684984750751,-0.8094743326562025
1332,-0.6332856581652317,-0.8094743326562025
1333,-0.6152427768975279,-0.8094743326562025
1334,-0.4685095148431595,-0.8094743326562025
1335,-0.6106209044617741,-0.8094743326562025
1336,-0.6838321079541332,-0.8094743326562025
1337,-0.6104111235955547,-0.8094743326562025
1338,-0.820322367728601,-0.8094743326562025
1339,-0.9464411048131323,-0.8094743326562025
1340,-0.9006948461182647,-0.8094743326562025
1341,-0.9980889258327914,-0.8094743326562025
1342,-1.1267569003774147,-0.8094743326562025
1343,-1.2208107412621707,-0.8094743326562025
1344,-1.1154039030956238,-0.8094743326562025
1345,-1.0516179074929428,-0.8094743326562025
1346,-0.926610282102783,-0.8094743326562025
1347,-0.9250782931573444,-0.8094743326562025
1348,-1.2269432737767256,-0.8094743326562025
1349,-0.9177316281230335,-0.8094743326562025
1350,-0.8859781385727034,-0.8094743326562025
1351,-0.5687882694010864,-0.8094743326562025
1352,-0.6286909185633405,-0.8094743326562025
1353,-0.7724043036365253,-0.8094743326562025
1354,-0.6929547386600463,-0.8094743326562025
1355,-0.7861726950791286,-0.8094743326562025
1356,-0.5735981269158819,-0.8094743326562025
1357,-0.5470720132143758,-0.8094743326562025
1358,-0.5941636197951362,-0.8094743326562025
1359,-0.5480501787839643,-0.8094743326562025
1360,-0.649943325277206,-0.8094743326562025
1361,-0.7202568198990413,-0.8094743326562025
1362,-0.8229318328640388,-0.8094743326562025
1363,-0.9898293429157994,-0.8094743326562025
1364,-0.9728999339955369,-0.8094743326562025
1365,-1.1391992640246502,-0.8094743326562025
1366,-1.0041746853919258,-0.8094743326562025
1367,-1.0398933650014817,-0.8094743326562025
1368,-0.8961985185785076,-0.8094743326562025
1369,-0.882475306403536,-0.8094743326562025
1370,-1.2809780195727283,-0.8094743326562025
1371,-1.1004876888231667,-0.8094743326562025
1372,-1.1262938777427298,-0.8094743326562025
1373,-0.8087232733121777,-0.8094743326562025
1374,-0.8765212775432754,-0.8094743326562025
1375,-0.670441163609715,-0.8094743326562025
1376,-0.7168803163663525,-0.8094743326562025
1377,-0.7457398788899008,-0.8094743326562025
1378,-0.624088918043478,-0.8094743326562025
1379,-0.5958234483122412,-0.8094743326562025
1380,-0.6170891868287948,-0.8094743326562025
1381,-0.6975287564414845,-0.8094743326562025
1382,-0.6969010357160073,-0.8094743326562025
1383,-0.4735157418725059,-0.8094743326562025
1384,-0.6778604746464241,-0.8094743326562025
1385,-0.7559674619695722,-0.8094743326562025
1386,-0.7350599550500674,-0.8094743326562025
1387,-0.7737197089423582,-0.8094743326562025
1388,-0.845148720667375,-0.8094743326562025
1389,-0.7466876887771743,-0.8094743326562025
1390,-1.1779714103930643,-0.8094743326562025
1391,-1.0980937494680096,-0.8094743326562025
1392,-1.139002058543497,-0.8094743326562025
1393,-0.8625761436204877,-0.8094743326562025
1394,-0.906660313275777,-0.8094743326562025
1395,-1.2034986448275322,-0.8094743326562025
1396,-0.9607949293530108,-0.8094743326562025
1397,-1.0221042452963134,-0.8094743326562025
1398,-0.7923548748565377,-0.8094743326562025
1399,-1.0489666287234223,-0.8094743326562025
1400,-0.892081402176889,-0.8094743326562025
1401,-0.7858828841636376,-0.8094743326562025
1402,-0.5946974236195025,-0.8094743326562025
1403,-0.6119650828870576,-0.8094743326562025
1404,-0.6067877326394884,-0.8094743326562025
1405,-0.5039750575828611,-0.8094743326562025
1406,-0.4359994127198128,-0.8094743326562025
1407,1.6044102444667871,1.382236953884395
1408,1.6863370665390245,1.382236953884395
1409,1.5568019860005622,1.382236953884395
1410,1.6122558076319238,1.382236953884395
1411,1.4258462619564483,1.382236953884395
1412,1.6088586015727222,1.382236953884395
1413,1.1791186255665724,1.382236953884395
1414,1.2914834333568521,1.382236953884395
1415,1.285553803293538,1.382236953884395
1416,1.168228040576904,1.382236953884395
1417,1.026949271479396,1.382236953884395
1418,1.2596257838884242,1.382236953884395
1419,1.1941010100624287,1.382236953884395
1420,1.1568428443327308,1.382236953884395
1421,1.122652165360117,1.382236953884395
1422,1.243076907088934,1.382236953884395
1423,1.213641733198749,1.382236953884395
1424,1.5604621061442239,1.382236953884395
1425,1.3986260564473882,1.382236953884395
1426,1.4138441303704576,1.382236953884395
1427,1.5659883710544378,1.382236953884395
1428,1.4296113202925187,1.382236953884395
1429,1.6964097283413677,1.382236953884395
1430,1.6821721864008854,1.382236953884395
1431,1.4617542753302935,1.382236953884395
1432,1.5971372840520732,1.382236953884395
1433,1.5829997231127828,1.382236953884395
1434,1.686214520430958,1.382236953884395
1435,1.5167108985915414,1.382236953884395
1436,1.3899140785073165,1.382236953884395
1437,1.3932511047509863,1.382236953884395
1438,1.3329641389740663,1.382236953884395
1439,1.4645509254996287,1.382236953884395
1440,1.2259003374557884,1.382236953884395
1441,1.1748859219796406,1.382236953884395
1442,1.2512987068001937,1.382236953884395
1443,1.1687993950992603,1.382236953884395
1444,1.30754810248316,1.382236953884395
1445,1.0171496422848474,1.382236953884395
1446,0.9612326553299069,1.382236953884395
1447,1.1478069996731473,1.382236953884395
1448,1.3295732371915276,1.382236953884395
1449,1.4789682938842605,1.382236953884395
1450,1.609992411411048,1.382236953884395
1451,1.4646490441173952,1.382236953884395
1452,1.4848125283685312,1.382236953884395
1453,1.6669068027462801,1.382236953884395
1454,1.6000977127469465,1.382236953884395
1455,1.7604625565707814,1.382236953884395
1456,1.5894904432073589,1.382236953884395
1457,1.5310175999295705,1.382236953884395
1458,1.6429055256058334,1.382236953884395
1459,1.6399404505275885,1.382236953884395
1460,1.6761214806049356,1.382236953884395
1461,1.1336163066393659,1.382236953884395
1462,1.6044526048860974,1.382236953884395
1463,1.0893520568713957,1.382236953884395
1464,1.3524493942014544,1.382236953884395
1465,1.1417894024632282,1.382236953884395
1466,1.0982767112884801,1.382236953884395
1467,1.0933136402025014,1.382236953884395
1468,1.1789502825520328,1.382236953884395
1469,1.230107422075594,1.382236953884395
1470,1.2834677419251739,1.382236953884395
1471,1.1792431948337394,1.382236953884395
1472,1.2914067801885576,1.382236953884395
1473,1.416573373713756,1.382236953884395
1474,1.405437173537234,1.382236953884395
1475,1.2741871494983719,1.382236953884395
1476,1.3392441042463514,1.382236953884395
1477,1.5068456333424285,1.382236953884395
1478,1.5011918791823753,1.382236953884395
1479,1.5205273036893299,1.382236953884395
1480,1.604318846473113,1.382236953884395
1481,1.6396183006458132,1.382236953884395
1482,1.4763148187237527,1.382236953884395
1483,1.575800556587603,1.382236953884395
1484,1.4986283045040927,1.382236953884395
1485,1.320800569551992,1.382236953884395
1486,1.4914957712495358,1.382236953884395
1487,1.4212257876003895,1.382236953884395
1488,1.3298163867683515,1.382236953884395
1489,1.380191099403705,1.382236953884395
1490,1.2878188237225507,1.382236953884395
1491,1.3831178781114963,1.382236953884395
1492,1.1732685089456292,1.382236953884395
1493,1.0570504908436233,1.382236953884395
1494,1.2034513060643248,1.382236953884395
1495,1.2026920784000343,1.382236953884395
1496,1.2253101938208224,1.382236953884395
1497,1.1113719691802817,1.382236953884395
1498,1.2625252858388991,1.382236953884395
1499,1.272641762723242,1.382236953884395
1500,1.152803664128889,1.382236953884395
1501,1.4476269476528743,1.382236953884395
1502,1.5332453575826959,1.382236953884395
1503,1.5492157729089786,1.382236953884395
1504,1.6212045512000237,1.382236953884395
1505,1.55052479159795,1.382236953884395
1506,1.5383816593322357,1.382236953884395
1507,1.644816943518245,1.382236953884395
1508,1.777979044918598,1.382236953884395
1509,1.643491977275112,1.382236953884395
1510,1.2891765809664357,1.382236953884395
1511,1.4003301525438219,1.382236953884395
1512,1.391424154673253,1.382236953884395
1513,1.3475999472157374,1.382236953884395
1514,1.257795286358831,1.382236953884395
1515,1.2660354046600328,1.382236953884395
1516,1.252227131545562,1.382236953884395
1517,0.9040549193779562,1.382236953884395
1518,1.0508834998642493,1.382236953884395
1519,1.069124588905059,1.382236953884395
1520,0.972505587976436,1.382236953884395
1521,1.1436853555738942,1.382236953884395
1522,1.2179608493357965,1.382236953884395
1523,1.3973959515787329,1.382236953884395
1524,1.3953012933883413,1.382236953884395
1525,1.5439636592688013,1.382236953884395
1526,1.555417668633548,1.382236953884395
1527,1.4529611604409232,1.382236953884395
1528,1.534186243515729,1.382236953884395
1529,1.6278490789922277,1.382236953884395
1530,1.540475175655313,1.382236953884395
1531,1.7484061515718703,1.382236953884395
1532,1.547127062684383,1.382236953884395
1533,1.6789210902642715,1.382236953884395
1534,1.5850848200215653,1.382236953884395
1535,1.6162793422508266,1.382236953884395
1536,1.5638882633096671,1.382236953884395
1537,1.3772835165432824,1.382236953884395
1538,0.42328310908359384,0.3548545734521505
1539,0.23039117519482039,0.3548545734521505
1540,0.19617213608383083,0.3548545734521505
1541,0.17869158466756263,0.3548545734521505
1542,-0.012910718531215476,0.3548545734521505
1543,0.03972469085706434,0.3548545734521505
1544,0.264313201617258,0.3548545734521505
1545,0.06358632104149953,0.3548545734521505
1546,0.012439572104699648,0.3548545734521505
1547,0.3092907941979043,0.3548545734521505
1548,0.20550842582535112,0.3548545734521505
1549,0.16118939463835028,0.3548545734521505
1550,0.3810412849230508,0.3548545734521505
1551,0.45028591016812664,0.3548545734521505
1552,0.5897812630172891,0.3548545734521505
1553,0.4683339265782239,0.3548545734521505
1554,0.6507342486139318,0.3548545734521505
1555,0.7714771340845432,0.3548545734521505
1556,0.5284727575467361,0.3548545734521505
1557,0.6203674431920717,0.3548545734521505
1558,0.4152594813421212,0.3548545734521505
1559,0.7576965729117525,0.3548545734521505
1560,0.5218316402502465,0.3548545734521505
1561,0.35868235267397497,0.3548545734521505
1562,0.26601129819688263,0.3548545734521505
1563,0.2631791594071326,0.3548545734521505
1564,0.24631927092839434,0.3548545734521505
1565,0.33887457388920983,0.3548545734521505
1566,0.14942929828675033,0.3548545734521505
1567,0.19347109469606297,0.3548545734521505
1568,0.321896582794129,0.3548545734521505
1569,0.13577321424973046,0.3548545734521505
1570,0.19199675907472968,0.3548545734521505
1571,0.11228681529784976,0.3548545734521505
1572,0.2950840815081457,0.3548545734521505
1573,0.13344917669101344,0.3548545734521505
1574,0.32939286400509293,0.3548545734521505
1575,0.325263230838736,0.3548545734521505
1576,0.35277090010352763,0.3548545734521505
1577,0.46958784570974477,0.3548545734521505
1578,0.5567713396595918,0.3548545734521505
1579,0.5945340066257192,0.3548545734521505
1580,0.7519836994165736,0.3548545734521505
1581,0.6258414248638735,0.3548545734521505
1582,0.6998644055783182,0.3548545734521505
1583,0.8965587169226165,0.699060698299032
1584,0.8378610944988032,0.699060698299032
1585,0.7299469290922901,0.699060698299032
1586,0.868427798212479,0.699060698299032
1587,0.43230990683744397,0.699060698299032
1588,0.7813075565012438,0.699060698299032
1589,0.34684828792277267,0.699060698299032
1590,0.6740427913445816,0.699060698299032
1591,0.4543024983767756,0.699060698299032
1592,0.44664656338230957,0.699060698299032
1593,0.35908046587325937,0.699060698299032
1594,0.5640122710880238,0.699060698299032
1595,0.5088727309707727,0.699060698299032
1596,0.4964160925638771,0.699060698299032
1597,0.5339941060786626,0.699060698299032
1598,0.8032162657425235,0.699060698299032
1599,0.6167410017531021,0.699060698299032
1600,0.761709899974504,0.699060698299032
1601,0.8486869532457461,0.699060698299032
1602,0.8239316291430501,0.699060698299032
1603,0.7954183613515152,0.699060698299032
1604,1.0185837456066889,0.699060698299032
1605,0.9616595249235997,0.699060698299032
1606,0.9779209584299057,0.699060698299032
1607,0.9575839913437818,0.699060698299032
1608,0.9398956269282267,0.699060698299032
1609,1.054935177803313,0.699060698299032
1610,0.6221298290838142,0.699060698299032
1611,0.7456564832520369,0.699060698299032
1612,0.8620179842206532,0.699060698299032
1613,0.6352599369488487,0.699060698299032
1614,0.42486642145302167,0.699060698299032
1615,0.7508069802847173,0.699060698299032
1616,0.4684361779582629,0.699060698299032
1617,0.1911321951576106,0.699060698299032
1618,0.5201611433186841,0.699060698299032
1619,0.43960905297863084,0.699060698299032
1620,0.5254259417812829,0.699060698299032
1621,0.4092359320073784,0.699060698299032
1622,0.6154956895590605,0.699060698299032
1623,0.6775562623762228,0.699060698299032
1624,0.5580733690898858,0.699060698299032
1625,0.6442162466628875,0.699060698299032
1626,0.7396358104595139,0.699060698299032
1627,0.7313896554385371,0.699060698299032
1628,0.8482955383135775,0.699060698299032
1629,1.0641444907603839,0.699060698299032
1630,0.9371044384205647,0.699060698299032
1631,0.9003813568479505,0.699060698299032
1632,1.0339090002443865,0.699060698299032
1633,0.9692532168321202,0.699060698299032
1634,0.8700420022017821,0.699060698299032
1635,0.9074823565391119,0.699060698299032
1636,0.9365052388737259,0.699060698299032
1637,0.89731319830878,0.699060698299032
1638,0.6201727410111072,0.699060698299032
1639,0.6922769885060054,0.699060698299032
1640,0.7055120517994423,0.699060698299032
1641,0.5807134762332183,0.699060698299032
1642,0.39874931441353245,0.699060698299032
1643,0.3701408218242437,0.699060698299032
1644,0.4305284172093038,0.699060698299032
1645,0.44701375797900733,0.699060698299032
1646,0.6036664745381248,0.699060698299032
1647,0.5717890120349817,0.699060698299032
1648,0.608994982343811,0.699060698299032
1649,0.7520977625779637,0.699060698299032
1650,0.7168594113654969,0.699060698299032
1651,0.7226774799348832,0.699060698299032
1652,0.7841079822651349,0.699060698299032
1653,0.7691588203068382,0.699060698299032
1654,0.9380477602025556,0.699060698299032
1655,0.8809942243414035,0.699060698299032
1656,0.9330700444484796,0.699060698299032
1657,0.9034892909787051,0.699060698299032
1658,0.9520022994851568,0.699060698299032
1659,1.1025157497053137,0.699060698299032
1660,0.9080074594124898,0.699060698299032
1661,0.8436393845257145,0.699060698299032
1662,0.7613887193415873,0.699060698299032
1663,0.7338927813176414,0.699060698299032
1664,0.6785206981312962,0.699060698299032
1665,0.49508760176236355,0.699060698299032
1666,0.425337813029538,0.699060698299032
1667,0.40034711710528303,0.699060698299032
1668,0.45605082257749474,0.699060698299032
1669,0.49731861541753686,0.699060698299032
1670,0.30685378769391936,0.699060698299032
1671,0.5609890268506887,0.699060698299032
1672,0.41391317224373236,0.699060698299032
1673,0.34334122374054393,0.699060698299032
1674,0.7714467025704708,0.699060698299032
1675,0.7547321525940467,0.699060698299032
1676,0.77634876489652,0.699060698299032
1677,0.677710406150957,0.699060698299032
1678,0.7930729164729546,0.699060698299032
1679,0.9374213744316164,0.699060698299032
1680,0.9926891515153224,0.699060698299032
1681,0.9066729542472433,0.699060698299032
1682,0.7420068446355352,0.699060698299032
1683,0.6354006857278165,0.699060698299032
1684,0.8930396300751129,0.699060698299032
1685,0.7063737743522213,0.699060698299032
1686,0.8793658119692345,0.699060698299032
1687,0.6918198610224416,0.699060698299032
1688,0.7384684318267889,0.699060698299032
1689,0.5435894283022237,0.699060698299032
1690,0.4853906405262595,0.699060698299032
1691,0.5711903118640629,0.699060698299032
1692,0.48487938809579456,0.699060698299032
1693,0.5646552046452795,0.699060698299032
1694,0.39708458275477954,0.699060698299032
1695,0.4947258053810065,0.699060698299032
1696,0.39474320785096273,0.699060698299032
1697,0.6669154077967123,0.699060698299032
1698,0.48172111643493865,0.699060698299032
1699,0.4021954962481173,0.699060698299032
1700,0.7483311923340251,0.699060698299032
1701,0.812961081805055,0.699060698299032
1702,0.9075340396907502,0.699060698299032
1703,0.8356587792129562,0.699060698299032
1704,0.9394637202577847,0.699060698299032
1705,1.0673775344846255,0.699060698299032
1706,1.002022845002133,0.699060698299032
1707,0.9189979566107775,0.699060698299032
1708,0.881417316707875,0.699060698299032
1709,0.9760968926729865,0.699060698299032
1710,0.7996182388205325,0.699060698299032
1711,0.8265199552915535,0.699060698299032
1712,0.7971733970297927,0.699060698299032
1713,1.8747673652580774,1.9951009484718412
1714,1.853944624781644,1.9951009484718412
1715,1.8351697339225905,1.9951009484718412
1716,1.8824907873648502,1.9951009484718412
1717,1.6668510891407387,1.9951009484718412
1718,1.5726361196303518,1.9951009484718412
1719,1.560760552385328,1.9951009484718412
1720,1.7725145255188148,1.9951009484718412
1721,2.0604875453478453,1.9951009484718412
1722,1.7110675090389234,1.9951009484718412
1723,1.7588511844172914,1.9951009484718412
1724,2.0731450823841757,1.9951009484718412
1725,2.0500834536110037,1.9951009484718412
1726,2.0761390133027966,1.9951009484718412
1727,2.1683644261799584,1.9951009484718412
1728,2.2490780963282946,1.9951009484718412
1729,2.3684041139142975,1.9951009484718412
1730,2.2969504934332847,1.9951009484718412
1731,2.3282540391513558,1.9951009484718412
1732,2.2205241608448363,1.9951009484718412
1733,2.2058764747060584,1.9951009484718412
1734,2.241868816183686,1.9951009484718412
1735,1.9966833720882746,1.9951009484718412
1736,2.0820953631278925,1.9951009484718412
1737,2.1074092640918667,1.9951009484718412
1738,1.9214790050160089,1.9951009484718412
1739,1.8571236971732676,1.9951009484718412
1740,1.8708575145399138,1.9951009484718412
1741,1.7335078808044218,1.9951009484718412
1742,1.7761000114475123,1.9951009484718412
1743,1.8712721092952822,1.9951009484718412
1744,1.762080699589132,1.9951009484718412
1745,1.7912322806321448,1.9951009484718412
1746,1.7990771131539494,1.9951009484718412
1747,1.680945324494414,1.9951009484718412
1748,1.930296298836189,1.9951009484718412
1749,1.7706748827539187,1.9951009484718412
1750,1.9116232791350427,1.9951009484718412
1751,2.1574485734636517,1.9951009484718412
1752,2.109274574740051,1.9951009484718412
1753,2.0841138604923257,1.9951009484718412
1754,2.0883127853348813,1.9951009484718412
1755,2.184938663572735,1.9951009484718412
1756,2.2920290307301645,1.9951009484718412
1757,2.1655841363866273,1.9951009484718412
1758,2.3103002370292263,1.9951009484718412
1759,2.119553681606735,1.9951009484718412
1760,2.025893062879526,1.9951009484718412
1761,2.1187199668311734,1.9951009484718412
1762,2.0330218903208563,1.9951009484718412
1763,1.8589233042962956,1.9951009484718412
1764,1.724768557873856,1.9951009484718412
1765,1.9866665308521987,1.9951009484718412
1766,1.5404673531387514,1.9951009484718412
1767,1.688199713655378,1.9951009484718412
1768,1.78488474137718,1.9951009484718412
1769,1.497106173069649,1.9951009484718412
1770,1.7727664687984113,1.9951009484718412
1771,1.6837635109564406,1.9951009484718412
1772,1.8932251411881105,1.9951009484718412
1773,1.9999548701801246,1.9951009484718412
1774,1.9202184443323795,1.9951009484718412
1775,2.096882862567776,1.9951009484718412
1776,1.9561323066115999,1.9951009484718412
1777,2.2029861080763933,1.9951009484718412
1778,2.171550888638268,1.9951009484718412
1779,2.040583147188677,1.9951009484718412
1780,2.2963185296897,1.9951009484718412
1781,2.086156156130812,1.9951009484718412
1782,2.266039927922625,1.9951009484718412
1783,2.24441097208894,1.9951009484718412
1784,2.119416059631458,1.9951009484718412
1785,2.140962653761704,1.9951009484718412
1786,2.017748048346429,1.9951009484718412
1787,1.9402008540641482,1.9951009484718412
1788,1.875335624843498,1.9951009484718412
1789,2.015243055697987,1.9951009484718412
1790,1.9448239764099544,1.9951009484718412
1791,1.9787061715126888,1.9951009484718412
1792,1.8004937950768511,1.9951009484718412
1793,1.7388114856897627,1.9951009484718412
1794,1.7550102064678952,1.9951009484718412
1795,1.8386735617753356,1.9951009484718412
1796,1.8578638130294491,1.9951009484718412
1797,1.8733784468086152,1.9951009484718412
1798,1.9742864180324724,1.9951009484718412
1799,1.9462693382501586,1.9951009484718412
1800,1.9633310423779933,1.9951009484718412
1801,1.9436366608613511,1.9951009484718412
1802,1.960790366202474,1.9951009484718412
1803,2.0446765971918803,1.9951009484718412
1804,2.211534445080199,1.9951009484718412
1805,2.124486708999119,1.9951009484718412
1806,2.370801287324015,1.9951009484718412
1807,2.3170737862450212,1.9951009484718412
1808,2.2022166812736987,1.9951009484718412
1809,2.191292964562445,1.9951009484718412
1810,2.1904582815643936,1.9951009484718412
1811,2.1096726508548183,1.9951009484718412
1812,1.9315682330469988,1.9951009484718412
1813,2.0726086214462254,1.9951009484718412
1814,1.869716836515681,1.9951009484718412
1815,1.9903872801743954,1.9951009484718412
1816,2.0186091230138454,1.9951009484718412
1817,1.8486635982932695,1.9951009484718412
1818,1.8625569203333685,1.9951009484718412
1819,1.8040850263860373,1.9951009484718412
1820,1.773199696937216,1.9951009484718412
1821,1.800930126220633,1.9951009484718412
1822,1.8769545503841103,1.9951009484718412
1823,1.8155808642458726,1.9951009484718412
1824,1.8185273758898552,1.9951009484718412
1825,-0.7128335677289368,-0.6724105419469656
1826,-0.6969181326071446,-0.6724105419469656
1827,-0.4259791065958152,-0.6724105419469656
1828,-0.5249716016316983,-0.6724105419469656
1829,-0.3970844349696767,-0.6724105419469656
1830,-0.6923389393883197,-0.6724105419469656
1831,-0.3096751714931348,-0.6724105419469656
1832,-0.4548344605064154,-0.6724105419469656
1833,-0.3714191759876644,-0.6724105419469656
1834,-0.38958869697598886,-0.6724105419469656
1835,-0.32457677386514705,-0.6724105419469656
1836,-0.6436540291149263,-0.6724105419469656
1837,-0.8398222220529302,-0.6724105419469656
1838,-0.8245825014463009,-0.6724105419469656
1839,-0.7874846516074486,-0.6724105419469656
1840,-0.7110350305364316,-0.6724105419469656
1841,-0.8298911295383847,-0.6724105419469656
1842,-0.962642636935132,-0.6724105419469656
1843,-0.9785356504186046,-0.6724105419469656
1844,-0.9798933487504685,-0.6724105419469656
1845,-0.9257875610455644,-0.6724105419469656
1846,-0.7389712289190943,-0.6724105419469656
1847,-0.8455759113019491,-0.6724105419469656
1848,-0.8937514777127236,-0.6724105419469656
1849,-0.9276359299128484,-0.6724105419469656
1850,-0.8004425744871596,-0.6724105419469656
1851,-0.471056094154902,-0.6724105419469656
1852,-0.42663237480718447,-0.6724105419469656
1853,-0.35095294286546297,-0.6724105419469656
1854,-0.4588261481687062,-0.6724105419469656
1855,-0.3353112973256485,-0.6724105419469656
1856,-0.46054760175025283,-0.6724105419469656
1857,-0.4775973006541345,-0.6724105419469656
1858,-0.5793981519204882,-0.6724105419469656
1859,-0.2846077772962263,-0.6724105419469656
1860,-0.5535317116949736,-0.6724105419469656
1861,-0.5143863558576915,-0.6724105419469656
1862,-0.5539913453348032,-0.6724105419469656
1863,-0.6523396704603465,-0.6724105419469656
1864,-0.6434697164482268,-0.6724105419469656
1865,-0.909992977253917,-0.6724105419469656
1866,-0.8513322599754912,-0.6724105419469656
1867,-0.9528359869727592,-0.6724105419469656
1868,-0.981473026105507,-0.6724105419469656
1869,-0.554348289411641,-0.6724105419469656
1870,-0.8752675652790884,-0.6724105419469656
1871,-0.900973622835463,-0.6724105419469656
1872,-1.0660496384551528,-0.6724105419469656
1873,-0.6475652741913183,-0.6724105419469656
1874,-0.7197865612833809,-0.6724105419469656
1875,-0.5818346718956526,-0.6724105419469656
1876,-0.4378734100360392,-0.6724105419469656
1877,-0.6524917764553648,-0.6724105419469656
1878,-0.3231202212129802,-0.6724105419469656
1879,-0.364183159407349,-0.6724105419469656
1880,-0.3052912235018135,-0.6724105419469656
1881,-0.5158043427444987,-0.6724105419469656
1882,-0.49974676932430334,-0.6724105419469656
1883,-0.5334224912157699,-0.6724105419469656
1884,-0.43270853077114113,-0.6724105419469656
1885,-0.6049961272406991,-0.6724105419469656
1886,-0.5603590072901828,-0.6724105419469656
1887,-0.6465286266781706,-0.6724105419469656
1888,-0.7121349699391627,-0.6724105419469656
1889,-0.8607843509700043,-0.6724105419469656
1890,-0.7629575789393743,-0.6724105419469656
1891,-0.9601797789860845,-0.6724105419469656
1892,-0.8622688608655922,-0.6724105419469656
1893,-0.9312379718563645,-0.6724105419469656
1894,-0.8313055589267297,-0.6724105419469656
1895,-1.0307491772139579,-0.6724105419469656
1896,-1.0348933995850422,-0.6724105419469656
1897,-0.8495033471502772,-0.6724105419469656
1898,-0.7816614120510834,-0.6724105419469656
1899,-0.5921228437861676,-0.6724105419469656
1900,-0.5078614262534912,-0.6724105419469656
1901,-0.7221991766857945,-0.6724105419469656
1902,-0.594069057992691,-0.6724105419469656
1903,-0.6686781838713408,-0.6724105419469656
1904,-0.6195454860586642,-0.6724105419469656
1905,-0.3935853536289975,-0.6724105419469656
1906,-0.47870404599429606,-0.6724105419469656
1907,0.24774110496098387,-0.04783715115483608
1908,0.05078009559000288,-0.04783715115483608
1909,0.10558919958467822,-0.04783715115483608
1910,-0.02091040615828227,-0.04783715115483608
1911,0.10132984051307409,-0.04783715115483608
1912,-0.025361996306613413,-0.04783715115483608
1913,-0.12281074394790473,-0.04783715115483608
1914,-0.13907048324597449,-0.04783715115483608
1915,-0.2298476355101227,-0.04783715115483608
1916,-0.21995700896086076,-0.04783715115483608
1917,-0.319310929603527,-0.04783715115483608
1918,-0.5095721712993422,-0.04783715115483608
1919,-0.48815843651568636,-0.04783715115483608
1920,-0.3281164932084263,-0.04783715115483608
1921,-0.23936001236241022,-0.04783715115483608
1922,-0.2451781909479659,-0.04783715115483608
1923,-0.13688015114057478,-0.04783715115483608
1924,-0.04366623226689261,-0.04783715115483608
1925,-0.2099553719269337,-0.04783715115483608
1926,-0.13114847902653096,-0.04783715115483608
1927,-0.08939586678080427,-0.04783715115483608
1928,0.01790647434841959,-0.04783715115483608
1929,0.13738722935303124,-0.04783715115483608
1930,0.39729392542373965,-0.04783715115483608
1931,0.23915367413829663,-0.04783715115483608
1932,0.22198792255854738,-0.04783715115483608
1933,0.20162356893097255,-0.04783715115483608
1934,0.08981031522721997,-0.04783715115483608
1935,0.14890073525656503,-0.04783715115483608
1936,0.16658631048528547,-0.04783715115483608
1937,-0.24174658938259183,-0.04783715115483608
1938,-0.0416930926634233,-0.04783715115483608
1939,-0.2752769415289309,-0.04783715115483608
1940,-0.00475159692274503,-0.04783715115483608
1941,-0.2387795895686092,-0.04783715115483608
1942,-0.3662415081555984,-0.04783715115483608
1943,-0.2191703806375543,-0.04783715115483608
1944,-0.2728984905528804,-0.04783715115483608
1945,-0.3706112258104253,-0.04783715115483608
1946,-0.2977339721064577,-0.04783715115483608
1947,-0.2890781132398764,-0.04783715115483608
1948,-0.09081808117437343,-0.04783715115483608
1949,-0.12202527238771213,-0.04783715115483608
1950,-0.0637286576972801,-0.04783715115483608
1951,0.09609456394728223,-0.04783715115483608
1952,0.07243874382129913,-0.04783715115483608
1953,0.043205608509996635,-0.04783715115483608
1954,0.24637518759963906,-0.04783715115483608
1955,0.27555583178395726,-0.04783715115483608
1956,0.2162641631771664,-0.04783715115483608
1957,0.18724149031954324,-0.04783715115483608
1958,0.10595225207090334,-0.04783715115483608
1959,0.28383628299437225,-0.04783715115483608
1960,0.08853539968755864,-0.04783715115483608
1961,0.10412343529337907,-0.04783715115483608
1962,0.013555041591837704,-0.04783715115483608
1963,0.0021127273515775154,-0.04783715115483608
1964,-0.1478801051702745,-0.04783715115483608
1965,-0.09041434016260655,-0.04783715115483608
1966,-0.3647357438849582,-0.04783715115483608
1967,-0.33544321955588724,-0.04783715115483608
1968,-0.3211251011329549,-0.04783715115483608
1969,-0.4565451376617836,-0.04783715115483608
1970,-0.3619880556444266,-0.04783715115483608
1971,-0.20806610555058214,-0.04783715115483608
1972,-0.308480819469938,-0.04783715115483608
1973,-0.045623236857260684,-0.04783715115483608
1974,-0.15093492973919412,-0.04783715115483608
1975,0.030737933273946232,-0.04783715115483608
1976,0.07540456677108955,-0.04783715115483608
1977,0.14828072690017685,-0.04783715115483608
1978,0.12780367099501996,-0.04783715115483608
1979,0.22256380579162235,-0.04783715115483608
1980,0.15181645814881606,-0.04783715115483608
1981,0.11056429027991718,-0.04783715115483608
1982,0.19226875994210624,-0.04783715115483608
1983,0.3520697062905913,-0.04783715115483608
1984,0.051494449256090424,-0.04783715115483608
1985,0.07435841945372364,-0.04783715115483608
1986,-0.15199011370668997,-0.04783715115483608
1987,-0.14383006119690644,-0.04783715115483608
1988,-0.1304660055677324,-0.04783715115483608
1989,-0.09966958613159156,-0.04783715115483608
1990,-0.15255390382584236,-0.04783715115483608
1991,-0.17446388933574405,-0.04783715115483608
1992,-0.3717222805874475,-0.04783715115483608
1993,-0.15281478490162193,-0.04783715115483608
1994,-0.342972774813978,-0.04783715115483608
1995,-0.16026369161600323,-0.04783715115483608
1996,-0.3924167121467704,-0.04783715115483608
1997,-0.17825506491706378,-0.04783715115483608
1998,-0.15752348913815445,-0.04783715115483608
1999,-0.03201084217445545,-0.04783715115483608
2000,-0.19795191240065818,-0.04783715115483608
2001,-0.009076764590471777,-0.04783715115483608
2002,0.01865730807933559,-0.04783715115483608
2003,0.1452716532097861,-0.04783715115483608
2004,0.21965892124127345,-0.04783715115483608
2005,0.2300045790705422,-0.04783715115483608
2006,0.19975776423621397,-0.04783715115483608
2007,0.12251318747074477,-0.04783715115483608
2008,0.10447074549178953,-0.04783715115483608
2009,0.07188951715566137,-0.04783715115483608
2010,-0.058477258130438,-0.04783715115483608
2011,0.1268307562735779,-0.04783715115483608
2012,-0.10690335336842535,-0.04783715115483608
2013,-0.04552803605902907,-0.04783715115483608
2014,-0.30845718284569923,-0.04783715115483608
2015,-0.20103651782869308,-0.04783715115483608
2016,-0.2253789520250402,-0.04783715115483608
2017,-0.12053028994029955,-0.04783715115483608
2018,-0.5208243619279257,-0.04783715115483608
2019,-0.2034558924678663,-0.04783715115483608
2020,-0.17713412838596349,-0.04783715115483608
2021,-0.41545687145259325,-0.04783715115483608
2022,-0.11804323072824771,-0.04783715115483608
2023,-0.1816309962549055,-0.04783715115483608
2024,-0.007641347651008386,-0.04783715115483608
2025,0.0424985237722911,-0.04783715115483608
2026,-0.11221502759251814,-0.04783715115483608
2027,0.20528077883996337,-0.04783715115483608
2028,0.30342167612801046,-0.04783715115483608
2029,0.08569560882704069,-0.04783715115483608
2030,0.26563623303329764,-0.04783715115483608
2031,0.18495286821299042,-0.04783715115483608
2032,0.057296934141779554,-0.04783715115483608
2033,0.1304285327107479,-0.04783715115483608
2034,0.3573606139162711,-0.04783715115483608
2035,0.11297194648497713,-0.04783715115483608
2036,-0.07708423266094967,-0.04783715115483608
2037,-0.028538604455932124,-0.04783715115483608
2038,-0.13598074017349626,-0.04783715115483608
2039,0.11161662669297205,-0.04783715115483608
2040,-0.28502549954895096,-0.04783715115483608
2041,-0.24940350978665907,-0.04783715115483608
2042,-0.1778632472890116,-0.04783715115483608
2043,-0.2310510160573775,-0.04783715115483608
2044,-0.4427861363754426,-0.04783715115483608
2045,-0.11866963833214231,-0.04783715115483608
2046,-0.14171575991498175,-0.04783715115483608
2047,-0.2681252126584507,-0.04783715115483608
2048,-0.14136674131876817,-0.04783715115483608
2049,-0.1181133440702517,-0.04783715115483608
2050,-0.13376136640233366,-0.04783715115483608
2051,0.04883928243067489,-0.04783715115483608
2052,0.020283791705671697,-0.04783715115483608
2053,0.05763287603681343,-0.04783715115483608
2054,0.15368333334926493,-0.04783715115483608
2055,0.19088140817195232,-0.04783715115483608
2056,-0.019118896586324263,-0.04783715115483608
2057,0.2660175034862207,-0.04783715115483608
2058,0.24559238880727535,-0.04783715115483608
2059,0.07365242125198704,-0.04783715115483608
2060,0.03208239655001227,-0.04783715115483608
2061,-0.11606902032165328,-0.04783715115483608
2062,-0.1989943169334433,-0.04783715115483608
2063,6.230913457434123e-05,-0.04783715115483608
2064,-0.0579620799476532,-0.04783715115483608
2065,-0.27245694022394434,-0.04783715115483608
2066,-0.30547728660226675,-0.04783715115483608
2067,-0.2795805233902311,-0.04783715115483608
2068,-0.4118437207802393,-0.04783715115483608
2069,-0.39382346695207304,-0.04783715115483608
2070,-0.23262103639999598,-0.04783715115483608
2071,-0.18624024628987526,-0.04783715115483608
2072,-0.15376004111556282,-0.04783715115483608
2073,-0.2552040737079966,-0.04783715115483608
2074,-0.1737949159935243,-0.04783715115483608
2075,-0.04013612050440094,-0.04783715115483608
2076,-0.11277928493111736,-0.04783715115483608
2077,-0.008394356436897371,-0.04783715115483608
2078,0.03630518619371975,-0.04783715115483608
2079,0.23458083723426132,-0.04783715115483608
2080,0.264572792225397,-0.04783715115483608
2081,0.1825948199459415,-0.04783715115483608
2082,0.45896881531645395,-0.04783715115483608
2083,0.07642957804076365,-0.04783715115483608
2084,0.06518726303275273,-0.04783715115483608
2085,0.1097633553959065,-0.04783715115483608
2086,0.12162388626683002,-0.04783715115483608
2087,-0.16690282002635248,-0.04783715115483608
2088,-0.08644354228571643,-0.04783715115483608
2089,-0.07050920441075618,-0.04783715115483608
2090,-0.23270863674039657,-0.04783715115483608
2091,-0.3330819334273753,-0.04783715115483608
2092,-0.20433892955604294,-0.04783715115483608
2093,-0.0044131842277179145,0.2819752007626804
2094,-0.045040985652405385,0.2819752007626804
2095,0.030773212260591765,0.2819752007626804
2096,-0.1891333042347008,0.18697038262825497
2097,0.05275335035194653,0.18697038262825497
2098,0.16174342347368686,0.18697038262825497
2099,0.17863063709741497,0.18697038262825497
2100,0.11710431959901366,0.18697038262825497
2101,0.16781213176896798,0.18697038262825497
2102,0.3339711425295936,0.18697038262825497
2103,0.3988831011876036,0.18697038262825497
2104,0.3824578267413275,0.18697038262825497
2105,0.548693393923633,0.18697038262825497
2106,0.4421723223056218,0.18697038262825497
2107,0.4626312505121157,0.18697038262825497
2108,0.48440334223791603,0.18697038262825497
2109,0.31778364413364646,0.18697038262825497
2110,0.42918711402927306,0.18697038262825497
2111,0.2149155490563309,0.18697038262825497
2112,0.19043725961480737,0.18697038262825497
2113,0.0512895624847974,0.18697038262825497
2114,0.036049848960027234,0.18697038262825497
2115,-0.022166936807406612,0.18697038262825497
2116,-0.17702792278340623,0.18697038262825497
2117,0.01923608551441361,0.18697038262825497
2118,0.037481520567660354,0.18697038262825497
2119,-0.03660714027897535,0.18697038262825497
2120,0.040519256621886574,0.18697038262825497
2121,0.16852620485297362,0.18697038262825497
2122,0.012199479050758244,0.18697038262825497
2123,-0.010133657845565622,0.18697038262825497
2124,0.006677460893202952,0.18697038262825497
2125,-0.066344990262423,0.18697038262825497
2126,0.3057311536166442,0.18697038262825497
2127,0.10652766162734842,0.18697038262825497
2128,0.2157467113000057,0.18697038262825497
2129,0.48082236709371434,0.18697038262825497
2130,0.46878687816890735,0.18697038262825497
2131,0.5037374864812911,0.18697038262825497
2132,0.32275230056860216,0.18697038262825497
2133,0.5119597547585054,0.18697038262825497
2134,0.3031755947184809,0.18697038262825497
2135,0.43378486998464716,0.18697038262825497
2136,0.298227266088576,0.18697038262825497
2137,0.19713208280747696,0.18697038262825497
2138,0.18664285740310527,0.18697038262825497
2139,0.19748307079456756,0.18697038262825497
2140,0.15627879291950997,0.18697038262825497
2141,0.03062538201784573,0.18697038262825497
2142,-0.025038763560848554,0.18697038262825497
2143,-0.1913241050277293,0.18697038262825497
2144,-0.013025937295403911,0.18697038262825497
2145,0.060692417286465655,0.18697038262825497
2146,-0.0017852477251444065,0.18697038262825497
2147,-0.0515388972819944,0.18697038262825497
2148,0.0015340862138427114,0.18697038262825497
2149,0.2751459421656677,0.18697038262825497
2150,0.2710056443967483,0.18697038262825497
2151,0.4341266885319212,0.18697038262825497
2152,0.29995110772971173,0.18697038262825497
2153,0.430613031173692,0.18697038262825497
2154,0.46505618151951433,0.18697038262825497
2155,0.4459725955317465,0.18697038262825497
2156,0.4598390875149603,0.18697038262825497
2157,0.4040591873156031,0.18697038262825497
2158,0.5292428714833625,0.18697038262825497
2159,0.47698038812134114,0.18697038262825497
2160,0.4642692150526257,0.18697038262825497
2161,0.41157122758138587,0.18697038262825497
2162,0.3113315913661066,0.18697038262825497
2163,0.04080173544183843,0.18697038262825497
2164,0.07016727609645156,0.18697038262825497
2165,0.14097525892127294,0.18697038262825497
2166,-0.2237693099331828,0.18697038262825497
2167,-0.08169183756994589,0.18697038262825497
2168,-0.06511456319382744,0.18697038262825497
2169,-0.009896147042699921,0.18697038262825497
2170,-0.07472982936021136,0.18697038262825497
2171,0.03387601099876933,0.18697038262825497
2172,0.12436278632235206,0.18697038262825497
2173,0.18389487406819938,0.18697038262825497
2174,0.04132262483115612,0.18697038262825497
2175,0.2548582310261833,0.18697038262825497
2176,0.2848719523971613,0.18697038262825497
2177,0.3043760522477387,0.18697038262825497
2178,0.23633471828897204,0.18697038262825497
2179,0.4354059041701491,0.18697038262825497
2180,0.5302495791199633,0.18697038262825497
2181,0.29483284212964056,0.18697038262825497
2182,0.659392548036817,0.18697038262825497
2183,0.39301483561888606,0.18697038262825497
2184,0.19636976867576802,0.18697038262825497
2185,0.2315794654151963,0.18697038262825497
2186,0.37680458591468535,0.18697038262825497
2187,0.20091144215249235,0.18697038262825497
2188,0.057863273067958604,0.18697038262825497
2189,0.2003777642246235,0.18697038262825497
2190,-0.1436939346307198,0.18697038262825497
2191,0.14898460969846003,0.18697038262825497
2192,0.13097490714086013,0.18697038262825497
2193,-0.17658370627421102,0.18697038262825497
2194,-0.13203572247253678,0.18697038262825497
2195,-0.14489301227307833,0.18697038262825497
2196,-0.22828949071666932,0.18697038262825497
2197,-0.07768925078015188,0.18697038262825497
2198,-0.0795993473813486,0.18697038262825497
2199,0.09120887384954271,0.18697038262825497
2200,0.0567051164376975,0.18697038262825497
2201,0.31084108521942055,0.18697038262825497
2202,0.444674053263891,0.18697038262825497
2203,0.3134983424029829,0.18697038262825497
2204,0.28711888131383545,0.18697038262825497
2205,0.43919890463160993,0.18697038262825497
2206,0.3553463761316565,0.22044456734232382
2207,0.49408173011980394,0.22044456734232382
2208,0.371837657904406,0.22044456734232382
2209,0.43464070700383844,0.22044456734232382
2210,0.38652126242429097,0.22044456734232382
2211,0.3899801361603521,0.22044456734232382
2212,0.345918064046974,0.22044456734232382
2213,0.07427830317062051,0.22044456734232382
2214,0.031518794748332926,0.22044456734232382
2215,0.04982209886837752,0.22044456734232382
2216,0.13555331154118888,0.22044456734232382
2217,-0.04539488275207515,0.22044456734232382
2218,0.016133334340178357,0.22044456734232382
2219,0.03005371113835867,0.22044456734232382
2220,-0.10581350668888398,0.22044456734232382
2221,-0.04121778285579766,0.22044456734232382
2222,0.048386021106385846,0.22044456734232382
2223,0.056297817455557744,0.22044456734232382
2224,0.2682428996438898,0.22044456734232382
2225,0.2487792193472049,0.22044456734232382
2226,0.3213073589774582,0.22044456734232382
2227,0.24323830270385227,0.22044456734232382
2228,0.39791907594986153,0.22044456734232382
2229,0.43572354468069424,0.22044456734232382
2230,0.41460099273151446,0.22044456734232382
2231,0.6180164596857411,0.22044456734232382
2232,0.32743510254517727,0.22044456734232382
2233,0.39471135651779726,0.22044456734232382
2234,0.41629372700641676,0.22044456734232382
2235,0.5907977281180017,0.22044456734232382
2236,0.260554591437854,0.22044456734232382
2237,0.23220319069991358,0.22044456734232382
2238,0.22505443169605116,0.22044456734232382
2239,0.12973523210035115,0.22044456734232382
2240,-0.0033192079007076103,0.22044456734232382
2241,0.08467382856512964,0.22044456734232382
2242,-0.03622732098779968,0.22044456734232382
2243,-0.015247363619305815,0.22044456734232382
2244,0.10366844817321119,0.22044456734232382
2245,-0.054161758899002155,0.22044456734232382
2246,0.11149724629716859,0.22044456734232382
2247,-0.09580016386743136,0.22044456734232382
2248,0.19802864559627237,0.22044456734232382
2249,0.27427562787413384,0.22044456734232382
2250,0.3243298932271729,0.22044456734232382
2251,0.19272264565237823,0.22044456734232382
2252,0.267849867695964,0.22044456734232382
2253,0.3472435848671709,0.22044456734232382
2254,0.580366951401737,0.22044456734232382
2255,0.40235504386273135,0.22044456734232382
2256,0.3786670145073696,0.22044456734232382
2257,0.5151756898403534,0.22044456734232382
2258,0.44345498267334704,0.22044456734232382
2259,0.3603839583697499,0.22044456734232382
2260,0.4573150191357494,0.22044456734232382
2261,0.2901828822633127,0.22044456734232382
2262,0.13082572886458144,0.22044456734232382
2263,0.041926551267715655,0.22044456734232382
2264,0.23941759605369567,0.22044456734232382
2265,-0.13784491854241168,0.22044456734232382
2266,0.04264721484646389,0.22044456734232382
2267,-0.05483372802808448,0.22044456734232382
2268,-0.019368911665536753,0.22044456734232382
2269,-0.0016654722841493164,0.22044456734232382
2270,0.0067492176823304995,0.22044456734232382
2271,0.22878206675868698,0.22044456734232382
2272,0.024761304113771976,0.22044456734232382
2273,0.045369605424617904,0.22044456734232382
2274,0.20202288310438665,0.22044456734232382
2275,0.14834836964884296,0.22044456734232382
2276,0.27362848485379787,0.22044456734232382
2277,0.41702382145459715,0.22044456734232382
2278,0.3765852620754546,0.22044456734232382
2279,0.3223599422063654,0.22044456734232382
2280,0.49741824220350783,0.22044456734232382
2281,0.4198131355599808,0.22044456734232382
2282,0.3763193678484892,0.22044456734232382
2283,0.4745899659835695,0.22044456734232382
2284,0.40157669015649117,0.22044456734232382
2285,0.4030820188067047,0.22044456734232382
2286,0.25091753925823257,0.22044456734232382
2287,0.3450436095467271,0.22044456734232382
2288,0.2617985031712849,0.22044456734232382
2289,0.16669183854693898,0.22044456734232382
2290,-0.010342068182105368,0.22044456734232382
2291,-0.03239768822124864,0.22044456734232382
2292,0.026612872748608934,0.22044456734232382
2293,-0.008205047651214437,0.22044456734232382
2294,0.002445163937698669,0.22044456734232382
2295,-0.1501555532452339,0.22044456734232382
2296,-0.019215572650908008,0.22044456734232382
2297,0.20244225361187929,0.22044456734232382
2298,-0.021469897246466862,0.22044456734232382
2299,0.11188198933778798,0.22044456734232382
2300,0.2513347229938508,0.22044456734232382
2301,0.31900201499710656,0.22044456734232382
2302,0.31815215763827576,0.22044456734232382
2303,0.5224477356462555,0.22044456734232382
2304,0.51829284061528,0.22044456734232382
2305,0.3453542954455374,0.22044456734232382
2306,0.6786877078501903,0.22044456734232382
2307,0.5304706894089324,0.22044456734232382
2308,0.47829976314983913,0.22044456734232382
2309,0.435367211243914,0.22044456734232382
2310,0.3958978308420303,0.22044456734232382
2311,0.28433956185469117,0.22044456734232382
2312,0.23732194191183764,0.22044456734232382
2313,0.2628437124619186,0.22044456734232382
2314,0.21706659880303153,0.22044456734232382
2315,-0.09145139059774302,0.22044456734232382
2316,-0.02874483906497799,0.22044456734232382
2317,-0.012425780292596278,0.22044456734232382
2318,-0.03177108456081376,0.22044456734232382
2319,0.012616768367635672,0.22044456734232382
2320,-0.0003175336159525477,0.22044456734232382
2321,-0.008072754699557788,0.22044456734232382
2322,0.04570353509304642,0.22044456734232382
2323,0.04909027177825802,0.22044456734232382
2324,0.05501046277337937,0.22044456734232382
2325,0.4001054016623163,0.22044456734232382
2326,0.38551719573134136,0.22044456734232382
2327,0.3806446895684251,0.22044456734232382
2328,0.4175791260525521,0.22044456734232382
2329,0.5132883270623446,0.22044456734232382
2330,0.5057569709071599,0.22044456734232382
2331,0.47275515561847753,0.22044456734232382
2332,0.33191503686514545,0.22044456734232382
2333,0.3135535647700498,0.22044456734232382
2334,0.4435797458754207,0.22044456734232382
2335,0.4509232697839606,0.22044456734232382
2336,0.4436411802465375,0.22044456734232382
2337,0.2592088367601864,0.22044456734232382
2338,0.16016313728006631,0.22044456734232382
2339,0.014186407791888303,0.22044456734232382
2340,0.07712498052509295,0.22044456734232382
2341,0.03035981249567618,0.22044456734232382
2342,0.12011434677221797,0.22044456734232382
2343,-0.016562973687005655,0.22044456734232382
2344,0.07656870093299328,0.22044456734232382
2345,-0.08098568476216614,0.22044456734232382
2346,0.03510501609929301,0.22044456734232382
2347,-0.00856765530057435,0.22044456734232382
2348,0.2920479039649616,0.22044456734232382
2349,0.12807311732363852,0.22044456734232382
2350,0.2689857503740574,0.22044456734232382
2351,0.19714689740431193,0.22044456734232382
2352,0.24006285701676575,0.22044456734232382
2353,0.44804579626821434,0.22044456734232382
2354,0.38102477572751114,0.22044456734232382
2355,0.6741744400021936,0.22044456734232382
2356,0.4460818463664481,0.22044456734232382
2357,0.575950435582138,0.22044456734232382
2358,0.4809454966574953,0.22044456734232382
2359,0.41652462762857834,0.22044456734232382
2360,0.37652990813244364,0.22044456734232382
2361,0.2928125578743498,0.22044456734232382
2362,0.21723917166358767,0.22044456734232382
2363,0.3770749699007421,0.22044456734232382
2364,-0.050412371148593794,0.22044456734232382
2365,-0.02752908165691821,0.22044456734232382
2366,-0.011233582004966436,0.22044456734232382
2367,-0.10397316943575358,0.22044456734232382
2368,0.0608166927105408,0.22044456734232382
2369,-0.07470923662101626,0.22044456734232382
2370,0.04724135756821593,0.22044456734232382
2371,0.39867782086655046,0.22044456734232382
2372,-0.012646071287629498,0.22044456734232382
2373,-0.007973512353708329,0.22044456734232382
2374,0.23658539992309796,0.22044456734232382
2375,0.2914858778316831,0.22044456734232382
2376,0.28786171695414703,0.22044456734232382
2377,-0.8541325915098733,-1.032272791050597
2378,-0.6883388023538046,-1.032272791050597
2379,-0.8430846577213008,-1.032272791050597
2380,-0.7972856793150476,-1.032272791050597
2381,-0.8077872768274202,-1.032272791050597
2382,-0.7796499818102716,-1.032272791050597
2383,-0.6674507579599679,-1.032272791050597
2384,-0.8697719600948173,-1.032272791050597
2385,-0.8654744964338551,-1.032272791050597
2386,-1.00413098450067,-1.032272791050597
2387,-1.0057266719360032,-1.032272791050597
2388,-1.1248198347948892,-1.032272791050597
2389,-1.0352080259618934,-1.032272791050597
2390,-1.045920147604574,-1.032272791050597
2391,-1.510037090727643,-1.032272791050597
2392,-1.2383848364398802,-1.032272791050597
2393,-1.2303344276354369,-1.032272791050597
2394,-1.3002387055236286,-1.032272791050597
2395,-1.4414154802576347,-1.032272791050597
2396,-1.4005438546869216,-1.032272791050597
2397,-0.9991022663590267,-1.032272791050597
2398,-1.1913452065254753,-1.032272791050597
2399,-1.0983815835191357,-1.032272791050597
2400,-1.1047830454025027,-1.032272791050597
2401,-1.0254583005946094,-1.032272791050597
2402,-0.8172039698929147,-1.032272791050597
2403,-0.8741683617959745,-1.032272791050597
2404,-0.8733391096506087,-1.032272791050597
2405,-0.5995486444537155,-1.032272791050597
2406,-0.8567309946857854,-1.032272791050597
2407,-0.6765927957010678,-1.032272791050597
2408,-0.7817408713166784,-1.032272791050597
2409,-0.8307034030409952,-1.032272791050597
2410,-0.8178540228105243,-1.032272791050597
2411,-1.103778679797108,-1.032272791050597
2412,-1.1320509850575,-1.032272791050597
2413,-1.095388484800637,-1.032272791050597
2414,-1.3047839804761265,-1.032272791050597
2415,-1.2637531309965546,-1.032272791050597
2416,-1.129224358498505,-1.032272791050597
2417,-1.305547522732441,-1.032272791050597
2418,-1.3280111252334637,-1.032272791050597
2419,-1.21904872592526,-1.032272791050597
2420,-1.3400750832020458,-1.032272791050597
2421,-1.0802947030513297,-1.032272791050597
2422,-1.2459346440063355,-1.032272791050597
2423,-1.196291468381717,-1.032272791050597
2424,-1.1467657491685779,-1.032272791050597
2425,-0.7522354358559326,-1.032272791050597
2426,-0.9454673965975832,-1.032272791050597
2427,-0.8501559441152657,-1.032272791050597
2428,-0.808166171699899,-1.032272791050597
2429,-0.671296919167504,-1.032272791050597
2430,-0.8110444276433131,-1.032272791050597
2431,-0.9068265566458128,-1.032272791050597
2432,-0.652954468172242,-1.032272791050597
2433,-1.0900503905314693,-1.032272791050597
2434,-0.8261098977571507,-1.032272791050597
2435,-0.9164129951916763,-1.032272791050597
2436,-1.026994606459061,-1.032272791050597
2437,-1.1153638193464244,-1.032272791050597
2438,-1.1058748183058642,-1.032272791050597
2439,-1.0744466218554634,-1.032272791050597
2440,-1.3175080758848532,-1.032272791050597
2441,-1.4630636877440848,-1.032272791050597
2442,-1.4021394793532262,-1.032272791050597
2443,-1.31513409890002,-1.032272791050597
2444,-1.2288483581023546,-1.032272791050597
2445,-1.3080106992766365,-1.032272791050597
2446,-1.2105107231792214,-1.032272791050597
2447,-1.2035076708087098,-1.032272791050597
2448,-1.249224942503012,-1.032272791050597
2449,-1.0779441642332723,-1.032272791050597
2450,-0.9337739639552965,-1.032272791050597
2451,-1.139459390904115,-1.032272791050597
2452,-0.962534829455707,-1.032272791050597
2453,-0.8176496083565745,-1.032272791050597
2454,-0.6960271891888465,-1.032272791050597
2455,-0.8277354632663253,-1.032272791050597
2456,-0.8064986233776824,-1.032272791050597
2457,-1.0229362073533599,-1.032272791050597
2458,-0.8905800826195882,-1.032272791050597
2459,-0.6662612778219714,-1.032272791050597
2460,-0.846136800167053,-1.032272791050597
2461,-0.9409236460599083,-1.032272791050597
2462,-0.972723512195895,-1.032272791050597
2463,-0.7477429089109395,-1.032272791050597
2464,-0.9619355328527416,-1.032272791050597
2465,-1.1960392392847006,-1.032272791050597
2466,-1.132111924708409,-1.032272791050597
2467,-1.341243984489789,-1.032272791050597
2468,-1.3111851271833141,-1.032272791050597
2469,-1.4321556672870344,-1.032272791050597
2470,-1.2446690486362069,-1.032272791050597
2471,-1.3862531315069284,-1.032272791050597
2472,-1.1169650475593607,-1.032272791050597
2473,-1.1390731277779707,-1.032272791050597
2474,-1.093192674423759,-1.032272791050597
2475,-1.079550126318196,-1.032272791050597
2476,-1.0687555815021141,-1.032272791050597
2477,-0.9862007143081499,-1.032272791050597
2478,-1.0291712700230677,-1.032272791050597
2479,-0.9130618989806956,-1.032272791050597
2480,-0.8196142547326243,-1.032272791050597
2481,-0.8245227208855253,-1.032272791050597
2482,-0.7413251493946792,-1.032272791050597
2483,-0.6502697868224627,-1.032272791050597
2484,-0.6619527955579492,-1.032272791050597
2485,-0.8900142557428086,-1.032272791050597
2486,-1.0672852316900443,-1.032272791050597
2487,-0.870932714971975,-1.032272791050597
2488,-1.126893086170113,-1.032272791050597
2489,-1.103425335826259,-1.032272791050597
2490,-1.2547511800000521,-1.032272791050597
2491,-1.1970553483572572,-1.032272791050597
2492,-1.2484412681221644,-1.032272791050597
2493,-1.016353562991885,-1.032272791050597
2494,-1.2875441565450445,-1.032272791050597
2495,-1.08890454252148,-1.032272791050597
2496,-1.4181587590321432,-1.032272791050597
2497,-1.112494809376696,-1.032272791050597
2498,-1.2174844616284322,-1.032272791050597
2499,-0.8990759863614234,-1.032272791050597
2500,-0.8998014573817515,-1.032272791050597
2501,-0.9189447970128191,-1.032272791050597
2502,-0.791270984087582,-1.032272791050597
2503,-0.8462496986320198,-1.032272791050597
2504,-0.9346921019709603,-1.032272791050597
2505,-0.9794399213456374,-1.032272791050597
2506,-0.6358122018762042,-1.032272791050597
2507,-0.6327319937464688,-1.032272791050597
2508,-0.8309578354368512,-1.032272791050597
2509,-0.7692184385135734,-1.032272791050597
2510,-0.9257230925100781,-1.032272791050597
2511,-1.0052027409197555,-1.032272791050597
2512,-1.0745840703613707,-1.032272791050597
2513,-1.0777356157576863,-1.032272791050597
2514,-1.0412217350425337,-1.032272791050597
2515,-1.198665416813667,-1.032272791050597
2516,-1.1797952012243962,-1.032272791050597
2517,-1.280730212805362,-1.032272791050597
2518,-1.309297925965383,-1.032272791050597
2519,-1.3548779617157518,-1.032272791050597
2520,-1.1938674448912403,-1.032272791050597
2521,-1.251784484092397,-1.032272791050597
2522,-1.2461993433739464,-1.032272791050597
2523,-1.2314463594814573,-1.032272791050597
2524,-1.0305009927801352,-1.032272791050597
2525,-1.1263912973238852,-1.032272791050597
2526,-0.9722036482890126,-1.032272791050597
2527,-0.7692013939312843,-1.032272791050597
2528,-0.8471009139840856,-1.032272791050597
2529,-0.7798421123334174,-1.032272791050597
2530,-0.972720853614813,-1.032272791050597
2531,-0.700119384316335,-1.032272791050597
2532,-0.7899752853329658,-1.032272791050597
2533,-0.8248145547575507,-1.032272791050597
2534,-0.8440283749475379,-1.032272791050597
2535,-0.8008832810603602,-1.032272791050597
2536,-0.9524942440309655,-1.032272791050597
2537,-0.8670945009274262,-1.032272791050597
2538,-1.030412532603202,-1.032272791050597
2539,-1.1608710472117962,-1.032272791050597
2540,-1.2561213275162921,-1.032272791050597
2541,-1.152979430673562,-1.032272791050597
2542,-1.3484944295213708,-1.032272791050597
2543,-1.3069628823381911,-1.032272791050597
2544,-1.2805892507035714,-1.032272791050597
2545,-1.2984148933613893,-1.032272791050597
2546,-1.282506266563138,-1.032272791050597
2547,-1.0917394075516176,-1.032272791050597
2548,-1.2045325081134843,-1.032272791050597
2549,-0.8880820193186866,-1.032272791050597
2550,-1.070505574769334,-1.032272791050597
2551,-0.9378636718090709,-1.032272791050597
2552,-0.9282674593587501,-1.032272791050597
2553,-0.8474878247165221,-1.032272791050597
2554,-0.6751332518999885,-1.032272791050597
2555,-0.8019580306281789,-1.032272791050597
2556,-1.0094103354417774,-1.032272791050597
2557,-0.8395963307042682,-1.032272791050597
2558,-0.866365438493158,-1.032272791050597
2559,-0.9369424617100308,-1.032272791050597
2560,-0.7885212629084021,-1.032272791050597
2561,-1.0848950452577069,-1.032272791050597
2562,-0.9752684773890697,-1.032272791050597
2563,-1.2171576248035514,-1.032272791050597
2564,-1.1193053042302572,-1.032272791050597
2565,-1.087388056956722,-1.032272791050597
2566,-1.3517966979268659,-1.032272791050597
2567,-1.277179937339399,-1.032272791050597
2568,-1.4215893150471273,-1.032272791050597
2569,-1.2888306838882173,-1.032272791050597
2570,-1.2549718639180194,-1.032272791050597
2571,-1.350593767647088,-1.032272791050597
2572,-1.2928395153834609,-1.032272791050597
2573,-1.2966701964238248,-1.032272791050597
2574,-1.019541128566759,-1.032272791050597
2575,-1.0720318803026827,-1.032272791050597
2576,-1.0019550747802208,-1.032272791050597
2577,-0.940172953244861,-1.032272791050597
2578,-0.8819965432023444,-1.032272791050597
2579,-0.9402547707853353,-1.032272791050597
2580,-0.7738322015243364,-1.032272791050597
2581,-0.8065364730087606,-1.032272791050597
2582,-0.7682504528879839,-1.032272791050597
2583,-0.8878027442712693,-1.032272791050597
2584,-0.6949273016062503,-1.032272791050597
2585,-0.9832391707004693,-1.032272791050597
2586,-1.0324468660977422,-1.032272791050597
2587,-0.9420044843689561,-1.032272791050597
2588,-0.885263640128173,-1.032272791050597
2589,-1.446815459010268,-1.032272791050597
2590,-1.2258589344007282,-1.032272791050597
2591,-1.1229866958678005,-1.032272791050597
2592,-1.31031867527391,-1.032272791050597
2593,-1.365295882370844,-1.032272791050597
2594,-1.3137848360022857,-1.032272791050597
2595,-1.2386050643489244,-1.032272791050597
2596,-1.285664935616786,-1.032272791050597
2597,-1.194842766432524,-1.032272791050597
2598,-1.1777882386627487,-1.032272791050597
2599,-1.190707191723045,-1.032272791050597
2600,-1.1021834071900036,-1.032272791050597
2601,-1.0029609049222334,-1.032272791050597
2602,-0.9276474994430334,-1.032272791050597
2603,-0.7912222752433086,-1.032272791050597
2604,-0.7998970989408338,-1.032272791050597
2605,-0.7080933445313301,-1.032272791050597
2606,-0.8553897053543834,-1.032272791050597
2607,-0.8601310896731571,-1.032272791050597
2608,-0.7432395457273772,-1.032272791050597
2609,-0.8529968040080038,-1.032272791050597
2610,-1.06008132927912,-1.032272791050597
2611,-0.7968526745996799,-1.032272791050597
2612,-1.0690828164177288,-1.032272791050597
2613,-0.9539245425898295,-1.032272791050597
2614,-1.220265363306593,-1.032272791050597
2615,-0.08869699728923285,-0.03930680043188165
2616,-0.30080233991703914,-0.03930680043188165
2617,-0.4053859648594217,-0.03930680043188165
2618,-0.30354030377268637,-0.03930680043188165
2619,-0.2286728783702217,-0.03930680043188165
2620,-0.24978414869477103,-0.03930680043188165
2621,-0.35270009525716545,-0.03930680043188165
2622,-0.08945166434316484,-0.03930680043188165
2623,-0.204613089311033,-0.03930680043188165
2624,-0.16926015165865355,-0.03930680043188165
2625,-0.08849736430738145,-0.03930680043188165
2626,-0.029454556851602837,-0.03930680043188165
2627,-0.0022088796488096973,-0.03930680043188165
2628,0.16755812141445536,-0.03930680043188165
2629,0.14285697277367984,-0.03930680043188165
2630,0.2814533208202499,-0.03930680043188165
2631,0.39143804644838576,-0.03930680043188165
2632,-0.04752894154544263,-0.03930680043188165
2633,0.13815835469514354,-0.03930680043188165
2634,0.08396741298731474,-0.03930680043188165
2635,0.027670729972018193,-0.03930680043188165
2636,0.0446308555571502,-0.03930680043188165
2637,-0.0887679044729309,-0.03930680043188165
2638,-0.012320233790458194,-0.03930680043188165
2639,-0.12989111073195886,-0.03930680043188165
2640,-0.2828525249996974,-0.03930680043188165
2641,-0.18724971769032614,-0.03930680043188165
2642,-0.2783981220243124,-0.03930680043188165
2643,-0.14643826168269342,-0.03930680043188165
2644,-0.23240558140841128,-0.03930680043188165
2645,-0.20204272797453188,-0.03930680043188165
2646,-0.2746802668966063,-0.03930680043188165
2647,-0.27936809430901055,-0.03930680043188165
2648,-0.17251380256040688,-0.03930680043188165
2649,-0.09552834305010259,-0.03930680043188165
2650,-0.08486796424499189,-0.03930680043188165
2651,0.0330162444697088,-0.03930680043188165
2652,0.21861342621766894,-0.03930680043188165
2653,0.27950586345928297,-0.03930680043188165
2654,0.275754425193084,-0.03930680043188165
2655,0.08423882351969951,-0.03930680043188165
2656,0.209162393354969,-0.03930680043188165
2657,0.1734065287858613,-0.03930680043188165
2658,0.15592407987708162,-0.03930680043188165
2659,0.014651201703199085,-0.03930680043188165
2660,-0.1420938155378515,-0.03930680043188165
2661,-0.01691342011365138,-0.03930680043188165
2662,0.01854984978534033,-0.03930680043188165
2663,0.08156338498150656,-0.03930680043188165
2664,0.10124995700389851,-0.03930680043188165
2665,-0.1752930647608436,-0.03930680043188165
2666,-0.24619250357696432,-0.03930680043188165
2667,-0.2147843428454581,-0.03930680043188165
2668,-0.4013298153519558,-0.03930680043188165
2669,-0.5050865552905245,-0.03930680043188165
2670,-0.5771818193914517,-0.03930680043188165
2671,-0.4263496062929123,-0.03930680043188165
2672,-0.16768601838862723,-0.03930680043188165
2673,-0.0987157596728945,-0.03930680043188165
2674,-0.06535244401377585,-0.03930680043188165
2675,-0.0686258783076129,-0.03930680043188165
2676,-0.007728841513189658,-0.03930680043188165
2677,0.08303881737095116,-0.03930680043188165
2678,0.27527859212041983,-0.03930680043188165
2679,-0.05013362429101495,-0.03930680043188165
2680,0.32735894002755533,-0.03930680043188165
2681,0.21930285548466552,-0.03930680043188165
2682,0.09566805704047598,-0.03930680043188165
2683,0.1683046281332636,-0.03930680043188165
2684,0.2676461653525917,-0.03930680043188165
2685,0.19729749989426495,-0.03930680043188165
2686,-0.10430094997360573,-0.03930680043188165
2687,-0.029534682660150774,-0.03930680043188165
2688,0.006730034025444909,-0.03930680043188165
2689,-0.13943381281307043,-0.03930680043188165
2690,-0.1511576909230883,-0.03930680043188165
2691,-0.24066531983205847,-0.03930680043188165
2692,-0.1635936142023028,-0.03930680043188165
2693,-0.24333358472459696,-0.03930680043188165
2694,0.9228537306756377,1.0660177211143698
2695,0.9008857346894579,1.0660177211143698
2696,0.8596539965802983,1.0660177211143698
2697,0.9188527166974865,1.0660177211143698
2698,0.7963697331535768,1.0660177211143698
2699,1.088696705862659,1.0660177211143698
2700,1.1852619231478483,1.0660177211143698
2701,1.2341865737529192,1.0660177211143698
2702,1.2491727978449083,1.0660177211143698
2703,1.2140268745752365,1.0660177211143698
2704,0.533884155046027,0.3456228158661011
2705,0.557369754495695,0.3456228158661011
2706,0.6137954239865397,0.3456228158661011
2707,0.6173581680546901,0.3456228158661011
2708,0.5073841555010453,0.3456228158661011
2709,0.6547979445908435,0.3456228158661011
2710,0.4832512236413026,0.3456228158661011
2711,0.6085928951007847,0.3456228158661011
2712,0.3445616656494555,0.3456228158661011
2713,0.4440181836695285,0.3456228158661011
2714,0.40307727653953085,0.3456228158661011
2715,0.35931837396699157,0.3456228158661011
2716,0.17938077025507754,0.3456228158661011
2717,-0.018018329961650592,0.3456228158661011
2718,-0.032671543658095686,0.3456228158661011
2719,0.004455472038524533,0.3456228158661011
2720,0.07790446152445454,0.3456228158661011
2721,0.12405457836860967,0.3456228158661011
2722,0.42269283982760686,0.3456228158661011
2723,0.306415223348515,0.3456228158661011
2724,0.33969784235667844,0.3456228158661011
2725,0.30653821891974986,0.3456228158661011
2726,0.4286975847540549,0.3456228158661011
2727,0.581487738414855,0.3456228158661011
2728,0.5226626662653857,0.3456228158661011
2729,1.3680233185591437,1.2073631313148128
2730,1.4911829535934802,1.2073631313148128
2731,1.5906924577308552,1.2073631313148128
2732,1.533732667483611,1.2073631313148128
2733,1.5537517274844446,1.2073631313148128
2734,1.1146216110759954,1.2073631313148128
2735,1.4261857796784028,1.2073631313148128
2736,1.4161469712890757,1.2073631313148128
2737,1.3483598337884233,1.2073631313148128
2738,0.9707323441489031,1.2073631313148128
2739,1.1450683095754641,1.2073631313148128
2740,1.1220594167105382,1.2073631313148128
2741,1.06609202999371,1.2073631313148128
2742,1.1954362286881226,1.2073631313148128
2743,0.9125985307239133,1.2073631313148128
2744,0.9163401971870417,1.2073631313148128
2745,1.0309813287578224,1.2073631313148128
2746,0.979031305930357,1.2073631313148128
2747,1.0299568811147246,1.2073631313148128
2748,0.9103603003070913,1.2073631313148128
2749,1.0756872032926545,1.2073631313148128
2750,1.2123097967570917,1.2073631313148128
2751,1.257819433620237,1.2073631313148128
2752,1.279440361294059,1.2073631313148128
2753,1.5563734558958517,1.2073631313148128
2754,1.2735995868002503,1.2073631313148128
2755,1.450792298793416,1.2073631313148128
2756,1.612310336241797,1.2073631313148128
2757,1.481291133696405,1.2073631313148128
2758,1.3946238927405414,1.2073631313148128
2759,1.2852264815777095,1.2073631313148128
2760,1.297129001736769,1.2073631313148128
2761,1.335158729626287,1.2073631313148128
2762,1.2359465114543673,1.2073631313148128
2763,1.2873308071906122,1.2073631313148128
2764,1.1712092907511082,1.2073631313148128
2765,1.039600141337541,1.2073631313148128
2766,1.0096126402213426,1.2073631313148128
2767,0.8085484622909648,1.2073631313148128
2768,0.9492139826184633,1.2073631313148128
2769,0.8559774846153158,1.2073631313148128
2770,1.0313898179432428,1.2073631313148128
2771,1.060887831142824,1.2073631313148128
2772,1.1062904169941055,1.2073631313148128
2773,1.1579243292748518,1.2073631313148128
2774,1.2014112649177509,1.2073631313148128
2775,1.2146359469107348,1.2073631313148128
2776,1.2845055007661408,1.2073631313148128
2777,1.4180869316066858,1.2073631313148128
2778,1.3460573192774048,1.2073631313148128
2779,1.2390092203799432,1.2073631313148128
2780,1.4263668837370644,1.2073631313148128
2781,1.5309724812826002,1.2073631313148128
2782,1.2459253788029134,1.2073631313148128
2783,1.5495738105385102,1.2073631313148128
2784,1.3819754267071012,1.2073631313148128
2785,1.4316598553779425,1.2073631313148128
2786,1.3221247108663334,1.2073631313148128
2787,0.9030447323232708,1.2073631313148128
2788,1.072096140859791,1.2073631313148128
2789,1.2237362117342285,1.2073631313148128
2790,0.9773837027982997,1.2073631313148128
2791,1.1458487115407923,1.2073631313148128
2792,0.9960671431633936,1.2073631313148128
2793,0.8525115718739649,1.2073631313148128
2794,1.0952050080733795,1.2073631313148128
2795,1.0117765956894245,1.2073631313148128
2796,0.9443480175757404,1.2073631313148128
2797,1.0754375163759673,1.2073631313148128
2798,0.9616364080281891,1.2073631313148128
2799,1.182275499865772,1.2073631313148128
2800,1.073042844253008,1.2073631313148128
2801,0.8922890495262125,0.9172079407955639
2802,0.9498474174922633,0.9172079407955639
2803,1.0953707908715877,0.9172079407955639
2804,1.1662806029220443,0.9172079407955639
2805,1.2001060824301335,0.9172079407955639
2806,1.0224775041908445,0.9172079407955639
2807,1.134231486306868,0.9172079407955639
2808,1.0005351826614715,0.9172079407955639
2809,1.2221380504673172,0.9172079407955639
2810,1.0241577511217286,0.9172079407955639
2811,1.1609464387225823,0.9172079407955639
2812,1.0321883229550406,0.9172079407955639
2813,0.9191170268150439,0.9172079407955639
2814,0.6627125675879293,0.9172079407955639
2815,0.7727846211947763,0.9172079407955639
2816,0.4953469172187891,0.9172079407955639
2817,0.6245882924496383,0.9172079407955639
2818,0.41167082390889354,0.9172079407955639
2819,0.7454410722321696,0.9172079407955639
2820,0.6074571238324122,0.9172079407955639
2821,0.7272982209430967,0.9172079407955639
2822,0.7089402536661358,0.9172079407955639
2823,0.7372882569952438,0.9172079407955639
2824,0.9244138593745056,0.9172079407955639
2825,0.8083929498647648,0.9172079407955639
2826,0.92847076219879,0.9172079407955639
2827,0.8950360095928038,0.9172079407955639
2828,1.048963637774106,0.9172079407955639
2829,1.0985628771292333,0.9172079407955639
2830,1.2760418207463562,0.9172079407955639
2831,1.0731348371552953,0.9172079407955639
2832,1.0992271576091341,0.9172079407955639
2833,1.1430961204384502,0.9172079407955639
2834,1.1605513329585462,0.9172079407955639
2835,1.1648073841059239,0.9172079407955639
2836,1.0418400688215355,0.9172079407955639
2837,0.9598971179668887,0.9172079407955639
2838,0.983328881237288,0.9172079407955639
2839,0.7003407957722296,0.9172079407955639
2840,0.9095358318306587,0.9172079407955639
2841,0.7687774350600302,0.9172079407955639
2842,0.7743710193086457,0.9172079407955639
2843,0.5144966778670514,0.9172079407955639
2844,0.586803600617968,0.9172079407955639
2845,-1.0227896293786065,-0.7888312467915162
2846,-1.0221900172133735,-0.7888312467915162
2847,-0.8941617577095582,-0.7888312467915162
2848,-0.9415645698621863,-0.7888312467915162
2849,-0.8074711327085115,-0.7888312467915162
2850,-0.7965237940543771,-0.7888312467915162
2851,-0.6556976820156655,-0.7888312467915162
2852,-0.7790517318898158,-0.7888312467915162
2853,-0.6260757556129494,-0.7888312467915162
2854,-0.4161273997489091,-0.7888312467915162
2855,-0.5475287365914536,-0.7888312467915162
2856,-0.43010558525507586,-0.7888312467915162
2857,-0.5186171604035867,-0.7888312467915162
2858,-0.6131270243152033,-0.7888312467915162
2859,-0.6787371507328619,-0.7888312467915162
2860,-0.7989140616214233,-0.7888312467915162
2861,-0.6814741598140424,-0.7888312467915162
2862,-0.5923553372411999,-0.7888312467915162
2863,-0.79262411840682,-0.7888312467915162
2864,-1.0700324508870338,-0.7888312467915162
2865,-0.8489906489009617,-0.7888312467915162
2866,-1.111109964865572,-0.7888312467915162
2867,-0.9459771188994235,-0.7888312467915162
2868,-1.2491653390379318,-0.7888312467915162
2869,-1.0359573950824774,-0.7888312467915162
2870,-1.1191535300794297,-0.7888312467915162
2871,-0.9713503316204335,-0.7888312467915162
2872,-0.8881717363628339,-0.7888312467915162
2873,-1.0064030318387527,-0.7888312467915162
2874,-0.8260676801196642,-0.7888312467915162
2875,-0.7269064761524949,-0.7888312467915162
2876,-0.7549041743553924,-0.7888312467915162
2877,-0.6591446455433507,-0.7888312467915162
2878,1.7406098203722382,1.4343680140431039
2879,1.6788796636124388,1.4343680140431039
2880,1.8264716660418052,1.4343680140431039
2881,1.7490119311003463,1.4343680140431039
2882,1.7163181789831814,1.4343680140431039
2883,1.6975940445348572,1.4343680140431039
2884,1.625688604313841,1.4343680140431039
2885,1.599351927520287,1.4343680140431039
2886,1.4677206745924645,1.4343680140431039
2887,1.4761890434195342,1.4343680140431039
2888,1.4548394996712322,1.4343680140431039
2889,1.371261493014307,1.4343680140431039
2890,1.2740096221000494,1.4343680140431039
2891,1.200100061054025,1.4343680140431039
2892,1.0143090917456896,1.4343680140431039
2893,1.2782354407456755,1.4343680140431039
2894,1.3207805434759308,1.4343680140431039
2895,1.18919866994296,1.4343680140431039
2896,1.2070470210620798,1.4343680140431039
2897,1.1905630423764195,1.4343680140431039
2898,1.2395811592710206,1.4343680140431039
2899,0.19534526925334308,0.34087203670820576
2900,0.34286684357375186,0.34087203670820576
2901,0.28035012929608677,0.34087203670820576
2902,0.30935319638231257,0.34087203670820576
2903,0.4674265288206121,0.34087203670820576
2904,0.31619997654197973,0.34087203670820576
2905,0.4646610461133307,0.34087203670820576
2906,0.5302950003382074,0.34087203670820576
2907,0.5359979490746719,0.34087203670820576
2908,0.4100248350640538,0.34087203670820576
2909,0.5909588854025454,0.34087203670820576
2910,0.40501396471320283,0.34087203670820576
2911,0.3722343395668102,0.34087203670820576
2912,0.4617118278939587,0.34087203670820576
2913,0.26823894896247014,0.34087203670820576
2914,0.19043324580356874,0.34087203670820576
2915,0.1799394905816909,0.34087203670820576
2916,0.03122761259040524,0.34087203670820576
2917,0.22704896678150474,0.34087203670820576
2918,0.04789147086898127,0.34087203670820576
2919,0.06649425927959357,0.34087203670820576
2920,0.12640995887917109,0.34087203670820576
2921,0.03548522595756898,0.34087203670820576
2922,0.23336368105150648,0.34087203670820576
2923,0.2529777420681613,0.34087203670820576
2924,0.39289540300664605,0.34087203670820576
2925,0.41156238802504647,0.34087203670820576
2926,0.2375763654538296,0.34087203670820576
2927,0.3412928774954863,0.34087203670820576
2928,0.6629411156565747,0.34087203670820576
2929,0.5762898418173741,0.34087203670820576
2930,0.7377505094595562,0.34087203670820576
2931,0.7256009717059886,0.34087203670820576
2932,0.6661131334089612,0.34087203670820576
2933,0.555225009889784,0.34087203670820576
2934,0.4791037546201788,0.34087203670820576
2935,0.39226415043558543,0.34087203670820576
2936,0.3990785701445567,0.34087203670820576
2937,0.42254901104262216,0.34087203670820576
2938,0.18663468513779813,0.34087203670820576
2939,0.15091142774408417,0.34087203670820576
2940,0.1242740691550754,0.34087203670820576
2941,0.06386079933976085,0.34087203670820576
2942,0.045531644782065256,0.34087203670820576
2943,-0.005498153371064823,0.34087203670820576
2944,0.315526224609166,0.34087203670820576
2945,0.08894036816969883,0.34087203670820576
2946,0.184926200013537,0.34087203670820576
2947,0.25881101501545967,0.34087203670820576
2948,0.249733512186107,0.34087203670820576
2949,0.3595677995144108,0.34087203670820576
2950,0.436823532197948,0.34087203670820576
2951,0.45863289423000636,0.34087203670820576
2952,0.3438687703125958,0.34087203670820576
2953,0.4990950295880061,0.34087203670820576
2954,0.6764431090788549,0.34087203670820576
2955,0.49671885749213485,0.34087203670820576
2956,0.6635170792299175,0.34087203670820576
2957,0.5231881039770999,0.34087203670820576
2958,0.7298170907338045,0.34087203670820576
2959,0.6190241344823914,0.34087203670820576
2960,0.5860574248962667,0.34087203670820576
2961,0.30541087421978613,0.34087203670820576
2962,0.48205332413148827,0.34087203670820576
2963,0.2201672161471831,0.34087203670820576
2964,0.40200375577913655,0.34087203670820576
2965,0.21985800983569195,0.34087203670820576
2966,0.12113604492487451,0.34087203670820576
2967,0.2677272367495478,0.34087203670820576
2968,0.21695913870938188,0.34087203670820576
2969,-0.8396882692676855,-0.5517049272114588
2970,-0.9036359766844113,-0.5517049272114588
2971,-0.5616830680979858,-0.5517049272114588
2972,-0.8680929463891581,-0.5517049272114588
2973,-0.5939782295838861,-0.5517049272114588
2974,-0.713057724827702,-0.5517049272114588
2975,-0.3541527103156059,-0.5517049272114588
2976,-0.4345260807404855,-0.5517049272114588
2977,-0.507694115772681,-0.5517049272114588
2978,-0.43230480759573564,-0.5517049272114588
2979,-0.6289076361055483,-0.5517049272114588
2980,-0.24748250985907722,-0.5517049272114588
2981,1.038044477908076,0.6183020407681877
2982,0.8810957747170143,0.6183020407681877
2983,0.748101013787155,0.6183020407681877
2984,0.6914749633323968,0.6183020407681877
2985,0.7791794476300511,0.6183020407681877
2986,0.8465164374430884,0.6183020407681877
2987,0.7232752648749982,0.6183020407681877
2988,0.5312474411315847,0.6183020407681877
2989,0.4071823159562474,0.6183020407681877
2990,0.3661641626210448,0.6183020407681877
2991,0.29967787650245536,0.6183020407681877
2992,0.3711017915791912,0.6183020407681877
2993,0.2319128489043176,0.6183020407681877
2994,0.2350884890542468,0.6183020407681877
2995,0.45635657298493815,0.6183020407681877
2996,0.49701261816126024,0.6183020407681877
2997,0.6990307839417798,0.6183020407681877
2998,0.6826237244395947,0.6183020407681877
2999,0.5770845454435936,0.6183020407681877
3000,0.5783246306056854,0.6183020407681877
3001,0.7241404330017751,0.6183020407681877
3002,0.673916928101877,0.6183020407681877
3003,0.6838755361951827,0.6183020407681877
3004,0.898422666596995,0.6183020407681877
3005,0.877742277744602,0.6183020407681877
3006,0.8871615659789482,0.6183020407681877
3007,0.8341399480592204,0.6183020407681877
3008,0.7865416746081634,0.6183020407681877
3009,0.7201147853556618,0.6183020407681877
3010,0.4908023622462915,0.6183020407681877
3011,0.7307415677005838,0.5324867620988588
3012,0.562612745845314,0.5324867620988588
3013,0.4734238204709627,0.5324867620988588
3014,0.5736188637591371,0.5324867620988588
3015,0.3751492749625767,0.5324867620988588
3016,0.3012068691416611,0.5324867620988588
3017,0.42930947173747236,0.5324867620988588
3018,0.24457733859153627,0.5324867620988588
3019,0.2878449914287061,0.5324867620988588
3020,0.3663240583317634,0.5324867620988588
3021,0.2019310499836038,0.5324867620988588
3022,0.2464211903723726,0.5324867620988588
3023,0.3984222461922856,0.5324867620988588
3024,0.5243203787468331,0.5324867620988588
3025,0.43902106528935986,0.5324867620988588
3026,0.5059847551134447,0.5324867620988588
3027,0.7427579672353943,0.5324867620988588
3028,0.7993025119428576,0.5324867620988588
3029,0.8396550401812124,0.5324867620988588
3030,0.7851771715731776,0.5324867620988588
3031,0.6704903057148863,0.5324867620988588
3032,0.9294668063216784,0.5324867620988588
3033,0.7923733924249865,0.5324867620988588
3034,0.7337950304858689,0.5324867620988588
3035,0.653473836310216,0.5324867620988588
3036,0.6933774388004533,0.5324867620988588
3037,0.49975896681031773,0.5324867620988588
3038,0.5798377944203772,0.5324867620988588
3039,0.45234485470545394,0.5324867620988588
3040,0.3497076892123874,0.5324867620988588
3041,0.38269290018849544,0.5324867620988588
3042,0.2699802628197692,0.5324867620988588
3043,0.21895598107783443,0.5324867620988588
3044,0.12759811131383514,0.5324867620988588
3045,0.4889028299502933,0.5324867620988588
3046,0.4108964640554104,0.5324867620988588
3047,0.42311839170483156,0.5324867620988588
3048,0.30302899106042325,0.5324867620988588
3049,0.42074244302389424,0.5324867620988588
3050,0.6819557432186989,0.5324867620988588
3051,0.6774670180743234,0.5324867620988588
3052,0.6650712953670315,0.5324867620988588
3053,0.9294719628231747,0.5324867620988588
3054,0.8009093568211928,0.5324867620988588
3055,0.8406462249856446,0.5324867620988588
3056,0.7449382225221446,0.5324867620988588
3057,0.8080967681544935,0.5324867620988588
3058,0.8620135706554877,0.5324867620988588
3059,0.8685150888018165,0.5324867620988588
3060,0.6978245112089987,0.5324867620988588
3061,0.6929229206633968,0.5324867620988588
3062,0.6760070194352954,0.5324867620988588
3063,0.5869762049560188,0.5324867620988588
3064,0.4875634809118752,0.5324867620988588
3065,0.3481401804357004,0.5324867620988588
3066,0.32177003528074455,0.5324867620988588
3067,0.2866754064369679,0.5324867620988588
3068,0.32377391185055815,0.5324867620988588
3069,0.606589122908519,0.5324867620988588
3070,0.3542425524872065,0.5324867620988588
3071,0.19766828937211212,0.5324867620988588
3072,0.45137082657937433,0.5324867620988588
3073,0.532011807270842,0.5324867620988588
3074,0.4776603729756477,0.5324867620988588
3075,0.6341112279103976,0.5324867620988588
3076,0.6873016591093896,0.5324867620988588
3077,0.6390861327172643,0.5324867620988588
3078,0.7029596027016564,0.5324867620988588
3079,0.7322253124456433,0.5324867620988588
3080,0.9040275927189648,0.5324867620988588
3081,0.7392278940615552,0.5324867620988588
3082,0.7860202027358238,0.5324867620988588
3083,0.7895424000663123,0.5324867620988588
3084,0.760463393436591,0.5324867620988588
3085,0.6157038469900306,0.5324867620988588
3086,0.5562735432742111,0.5324867620988588
3087,0.577489249195478,0.5324867620988588
3088,0.43447117435682925,0.5324867620988588
3089,0.44354820000821676,0.5324867620988588
3090,0.33608730326662756,0.5324867620988588
3091,0.2128950812110698,0.5324867620988588
3092,0.29973979103158965,0.5324867620988588
3093,0.3708619510469948,0.5324867620988588
3094,0.4363434082979547,0.5324867620988588
3095,0.41995967094097053,0.5324867620988588
3096,0.45080019461148435,0.5324867620988588
3097,0.48503480672401567,0.5324867620988588
3098,0.3412658339645687,0.5324867620988588
3099,0.46586762487726896,0.5324867620988588
3100,0.3957802766091474,0.5324867620988588
3101,0.564519022030911,0.5324867620988588
3102,0.814900719086982,0.5324867620988588
3103,0.7542115885914225,0.5324867620988588
3104,0.8166779172223371,0.5324867620988588
3105,0.8999573583919689,0.5324867620988588
3106,0.8227654231058005,0.5324867620988588
3107,0.8755430771548846,0.5324867620988588
3108,0.6704890796333518,0.5324867620988588
3109,0.6795100332450126,0.5324867620988588
3110,0.8682880506523254,0.5324867620988588
3111,0.8166512206995944,0.5324867620988588
3112,0.6046893589790213,0.5324867620988588
3113,0.45463315006309724,0.5324867620988588
3114,0.2706914495172457,0.5324867620988588
3115,0.5078367938564654,0.5324867620988588
3116,0.34532492410677007,0.5324867620988588
3117,0.3330596993039695,0.5324867620988588
3118,0.4485263471809764,0.5324867620988588
3119,0.1953514750782893,0.5324867620988588
3120,0.23011038145183674,0.5324867620988588
3121,0.22304201158384618,0.5324867620988588
3122,0.21762892033543302,0.5324867620988588
3123,0.3029268719317328,0.5324867620988588
3124,0.59486771830465,0.5324867620988588
3125,0.5253141417064106,0.5324867620988588
3126,0.6315950006863226,0.5324867620988588
3127,0.715026355637769,0.5324867620988588
3128,0.5405631620788316,0.5324867620988588
3129,0.7226037499255811,0.5324867620988588
3130,0.7431410652286887,0.5324867620988588
3131,0.7783149105415677,0.5324867620988588
3132,0.9785822679660829,0.5324867620988588
3133,0.8467834649378813,0.5324867620988588
3134,0.6727181361840325,0.5324867620988588
3135,0.6020897924558624,0.5324867620988588
3136,0.5668099046677331,0.5324867620988588
3137,0.5084641190683066,0.5324867620988588
3138,0.5734314962440461,0.5324867620988588
3139,0.3356600643979414,0.5324867620988588
3140,0.23384987562485293,0.5324867620988588
3141,0.3414784821058192,0.5324867620988588
3142,0.35775518989589417,0.5324867620988588
3143,0.20454617580419038,0.5324867620988588
3144,0.3881838633077598,0.5324867620988588
3145,0.2738606019652051,0.5324867620988588
3146,0.4195183123500179,0.5324867620988588
3147,0.6761991486437908,0.5324867620988588
3148,0.4412246000556318,0.5324867620988588
3149,0.36191383359849333,0.5324867620988588
3150,0.5101032299566546,0.5324867620988588
3151,0.48861384756200243,0.5324867620988588
3152,0.5652306030104295,0.5324867620988588
3153,0.7089645495016252,0.5324867620988588
3154,0.6613627641573616,0.5324867620988588
3155,0.7238775730002402,0.5324867620988588
3156,0.7854063033813354,0.5324867620988588
3157,0.7602626468699324,0.5324867620988588
3158,0.8289680924728533,0.5324867620988588
3159,0.844576062341506,0.5324867620988588
3160,0.7153412398753991,0.5324867620988588
3161,0.7229966361038518,0.5324867620988588
3162,0.5000023654831978,0.5324867620988588
3163,0.5555078688017434,0.5324867620988588
3164,0.3618228824252462,0.5324867620988588
3165,0.31581132126153644,0.5324867620988588
3166,0.16563426085476274,0.5324867620988588
3167,0.26532789077476915,0.5324867620988588
3168,0.45675268215046755,0.5324867620988588
3169,0.1497772865281491,0.5324867620988588
3170,0.3627785084783762,0.5324867620988588
3171,0.17110192415269332,0.5324867620988588
3172,0.2769575497596608,0.5324867620988588
3173,0.5169265570368052,0.5324867620988588
3174,0.5519161108721526,0.5324867620988588
3175,0.5112373560639697,0.5324867620988588
3176,0.5008352447808335,0.5324867620988588
3177,0.6403395483584038,0.5324867620988588
3178,0.49268708325853616,0.5324867620988588
3179,0.6421264199817311,0.5324867620988588
3180,0.7207285247551516,0.5324867620988588
3181,0.6949907162837607,0.5324867620988588
3182,0.7519327166464168,0.5324867620988588
3183,0.8628583624650485,0.5324867620988588
3184,0.7057195119829475,0.5324867620988588
3185,0.7133500528841707,0.5324867620988588
3186,0.7225785937960881,0.5324867620988588
3187,0.2884777203741883,0.5324867620988588
3188,0.4009836614119988,0.5324867620988588
3189,0.461019055874163,0.5324867620988588
3190,0.449606971652139,0.5324867620988588
3191,0.3451596785263563,0.5324867620988588
3192,0.3168949117924035,0.5324867620988588
3193,0.3959401804587811,0.5324867620988588
3194,0.32792449399157986,0.5324867620988588
3195,0.3761006798977279,0.5324867620988588
3196,0.3429286907764355,0.5324867620988588
3197,0.3565120203848958,0.5324867620988588
3198,0.4153445231323717,0.5324867620988588
3199,0.5198551070676263,0.5324867620988588
3200,0.4481429352093077,0.5324867620988588
3201,0.47731819338554177,0.5324867620988588
3202,0.7075255632692641,0.5324867620988588
3203,0.8266660867411382,0.5324867620988588
3204,0.7709690044933099,0.5324867620988588
3205,0.7368265693530223,0.5324867620988588
3206,0.7923720517874469,0.5324867620988588
3207,1.000139488031984,0.5324867620988588
3208,0.5874635092474028,0.5324867620988588
3209,0.863805852387576,0.5324867620988588
3210,0.8505276938696109,0.5324867620988588
3211,0.5443841406619262,0.5324867620988588
3212,0.4148870904020537,0.5324867620988588
3213,0.325323834358703,0.5324867620988588
3214,0.3930432355312039,0.5324867620988588
3215,0.41147098568488993,0.5324867620988588
3216,0.37576017833998127,0.5324867620988588
3217,0.38967262675869335,0.5324867620988588
3218,0.25112016832903056,0.5324867620988588
3219,0.16551572150562102,0.5324867620988588
3220,0.2459790539973325,0.5324867620988588
3221,0.1638095038641347,0.5324867620988588
3222,0.38223021795322687,0.5324867620988588
3223,0.3992784702611051,0.5324867620988588
3224,0.5005755474233974,0.5324867620988588
3225,0.5923429297582845,0.5324867620988588
3226,0.555849225564111,0.5324867620988588
3227,0.6490995403284545,0.5324867620988588
3228,0.9539978099315827,0.5324867620988588
3229,0.6271059341342992,0.5324867620988588
3230,0.7236714650865893,0.5324867620988588
3231,0.9307636724349919,0.5324867620988588
3232,0.8416561424445521,0.5324867620988588
3233,0.8934997255361847,0.5324867620988588
3234,1.011373010782839,0.5324867620988588
3235,0.6564610614138838,0.5324867620988588
3236,0.6086323146002061,0.5324867620988588
3237,0.5913504780654399,0.5324867620988588
3238,0.6870389413786724,0.5324867620988588
3239,0.650759772700833,0.5324867620988588
3240,0.21701202358911525,0.5324867620988588
3241,0.408785351664523,0.5324867620988588
3242,0.32061770954297275,0.5324867620988588
3243,0.34957512242407884,0.5324867620988588
3244,0.4666329849628126,0.5324867620988588
3245,0.28286429362256893,0.5324867620988588
3246,0.3270158700151836,0.5324867620988588
3247,0.3590760595144482,0.5324867620988588
3248,0.4053039371955411,0.5324867620988588
3249,0.5050847752396564,0.5324867620988588
3250,0.31533197020231146,0.5324867620988588
3251,0.6335919798416159,0.5324867620988588
3252,0.7771684829059471,0.5324867620988588
3253,0.5610324361990362,0.5324867620988588
3254,0.6810063906976358,0.5324867620988588
3255,0.6077251265574453,0.5324867620988588
3256,0.8131043486470575,0.5324867620988588
3257,0.9034280761572626,0.5324867620988588
3258,0.8606985208580404,0.5324867620988588
3259,0.736323754712775,0.5324867620988588
3260,0.622622260120961,0.5324867620988588
3261,0.5949821453325892,0.5324867620988588
3262,0.49612012348482104,0.5324867620988588
3263,0.5872784518495388,0.5324867620988588
3264,0.19849638731915553,0.5324867620988588
3265,0.4615300765313636,0.5324867620988588
3266,0.28596245059035225,0.5324867620988588
3267,0.21068233810509032,0.5324867620988588
3268,0.3613075403940843,0.5324867620988588
3269,0.4907957232535859,0.5324867620988588
3270,0.19380416105717302,0.5324867620988588
3271,0.42525927279403397,0.5324867620988588
3272,0.3068136227561865,0.5324867620988588
3273,0.5658318279730563,0.5324867620988588
3274,0.367509846125755,0.5324867620988588
3275,0.3226139802355683,0.5324867620988588
3276,0.7434163635359292,0.5324867620988588
3277,0.5220120527520399,0.5324867620988588
3278,0.7547189464917926,0.5324867620988588
3279,0.8469412081587276,0.5324867620988588
3280,0.7920435973291269,0.5324867620988588
3281,0.7585339304343961,0.5324867620988588
3282,0.7918393346112721,0.5324867620988588
3283,0.800673003362342,0.5324867620988588
3284,0.8548603669604482,0.5324867620988588
3285,0.772346798543359,0.5324867620988588
3286,0.762756544555546,0.5324867620988588
3287,0.6237561318414732,0.5324867620988588
3288,0.3213591966682345,0.5324867620988588
3289,0.40627370734291757,0.5324867620988588
3290,0.2208293609877141,0.5324867620988588
3291,0.34561499086278147,0.5324867620988588
3292,0.39857611901005374,0.5324867620988588
3293,0.18967734386439983,0.5324867620988588
3294,0.5001089126503822,0.5324867620988588
3295,0.360075799460986,0.5324867620988588
3296,0.4356302504233909,0.5324867620988588
3297,0.057276201111893965,0.5324867620988588
3298,0.3020768295360142,0.5324867620988588
3299,0.5370161605903141,0.5324867620988588
3300,0.3927094421700315,0.5324867620988588
3301,0.5142059488183865,0.5324867620988588
3302,0.6989132921779018,0.5324867620988588
3303,0.6710710741385231,0.5324867620988588
3304,0.9332840796520054,0.5324867620988588
3305,0.9064149776358743,0.5324867620988588
3306,0.6956258051454086,0.5324867620988588
3307,0.7605710160352468,0.5324867620988588
3308,0.891030977488599,0.5324867620988588
3309,0.6664923112736587,0.5324867620988588
3310,0.5439606911736983,0.5324867620988588
3311,0.7182400199196439,0.5324867620988588
3312,1.9314501569540052,1.9497156704328882
3313,1.9978003079381423,1.9497156704328882
3314,1.8180588907055486,1.9497156704328882
3315,1.7153161058502917,1.9497156704328882
3316,1.78310373667168,1.9497156704328882
3317,1.6222115479171342,1.9497156704328882
3318,1.6435207821070048,1.9497156704328882
3319,1.7727494449019001,1.9497156704328882
3320,1.6453148810038956,1.9497156704328882
3321,1.7408736427320681,1.9497156704328882
3322,1.730754202236802,1.9497156704328882
3323,1.7706418282534349,1.9497156704328882
3324,1.740239042456661,1.9497156704328882
3325,2.0487102542521085,1.9497156704328882
3326,2.019377254422108,1.9497156704328882
3327,2.1595724059028165,1.9497156704328882
3328,2.118831260412492,1.9497156704328882
3329,2.23755226385689,1.9497156704328882
3330,2.3159593673548446,1.9497156704328882
3331,2.2704457261398168,1.9497156704328882
3332,2.156949625442411,1.9497156704328882
3333,2.31781600299193,1.9497156704328882
3334,2.1011335218400236,1.9497156704328882
3335,2.099068526551281,1.9497156704328882
3336,2.223040525621728,1.9497156704328882
3337,1.9315996151612131,1.9497156704328882
3338,1.9531523673791686,1.9497156704328882
3339,1.6796467987335555,1.9497156704328882
3340,1.7047164432331474,1.9497156704328882
3341,1.6268684386249899,1.9497156704328882
3342,1.7623258722576967,1.9497156704328882
3343,1.6005141747405331,1.9497156704328882
3344,1.8445452833701186,1.9497156704328882
3345,-0.4617831545418203,-0.1757995303501339
3346,-0.42073776287433684,-0.1757995303501339
3347,-0.3815064044498102,-0.1757995303501339
3348,-0.1436351616613799,-0.1757995303501339
3349,-0.21977217309366617,-0.1757995303501339
3350,-0.11494476555409884,-0.1757995303501339
3351,-0.18901117099385562,-0.1757995303501339
3352,0.1529994713436031,-0.1757995303501339
3353,0.04871330092306783,-0.1757995303501339
3354,0.06970206850738059,-0.1757995303501339
3355,0.06242883921196862,-0.1757995303501339
3356,0.01921413410414355,-0.1757995303501339
3357,0.12054655820951007,-0.1757995303501339
3358,0.06516769891820426,-0.1757995303501339
3359,0.108708188001164,-0.1757995303501339
3360,0.013339452076620323,-0.1757995303501339
3361,-0.12228619061263714,-0.1757995303501339
3362,-0.3070393876098321,-0.1757995303501339
3363,-0.11498200071254974,-0.1757995303501339
3364,-0.2883668216677899,-0.1757995303501339
3365,-0.3360402289120674,-0.1757995303501339
3366,-0.41183166818777306,-0.1757995303501339
3367,-0.21625967888339417,-0.1757995303501339
3368,-0.4692394203712176,-0.1757995303501339
3369,-0.43839584876008003,-0.1757995303501339
3370,-0.48727213126806995,-0.1757995303501339
3371,-0.48877413577634565,-0.1757995303501339
3372,-0.34235568579787945,-0.1757995303501339
3373,-0.4336695224605481,-0.1757995303501339
3374,-0.1928558134027121,-0.1757995303501339
3375,-0.18566937733708386,-0.1757995303501339
3376,-0.23367823972105406,-0.1757995303501339
3377,-0.03675852109628003,-0.1757995303501339
3378,0.2813429732391937,-0.1757995303501339
3379,0.0954066625596538,-0.1757995303501339
3380,0.08682451868374333,-0.1757995303501339
3381,0.07097953989271427,-0.1757995303501339
3382,0.09745193959091346,-0.1757995303501339
3383,0.2730312267713069,-0.1757995303501339
3384,-0.008483759471229119,-0.1757995303501339
3385,0.16367039555708668,-0.1757995303501339
3386,-0.05397183311111099,-0.1757995303501339
3387,-0.10599542419984127,-0.1757995303501339
3388,-0.050688800970715736,-0.1757995303501339
3389,0.8509637904395057,0.9830903135287177
3390,0.7998897249123069,0.9830903135287177
3391,0.8003886064281978,0.9830903135287177
3392,0.8507911685520894,0.9830903135287177
3393,0.6317329538109661,0.9830903135287177
3394,0.6267813024252644,0.9830903135287177
3395,0.7087447200986667,0.9830903135287177
3396,0.5764294099138524,0.9830903135287177
3397,0.8036489913090965,0.9830903135287177
3398,1.0247110895009413,0.9830903135287177
3399,0.9657301720086366,0.9830903135287177
3400,0.9908670814969988,0.9830903135287177
3401,1.0619266892735606,0.9830903135287177
3402,1.251145464852673,0.9830903135287177
3403,1.146925668712582,0.9830903135287177
3404,1.161834699772624,0.9830903135287177
3405,1.2104447662547577,0.9830903135287177
3406,1.174835261723621,0.9830903135287177
3407,1.237121913561554,0.9830903135287177
3408,1.144075082454827,0.9830903135287177
3409,1.162491638735808,0.9830903135287177
3410,1.1066092339687237,0.9830903135287177
3411,1.0154840011144146,0.9830903135287177
3412,1.0620865239813515,0.9830903135287177
3413,1.009453194481084,0.9830903135287177
3414,0.8226709680520888,0.9830903135287177
3415,0.6750211306375044,0.9830903135287177
3416,0.863498894461844,0.9830903135287177
3417,0.7774046724696243,0.9830903135287177
3418,0.6142814176477495,0.9830903135287177
3419,0.7418667267225063,0.9830903135287177
3420,0.685637932294328,0.9830903135287177
3421,0.842212063810611,0.9830903135287177
3422,0.5151763162644607,0.9830903135287177
3423,0.8554586644220835,0.9830903135287177
3424,0.9787663101463663,0.9830903135287177
3425,1.0289972348974994,0.9830903135287177
3426,1.042891054062627,0.9830903135287177
3427,1.3135134464967535,0.9830903135287177
3428,1.1702492936084499,0.9830903135287177
3429,2.0945584936615416,1.8126071146805993
3430,2.100005718287157,1.8126071146805993
3431,2.052686739296426,1.8126071146805993
3432,0.3456671500582996,0.0074328440350888356
3433,0.06743527721132407,0.0074328440350888356
3434,0.18457459535059095,0.0074328440350888356
3435,0.12015672053554899,0.0074328440350888356
3436,0.15557667752387777,0.0074328440350888356
3437,0.11936963420075239,0.0074328440350888356
3438,0.07328464721312578,0.0074328440350888356
3439,-0.30922820290680947,0.0074328440350888356
3440,-0.2538600876512815,0.0074328440350888356
3441,-0.011905311709883376,0.0074328440350888356
3442,-0.15737637393983447,0.0074328440350888356
3443,-0.26116207798045576,0.0074328440350888356
3444,-0.21698946521381562,0.0074328440350888356
3445,-0.15762519499851566,0.0074328440350888356
3446,-0.17045959294500374,0.0074328440350888356
3447,-0.19785745012797007,0.0074328440350888356
3448,-0.16694069158925867,0.0074328440350888356
3449,-0.27236110231827915,0.0074328440350888356
3450,-0.054255981413337796,0.0074328440350888356
3451,0.063254582143754,0.0074328440350888356
3452,-0.06302733866033479,0.0074328440350888356
3453,0.36645432426970104,0.0074328440350888356
3454,0.3308077202670254,0.0074328440350888356
3455,0.48712772299624174,0.0074328440350888356
3456,0.20828965333763128,0.0074328440350888356
3457,0.09131858888918563,0.0074328440350888356
3458,0.18822797601946448,0.0074328440350888356
3459,0.18172977453514683,0.0074328440350888356
3460,0.05145094847735482,0.0074328440350888356
3461,0.061384998483918485,0.0074328440350888356
3462,0.06965989199327678,0.0074328440350888356
3463,-0.02840790734839741,0.0074328440350888356
3464,-0.09591421791819023,0.0074328440350888356
3465,-0.08550153363079147,0.0074328440350888356
3466,-0.2363019293391704,0.0074328440350888356
3467,-0.12180475734175142,0.0074328440350888356
3468,-0.22830124864582885,0.0074328440350888356
3469,-0.17357191905392283,0.0074328440350888356
3470,-0.22547089044423424,0.0074328440350888356
3471,-0.13826273377787876,0.0074328440350888356
3472,-0.2195752032655217,0.0074328440350888356
3473,-0.16282738120209347,0.0074328440350888356
3474,0.06676327302105955,0.0074328440350888356
3475,0.023617136660385302,0.0074328440350888356
3476,0.348578641401462,0.0074328440350888356
3477,0.17845792442527944,0.0074328440350888356
3478,-0.11120100296579749,0.0074328440350888356
3479,0.24761198531833067,0.0074328440350888356
3480,0.2865589382811795,0.0074328440350888356
3481,0.24985469114004472,0.0074328440350888356
3482,0.2646777803565289,0.0074328440350888356
3483,0.11362277971387247,0.0074328440350888356
3484,0.24415470850547139,0.0074328440350888356
3485,0.22642196354043181,0.0074328440350888356
3486,0.19976382508902113,0.0074328440350888356
3487,0.1160286631370434,0.0074328440350888356
3488,0.19583569645273138,0.0074328440350888356
3489,-0.007879786692339338,0.0074328440350888356
3490,-0.1909401923823247,0.0074328440350888356
3491,-0.1753699146184228,0.0074328440350888356
3492,-0.28077230583310336,0.0074328440350888356
3493,-0.04713479500021134,0.0074328440350888356
3494,-0.20128464618314812,0.0074328440350888356
3495,-0.2788927565099545,0.0074328440350888356
3496,-0.1573704275500235,0.0074328440350888356
3497,-0.13825229627419652,0.0074328440350888356
3498,0.021012691455309,0.0074328440350888356
3499,-0.056005621023449595,0.0074328440350888356
3500,-0.04503536297360873,0.0074328440350888356
3501,0.2905785659678735,0.0074328440350888356
3502,0.15276367361867182,0.0074328440350888356
3503,0.24314255715513788,0.0074328440350888356
3504,0.5150830925813332,0.0074328440350888356
3505,0.2696029479991665,0.0074328440350888356
3506,0.09723445281196426,0.0074328440350888356
3507,0.3099212320005196,0.0074328440350888356
3508,0.3339224135079843,0.0074328440350888356
3509,0.29232901535168904,0.0074328440350888356
3510,0.11872537906459943,0.0074328440350888356
3511,0.13513197263190938,0.0074328440350888356
3512,0.12282039529048958,0.0074328440350888356
3513,-0.16543256451733793,0.0074328440350888356
3514,0.13859754990062864,0.0074328440350888356
3515,-0.3155519631448545,0.0074328440350888356
3516,-0.2296198980461467,0.0074328440350888356
3517,-0.2212356494317178,0.0074328440350888356
3518,-0.22266375983326628,0.0074328440350888356
3519,-0.27749283317728,0.0074328440350888356
3520,-0.2367514117973253,0.0074328440350888356
3521,-0.20122431099234017,0.0074328440350888356
3522,-0.19732152392488117,0.0074328440350888356
3523,-0.2456042125245641,0.0074328440350888356
3524,-0.09127645448946273,0.0074328440350888356
3525,0.13886348715733135,0.0074328440350888356
3526,0.11147346275401149,0.0074328440350888356
3527,0.14674735039811382,0.0074328440350888356
3528,0.13159048292910655,0.0074328440350888356
3529,0.2765189134577078,0.0074328440350888356
3530,0.30188771173947127,0.0074328440350888356
3531,0.22611514854071738,0.0074328440350888356
3532,0.29091194843153034,0.0074328440350888356
3533,0.16333592543181347,0.0074328440350888356
3534,0.10786966640034701,0.0074328440350888356
3535,0.11897492559523436,0.0074328440350888356
3536,0.3525612826581339,0.0074328440350888356
3537,-0.03131157455328484,0.0074328440350888356
3538,0.00016457137973452732,0.0074328440350888356
3539,-0.028934517069772195,0.0074328440350888356
3540,-0.04179448220175225,0.0074328440350888356
3541,-0.1529830953496209,0.0074328440350888356
3542,-0.23118219546651508,0.0074328440350888356
3543,-0.16179002633937667,0.0074328440350888356
3544,-0.20965602894166183,0.0074328440350888356
3545,-0.27751205972479004,0.0074328440350888356
3546,-0.40906939569261636,0.0074328440350888356
3547,-0.38562931109443255,0.0074328440350888356
3548,-0.2858138968414472,0.0074328440350888356
3549,-0.1441044733128897,0.0074328440350888356
3550,0.011440273939442105,0.0074328440350888356
3551,0.03775726830659385,0.0074328440350888356
3552,0.1544043072739838,0.0074328440350888356
3553,0.2105015017286015,0.0074328440350888356
3554,0.23867059429036425,0.0074328440350888356
3555,0.17968229852917916,0.0074328440350888356
3556,0.26741838947359586,0.0074328440350888356
3557,0.11668023529816648,0.0074328440350888356
3558,0.3543067126141212,0.0074328440350888356
3559,0.2631274591827116,0.0074328440350888356
3560,0.21478108866709733,0.0074328440350888356
3561,0.19542302452620558,0.0074328440350888356
3562,-0.17213640288501805,0.0074328440350888356
3563,-0.03795030369512961,0.0074328440350888356
3564,0.1009040900917388,0.0074328440350888356
3565,-0.06672210703503843,0.0074328440350888356
3566,-0.2752062036232847,0.0074328440350888356
3567,-0.2647472751535247,0.0074328440350888356
3568,-0.20991582489566063,0.0074328440350888356
3569,-0.1722606688787281,0.0074328440350888356
3570,0.15573196746116016,0.323560645079715
3571,-0.012426851245560533,0.323560645079715
3572,0.2089496158656372,0.323560645079715
3573,0.10873930326404624,0.323560645079715
3574,0.23432053096780092,0.323560645079715
3575,0.3349047737838579,0.323560645079715
3576,0.5493410933231035,0.5591306690942217
3577,0.6222520978464557,0.5591306690942217
3578,0.672076290845175,0.5591306690942217
3579,0.6104776882574197,0.5591306690942217
3580,0.7888147019428154,0.5591306690942217
3581,0.7592929544604282,0.5591306690942217
3582,0.9637004296165059,0.5591306690942217
3583,0.7237054940620168,0.5591306690942217
3584,0.7484459121558414,0.5591306690942217
3585,0.5123953142249065,0.5591306690942217
3586,0.5928437583938685,0.5591306690942217
3587,0.4174372772599746,0.5591306690942217
3588,0.5893960150931061,0.5591306690942217
3589,0.6048112508573004,0.5591306690942217
3590,0.5978495164956303,0.5591306690942217
3591,0.22878837966235877,0.5591306690942217
3592,0.18998274924406902,0.5591306690942217
3593,0.6010328108990255,0.5591306690942217
3594,0.2175827695746059,0.5591306690942217
3595,0.16920547972123898,0.5591306690942217
3596,0.360622417716848,0.5591306690942217
3597,0.37546786071131544,0.5591306690942217
3598,0.5068509552888575,0.5591306690942217
3599,0.5893374887616954,0.5591306690942217
3600,0.5194089847539736,0.5591306690942217
3601,0.5927721628040338,0.5591306690942217
3602,0.7308988677949744,0.5591306690942217
3603,0.8204858215383328,0.5591306690942217
3604,0.7363085201596207,0.5591306690942217
3605,0.7702631409780141,0.5591306690942217
3606,0.7202418093737781,0.5591306690942217
3607,0.6840102707277055,0.5591306690942217
3608,0.9868950115135836,0.5591306690942217
3609,0.7150270169258156,0.5591306690942217
3610,0.7847987889587349,0.5591306690942217
3611,0.6368685917289119,0.5591306690942217
3612,0.6241921022573347,0.5591306690942217
3613,0.642343478780589,0.5591306690942217
3614,0.3974159005119259,0.5591306690942217
3615,0.29258066700595475,0.5591306690942217
3616,0.3615549378489119,0.5591306690942217
3617,0.2578092338082598,0.5591306690942217
3618,0.17732582024971513,0.5591306690942217
3619,0.18650370677983358,0.5591306690942217
3620,0.21709605368747237,0.5591306690942217
3621,0.5123846975691466,0.5591306690942217
3622,0.45818744241575776,0.5591306690942217
3623,0.3664386608349338,0.5591306690942217
3624,0.48442061154312993,0.5591306690942217
3625,0.4651538344827522,0.5591306690942217
3626,0.8120326650559653,0.5591306690942217
3627,0.5865686674036926,0.5591306690942217
3628,0.5958218606946812,0.5591306690942217
3629,0.8314115937036237,0.5591306690942217
3630,0.7666135455890735,0.5591306690942217
3631,0.3908216271965582,0.21385872658908175
3632,0.5920376291285797,0.21385872658908175
3633,0.39078061337873915,0.21385872658908175
3634,0.21682257075504607,0.21385872658908175
3635,0.3303098061434694,0.21385872658908175
3636,0.18236569235004796,0.21385872658908175
3637,0.2657871494356761,0.21385872658908175
3638,0.2850582927910406,0.21385872658908175
3639,0.06389404319716879,0.21385872658908175
3640,0.0638404624100833,0.21385872658908175
3641,-0.047467788265761784,0.21385872658908175
3642,-0.0017749121459076922,0.21385872658908175
3643,-0.1333518836362586,0.21385872658908175
3644,-0.08023640517323385,0.21385872658908175
3645,-0.1278569739872411,0.21385872658908175
3646,-0.09185728034342709,0.21385872658908175
3647,0.08289850871879242,0.21385872658908175
3648,0.07182961240194535,0.21385872658908175
3649,0.2309493041038682,0.21385872658908175
3650,0.1028898621366087,0.21385872658908175
3651,0.3311116135117776,0.21385872658908175
3652,0.3240980174349102,0.21385872658908175
3653,0.2779894450864181,0.21385872658908175
3654,0.3639000361461978,0.21385872658908175
3655,0.3582571714339746,0.21385872658908175
3656,0.49384948598279343,0.21385872658908175
3657,0.3986808312929203,0.21385872658908175
3658,0.5074365337082172,0.21385872658908175
3659,0.3781888565555428,0.21385872658908175
3660,0.47718524635840937,0.21385872658908175
3661,0.34581454976525206,0.21385872658908175
3662,0.250259768803593,0.21385872658908175
3663,0.05375913544048197,0.21385872658908175
3664,0.22004060969290373,0.21385872658908175
3665,0.0712341029447781,0.21385872658908175
3666,0.17390312664396196,0.21385872658908175
3667,0.11324728531072695,0.21385872658908175
3668,0.00016191848782398655,0.21385872658908175
3669,0.10276698881882657,0.21385872658908175
3670,-0.041655072628761086,0.21385872658908175
3671,0.047286510880157145,0.21385872658908175
3672,-0.057454650324895884,0.21385872658908175
3673,0.32318470839790614,0.21385872658908175
3674,0.10725856995622936,0.21385872658908175
3675,-0.04761199739379971,0.21385872658908175
3676,0.37285464854677475,0.21385872658908175
3677,0.22626829425664227,0.21385872658908175
3678,0.34952996784531876,0.21385872658908175
3679,0.6321188461245453,0.21385872658908175
3680,0.43012709473760785,0.21385872658908175
3681,0.2807483815892017,0.21385872658908175
3682,0.5251695000201005,0.21385872658908175
3683,0.6139070196036012,0.21385872658908175
3684,0.5395938758272865,0.21385872658908175
3685,0.30396294527498485,0.21385872658908175
3686,0.22913545875047003,0.21385872658908175
3687,0.1546488932865827,0.21385872658908175
3688,0.23019955249436846,0.21385872658908175
3689,0.007696381870278102,0.21385872658908175
3690,-0.15641807837846833,0.21385872658908175
3691,-0.11830285145190236,0.21385872658908175
3692,-0.028633427435531822,0.21385872658908175
3693,0.012350632479287166,0.21385872658908175
3694,-0.0292213439494749,0.21385872658908175
3695,-0.038901341611648016,0.21385872658908175
3696,0.18426492299316,0.21385872658908175
3697,0.0056548865430352535,0.21385872658908175
3698,0.09449751512205247,0.21385872658908175
3699,0.04966163451400421,0.21385872658908175
3700,0.08067680969794731,0.21385872658908175
3701,0.2550859972235111,0.21385872658908175
3702,0.4202087697255882,0.21385872658908175
3703,0.37041111974832724,0.21385872658908175
3704,0.5135520195963763,0.21385872658908175
3705,0.358016923449517,0.21385872658908175
3706,0.46639153679082057,0.21385872658908175
3707,0.5877795689574641,0.21385872658908175
3708,0.278627681665373,0.21385872658908175
3709,0.22038281138618715,0.21385872658908175
3710,0.3427646921111857,0.21385872658908175
3711,0.21122747733889308,0.21385872658908175
3712,0.21894141764041436,0.21385872658908175
3713,0.3801879026440499,0.21385872658908175
3714,0.1861394641376369,0.21385872658908175
3715,0.15426855055684807,0.21385872658908175
3716,0.057185395280217266,0.21385872658908175
3717,0.09227528115069053,0.21385872658908175
3718,0.03317679745034666,0.21385872658908175
3719,0.05699972286802138,0.21385872658908175
3720,0.18667334904103708,0.21385872658908175
3721,-0.013476223620958572,0.21385872658908175
3722,-0.07629587435723666,0.21385872658908175
3723,-0.06293722588694593,0.21385872658908175
3724,0.25921950178352493,0.21385872658908175
3725,0.3014831995610565,0.21385872658908175
3726,0.3348486656358414,0.21385872658908175
3727,0.2989512972250034,0.21385872658908175
3728,0.4463077731678936,0.21385872658908175
3729,0.5175311432571876,0.21385872658908175
3730,0.4345268850915476,0.21385872658908175
3731,0.46204845297366226,0.21385872658908175
3732,0.45959374119232155,0.21385872658908175
3733,0.5308108429888055,0.21385872658908175
3734,0.3738644808479039,0.21385872658908175
3735,0.4518705042865564,0.21385872658908175
3736,0.3861108724023872,0.21385872658908175
3737,0.4947865959593029,0.21385872658908175
3738,0.032922180489477426,0.21385872658908175
3739,0.08944128654474881,0.21385872658908175
3740,0.05721570757157386,0.21385872658908175
3741,-0.1218928800927345,0.21385872658908175
3742,-0.08587778142239866,0.21385872658908175
3743,-0.08950363547120502,0.21385872658908175
3744,-0.243021737411641,0.21385872658908175
3745,-0.11786100945991332,0.21385872658908175
3746,0.07055046647949431,0.21385872658908175
3747,0.09208161869448223,0.21385872658908175
3748,0.025336370730659336,0.21385872658908175
3749,0.21876861834160333,0.21385872658908175
3750,0.2522734057353566,0.21385872658908175
3751,0.31224819348282085,0.21385872658908175
3752,0.24216499164346744,0.21385872658908175
3753,0.3764043108987425,0.21385872658908175
3754,0.5134456565672465,0.21385872658908175
3755,0.3982079707381807,0.21385872658908175
3756,0.5894371650129018,0.21385872658908175
3757,0.5190478517473766,0.21385872658908175
3758,0.5043223243608266,0.21385872658908175
3759,0.4107676231592148,0.21385872658908175
3760,0.24951976934138953,0.21385872658908175
3761,0.27638921488676427,0.21385872658908175
3762,0.3150972670888941,0.21385872658908175
3763,0.19483052249368937,0.21385872658908175
3764,0.09592221099648146,0.21385872658908175
3765,-0.14298557121985472,0.21385872658908175
3766,0.03696751128520165,0.21385872658908175
3767,0.0329181736799076,0.21385872658908175
3768,-0.03805913266816971,0.21385872658908175
3769,0.04661101004458651,0.21385872658908175
3770,-0.11163949607267304,0.21385872658908175
3771,0.006144989547320345,0.21385872658908175
3772,0.026593323297192495,0.21385872658908175
3773,0.08822111611390142,0.21385872658908175
3774,0.16692996007111344,0.21385872658908175
3775,0.12990694819456644,0.21385872658908175
3776,0.39040059277696126,0.21385872658908175
3777,0.29468416994519286,0.21385872658908175
3778,0.3150256101027194,0.21385872658908175
3779,0.615760117483639,0.21385872658908175
3780,0.42119570123789335,0.21385872658908175
3781,0.41657374164364047,0.21385872658908175
3782,0.6027918458754848,0.21385872658908175
3783,0.6190504690184249,0.21385872658908175
3784,0.4236106392128007,0.21385872658908175
3785,0.4259816577239708,0.21385872658908175
3786,0.3534771233690325,0.21385872658908175
3787,0.16173831463574864,0.21385872658908175
3788,0.1328478889833668,0.21385872658908175
3789,0.09262922306397538,0.21385872658908175
3790,0.1271845687586186,0.21385872658908175
3791,0.1026141741445489,0.21385872658908175
3792,0.03464279007964827,0.21385872658908175
3793,-0.04869051371204672,0.21385872658908175
3794,-0.03964608442911638,0.21385872658908175
3795,-0.12169037285207565,0.21385872658908175
3796,0.13430482244984343,0.21385872658908175
3797,0.08639022699231502,0.21385872658908175
3798,0.1423089218272322,0.21385872658908175
3799,0.055505665892866415,0.21385872658908175
3800,0.05181072004922792,0.21385872658908175
3801,-0.13541993722610338,-0.2805467612954974
3802,-0.19647363087580544,-0.2805467612954974
3803,-0.0304590006764503,-0.2805467612954974
3804,-0.04153837733471025,-0.2805467612954974
3805,0.05256475245772391,-0.2805467612954974
3806,-0.10917030834946143,-0.2805467612954974
3807,-0.04113777461514867,-0.2805467612954974
3808,0.061662787203451475,-0.2805467612954974
3809,0.008931879949982152,-0.2805467612954974
3810,-0.23585048316811408,-0.2805467612954974
3811,-0.2562534942473311,-0.2805467612954974
3812,-0.2314460144663083,-0.2805467612954974
3813,-0.3124716544198687,-0.2805467612954974
3814,-0.3931677081299848,-0.2805467612954974
3815,-0.3592017407256473,-0.2805467612954974
3816,-0.39564205688616305,-0.2805467612954974
3817,-0.6555153364643022,-0.2805467612954974
3818,-0.3332334025393754,-0.2805467612954974
3819,-0.5284181182970867,-0.2805467612954974
3820,-0.4230395052141266,-0.2805467612954974
3821,-0.6108352340667471,-0.2805467612954974
3822,-0.46698534851852574,-0.2805467612954974
3823,-0.21990028485359128,-0.2805467612954974
3824,-0.3599872936755718,-0.2805467612954974
3825,-0.33876501185417723,-0.2805467612954974
3826,-0.23259619492352337,-0.2805467612954974
3827,-0.08835352713989283,-0.2805467612954974
3828,-0.1339119968660582,-0.2805467612954974
3829,-0.15458121558857424,-0.2805467612954974
3830,-0.14615739554654533,-0.2805467612954974
3831,0.08787980017723718,-0.2805467612954974
3832,-0.058163250289178736,-0.2805467612954974
3833,-0.0713153731352075,-0.2805467612954974
3834,-0.20684366358664696,-0.2805467612954974
3835,0.07088270999775168,-0.2805467612954974
3836,-0.1745341875064157,-0.2805467612954974
3837,-0.3595523266530636,-0.2805467612954974
3838,-0.45557637669159223,-0.2805467612954974
3839,-0.38729753801717737,-0.2805467612954974
3840,-0.42934505241608784,-0.2805467612954974
3841,-0.4114812329220153,-0.2805467612954974
3842,-0.5567874151398571,-0.2805467612954974
3843,-0.6164279601719127,-0.2805467612954974
3844,-0.7038087841456271,-0.2805467612954974
3845,-0.47383737797846015,-0.2805467612954974
3846,-0.44521789267162915,-0.2805467612954974
3847,-0.5213063085354506,-0.2805467612954974
3848,-0.4571103797918918,-0.2805467612954974
3849,-0.3851981903782713,-0.2805467612954974
3850,-0.296803880184835,-0.2805467612954974
3851,-0.2715237511182587,-0.2805467612954974
3852,-0.016397592928842714,-0.2805467612954974
3853,-0.16115412086601336,-0.2805467612954974
3854,0.023688082630452217,-0.2805467612954974
3855,-0.050072040985234684,-0.2805467612954974
3856,-0.03811332165573514,-0.2805467612954974
3857,-0.024785245885572904,-0.2805467612954974
3858,-0.2004425085218673,-0.2805467612954974
3859,-0.018034078810100357,-0.2805467612954974
3860,-0.15529097074483872,-0.2805467612954974
3861,-0.18501117043924792,-0.2805467612954974
3862,-0.21343139533977407,-0.2805467612954974
3863,-0.40283756533638015,-0.2805467612954974
3864,-0.3823336995200072,-0.2805467612954974
3865,-1.1237200397948608,-0.8688092579760948
3866,-1.028177043377546,-0.8688092579760948
3867,-1.0367194733228995,-0.8688092579760948
3868,-0.8486746917239442,-0.8688092579760948
3869,-1.0861566358873516,-0.8688092579760948
3870,-1.0750592270193293,-0.8688092579760948
3871,-1.125210429281951,-0.8688092579760948
3872,-1.0395768361803557,-0.8688092579760948
3873,-1.0317247695593523,-0.8688092579760948
3874,-0.9330272594437679,-0.8688092579760948
3875,-1.0738834479858477,-0.8688092579760948
3876,-0.7771625315602524,-0.8688092579760948
3877,-0.838713346524981,-0.8688092579760948
3878,-0.6564924599717678,-0.8688092579760948
3879,-0.588442756343849,-0.8688092579760948
3880,-0.4752899754725218,-0.8688092579760948
3881,-0.5590087714721206,-0.8688092579760948
3882,-0.5024176136251871,-0.8688092579760948
3883,-0.606520111767669,-0.8688092579760948
3884,-0.7869872912157847,-0.8688092579760948
3885,-0.7109965003100411,-0.8688092579760948
3886,-0.8167908054920584,-0.8688092579760948
3887,-0.7837008829986316,-0.8688092579760948
3888,-1.12023120634696,-0.8688092579760948
3889,-0.8952756489639186,-0.8688092579760948
3890,-1.0080289430030513,-0.8688092579760948
3891,0.8281888706438855,1.0838398779884686
3892,0.8065309235344664,1.0838398779884686
3893,0.9568451069770902,1.0838398779884686
3894,0.7465233576438574,1.0838398779884686
3895,0.8131569197481079,1.0838398779884686
3896,0.9940896733831951,1.0838398779884686
3897,0.8091385097593171,1.0838398779884686
3898,1.0199739598278939,1.0838398779884686
3899,0.9331043037110089,1.0838398779884686
3900,0.9241704390003127,1.0838398779884686
3901,1.0866259622188503,1.0838398779884686
3902,1.0426579643985052,1.0838398779884686
3903,1.1316288757132562,1.0838398779884686
3904,1.2814115090526177,1.0838398779884686
3905,1.3265071969695872,1.0838398779884686
3906,1.396272344645754,1.0838398779884686
3907,1.3483305250544804,1.0838398779884686
3908,1.1663094770468923,1.0838398779884686
3909,1.4284843598174821,1.0838398779884686
3910,1.1075804499183133,1.0838398779884686
3911,1.0760722944528796,1.0838398779884686
3912,0.979089537040999,1.0838398779884686
3913,1.059557354589465,1.0838398779884686
3914,1.1095509383654114,1.0838398779884686
3915,0.9852075549079954,1.0838398779884686
3916,0.7779173530805538,1.0838398779884686
3917,0.8946574646940737,1.0838398779884686
3918,0.7481915488667858,1.0838398779884686
3919,0.9316973461567231,1.0838398779884686
3920,0.8711521062226786,1.0838398779884686
3921,1.0375473817378107,1.0838398779884686
3922,1.1069142364879958,1.0838398779884686
3923,0.958151064760886,1.0838398779884686
3924,1.0713911782193841,1.0838398779884686
3925,1.05729680908754,1.0838398779884686
3926,1.160525138744063,1.0838398779884686
3927,1.118314589905401,1.0838398779884686
3928,1.2158158253512352,1.0838398779884686
3929,1.3301749938651852,1.0838398779884686
3930,1.2921199369399594,1.0838398779884686
3931,1.418342598335395,1.0838398779884686
3932,1.275835893066628,1.0838398779884686
3933,1.19151670965025,1.0838398779884686
3934,1.1233935707617009,1.0838398779884686
3935,1.1627691994124014,1.0838398779884686
3936,1.157889452024893,1.0838398779884686
3937,1.1533692141500265,1.0838398779884686
3938,0.9519739442789108,1.0838398779884686
3939,0.9950188613752178,1.0838398779884686
3940,1.0645440920799913,1.0838398779884686
3941,0.824436944581277,1.0838398779884686
3942,0.9800122702386769,1.0838398779884686
3943,1.085099983734864,1.0838398779884686
3944,0.949616650730832,1.0838398779884686
3945,0.7866587313928604,1.0838398779884686
3946,0.7303103327432392,1.0838398779884686
3947,0.8062739703188762,1.0838398779884686
3948,0.938772295527626,1.0838398779884686
3949,1.087335136775462,1.0838398779884686
3950,1.0707619728353326,1.0838398779884686
3951,1.0649159434822673,1.0838398779884686
3952,1.3170585358710383,1.0838398779884686
3953,1.1759340309522237,1.0838398779884686
3954,1.2469313114332334,1.0838398779884686
3955,1.3186208848198313,1.0838398779884686
3956,1.321154186805375,1.0838398779884686
3957,1.2891587155734252,1.0838398779884686
3958,1.335013781149787,1.0838398779884686
3959,1.415478904982189,1.0838398779884686
3960,1.150991076015162,1.0838398779884686
3961,1.1442552177948577,1.0838398779884686
3962,1.0737124079015252,1.0838398779884686
3963,1.002103833625746,1.0838398779884686
3964,0.932599614693963,1.0838398779884686
3965,0.8118738771771643,1.0838398779884686
3966,0.8211966981800477,1.0838398779884686
3967,0.9865913952815177,1.0838398779884686
3968,0.8211086117802131,1.0838398779884686
3969,-0.8276772602417782,-0.33469160961884464
3970,-0.7028005052014665,-0.33469160961884464
3971,-0.7955960185054572,-0.33469160961884464
3972,-0.3800268870403617,-0.33469160961884464
3973,-0.33681946072532065,-0.33469160961884464
3974,-0.4574431707142826,-0.33469160961884464
3975,-0.28523352186579465,-0.33469160961884464
3976,-0.32392015709153854,-0.33469160961884464
3977,-0.2189407467990665,-0.33469160961884464
3978,-0.1475158228097595,-0.33469160961884464
3979,-0.1267861454185751,-0.33469160961884464
3980,-0.25343169158154644,-0.33469160961884464
3981,-0.9877906853711491,-1.1466241637624597
3982,-0.8783842975918122,-1.1466241637624597
3983,-0.7574514446202704,-1.1466241637624597
3984,-0.8808282175442868,-1.1466241637624597
3985,-1.0695656764710542,-1.1466241637624597
3986,-1.0607753461971257,-1.1466241637624597
3987,-1.1218509441941247,-1.1466241637624597
3988,-1.0771865600743256,-1.1466241637624597
3989,-1.164097381240447,-1.1466241637624597
3990,-1.4478925039774007,-1.1466241637624597
3991,-1.370638594202289,-1.1466241637624597
3992,-1.3805170495654848,-1.1466241637624597
3993,-1.2337082277165103,-1.1466241637624597
3994,-1.4124070734048648,-1.1466241637624597
3995,-1.362823107358699,-1.1466241637624597
3996,-1.4436175238332063,-1.1466241637624597
3997,-1.316840737001337,-1.1466241637624597
3998,-1.3589524362655003,-1.1466241637624597
3999,-1.2270120064464023,-1.1466241637624597
4000,-1.3190896101419332,-1.1466241637624597
4001,-1.044088890092955,-1.1466241637624597
4002,-0.8998308913446946,-1.1466241637624597
4003,-0.8402385802057835,-1.1466241637624597
4004,-1.1081564956451053,-1.1466241637624597
4005,-0.8976023050774486,-1.1466241637624597
4006,-0.7949272174651615,-1.1466241637624597
4007,-0.87646098389581,-1.1466241637624597
4008,-0.15097259905308602,-0.4271039017071602
4009,-0.3834755929064734,-0.4271039017071602
4010,-0.21447728423237833,-0.4271039017071602
4011,-0.24215822962795802,-0.4271039017071602
4012,-0.2987795744114857,-0.4271039017071602
4013,0.5171708176586045,0.5018400694889049
4014,0.5024167365355402,0.5018400694889049
4015,0.34274276016448585,0.5018400694889049
4016,0.16469840864037633,0.5018400694889049
4017,0.12812082896021582,0.5018400694889049
4018,0.08520119443997856,0.5018400694889049
4019,0.17222213745689466,0.5018400694889049
4020,0.3681199324980305,0.5018400694889049
4021,0.2447028481178002,0.5018400694889049
4022,0.2656807811105393,0.5018400694889049
4023,0.4153273197467373,0.5018400694889049
4024,0.5140526015867437,0.5018400694889049
4025,0.44503367155058454,0.5018400694889049
4026,0.5401044039580777,0.5018400694889049
4027,0.48939363280817055,0.5018400694889049
4028,0.6639803576815043,0.5018400694889049
4029,0.807290170538261,0.5018400694889049
4030,0.7089553221940256,0.5018400694889049
4031,0.8446922880183787,0.5018400694889049
4032,0.6239566809273418,0.5018400694889049
4033,0.6684985846373724,0.5018400694889049
4034,0.6919700722450328,0.5018400694889049
4035,0.7431015109158452,0.5018400694889049
4036,0.6446812247456364,0.5018400694889049
4037,0.4385579186325414,0.5018400694889049
4038,0.6502885055775022,0.5018400694889049
4039,0.4333744932889744,0.5018400694889049
4040,0.237064022456355,0.5018400694889049
4041,0.40425939245174636,0.5018400694889049
4042,0.41985493429457166,0.5018400694889049
4043,0.26121784729751285,0.5018400694889049
4044,0.19402434184265763,0.5018400694889049
4045,0.38070492639000203,0.5018400694889049
4046,0.3852161073493926,0.5018400694889049
4047,0.43203205118876775,0.5018400694889049
4048,0.5004300062440102,0.5018400694889049
4049,0.39749116887036823,0.5018400694889049
4050,0.5159531684873493,0.5018400694889049
4051,0.631770637146504,0.5018400694889049
4052,0.7093689708089278,0.5018400694889049
4053,0.5745511283556272,0.5018400694889049
4054,0.7239140149591079,0.5018400694889049
4055,0.7246638607124843,0.5018400694889049
4056,0.7802173974933517,0.5018400694889049
4057,0.7249926213617746,0.5018400694889049
4058,0.7055640262433528,0.5018400694889049
4059,0.5980675109740782,0.5018400694889049
4060,0.5745241483835686,0.5018400694889049
4061,0.5958837393588468,0.5018400694889049
4062,0.43260092440880643,0.5018400694889049
4063,0.5024492244795864,0.5018400694889049
4064,0.5174931764954434,0.5018400694889049
4065,0.4565281015056997,0.5018400694889049
4066,0.29305540508651795,0.5018400694889049
4067,0.4221287187517706,0.5018400694889049
4068,0.23798687286011946,0.5018400694889049
4069,0.2765320385860869,0.5018400694889049
4070,0.2708109513362797,0.5018400694889049
4071,0.4226053830449852,0.617348641390254
4072,-0.3729825686094188,-0.19019385281452594
4073,-0.25638047622781096,-0.19019385281452594
4074,-0.20349173099917706,-0.19019385281452594
4075,-0.25025336883853433,-0.19019385281452594
4076,-0.01790068358660732,-0.19019385281452594
4077,-0.15093422652835575,-0.19019385281452594
4078,0.1808034555474407,-0.19019385281452594
4079,0.11802253149733191,-0.19019385281452594
4080,0.25744860549801696,-0.19019385281452594
4081,-0.012204071716994003,-0.19019385281452594
4082,0.13058645827512488,-0.19019385281452594
4083,0.06064835147853037,-0.19019385281452594
4084,-0.0319495153984834,-0.19019385281452594
4085,-0.11917279836089967,-0.19019385281452594
4086,-0.03921625442191831,-0.19019385281452594
4087,-0.1497031834498623,-0.19019385281452594
4088,-0.34941870240504175,-0.19019385281452594
4089,-0.43925837413639623,-0.19019385281452594
4090,-0.3972670358210374,-0.19019385281452594
4091,-0.3989924585909975,-0.19019385281452594
4092,-0.37293555293815067,-0.19019385281452594
4093,-0.51182751351844,-0.19019385281452594
4094,-0.326504357085462,-0.19019385281452594
4095,-0.28903166892459053,-0.19019385281452594
4096,-0.39163517801804243,-0.19019385281452594
4097,-0.5175255160419633,-0.19019385281452594
4098,-0.4279873905997241,-0.19019385281452594
4099,-0.24003965742629396,-0.19019385281452594
4100,-0.16888197363382224,-0.19019385281452594
4101,-0.18471764296768628,-0.19019385281452594
4102,-0.038464954529746256,-0.19019385281452594
4103,0.22613066606982948,-0.19019385281452594
4104,0.008592437047252433,-0.19019385281452594
4105,-0.020169012091358934,-0.19019385281452594
4106,0.02396956306946882,-0.19019385281452594
4107,-0.1654044144181781,-0.19019385281452594
4108,0.042336506527824475,-0.19019385281452594
4109,0.09781704168687108,-0.19019385281452594
4110,-0.03362062945626161,-0.19019385281452594
4111,0.22838916131187154,-0.19019385281452594
4112,-0.2271636950070819,-0.19019385281452594
4113,-0.21764583235747187,-0.19019385281452594
4114,-0.3875476407091342,-0.19019385281452594
4115,-0.398559958724402,-0.19019385281452594
4116,-0.39016238161670963,-0.19019385281452594
4117,-0.39032237884675247,-0.19019385281452594
4118,-0.5288371575364201,-0.19019385281452594
4119,-0.325335313603355,-0.19019385281452594
4120,-0.4822811207329205,-0.19019385281452594
4121,-0.4158803806321151,-0.19019385281452594
4122,-0.3363469543343273,-0.19019385281452594
4123,-0.20489739006836866,-0.19019385281452594
4124,-0.3241937777310312,-0.19019385281452594
4125,-0.20480912674756144,-0.19019385281452594
4126,-0.09409206144148446,-0.19019385281452594
4127,0.14498492655479034,-0.19019385281452594
4128,-0.2211426495881054,-0.19019385281452594
4129,-0.0221466443940411,-0.19019385281452594
4130,0.07505944784204788,-0.19019385281452594
4131,0.08377641149471163,-0.19019385281452594
4132,0.11149029770817116,-0.19019385281452594
4133,-0.0020072644887993707,-0.19019385281452594
4134,0.24421175645180299,-0.19019385281452594
4135,-0.18023451671639656,-0.19019385281452594
4136,-0.015355742303348255,-0.19019385281452594
4137,-0.06975811531750711,-0.19019385281452594
4138,0.018890427793825645,-0.19019385281452594
4139,-0.4306870615524842,-0.19019385281452594
4140,-0.2844252308219853,-0.19019385281452594
4141,-0.5395812294999085,-0.19019385281452594
4142,-0.4421748299422614,-0.19019385281452594
4143,-0.4603324918931739,-0.19019385281452594
4144,-0.30868626067722726,-0.19019385281452594
4145,-0.42543292002498795,-0.19019385281452594
4146,-0.35556985244985606,-0.19019385281452594
4147,-0.5444163726013067,-0.19019385281452594
4148,-0.42455127654681873,-0.19019385281452594
4149,-0.27015108590223424,-0.19019385281452594
4150,-0.11520343678560405,-0.19019385281452594
4151,-0.14095874309282047,-0.19019385281452594
4152,-0.15158752554717908,-0.19019385281452594
4153,0.01322459800073103,-0.19019385281452594
4154,-0.11362177387645869,-0.19019385281452594
4155,0.1216282556329426,-0.19019385281452594
4156,-0.02955948750800047,-0.19019385281452594
4157,0.22015834769384823,-0.19019385281452594
4158,-0.04458330734108776,-0.19019385281452594
4159,0.1390823552435488,-0.19019385281452594
4160,-0.10041471985653339,-0.19019385281452594
4161,0.00937532919822126,-0.19019385281452594
4162,-0.1133306320586364,-0.19019385281452594
4163,-0.2339624870084677,-0.19019385281452594
4164,-0.16906373705776578,-0.19019385281452594
4165,-0.2784137234735343,-0.19019385281452594
4166,1.3319191093990668,1.538584891652847
4167,1.2258613046260365,1.538584891652847
4168,1.2503825996038094,1.538584891652847
4169,-0.5388186756132903,-0.3437621071821774
4170,-0.36554580229719386,-0.11542490972304428
4171,-0.27168507850594126,-0.11542490972304428
4172,-0.30005546736297983,-0.11542490972304428
4173,-0.02646272458371421,-0.11542490972304428
4174,-0.29048617781311614,-0.11542490972304428
4175,-0.14861164141422833,-0.11542490972304428
4176,-0.003555793612066864,-0.11542490972304428
4177,0.06863472108158497,-0.11542490972304428
4178,0.021369017581965508,-0.11542490972304428
4179,0.022681826393204596,-0.11542490972304428
4180,0.078788615939716,-0.11542490972304428
4181,0.055920133714075226,-0.11542490972304428
4182,0.20033216222185837,-0.11542490972304428
4183,0.06672979553826151,-0.11542490972304428
4184,-0.0031013860872579624,-0.11542490972304428
4185,-0.0679014233598118,-0.11542490972304428
4186,-0.07092360974973055,-0.11542490972304428
4187,-0.15011852460132838,-0.11542490972304428
4188,-0.27262551481493674,-0.11542490972304428
4189,-0.2580405791243052,-0.11542490972304428
4190,-0.2404368128164726,-0.11542490972304428
4191,-0.16829890084781102,-0.11542490972304428
4192,-0.3250371021969979,-0.11542490972304428
4193,-0.370761132244295,-0.11542490972304428
4194,-0.3308302193741529,-0.11542490972304428
4195,-0.1440020161135263,-0.11542490972304428
4196,-0.22619257725879754,-0.11542490972304428
4197,-0.20163597392659388,-0.0769163699319366
4198,-0.18282818771334136,-0.0769163699319366
4199,-0.06702559979408602,-0.0769163699319366
4200,-0.1467277978274081,-0.0769163699319366
4201,-0.12720733456155808,-0.0769163699319366
4202,0.0946876975135183,-0.0769163699319366
4203,0.13526377287808086,-0.0769163699319366
4204,0.26685519866956303,-0.0769163699319366
4205,0.22321233804252943,-0.0769163699319366
4206,0.24570722942155201,-0.0769163699319366
4207,0.1035376783383226,-0.0769163699319366
4208,-0.18466568250388044,-0.0769163699319366
4209,0.1760870245933294,-0.0769163699319366
4210,0.26146064495503024,-0.0769163699319366
4211,-0.12517983417158907,-0.0769163699319366
4212,-0.0394612486091202,-0.0769163699319366
4213,-0.13175672635753952,-0.0769163699319366
4214,-0.3709812154944963,-0.0769163699319366
4215,-0.22053622327879366,-0.0769163699319366
4216,-0.2086382970121632,-0.0769163699319366
4217,-0.2340782093825162,-0.0769163699319366
4218,-0.3744814166907933,-0.0769163699319366
4219,-0.35518892245254013,-0.0769163699319366
4220,-0.5148563147185978,-0.0769163699319366
4221,-0.20986408538864182,-0.0769163699319366
4222,-0.1936031957563791,-0.0769163699319366
4223,-0.20192311415023215,-0.0769163699319366
4224,-0.2498175005670643,-0.0769163699319366
4225,-0.1270718584486679,-0.0769163699319366
4226,0.061184176705993944,-0.0769163699319366
4227,0.1956310120227826,-0.0769163699319366
4228,0.014201735914451424,-0.0769163699319366
4229,0.33250195879739947,-0.0769163699319366
4230,0.19869957457244164,-0.0769163699319366
4231,0.11455266014813639,-0.0769163699319366
4232,-0.12509814473014094,-0.0769163699319366
4233,0.14762933669717307,-0.0769163699319366
4234,0.10271446316900107,-0.0769163699319366
4235,0.09191102125451667,-0.0769163699319366
4236,-0.09086804637997038,-0.0769163699319366
4237,-0.1014285615817086,-0.0769163699319366
4238,0.024252871703121487,-0.0769163699319366
4239,-0.14817004583618495,-0.0769163699319366
4240,-0.29402647766230716,-0.0769163699319366
4241,-0.07069421116516027,-0.0769163699319366
4242,-0.1808136221131162,-0.0769163699319366
4243,-0.44852841320070513,-0.0769163699319366
4244,-0.2171143129712491,-0.0769163699319366
4245,-0.24553656794642426,-0.0769163699319366
4246,-0.22248494615184022,-0.0769163699319366
4247,-0.36612888589816406,-0.0769163699319366
4248,-0.23227256585243744,-0.0769163699319366
4249,-0.03732022119177784,-0.0769163699319366
4250,-0.11238269309704477,-0.0769163699319366
4251,-0.0514601506359887,-0.0769163699319366
4252,0.21409395014852334,-0.0769163699319366
4253,0.0187374462888463,-0.0769163699319366
4254,0.19601393926694427,-0.0769163699319366
4255,0.04911607883220606,-0.0769163699319366
4256,0.16534946702260292,-0.0769163699319366
4257,0.12016898994533565,-0.0769163699319366
4258,0.36499193116713224,-0.0769163699319366
4259,0.16485132339981637,-0.0769163699319366
4260,0.10528741690288437,-0.0769163699319366
4261,-0.22654256497747366,-0.0769163699319366
4262,0.09572200237105932,-0.0769163699319366
4263,-0.02731294140222202,-0.0769163699319366
4264,-0.03446452998721264,-0.0769163699319366
4265,-0.14451564785698423,-0.0769163699319366
4266,-0.23157609074418994,-0.0769163699319366
4267,-0.395977646882168,-0.0769163699319366
4268,-0.38740706803061614,-0.0769163699319366
4269,-0.39181583482904214,-0.0769163699319366
4270,-0.2564856524370586,-0.0769163699319366
4271,-0.16565998549935074,-0.0769163699319366
4272,-0.17512474782162313,-0.0769163699319366
4273,-0.3322057941527989,-0.0769163699319366
4274,-0.025690456251846162,-0.0769163699319366
4275,0.05012403684020214,-0.0769163699319366
4276,0.046223639856978534,-0.0769163699319366
4277,-0.10584032418611605,-0.0769163699319366
4278,0.016750038620816754,-0.0769163699319366
4279,0.09612998970188719,-0.0769163699319366
4280,0.2906400402915371,-0.0769163699319366
4281,0.07202400618428825,-0.0769163699319366
4282,0.035393964461606975,-0.0769163699319366
4283,0.1071953482941591,-0.0769163699319366
4284,0.2223354004932026,-0.0769163699319366
4285,0.17619493410602055,-0.0769163699319366
4286,0.20038787850625756,-0.0769163699319366
4287,0.22610560770521645,-0.0769163699319366
4288,0.07435624433159965,-0.0769163699319366
4289,-0.10432918997069922,-0.0769163699319366
4290,-0.1688892918973917,-0.0769163699319366
4291,-0.22031383594482465,-0.0769163699319366
4292,-0.10268868071134618,-0.0769163699319366
4293,-0.19308010260984246,-0.0769163699319366
4294,-0.3084483275770274,-0.0769163699319366
4295,-0.33731469182635393,-0.0769163699319366
4296,-0.2847217284268464,-0.0769163699319366
4297,-0.34997771204660677,-0.0769163699319366
4298,-0.1143185054731896,-0.0769163699319366
4299,-0.13502648463449035,-0.0769163699319366
4300,-0.0818866737727199,-0.0769163699319366
4301,-0.03765869552195804,-0.0769163699319366
4302,0.19193117038884613,-0.0769163699319366
4303,0.15328542812781604,-0.0769163699319366
4304,0.24491211870246105,-0.0769163699319366
4305,0.23758701366480184,-0.0769163699319366
4306,0.16486892533663622,-0.0769163699319366
4307,0.3385754785208407,-0.0769163699319366
4308,0.09648585751940011,-0.0769163699319366
4309,0.013095247091326673,-0.0769163699319366
4310,0.06066899246759007,-0.0769163699319366
4311,0.11550330965489779,-0.0769163699319366
4312,0.12564731218281328,-0.0769163699319366
4313,-0.0500056493903362,-0.0769163699319366
4314,-0.12838113559826608,-0.0769163699319366
4315,-0.12601781371356585,-0.0769163699319366
4316,-0.26976826186333236,-0.0769163699319366
4317,-0.31755908629642765,-0.0769163699319366
4318,-0.4668815570984781,-0.0769163699319366
4319,-0.3390092342560801,-0.0769163699319366
4320,-0.2179231042132386,-0.0769163699319366
4321,-0.2382964341993758,-0.0769163699319366
4322,-0.29256338376982394,-0.0769163699319366
4323,-0.09083150110894767,-0.0769163699319366
4324,-0.08422285371337786,-0.0769163699319366
4325,-0.03492375553086513,-0.0769163699319366
4326,-0.20189293736666605,-0.0769163699319366
4327,0.07399706949004556,-0.0769163699319366
4328,0.036775684917109336,-0.0769163699319366
4329,0.0415269042589968,-0.0769163699319366
4330,0.17912197502385324,-0.0769163699319366
4331,0.17324679311507218,-0.0769163699319366
4332,0.12562514058617635,-0.0769163699319366
4333,0.15148980778407928,-0.0769163699319366
4334,0.1366443089376832,-0.0769163699319366
4335,-0.1436300422350455,-0.0769163699319366
4336,-0.025345039324724428,-0.0769163699319366
4337,-0.09741725402052344,-0.0769163699319366
4338,-0.08315033523867497,-0.0769163699319366
4339,-0.13956232168633909,-0.0769163699319366
4340,-0.09484122557093522,-0.0769163699319366
4341,-0.2592750438219095,-0.0769163699319366
4342,-0.40442678176558294,-0.0769163699319366
4343,-0.15078964878959839,-0.0769163699319366
4344,-0.2518657043905285,-0.0769163699319366
4345,-0.1684686484317184,-0.0769163699319366
4346,-0.44367314497354904,-0.0769163699319366
4347,-0.3945476349348772,-0.0769163699319366
4348,-0.29051237479598013,-0.0769163699319366
4349,-0.12913010920205062,-0.0769163699319366
4350,-0.1886478523485789,-0.0769163699319366
4351,0.0717815869575917,-0.0769163699319366
4352,0.08487023015889102,-0.0769163699319366
4353,0.17325951084498248,-0.0769163699319366
4354,0.2288422541602272,-0.0769163699319366
4355,0.18259461866781848,-0.0769163699319366
4356,0.2918279030435741,-0.0769163699319366
4357,0.16762528490919856,-0.0769163699319366
4358,0.14710522487741695,-0.0769163699319366
4359,0.28192024330060295,-0.0769163699319366
4360,0.08206638551603335,-0.0769163699319366
4361,-0.16622620052965775,-0.0769163699319366
4362,0.135425192040587,-0.0769163699319366
4363,-0.19825434305536233,-0.0769163699319366
4364,-0.2381762243484417,-0.0769163699319366
4365,-0.32656606578214953,-0.0769163699319366
4366,-0.07155032227612382,-0.0769163699319366
4367,-0.3759617389857808,-0.0769163699319366
4368,-0.3760278152707056,-0.0769163699319366
4369,-0.44235351522051924,-0.0769163699319366
4370,-0.33821372713879566,-0.0769163699319366
4371,-0.09592462943741627,-0.0769163699319366
4372,-0.35933379288977385,-0.0769163699319366
4373,-0.33191023099201533,-0.0769163699319366
4374,-0.21166162823687254,-0.0769163699319366
4375,-0.005211850774271479,-0.0769163699319366
4376,0.1565946634383072,-0.0769163699319366
4377,0.07679756138165134,-0.0769163699319366
4378,0.26382941870285426,-0.0769163699319366
4379,0.13514178644940472,-0.0769163699319366
4380,0.1177873814532649,-0.0769163699319366
4381,0.28493296350403496,-0.0769163699319366
4382,0.21290415001634677,-0.0769163699319366
4383,0.22751774747800485,-0.0769163699319366
4384,0.3836484619812886,-0.0769163699319366
4385,0.07926134669556671,-0.0769163699319366
4386,-0.01612155118974011,-0.0769163699319366
4387,0.171374555607123,-0.0769163699319366
4388,-0.2977089989896163,-0.0769163699319366
4389,-0.23719246810701577,-0.0769163699319366
4390,-0.07252490186832879,-0.0769163699319366
4391,-0.3177788492141043,-0.0769163699319366
4392,-0.3159674009683223,-0.0769163699319366
4393,-0.2534583861063662,-0.0769163699319366
4394,-0.2286172129604722,-0.0769163699319366
4395,-0.21183834788741585,-0.0769163699319366
4396,-0.45602265112790785,-0.0769163699319366
4397,-0.22139594426514847,-0.0769163699319366
4398,-0.15392789347879765,-0.0769163699319366
4399,-0.1778894368841762,-0.0769163699319366
4400,-0.0878335087332388,-0.0769163699319366
4401,-0.0807768283481156,-0.0769163699319366
4402,0.10140669023878676,-0.0769163699319366
4403,0.13687740060158854,-0.0769163699319366
4404,0.08148049209026875,-0.0769163699319366
4405,0.17566274949653815,-0.0769163699319366
4406,0.23347559348483807,-0.0769163699319366
4407,0.16556552806750258,-0.0769163699319366
4408,-0.02375991816586384,-0.0769163699319366
4409,0.09593693836234546,-0.0769163699319366
4410,0.07962021709753506,-0.0769163699319366
4411,-0.010211451265682459,-0.0769163699319366
4412,0.16969159592559163,-0.0769163699319366
4413,0.01365597983177401,-0.0769163699319366
4414,-0.008545356293305592,-0.0769163699319366
4415,-0.3291236139233521,-0.0769163699319366
4416,-0.4602409203370328,-0.0769163699319366
4417,-0.2305219839153161,-0.0769163699319366
4418,-0.33402267702154387,-0.0769163699319366
4419,-0.2550386278338751,-0.0769163699319366
4420,-0.23155466110239553,-0.0769163699319366
4421,-0.19294721578305873,-0.0769163699319366
4422,-0.2310099423636702,-0.0769163699319366
4423,-0.20674060854894064,-0.0769163699319366
4424,-0.2165319193876715,-0.0769163699319366
4425,-0.17338498443767011,-0.0769163699319366
4426,0.08505848045977091,-0.0769163699319366
4427,-0.03744082479780721,-0.0769163699319366
4428,0.1547083436489504,-0.0769163699319366
4429,0.04998785694130617,-0.0769163699319366
4430,0.37027797571984333,-0.0769163699319366
4431,0.11898208977045152,-0.0769163699319366
4432,0.16885300042332047,-0.0769163699319366
4433,0.033788483664236396,-0.0769163699319366
4434,0.060642588564239375,-0.0769163699319366
4435,-0.002991376764345438,-0.0769163699319366
4436,-0.05151423030663238,-0.0769163699319366
4437,-0.117422232291384,-0.0769163699319366
4438,-0.05945294818622561,-0.0769163699319366
4439,-0.3413549211995685,-0.0769163699319366
4440,-0.11019140221018386,-0.0769163699319366
4441,-0.43253190166559996,-0.0769163699319366
4442,-0.4320667404707893,-0.0769163699319366
4443,-0.3963728701908555,-0.0769163699319366
4444,-0.3650846494932882,-0.0769163699319366
4445,-0.5458345894660626,-0.0769163699319366
4446,-0.3030772329759286,-0.0769163699319366
4447,-0.3905839190692135,-0.0769163699319366
4448,-0.23372795559508536,-0.0769163699319366
4449,0.05674153557507584,-0.0769163699319366
4450,-0.022656758993998175,-0.0769163699319366
4451,0.049504525442877534,-0.0769163699319366
4452,0.05297261675043701,-0.0769163699319366
4453,0.12282750330133954,-0.0769163699319366
4454,0.17971806770020637,-0.0769163699319366
4455,0.040473792251905755,-0.0769163699319366
4456,0.3049322370406887,-0.0769163699319366
4457,0.23589917933553659,-0.0769163699319366
4458,0.16941944917886465,-0.0769163699319366
4459,-0.11407279838698739,-0.0769163699319366
4460,0.08324601347587264,-0.0769163699319366
4461,0.2486772503628663,-0.0769163699319366
4462,-0.08009755338185476,-0.0769163699319366
4463,-0.01896668668087663,-0.0769163699319366
4464,-0.09262284255370579,-0.0769163699319366
4465,-0.412584242331677,-0.0769163699319366
4466,-0.17625696882211705,-0.0769163699319366
4467,-0.20413386045953366,-0.0769163699319366
4468,-0.3609400828471566,-0.0769163699319366
4469,-0.27082183374880126,-0.0769163699319366
4470,-0.23371247461415284,-0.0769163699319366
4471,-0.20423480901113852,-0.0769163699319366
4472,-0.10445550991469724,-0.0769163699319366
4473,-0.19151278517550474,-0.0769163699319366
4474,-0.13375395136599344,-0.0769163699319366
4475,-0.13753918787186317,-0.0769163699319366
4476,-0.020535290760541322,-0.0769163699319366
4477,0.12275037708968414,-0.0769163699319366
4478,0.19835132107439388,-0.0769163699319366
4479,0.19757716104383954,-0.0769163699319366
4480,0.11099256464066395,-0.0769163699319366
4481,0.2354496623794082,-0.0769163699319366
4482,0.33512171394647294,-0.0769163699319366
4483,0.23629690228770045,-0.0769163699319366
4484,0.19097477990073397,-0.0769163699319366
4485,0.13834497387440742,-0.0769163699319366
4486,-0.03871188215588647,-0.0769163699319366
4487,-0.00616548995748779,-0.0769163699319366
4488,-0.2511039583757121,-0.0769163699319366
4489,-0.18295604799671614,-0.0769163699319366
4490,-0.15063718891566638,-0.0769163699319366
4491,-0.21437868298670437,-0.0769163699319366
4492,-0.29687435312405624,-0.0769163699319366
4493,-0.31928924805492664,-0.0769163699319366
4494,-0.2681253438846747,-0.0769163699319366
4495,-0.2587848255131181,-0.0769163699319366
4496,-0.3644065018587836,-0.0769163699319366
4497,-0.3367329195631661,-0.0769163699319366
4498,-0.3010125285127716,-0.0769163699319366
4499,-0.09268340752931192,-0.0769163699319366
4500,0.05130181354408889,-0.0769163699319366
4501,0.11198552976111303,-0.0769163699319366
4502,-0.03164011317226256,-0.0769163699319366
4503,0.1784844533325132,-0.0769163699319366
4504,0.033628644597210766,-0.0769163699319366
4505,0.16168445099128192,-0.0769163699319366
4506,0.05791681624200182,-0.0769163699319366
4507,0.3544795250865259,-0.0769163699319366
4508,0.08813941929588306,-0.0769163699319366
4509,0.0536527110050819,-0.0769163699319366
4510,0.09768884421447419,-0.0769163699319366
4511,-0.13261767500101018,-0.0769163699319366
4512,-0.017534826115241958,-0.0769163699319366
4513,1.2057246730850382,1.0838201927491873
4514,0.9995350576362495,1.0838201927491873
4515,1.0005685748539168,1.0838201927491873
4516,0.9343691870226354,1.0838201927491873
4517,0.7751743164387539,1.0838201927491873
4518,0.9086007122547979,1.0838201927491873
4519,0.7799572158704351,1.0838201927491873
4520,0.8731953472643256,1.0838201927491873
4521,0.9474981664008096,1.0838201927491873
4522,0.8517860046103105,1.0838201927491873
4523,0.9757773775654508,1.0838201927491873
4524,1.0332534989662396,1.0838201927491873
4525,1.1134611638854484,1.0838201927491873
4526,1.069030669859861,1.0838201927491873
4527,1.1227502473502469,1.0838201927491873
4528,1.1765881817830268,1.0838201927491873
4529,1.4861177651661257,1.0838201927491873
4530,1.4126045552515154,1.0838201927491873
4531,1.4760876336877273,1.0838201927491873
4532,1.2194198952564277,1.0838201927491873
4533,1.6015796594539031,1.0838201927491873
4534,1.2069756351980283,1.0838201927491873
4535,1.316537596520698,1.0838201927491873
4536,1.1418890245980042,1.0838201927491873
4537,1.1306844992820537,1.0838201927491873
4538,0.9742907598247261,1.0838201927491873
4539,1.108493281952316,1.0838201927491873
4540,0.88179089571113,1.0838201927491873
4541,0.9987981899545046,1.0838201927491873
4542,0.966637792354977,1.0838201927491873
4543,0.9419369207964167,1.0838201927491873
4544,0.804918302080356,1.0838201927491873
4545,0.7766074594255927,1.0838201927491873
4546,0.8751782734893385,1.0838201927491873
4547,1.031024180967704,1.0838201927491873
4548,1.0659441396603582,1.0838201927491873
4549,1.0948939883379458,1.0838201927491873
4550,1.0045627864616942,1.0838201927491873
4551,1.0988117821402734,1.0838201927491873
4552,1.1860704596636986,1.0838201927491873
4553,1.1763436719584293,1.0838201927491873
4554,1.2539787813240604,1.0838201927491873
4555,1.2772409870453263,1.0838201927491873
4556,1.4818802538813103,1.0838201927491873
4557,1.2786052133971704,1.0838201927491873
4558,1.3934561994350663,1.0838201927491873
4559,1.3658895876285952,1.0838201927491873
4560,1.112171835366462,1.0838201927491873
4561,1.083777651688537,1.0838201927491873
4562,0.9969923607926404,1.0838201927491873
4563,0.968701881900921,1.0838201927491873
4564,0.8660217469120014,1.0838201927491873
4565,0.8218917411864988,1.0838201927491873
4566,0.8080067296819663,1.0838201927491873
4567,0.8708607617713564,1.0838201927491873
4568,0.8631354242772826,1.0838201927491873
4569,0.9313167448948867,1.0838201927491873
4570,0.8637467517400313,1.0838201927491873
4571,1.0846270158004394,1.0838201927491873
4572,0.7916996349887157,1.0838201927491873
4573,0.9743743978581005,1.0838201927491873
4574,1.1396497245281654,1.0838201927491873
4575,1.1165372537981546,1.0838201927491873
4576,1.1915709552675002,1.0838201927491873
4577,1.078214433454418,1.0838201927491873
4578,1.1146495390952857,1.0838201927491873
4579,1.4214581968841058,1.0838201927491873
4580,1.3188846646067047,1.0838201927491873
4581,1.5235334710488797,1.0838201927491873
4582,1.2928894801331896,1.0838201927491873
4583,1.2984541213306224,1.0838201927491873
4584,1.2293612883977405,1.0838201927491873
4585,1.2063946234936076,1.0838201927491873
4586,1.123089267444711,1.0838201927491873
4587,1.232373252155988,1.0838201927491873
4588,1.0474791064186297,1.0838201927491873
4589,1.1339084929055259,1.0838201927491873
4590,0.9663397501251884,1.0838201927491873
4591,1.0730455389633964,1.0838201927491873
4592,0.7374309431717418,1.0838201927491873
4593,0.8087422616063618,1.0838201927491873
4594,0.7692552371727812,1.0838201927491873
4595,1.0759009281066225,1.0838201927491873
4596,0.7602503442291644,1.0838201927491873
4597,1.01078733439673,1.0838201927491873
4598,0.5068874773369405,0.7458814550884959
4599,0.7115008670698743,0.7458814550884959
4600,0.7482401981237773,0.7458814550884959
4601,0.9203054469737555,0.7458814550884959
4602,0.7769944410836898,0.7458814550884959
4603,0.9787597343744743,0.7458814550884959
4604,0.8988149335564309,0.7458814550884959
4605,0.7835591149251846,0.7458814550884959
4606,1.187852330788229,0.7458814550884959
4607,1.0298697656630154,0.7458814550884959
4608,1.0718376624317338,0.7458814550884959
4609,0.8174196722609072,0.7458814550884959
4610,0.7541483416188892,0.7458814550884959
4611,1.0203084359121641,0.7458814550884959
4612,0.7485735228888781,0.7458814550884959
4613,0.7650513993466163,0.7458814550884959
4614,0.6270740408133872,0.7458814550884959
4615,0.6257554433952385,0.7458814550884959
4616,0.744797594344393,0.7458814550884959
4617,0.5300265707795835,0.7458814550884959
4618,0.5939858632371532,0.7458814550884959
4619,0.4908166546206444,0.7458814550884959
4620,0.5682378100082712,0.7458814550884959
4621,0.4039824148941863,0.7458814550884959
4622,0.6410069663414079,0.7458814550884959
4623,0.5912636330514908,0.7458814550884959
4624,0.6611390041430001,0.7458814550884959
4625,0.8374055914629964,0.7458814550884959
4626,0.884122129727466,0.7458814550884959
4627,0.7434013897741406,0.7458814550884959
4628,0.9314436476209749,0.7458814550884959
4629,0.7008553680202234,0.7458814550884959
4630,1.0484815125759044,0.7458814550884959
4631,0.8077087840719537,0.7458814550884959
4632,1.0936951314221732,0.7458814550884959
4633,0.9871309683502726,0.7458814550884959
4634,0.8249857937875893,0.7458814550884959
4635,0.8242762380259565,0.7458814550884959
4636,0.6721133862872303,0.7458814550884959
4637,0.6880740115066641,0.7458814550884959
4638,0.679717288311368,0.7458814550884959
4639,0.7486359814835621,0.7458814550884959
4640,0.6050747331732809,0.7458814550884959
4641,0.446146455264845,0.7458814550884959
4642,0.590282579362716,0.7458814550884959
4643,0.5156111649230655,0.7458814550884959
4644,0.6212368168138585,0.7458814550884959
4645,0.39940833232233375,0.7458814550884959
4646,0.3829377982981406,0.7458814550884959
4647,0.39514085781673247,0.7458814550884959
4648,0.7469135115491881,0.7458814550884959
4649,0.528263606769965,0.7458814550884959
4650,0.6112682480805067,0.7458814550884959
4651,0.8509509749385384,0.7458814550884959
4652,0.959723626388392,0.7458814550884959
4653,0.9280434441343156,0.7458814550884959
4654,1.0579767391645403,0.7458814550884959
4655,1.070438539843235,0.7458814550884959
4656,0.954890032356219,0.7458814550884959
4657,1.0902244493953097,0.7458814550884959
4658,0.9356616668719172,0.7458814550884959
4659,0.983494042432237,0.7458814550884959
4660,0.8466957273296005,0.7458814550884959
4661,0.9124836186929391,0.7458814550884959
4662,0.6633934466373773,0.7458814550884959
4663,0.6578753549804135,0.7458814550884959
4664,0.5918127154977262,0.7458814550884959
4665,0.6703388378308234,0.7458814550884959
4666,0.48073087847094587,0.7458814550884959
4667,0.3798025453259206,0.7458814550884959
4668,0.47465896466513474,0.7458814550884959
4669,0.5611409643340055,0.7458814550884959
4670,0.5405837575854531,0.7458814550884959
4671,0.4835992153338501,0.7458814550884959
4672,0.6483478213409177,0.7458814550884959
4673,0.538763915986715,0.7458814550884959
4674,0.5979098781556463,0.7458814550884959
4675,0.8589721949920976,0.7458814550884959
4676,0.8832808933457217,0.7458814550884959
4677,0.8849755237240294,0.7458814550884959
4678,0.8549831279990556,0.7458814550884959
4679,1.0754050573472416,0.7458814550884959
4680,0.8874589574267506,0.7458814550884959
4681,1.0456630213177072,0.7458814550884959
4682,0.9342717448030354,0.7458814550884959
4683,0.8108589789035087,0.7458814550884959
4684,1.0374345210201994,0.7458814550884959
4685,0.9322215892274175,0.7458814550884959
4686,1.116516053397601,0.7458814550884959
4687,0.7976967991052405,0.7458814550884959
4688,0.8181823816791347,0.7458814550884959
4689,0.8113625729940637,0.7458814550884959
4690,0.7871582325416792,0.7458814550884959
4691,0.4929750803810442,0.7458814550884959
4692,0.45392440259839384,0.7458814550884959
4693,0.34689814300337773,0.7458814550884959
4694,0.48536463722543066,0.7458814550884959
4695,0.5684450675772257,0.7458814550884959
4696,0.5196664519444594,0.7458814550884959
4697,0.31791291790424425,0.7458814550884959
4698,0.41709487250982896,0.7458814550884959
4699,0.7385764978318727,0.7458814550884959
4700,1.3729121917015494,1.358175070653107
4701,1.525071680833785,1.358175070653107
4702,1.495105905505145,1.358175070653107
4703,1.3710487041231738,1.358175070653107
4704,1.5812475371752637,1.358175070653107
4705,1.4645348101539304,1.358175070653107
4706,1.7313886704750159,1.358175070653107
4707,1.8249363645090098,1.358175070653107
4708,1.5443325331981275,1.358175070653107
4709,1.7052237417355118,1.358175070653107
4710,1.6237170209790697,1.358175070653107
4711,1.526009726870623,1.358175070653107
4712,1.2044923645590486,1.358175070653107
4713,1.423676513601934,1.358175070653107
4714,1.3523360987000634,1.358175070653107
4715,1.087098669721682,1.358175070653107
4716,1.2807555432529747,1.358175070653107
4717,1.2318237256596682,1.358175070653107
4718,1.0351929354162146,1.358175070653107
4719,1.0236606641516213,1.358175070653107
4720,1.1151234240025754,1.358175070653107
4721,1.243041556428018,1.358175070653107
4722,1.160154306071263,1.358175070653107
4723,1.2935719406399797,1.358175070653107
4724,1.2407012486786806,1.358175070653107
4725,1.4883499998653793,1.358175070653107
4726,1.4426959224452887,1.358175070653107
4727,1.5205942366856098,1.358175070653107
4728,1.5870816876552853,1.358175070653107
4729,1.870177098745893,1.358175070653107
4730,1.7155941950920772,1.358175070653107
4731,1.5242568571573856,1.358175070653107
4732,1.6254061359151302,1.358175070653107
4733,1.5467394524441533,1.358175070653107
4734,1.537021253305669,1.358175070653107
4735,1.4108150077153712,1.358175070653107
4736,1.3925928022713343,1.358175070653107
4737,1.3205962744032311,1.358175070653107
4738,1.2170327607543574,1.358175070653107
4739,1.2546772915386057,1.358175070653107
4740,1.2283224339371128,1.358175070653107
4741,1.1210250794630694,1.358175070653107
4742,1.0266502148375611,1.358175070653107
4743,0.91507198519118,1.358175070653107
4744,1.1334415161821094,1.358175070653107
4745,1.108767270048404,1.358175070653107
4746,1.0117162056699542,1.358175070653107
4747,1.2871120287355806,1.358175070653107
4748,1.380269011216007,1.358175070653107
4749,1.5727909564617093,1.358175070653107
4750,1.30214415227641,1.358175070653107
4751,1.495957144584694,1.358175070653107
4752,1.6843910973336391,1.358175070653107
4753,1.4612233321670691,1.358175070653107
4754,1.6087237096551088,1.358175070653107
4755,0.013866379345978286,-0.40536320605417675
4756,-0.1820589397037037,-0.40536320605417675
4757,0.03828768125168372,-0.40536320605417675
4758,-0.17453891815681827,-0.40536320605417675
4759,-0.16829628496017907,-0.40536320605417675
4760,-0.23407707641966718,-0.40536320605417675
4761,-0.3619389705130414,-0.40536320605417675
4762,-0.2834018356637389,-0.40536320605417675
4763,-0.4190398005548368,-0.40536320605417675
4764,-0.5311396616708519,-0.40536320605417675
4765,-0.32140977340573235,-0.40536320605417675
4766,-0.6521821308711905,-0.40536320605417675
4767,-0.697698864659759,-0.40536320605417675
4768,-0.42559433324787466,-0.40536320605417675
4769,-0.7357977066060325,-0.40536320605417675
4770,-0.6858391900601585,-0.40536320605417675
4771,-0.5761656700896522,-0.40536320605417675
4772,-0.5766709701252857,-0.40536320605417675
4773,-0.577767504730112,-0.40536320605417675
4774,-0.5201976164498678,-0.40536320605417675
4775,-0.3939535365932366,-0.40536320605417675
4776,-0.30822302041339333,-0.40536320605417675
4777,-0.3423959748017772,-0.40536320605417675
4778,-0.19025581708707082,-0.40536320605417675
4779,-0.03135446328895991,-0.40536320605417675
4780,-0.023566056862559193,-0.40536320605417675
4781,-0.33679045906599087,-0.40536320605417675
4782,-0.16087739242910687,-0.40536320605417675
4783,-0.26852662345013895,-0.40536320605417675
4784,-0.36420867352816416,-0.40536320605417675
4785,-0.1929790399752683,-0.40536320605417675
4786,-0.24182380933203607,-0.40536320605417675
4787,-0.40166564248534775,-0.40536320605417675
4788,-0.45881506758372737,-0.40536320605417675
4789,-0.44408153605348266,-0.40536320605417675
4790,-0.5574344439249924,-0.40536320605417675
4791,-0.677927525828472,-0.40536320605417675
4792,-0.5692955310515404,-0.40536320605417675
4793,-0.5889548641094163,-0.40536320605417675
4794,-0.62476612119198,-0.40536320605417675
4795,-0.6631085243227997,-0.40536320605417675
4796,-0.510649135573632,-0.40536320605417675
4797,-0.6167527975984671,-0.40536320605417675
4798,-0.461827026900914,-0.40536320605417675
4799,-0.4480595805078552,-0.40536320605417675
4800,-0.2477318571631666,-0.40536320605417675
4801,-0.22816462396443207,-0.40536320605417675
4802,-0.4209503208294729,-0.40536320605417675
4803,-0.06343144528996542,-0.40536320605417675
4804,-0.26643528480410394,-0.40536320605417675
4805,-0.27119626964674465,-0.40536320605417675
4806,-0.1628089271683747,-0.40536320605417675
4807,-0.29426878252330335,-0.40536320605417675
4808,-0.2870666793320198,-0.40536320605417675
4809,-0.12388826021434998,-0.40536320605417675
4810,-0.18479823466563655,-0.40536320605417675
4811,-0.3436242798371121,-0.40536320605417675
4812,-0.4909871651960767,-0.40536320605417675
4813,-0.4699370440989402,-0.40536320605417675
4814,-0.614490798688959,-0.40536320605417675
4815,-0.48013583836511065,-0.40536320605417675
4816,-0.7716624302809156,-0.40536320605417675
4817,-0.6694519160783836,-0.40536320605417675
4818,-0.7104314006860224,-0.40536320605417675
4819,-0.6327105273279232,-0.40536320605417675
4820,-0.781136336354645,-0.40536320605417675
4821,-0.7043818625117838,-0.40536320605417675
4822,-0.6564941152120626,-0.40536320605417675
4823,-0.5478107399050414,-0.40536320605417675
4824,-0.41950218155167285,-0.40536320605417675
4825,-0.3191472931617803,-0.40536320605417675
4826,-0.2840972551131475,-0.40536320605417675
4827,-0.33179838899242386,-0.40536320605417675
4828,-0.14253285143844086,-0.40536320605417675
4829,0.03739160790145321,-0.40536320605417675
4830,-0.2200641029915943,-0.40536320605417675
4831,-0.340563765862984,-0.40536320605417675
4832,-0.1399426029017098,-0.40536320605417675
4833,-0.15178971040266798,-0.40536320605417675
4834,-0.20865454470899586,-0.40536320605417675
4835,-0.1720724520613437,-0.40536320605417675
4836,-0.1776998404365422,-0.40536320605417675
4837,-0.4646262589536807,-0.40536320605417675
4838,-0.3509820343400602,-0.40536320605417675
4839,-0.643822589777543,-0.40536320605417675
4840,-0.6814404589424419,-0.40536320605417675
4841,-0.5755480370806921,-0.40536320605417675
4842,-0.6660390668099248,-0.40536320605417675
4843,-0.7342710642059653,-0.40536320605417675
4844,-0.7607910946390481,-0.40536320605417675
4845,-0.7059228798514074,-0.40536320605417675
4846,-0.7206451159775857,-0.40536320605417675
4847,-0.5519070613660534,-0.40536320605417675
4848,-0.5415261737359462,-0.40536320605417675
4849,-0.6245731901600491,-0.40536320605417675
4850,-0.338846640059703,-0.40536320605417675
4851,-0.5559938107264477,-0.40536320605417675
4852,-0.5098537890635308,-0.40536320605417675
4853,-0.10608678861800694,-0.40536320605417675
4854,-0.300163716555552,-0.40536320605417675
4855,-0.01534518024897552,-0.40536320605417675
4856,-0.23591143561611816,-0.40536320605417675
4857,-0.0997746142976089,-0.40536320605417675
4858,-0.2885225224752336,-0.40536320605417675
4859,-0.22134516467448906,-0.40536320605417675
4860,-0.40476255579357473,-0.40536320605417675
4861,-0.6023910863283858,-0.40536320605417675
4862,-0.3315063530407797,-0.40536320605417675
4863,-0.35558811361925424,-0.40536320605417675
4864,-0.3188873627486637,-0.40536320605417675
4865,-0.591398686225592,-0.40536320605417675
4866,-0.5616598641009245,-0.40536320605417675
4867,-0.5222238870659508,-0.40536320605417675
4868,-0.5728802857922045,-0.40536320605417675
4869,-0.5981897688994053,-0.40536320605417675
4870,-0.7065908784183313,-0.40536320605417675
4871,-0.629381761769673,-0.40536320605417675
4872,-0.5711699481175702,-0.40536320605417675
4873,-0.4811162242390957,-0.40536320605417675
4874,-0.6170225715130934,-0.40536320605417675
4875,-0.43549289283742976,-0.40536320605417675
4876,-0.45994711209377304,-0.40536320605417675
4877,-0.243043907766737,-0.40536320605417675
4878,0.03701353038638096,-0.40536320605417675
4879,-0.10976424435876972,-0.40536320605417675
4880,-0.14437613963092688,-0.40536320605417675
4881,-0.2966482908309789,-0.40536320605417675
4882,-0.09038553820522005,-0.40536320605417675
4883,-0.23726932620445604,-0.40536320605417675
4884,-0.22382051090387103,-0.40536320605417675
4885,-0.1762655549543291,-0.40536320605417675
4886,-0.3750124654489787,-0.40536320605417675
4887,-0.2731201347569969,-0.40536320605417675
4888,-0.3966466328852766,-0.40536320605417675
4889,-0.5013279646479658,-0.40536320605417675
4890,-0.5686212397610227,-0.40536320605417675
4891,-0.6869733008459313,-0.40536320605417675
4892,-0.5234531963547134,-0.40536320605417675
4893,-0.6724276408976879,-0.40536320605417675
4894,-0.45148492054763334,-0.40536320605417675
4895,-0.8128313442563054,-0.40536320605417675
4896,-0.6851413392631489,-0.40536320605417675
4897,-0.5547890427204182,-0.40536320605417675
4898,-0.6164926134228165,-0.40536320605417675
4899,-0.29610385844379805,-0.40536320605417675
4900,-0.5120299529476862,-0.40536320605417675
4901,-0.335287254841334,-0.40536320605417675
4902,-0.36162664976567277,-0.40536320605417675
4903,-0.3979135400979532,-0.40536320605417675
4904,-0.12290642878282293,-0.40536320605417675
4905,-0.1165423326792584,-0.40536320605417675
4906,-0.05167636382782517,-0.40536320605417675
4907,-0.135038047365308,-0.40536320605417675
4908,-0.3296571563485343,-0.40536320605417675
4909,-0.3255149738602533,-0.40536320605417675
4910,-0.28878351349463804,-0.40536320605417675
4911,-0.3829914555468397,-0.40536320605417675
4912,-0.3986048583009348,-0.40536320605417675
4913,-0.43616998937090284,-0.40536320605417675
4914,-0.49613496031446935,-0.40536320605417675
4915,-0.4801813516412919,-0.40536320605417675
4916,-0.5837120815843695,-0.40536320605417675
4917,-0.8050767703856175,-0.40536320605417675
4918,-0.5484591475609892,-0.40536320605417675
4919,-0.5753426973586844,-0.40536320605417675
4920,-0.7093305144731311,-0.40536320605417675
4921,-0.5854648063150485,-0.40536320605417675
4922,-0.6941512911604826,-0.40536320605417675
4923,-0.7631415693585974,-0.40536320605417675
4924,-0.5897907006459139,-0.40536320605417675
4925,-0.5629640663705252,-0.40536320605417675
4926,-0.28617059227042285,-0.40536320605417675
4927,-0.28463458373281203,-0.40536320605417675
4928,-0.0910659040288316,-0.40536320605417675
4929,-0.12298906376018046,-0.40536320605417675
4930,-0.2318429100724535,-0.40536320605417675
4931,-0.09048366556337517,-0.40536320605417675
4932,-0.07496744542482703,-0.40536320605417675
4933,-0.23293591129039345,-0.40536320605417675
4934,-0.026709878593667497,-0.40536320605417675
4935,-0.3689778839804446,-0.40536320605417675
4936,-0.35622872098599256,-0.40536320605417675
4937,-0.16523606308889233,-0.40536320605417675
4938,-0.5283933523659267,-0.40536320605417675
4939,-0.4461194672956481,-0.40536320605417675
4940,0.10156353288778602,0.16296144047724476
4941,-0.2780113446995377,0.16296144047724476
4942,-0.04438323022054888,0.16296144047724476
4943,-0.22313108764974993,0.16296144047724476
4944,-0.0847478209347591,0.16296144047724476
4945,-0.09581068401010823,0.16296144047724476
4946,-0.05035001239398382,0.16296144047724476
4947,0.11026542669397107,0.16296144047724476
4948,-0.053287069587333785,0.16296144047724476
4949,0.006840700636548999,0.16296144047724476
4950,0.006476235008742658,0.16296144047724476
4951,0.37716635596391285,0.16296144047724476
4952,0.27888758354888765,0.16296144047724476
4953,0.30637583978842253,0.16296144047724476
4954,0.5735728556946936,0.16296144047724476
4955,0.41828409187463267,0.16296144047724476
4956,0.4596520413026428,0.16296144047724476
4957,0.2526311624548566,0.16296144047724476
4958,0.4204980441597783,0.16296144047724476
4959,0.3643506578158837,0.16296144047724476
4960,0.3111713145806988,0.16296144047724476
4961,0.28920987449296365,0.16296144047724476
4962,0.15593043603406057,0.16296144047724476
4963,0.11844725946071995,0.16296144047724476
4964,-0.028509377538899296,0.16296144047724476
4965,-0.008297362661801727,0.16296144047724476
4966,-0.18853094151990452,0.16296144047724476
4967,-0.07660060330001989,0.16296144047724476
4968,-0.08327568105472422,0.16296144047724476
4969,-0.05392674563618455,0.16296144047724476
4970,-0.021047682705149007,0.16296144047724476
4971,-0.17864605015795365,0.16296144047724476
4972,0.06494404752170724,0.16296144047724476
4973,0.012871035959543711,0.16296144047724476
4974,0.02914097989848783,0.16296144047724476
4975,0.13916187097442648,0.16296144047724476
4976,0.22896930196212326,0.16296144047724476
4977,0.24360286251758262,0.16296144047724476
4978,0.36959373183255806,0.16296144047724476
4979,0.5944239272986166,0.16296144047724476
4980,0.5951362116563335,0.16296144047724476
4981,0.4217103174226842,0.16296144047724476
4982,0.4749962527407162,0.16296144047724476
4983,0.5219458975097679,0.16296144047724476
4984,0.45478471745249666,0.16296144047724476
4985,0.22717617942038904,0.16296144047724476
4986,0.2421047590997866,0.16296144047724476
4987,0.18410379634609436,0.16296144047724476
4988,-0.019087540575655815,0.16296144047724476
4989,0.143721411284169,0.16296144047724476
4990,0.07920266204499223,0.16296144047724476
4991,-0.02708836290194766,0.16296144047724476
4992,0.0545016292157153,0.16296144047724476
4993,-0.08930945640365388,0.16296144047724476
4994,0.02267963812822671,0.16296144047724476
4995,-0.1956399194472274,0.16296144047724476
4996,-0.043054881433394365,0.16296144047724476
4997,0.1077619408468179,0.16296144047724476
4998,0.08528861234952442,0.16296144047724476
4999,0.10664462870635485,0.16296144047724476
5000,0.13302603957902775,0.16296144047724476
5001,0.33679469477566504,0.16296144047724476
5002,0.30524492474509635,0.16296144047724476
5003,0.3436897316000008,0.16296144047724476
5004,0.20351402638603402,0.16296144047724476
5005,0.4212635434919121,0.16296144047724476
5006,0.27597811012914863,0.16296144047724476
5007,0.4738346998388207,0.16296144047724476
5008,0.4833397578111974,0.16296144047724476
5009,0.23096633537445205,0.16296144047724476
5010,0.17872540001451162,0.16296144047724476
5011,0.22829650985007788,0.16296144047724476
5012,0.004180326098911641,0.16296144047724476
5013,0.1767225173868443,0.16296144047724476
5014,-0.15458425894248662,0.16296144047724476
5015,-0.21964953183031216,0.16296144047724476
5016,0.0804479420894027,0.16296144047724476
5017,-0.06056573206337307,0.16296144047724476
5018,0.002489476368075727,0.16296144047724476
5019,-0.06341964940767186,0.16296144047724476
5020,-0.10080216633202727,0.16296144047724476
5021,-0.07700729577397813,0.16296144047724476
5022,-0.0986743873632269,0.16296144047724476
5023,0.15012448655743996,0.16296144047724476
5024,0.2566471822533788,0.16296144047724476
5025,0.17655029612022544,0.16296144047724476
5026,0.28541150304109664,0.16296144047724476
5027,0.34477379277335796,0.16296144047724476
5028,0.2888645426417936,0.16296144047724476
5029,0.5004989645273072,0.16296144047724476
5030,0.5127654336922286,0.16296144047724476
5031,0.5830219473042548,0.16296144047724476
5032,0.48081611135730595,0.16296144047724476
5033,0.3625875488348513,0.16296144047724476
5034,0.3671807943495078,0.16296144047724476
5035,0.39002401828127126,0.16296144047724476
5036,0.3724865871193615,0.16296144047724476
5037,0.5113052765857545,0.16296144047724476
5038,0.07563161209572136,0.16296144047724476
5039,0.11589668472610452,0.16296144047724476
5040,0.07076276111220968,0.16296144047724476
5041,-0.11829485834366255,0.16296144047724476
5042,-0.019443916716840426,0.16296144047724476
5043,-0.03204314407905923,0.16296144047724476
5044,0.08936134176858765,0.16296144047724476
5045,-0.007558411384090358,0.16296144047724476
5046,0.015226199866057194,0.16296144047724476
5047,-0.17841599840959158,0.16296144047724476
5048,0.1646384395984114,0.16296144047724476
5049,0.018688421352597046,0.16296144047724476
5050,0.2345447923047498,0.16296144047724476
5051,0.27377011084464703,0.16296144047724476
5052,0.38994348318568983,0.16296144047724476
5053,0.3771136427997055,0.16296144047724476
5054,0.6192500238711595,0.16296144047724476
5055,0.461567114802689,0.16296144047724476
5056,0.4693183321909604,0.16296144047724476
5057,0.2932965699425353,0.16296144047724476
5058,0.33711503391465014,0.16296144047724476
5059,0.37761702018450377,0.16296144047724476
5060,0.16977629767614927,0.16296144047724476
5061,0.24156223470261723,0.16296144047724476
5062,0.10152138957194774,0.16296144047724476
5063,-0.0005400960901834895,0.16296144047724476
5064,0.1683908825801859,0.16296144047724476
5065,0.06570300583230776,0.16296144047724476
5066,0.024120039619551198,0.16296144047724476
5067,0.011248867838055343,0.16296144047724476
5068,-0.11045617145687564,0.16296144047724476
5069,-0.09802368193451344,0.16296144047724476
5070,-0.19441986178622914,0.16296144047724476
5071,-0.01973496041141773,0.16296144047724476
5072,-0.05309846844714747,0.16296144047724476
5073,0.15162041392233513,0.16296144047724476
5074,0.09437041074464843,0.16296144047724476
5075,0.26272460021177896,0.16296144047724476
5076,0.33464984515698754,0.16296144047724476
5077,0.36932860572216736,0.16296144047724476
5078,0.28776540606345713,0.16296144047724476
5079,0.4335484902507679,0.16296144047724476
5080,0.4397927292396545,0.16296144047724476
5081,0.3597617740379183,0.16296144047724476
5082,0.37886381532307817,0.16296144047724476
5083,0.5372725827286681,0.16296144047724476
5084,0.3711025064894353,0.16296144047724476
5085,0.37352884097448136,0.16296144047724476
5086,0.31991520426105163,0.16296144047724476
5087,0.16139777810377845,0.16296144047724476
5088,0.07276997886378811,0.16296144047724476
5089,0.0550413405766539,0.16296144047724476
5090,-0.10357695240648156,0.16296144047724476
5091,-0.0014412126237982603,0.16296144047724476
5092,-0.05812196351847185,0.16296144047724476
5093,-0.04009032637283297,0.16296144047724476
5094,-0.10832306834016857,0.16296144047724476
5095,-0.09298228028286076,0.16296144047724476
5096,-0.06824271160813161,0.16296144047724476
5097,-0.013193115163233626,0.16296144047724476
5098,-0.05961653765112601,0.16296144047724476
5099,0.00390888615328025,0.16296144047724476
5100,0.34838826431693337,0.16296144047724476
5101,0.2982729391918079,0.16296144047724476
5102,0.33858945898262405,0.16296144047724476
5103,0.37732130838727995,0.16296144047724476
5104,0.31260284320604104,0.16296144047724476
5105,0.33300492162297446,0.16296144047724476
5106,0.5566519750459409,0.16296144047724476
5107,0.5658315344532906,0.16296144047724476
5108,0.38284327269576535,0.16296144047724476
5109,0.3009017789520919,0.16296144047724476
5110,0.14864354887383446,0.16296144047724476
5111,0.2561972218323221,0.16296144047724476
5112,0.1488261232135707,0.16296144047724476
5113,0.052098989609627874,0.16296144047724476
5114,0.0417601733346539,0.16296144047724476
5115,0.0017236160095240455,0.16296144047724476
5116,0.11334616762438193,0.16296144047724476
5117,-0.007160192345892019,0.16296144047724476
5118,0.07048774673760583,0.16296144047724476
5119,-0.15309631913515584,0.16296144047724476
5120,-0.10247856314241516,0.16296144047724476
5121,-0.23411447083514914,0.16296144047724476
5122,0.16218856243058663,0.16296144047724476
5123,0.04887509299086505,0.16296144047724476
5124,0.17668796066236286,0.16296144047724476
5125,0.2696335196252688,0.16296144047724476
5126,0.16092773447868705,0.16296144047724476
5127,0.3825471496079545,0.16296144047724476
5128,0.2378836979093065,0.16296144047724476
5129,0.27657508053124386,0.16296144047724476
5130,0.49828971288205626,0.16296144047724476
5131,0.489959222367218,0.16296144047724476
5132,0.2747991440196865,0.16296144047724476
5133,0.47026435435034075,0.16296144047724476
5134,0.3209762994630303,0.16296144047724476
5135,0.3413506310444441,0.16296144047724476
5136,0.24226272615140737,0.16296144047724476
5137,0.19415455293582912,0.16296144047724476
5138,-0.07133066148118872,0.16296144047724476
5139,0.11656753238583331,0.16296144047724476
5140,0.02191668962067911,0.16296144047724476
5141,-0.05140469380370141,0.16296144047724476
5142,0.10497068966012257,0.16296144047724476
5143,0.16721198605114315,0.16296144047724476
5144,-0.23274413389608117,0.16296144047724476
5145,-0.17503431496043928,0.16296144047724476
5146,-0.10835299880467061,0.16296144047724476
5147,-0.007803060447749061,0.16296144047724476
5148,0.1579699156593305,0.16296144047724476
5149,0.09493914159237174,0.16296144047724476
5150,0.18787887209302614,0.16296144047724476
5151,0.3062310614465244,0.16296144047724476
5152,0.38667468124370113,0.16296144047724476
5153,0.3876033840289801,0.16296144047724476
5154,0.24739491331978958,0.16296144047724476
5155,0.3052217925230266,0.16296144047724476
5156,0.48284912049266415,0.16296144047724476
5157,0.5035313024941559,0.16296144047724476
5158,0.4278732343454937,0.16296144047724476
5159,0.5399906580239385,0.16296144047724476
5160,0.3992586549929159,0.16296144047724476
5161,0.41380022398400085,0.16296144047724476
5162,0.19583707281345153,0.16296144047724476
5163,0.08246864115198085,0.16296144047724476
5164,0.10601030381754266,0.16296144047724476
5165,0.05780878621435688,0.16296144047724476
5166,-0.040624332441206557,0.16296144047724476
5167,-0.09005783974941417,0.16296144047724476
5168,-0.19075813406077807,0.16296144047724476
5169,-0.09893312880609223,0.16296144047724476
5170,-0.20129606798493327,0.16296144047724476
5171,-0.013432728528245702,0.16296144047724476
5172,-0.007641029905316676,0.16296144047724476
5173,-0.09272201272304992,0.16296144047724476
5174,-0.004972773667503788,0.16296144047724476
5175,0.25134291839678874,0.16296144047724476
5176,0.24344970785119632,0.16296144047724476
5177,0.39476719642043107,0.16296144047724476
5178,0.5712259407754022,0.16296144047724476
5179,0.47937042589505496,0.16296144047724476
5180,0.47647654561092584,0.16296144047724476
5181,0.3801169765859781,0.16296144047724476
5182,0.5380541215754919,0.16296144047724476
5183,0.4163572801041106,0.16296144047724476
5184,0.40508587076838076,0.16296144047724476
5185,0.31266294126471805,0.16296144047724476
5186,0.21380359373512003,0.16296144047724476
5187,0.16796108108562346,0.16296144047724476
5188,0.10752027198564498,0.16296144047724476
5189,0.06810789526956165,0.16296144047724476
5190,-0.16846025558625402,0.16296144047724476
5191,-0.1023354065272237,0.16296144047724476
5192,-0.08889720278517382,0.16296144047724476
5193,0.030976813430344863,0.16296144047724476
5194,0.016420647434629565,0.16296144047724476
5195,-0.14850302454718892,0.16296144047724476
5196,-0.09625747891129748,0.16296144047724476
5197,0.06237697055021149,0.16296144047724476
5198,0.25300111764275046,0.16296144047724476
5199,0.20890798822743467,0.16296144047724476
5200,0.2711809023422797,0.16296144047724476
5201,0.2076554315029232,0.16296144047724476
5202,0.25407476419492425,0.16296144047724476
5203,0.34103564569838846,0.16296144047724476
5204,0.1627626794719078,0.16296144047724476
5205,0.47270495542712687,0.16296144047724476
5206,0.31948095007602606,0.16296144047724476
5207,0.4530870458652929,0.16296144047724476
5208,0.44501611087646176,0.16296144047724476
5209,0.5484713291182117,0.16296144047724476
5210,0.22458126493258795,0.16296144047724476
5211,0.243845616564745,0.16296144047724476
5212,0.1289166486238148,0.16296144047724476
5213,0.16407427428613125,0.16296144047724476
5214,0.012403253835695988,0.16296144047724476
5215,-0.05740007556548603,0.16296144047724476
5216,-0.15646275579422214,0.16296144047724476
5217,-0.024202234015825552,0.16296144047724476
5218,-0.08914029470180335,0.16296144047724476
5219,-0.09849361097609524,0.16296144047724476
5220,-0.07055273672153003,0.16296144047724476
5221,0.0213443189263684,0.16296144047724476
5222,-0.05540970829057611,0.16296144047724476
5223,0.13835823218773008,0.16296144047724476
5224,0.040045238147385545,0.16296144047724476
5225,0.051671125651015025,0.16296144047724476
5226,0.3575879499929233,0.16296144047724476
5227,0.3322485510996357,0.16296144047724476
5228,0.32210561177475716,0.16296144047724476
5229,0.5206387274328184,0.16296144047724476
5230,0.37128817662180363,0.16296144047724476
5231,0.47218134330746764,0.16296144047724476
5232,0.5213442075196949,0.16296144047724476
5233,0.4089466823124642,0.16296144047724476
5234,0.3125064329573864,0.16296144047724476
5235,0.3400441451442397,0.16296144047724476
5236,0.26249317691400914,0.16296144047724476
5237,0.3842692100961777,0.16296144047724476
5238,0.3031673739065057,0.16296144047724476
5239,0.19982565751530262,0.16296144047724476
5240,0.13860267602079507,0.16296144047724476
5241,-0.10968337232300862,0.16296144047724476
5242,-0.18427581123783177,0.16296144047724476
5243,-0.20506050711138812,0.16296144047724476
5244,-0.14143581591380444,0.16296144047724476
5245,-0.2854801098078824,0.16296144047724476
5246,-0.22506347261779786,0.16296144047724476
5247,0.28044719261490497,0.16296144047724476
5248,0.04085118531971138,0.16296144047724476
5249,0.015923881960427128,0.16296144047724476
5250,0.20107369126584312,0.16296144047724476
5251,0.03704113311304578,0.16296144047724476
5252,0.33203120463640245,0.16296144047724476
5253,0.3920317568985293,0.16296144047724476
5254,0.4432887521716384,0.16296144047724476
5255,0.452212478136496,0.16296144047724476
5256,0.4456489582874403,0.16296144047724476
5257,0.4215023259510543,0.16296144047724476
5258,0.39627443165747556,0.16296144047724476
5259,0.33053117530183984,0.16296144047724476
5260,0.40048945158532223,0.16296144047724476
5261,0.2940541197905768,0.16296144047724476
5262,0.3313788604066433,0.16296144047724476
5263,0.1907800918699189,0.16296144047724476
5264,0.23911675016922393,0.16296144047724476
5265,0.07246316400761967,0.16296144047724476
5266,0.1038232921561888,0.16296144047724476
5267,0.03101497099658118,0.16296144047724476
5268,-0.1779799049057263,0.16296144047724476
5269,-0.192793801225764,0.16296144047724476
5270,0.018545227230521405,0.16296144047724476
5271,0.254144676295042,0.16296144047724476
5272,-0.1242453589892146,0.16296144047724476
5273,-0.09123740334489328,0.16296144047724476
5274,0.21068902186556698,0.16296144047724476
5275,0.11724517359289086,0.16296144047724476
5276,0.10654963269913295,0.16296144047724476
5277,0.3612174898018343,0.16296144047724476
5278,0.5273463767351197,0.16296144047724476
5279,0.38267001989692273,0.16296144047724476
5280,0.5508419323664541,0.16296144047724476
5281,0.4857637292344814,0.16296144047724476
5282,0.6307301890551709,0.16296144047724476
5283,0.34664829899559424,0.16296144047724476
5284,0.2593929826549045,0.16296144047724476
5285,0.3035205802502856,0.16296144047724476
5286,0.3011304239536158,0.16296144047724476
5287,0.17245573013778284,0.16296144047724476
5288,0.20292332115314152,0.16296144047724476
5289,0.09638898791067531,0.16296144047724476
5290,0.1183445747328584,0.16296144047724476
5291,0.04429574531637551,0.16296144047724476
5292,-0.17177328780666595,0.16296144047724476
5293,-0.12002550653264327,0.16296144047724476
5294,-0.08352360874693598,0.16296144047724476
5295,-0.028402495928609633,0.16296144047724476
5296,0.21057062403750568,0.16296144047724476
5297,-0.05377255096660183,-0.03329357542917381
5298,-0.2071175743464722,-0.03329357542917381
5299,-0.1382578813576842,-0.03329357542917381
5300,0.0856927195481038,-0.03329357542917381
5301,-0.009622635448843987,-0.03329357542917381
5302,0.09376088668574532,-0.03329357542917381
5303,0.11657334987213508,-0.03329357542917381
5304,-0.0026321468042149465,-0.03329357542917381
5305,0.1662468785610335,-0.03329357542917381
5306,0.19444451378810734,-0.03329357542917381
5307,0.16650467131856642,-0.03329357542917381
5308,0.1636798949897033,-0.03329357542917381
5309,0.26296397718982495,-0.03329357542917381
5310,0.2112264632391505,-0.03329357542917381
5311,0.21739785650088284,-0.03329357542917381
5312,0.2049502806708909,-0.03329357542917381
5313,0.033459754865665436,-0.03329357542917381
5314,-0.11357542573088573,-0.03329357542917381
5315,-0.10227395156573402,-0.03329357542917381
5316,0.08052735830152111,-0.03329357542917381
5317,-0.513856326959979,-0.03329357542917381
5318,-0.0586719007531184,-0.03329357542917381
5319,-0.2383048635546614,-0.03329357542917381
5320,-0.3085203856651798,-0.03329357542917381
5321,-0.38122339682978135,-0.03329357542917381
5322,-0.18278899958974051,-0.03329357542917381
5323,-0.2152990574321335,-0.03329357542917381
5324,-0.03755865077629396,-0.03329357542917381
5325,-0.011442727678283368,-0.03329357542917381
5326,-0.022062296510176937,-0.03329357542917381
5327,-0.009626926906675312,-0.03329357542917381
5328,0.20677416732816495,-0.03329357542917381
5329,0.15550633437137862,-0.03329357542917381
5330,0.28033972509271,-0.03329357542917381
5331,0.27199442075548924,-0.03329357542917381
5332,0.1493360214983311,-0.03329357542917381
5333,0.2756108637542394,-0.03329357542917381
5334,0.05182476603531491,-0.03329357542917381
5335,0.20137976224190043,-0.03329357542917381
5336,0.13872584322703474,-0.03329357542917381
5337,0.014356187780186089,-0.03329357542917381
5338,-0.22894938656843103,-0.03329357542917381
5339,-0.07711896142489642,-0.03329357542917381
5340,-0.10140180493318587,-0.03329357542917381
5341,-0.16084506523320863,-0.03329357542917381
5342,-0.9179314636034316,-0.5472846349718913
5343,-0.7773779074612828,-0.5472846349718913
5344,-0.8488310420224934,-0.5472846349718913
5345,-0.7404355254739798,-0.5472846349718913
5346,-0.9046102092541799,-0.5472846349718913
5347,-0.8651737337170324,-0.5472846349718913
5348,-0.824476671665626,-0.5472846349718913
5349,-0.6252636130537876,-0.5472846349718913
5350,-0.5195668133400902,-0.5472846349718913
5351,-0.4348189604986923,-0.5472846349718913
5352,-0.4829518901314639,-0.5472846349718913
5353,-0.460946462564361,-0.5472846349718913
5354,-0.4384557287586597,-0.5472846349718913
5355,-0.25040241743462716,-0.5472846349718913
5356,-0.41985287534869453,-0.5472846349718913
5357,-0.3217381099471739,-0.5472846349718913
5358,-0.4444153402312431,-0.5472846349718913
5359,-0.35906203531073255,-0.5472846349718913
5360,-0.3063277116043658,-0.5472846349718913
5361,-0.4107828867714527,-0.5472846349718913
5362,-0.599811969027051,-0.5472846349718913
5363,-0.6258659856785159,-0.5472846349718913
5364,-0.6897360830332815,-0.5472846349718913
5365,-0.65756912526946,-0.5472846349718913
5366,-0.7081539333771446,-0.5472846349718913
5367,-0.6657535312231039,-0.5472846349718913
5368,-0.8298965571534476,-0.5472846349718913
5369,-0.9434484277158126,-0.5472846349718913
5370,-0.859847732511574,-0.5472846349718913
5371,-0.6516448926600233,-0.5472846349718913
5372,-0.7250941270447928,-0.5472846349718913
5373,-0.6439757744469016,-0.5472846349718913
5374,-0.716390275332381,-0.5472846349718913
5375,-0.36579678903589835,-0.5472846349718913
5376,-0.4119222398640328,-0.5472846349718913
5377,-0.44285090748310596,-0.5472846349718913
5378,-0.37140089235282886,-0.5472846349718913
5379,-0.30541693523775626,-0.5472846349718913
5380,-0.21888700360907692,-0.5472846349718913
5381,-0.04960588151049572,-0.5472846349718913
5382,-0.15683211416553333,-0.5472846349718913
5383,-0.4085400203942976,-0.5472846349718913
5384,-0.40770406446214913,-0.5472846349718913
5385,-0.3679695028791275,-0.5472846349718913
5386,-0.376447060153328,-0.5472846349718913
5387,-0.49819589010206167,-0.5472846349718913
5388,-0.7691767194246599,-0.5472846349718913
5389,-0.5776071534468301,-0.5472846349718913
5390,-0.6222109051810628,-0.5472846349718913
5391,-0.7201914983766536,-0.5472846349718913
5392,-0.5862267802545713,-0.5472846349718913
5393,-0.8775324472641994,-0.5472846349718913
5394,-0.6932944239240716,-0.5472846349718913
5395,-0.6224653129164686,-0.5472846349718913
5396,-0.6415603298128225,-0.5472846349718913
5397,-0.5716256798536826,-0.5472846349718913
5398,-0.7436300383906134,-0.5472846349718913
5399,-0.6229287472882636,-0.5472846349718913
5400,-0.5434953461476988,-0.5472846349718913
5401,-0.524316293539079,-0.5472846349718913
5402,-0.3911035606762674,-0.5472846349718913
5403,-0.31856660076230403,-0.5472846349718913
5404,-0.24775373441142212,-0.5472846349718913
5405,-0.20084378376397283,-0.5472846349718913
5406,-0.20247455850371898,-0.5472846349718913
5407,-0.3805079722678739,-0.5472846349718913
5408,-0.17035789685416583,-0.5472846349718913
5409,-0.19228887706852374,-0.5472846349718913
5410,-0.44278399960594145,-0.5472846349718913
5411,-0.6093984732422079,-0.5472846349718913
5412,-0.33391455029818823,-0.5472846349718913
5413,-0.7508136877796896,-0.5472846349718913
5414,-0.7311764814105242,-0.5472846349718913
5415,-0.6993545126053109,-0.5472846349718913
5416,-0.7117330967315694,-0.5472846349718913
5417,1.3441423968698003,1.4473783900100659
5418,1.1681536693048031,1.4473783900100659
5419,1.157167861608349,1.4473783900100659
5420,1.2782529359918071,1.4473783900100659
5421,1.183629764331017,1.4473783900100659
5422,1.302475328708547,1.4473783900100659
5423,1.2136669695358986,1.4473783900100659
5424,1.4614928299481527,1.4473783900100659
5425,1.487260211361054,1.4473783900100659
5426,1.3816921069378172,1.4473783900100659
5427,1.6813676216504305,1.4473783900100659
5428,1.6658189166351154,1.4473783900100659
5429,1.565298393722497,1.4473783900100659
5430,1.6441215370627453,1.4473783900100659
5431,1.6887850879408854,1.4473783900100659
5432,1.6746298634110655,1.4473783900100659
5433,1.65582650473951,1.4473783900100659
5434,1.657624350861263,1.4473783900100659
5435,1.6132627089794664,1.4473783900100659
5436,1.6684396913722452,1.4473783900100659
5437,1.522057371823353,1.4473783900100659
5438,1.396485784523589,1.4473783900100659
5439,1.480002318588768,1.4473783900100659
5440,1.3239243590299776,1.4473783900100659
5441,1.3227785557083724,1.4473783900100659
5442,1.3281979623712608,1.4473783900100659
5443,1.052051085249825,1.4473783900100659
5444,1.1887635652025363,1.4473783900100659
5445,1.2175820595361169,1.4473783900100659
5446,1.4463955277745675,1.4473783900100659
5447,1.2872321838745857,1.4473783900100659
5448,1.4108378124414855,1.4473783900100659
5449,1.494117731313319,1.4473783900100659
5450,1.3837623320862378,1.4473783900100659
5451,1.6259845842379248,1.4473783900100659
5452,1.6066317757593649,1.4473783900100659
5453,1.7526409264866876,1.4473783900100659
5454,1.71722886539651,1.4473783900100659
5455,1.623203022106158,1.4473783900100659
5456,1.602637728393556,1.4473783900100659
5457,1.773197927474673,1.4473783900100659
5458,1.659763547649439,1.4473783900100659
5459,1.712827937442769,1.4473783900100659
5460,1.6315893766074847,1.4473783900100659
5461,1.51887101707231,1.4473783900100659
5462,1.4645946523842301,1.4473783900100659
5463,1.5349214140565135,1.4473783900100659
5464,1.3103697547648652,1.4473783900100659
5465,1.3202235112752478,1.4473783900100659
5466,1.2743207875652491,1.4473783900100659
5467,1.1227504312839307,1.4473783900100659
5468,1.178851990074578,1.4473783900100659
5469,1.2414469326117132,1.4473783900100659
5470,1.1179188008021255,1.4473783900100659
5471,1.2132091702022538,1.4473783900100659
5472,1.258298467301695,1.4473783900100659
5473,1.3916981494823906,1.4473783900100659
5474,1.3375600882893324,1.4473783900100659
5475,1.4725693473165509,1.4473783900100659
5476,1.4371176124901364,1.4473783900100659
5477,1.659457911700901,1.4473783900100659
5478,1.7164243574307079,1.4473783900100659
5479,1.8330245131829337,1.4473783900100659
5480,1.6742433593644723,1.4473783900100659
5481,1.6623884770915571,1.4473783900100659
5482,1.84868903751195,1.4473783900100659
5483,1.6215319203488363,1.4473783900100659
5484,1.677704062593532,1.4473783900100659
5485,1.7391859847565012,1.4473783900100659
5486,1.464068439717371,1.4473783900100659
5487,1.6913495036851656,1.4473783900100659
5488,1.270821985999638,1.4473783900100659
5489,1.3228600305607472,1.4473783900100659
5490,1.1723546967394836,1.4473783900100659
5491,1.2562951939707758,1.4473783900100659
5492,1.204863093184025,1.4473783900100659
5493,1.4238777714249256,1.4473783900100659
5494,1.1955559304696504,1.4473783900100659
5495,1.2429394379103167,1.4473783900100659
5496,1.3462529802295247,1.4473783900100659
5497,1.0379695033711478,1.4473783900100659
5498,1.4020560917795275,1.4473783900100659
5499,1.5710604269251085,1.4473783900100659
