0,0.5179614861241968,0.5186560787847003
1,0.44865142082458515,0.5186560787847003
2,0.7816383944997448,0.5186560787847003
3,0.6860431085599723,0.5186560787847003
4,0.7518287702071558,0.5186560787847003
5,0.7066221088307487,0.5186560787847003
6,0.964497291499908,0.5186560787847003
7,0.8107704495165503,0.5186560787847003
8,0.8127127660636256,0.5186560787847003
9,0.7149744007112903,0.5186560787847003
10,0.6200085039753072,0.5186560787847003
11,0.6329186258497677,0.5186560787847003
12,0.4251178513690272,0.5186560787847003
13,0.6262078897366531,0.5186560787847003
14,0.3993202999043266,0.5186560787847003
15,0.34007025709433314,0.5186560787847003
16,0.35566652494547946,0.5186560787847003
17,0.3608758128642732,0.5186560787847003
18,0.4315314922065916,0.5186560787847003
19,0.25076440777976394,0.5186560787847003
20,0.33685446923753054,0.5186560787847003
21,0.4769338860905797,0.5186560787847003
22,0.4148858209960893,0.5186560787847003
23,0.42844651991167854,0.5186560787847003
24,0.3282583651628871,0.5186560787847003
25,0.5486469910346325,0.5186560787847003
26,0.5637324354931974,0.5186560787847003
27,0.6354681915845091,0.5186560787847003
28,0.6806221794254843,0.5186560787847003
29,0.7787588637840702,0.5186560787847003
30,0.7682560496758045,0.5186560787847003
31,0.6267110847271593,0.5186560787847003
32,0.7618611846026373,0.5186560787847003
33,0.6595639675460148,0.5186560787847003
34,0.7991212358700857,0.5186560787847003
35,0.7031200217198397,0.5186560787847003
36,0.5366800935254408,0.5186560787847003
37,0.7857995676347306,0.5186560787847003
38,0.33053545489343683,0.5186560787847003
39,0.15067871876613473,0.5186560787847003
40,0.2936730807025273,0.5186560787847003
41,0.3254518119764436,0.5186560787847003
42,0.2557856913057097,0.5186560787847003
43,0.1916337447761801,0.5186560787847003
44,0.24492016031454591,0.5186560787847003
45,0.3035977931842071,0.5186560787847003
46,0.2066711116831373,0.5186560787847003
47,0.34064759447845583,0.5186560787847003
48,0.2517354772091856,0.5186560787847003
49,0.3860262303710523,0.5186560787847003
50,0.5465578686035985,0.5186560787847003
51,0.7119554471285249,0.5186560787847003
52,0.6491072367492555,0.5186560787847003
53,0.7194230771474297,0.5186560787847003
54,0.793369180176786,0.5186560787847003
55,0.6930250703406882,0.5186560787847003
56,0.8871238756824028,0.5186560787847003
57,0.8551511050491568,0.5186560787847003
58,0.7475094016683531,0.5186560787847003
59,0.7556744015611738,0.5186560787847003
60,0.6240280677281014,0.5186560787847003
61,0.7113779994053074,0.5186560787847003
62,0.38047259769048764,0.5186560787847003
63,0.5465655935335463,0.5186560787847003
64,0.35964063987226685,0.5186560787847003
65,0.23963021166509602,0.5186560787847003
66,0.22912567653321536,0.5186560787847003
67,0.3638261800915109,0.5186560787847003
68,0.31993074169178826,0.5186560787847003
69,0.10461157654246137,0.5186560787847003
70,0.1541323923909035,0.5186560787847003
71,0.49546716349682307,0.5186560787847003
72,0.5383836425196985,0.5186560787847003
73,0.30532981335338316,0.5186560787847003
74,0.49277483066197625,0.5186560787847003
75,0.48357735391052975,0.5186560787847003
76,0.40144084085266335,0.5186560787847003
77,0.5428764939688207,0.5186560787847003
78,0.47026212542872325,0.5186560787847003
79,0.6633614785803258,0.5186560787847003
80,0.8863893686871218,0.5186560787847003
81,0.7151190070472495,0.5186560787847003
82,0.7338434861678722,0.5186560787847003
83,0.8102532555474147,0.5186560787847003
84,0.48608422491171943,0.5186560787847003
85,0.8374216354068039,0.5186560787847003
86,0.609808454322928,0.5186560787847003
87,0.3921904742048561,0.5186560787847003
88,0.6633356050411178,0.5186560787847003
89,0.42127916362734835,0.5186560787847003
90,0.17751975342839255,0.5186560787847003
91,0.37606753086833555,0.5186560787847003
92,0.1321159673844976,0.5186560787847003
93,0.23165155349496125,0.5186560787847003
94,0.08971047211968666,0.5186560787847003
95,0.22158752538462367,0.5186560787847003
96,0.1525201230347002,0.5186560787847003
97,0.3995940694703656,0.5186560787847003
98,0.5253755108258206,0.5186560787847003
99,0.43410751449106905,0.5186560787847003
100,0.4835141074819452,0.5186560787847003
101,0.4128100231361248,0.5186560787847003
102,0.703363111858561,0.5186560787847003
103,0.8318645247809373,0.5186560787847003
104,0.8192295894618075,0.5186560787847003
105,0.736630905286677,0.5186560787847003
106,0.6178732764946469,0.5186560787847003
107,0.8763671821431191,0.5186560787847003
108,0.8389920066328367,0.5186560787847003
109,0.7107274193270909,0.5186560787847003
110,0.6357630602290743,0.5186560787847003
111,0.6014412812527847,0.5186560787847003
112,0.4961327575376016,0.5186560787847003
113,0.5136481589828671,0.5186560787847003
114,0.5020635648600514,0.5186560787847003
115,0.4503628005695806,0.5186560787847003
116,0.4602244246793421,0.5186560787847003
117,0.46081728641469966,0.5186560787847003
118,0.4396990000622021,0.5186560787847003
119,0.2753097326157654,0.5186560787847003
120,0.2712407925598912,0.5186560787847003
121,0.3373497045213336,0.5186560787847003
122,0.2704004978069592,0.5186560787847003
123,0.34290183725034745,0.5186560787847003
124,0.5334325890173655,0.5186560787847003
125,0.48935885894656145,0.5186560787847003
126,0.6005789026532447,0.5186560787847003
127,0.6334357743443133,0.5186560787847003
128,0.8114489805891041,0.5186560787847003
129,0.5594622732803746,0.5186560787847003
130,0.698779853846963,0.5186560787847003
131,0.543992195184048,0.5186560787847003
132,0.9530144485940044,0.5186560787847003
133,0.6420718567965816,0.5186560787847003
134,0.7165571261307947,0.5186560787847003
135,0.8220366701558146,0.5186560787847003
136,0.6866345041355945,0.5186560787847003
137,0.5761179886666689,0.5186560787847003
138,0.36323338239132835,0.5186560787847003
139,0.37497140705627796,0.5186560787847003
140,0.05490114764022369,0.5186560787847003
141,0.2818673054749403,0.5186560787847003
142,0.3404849933234866,0.5186560787847003
143,0.12071704539380324,0.5186560787847003
144,0.21525861605702354,0.5186560787847003
145,0.03921947527585515,0.5186560787847003
146,0.17598019845519147,0.5186560787847003
147,0.1696500359240328,0.5186560787847003
148,0.25151976811493215,0.5186560787847003
149,0.547642306118405,0.5186560787847003
150,0.5741124300594196,0.5186560787847003
151,0.5479930773032343,0.5186560787847003
152,0.6432728407039471,0.5186560787847003
153,0.5758898511654186,0.5186560787847003
154,0.8110887714411499,0.5186560787847003
155,0.7025168911743009,0.5186560787847003
156,0.668528350925666,0.5186560787847003
157,0.8709655468068278,0.5186560787847003
158,0.7688412237032558,0.5186560787847003
159,0.4953268086124831,0.5186560787847003
160,0.8098826334898099,0.5186560787847003
161,0.6029383834722002,0.5186560787847003
162,0.509024102851085,0.5186560787847003
163,0.433972833569813,0.5186560787847003
164,0.5116753625612405,0.5186560787847003
165,0.5358439907171878,0.5186560787847003
166,0.3292028641179114,0.5186560787847003
167,0.2066621554013588,0.5186560787847003
168,0.2817470788252372,0.5186560787847003
169,0.22964409080533435,0.5186560787847003
170,0.2740364171350913,0.5186560787847003
171,0.36530923563963924,0.5186560787847003
172,0.27443876405128365,0.5186560787847003
173,0.4006005475886175,0.5186560787847003
174,0.3114027198199658,0.5186560787847003
175,0.40823090697509007,0.5186560787847003
176,0.5336799548442537,0.5186560787847003
177,0.6894434774466391,0.5186560787847003
178,0.7195754613894045,0.5186560787847003
179,0.7164063297148493,0.5186560787847003
180,0.7893228428731526,0.5186560787847003
181,0.682971243444922,0.5186560787847003
182,0.766393221607808,0.5186560787847003
183,0.7336455323505178,0.5186560787847003
184,0.8616979597551637,0.5186560787847003
185,0.6373011400243209,0.5186560787847003
186,0.4632947961101024,0.5186560787847003
187,0.6622823801305641,0.5186560787847003
188,0.35364534400839065,0.5186560787847003
189,0.5337046012206399,0.5186560787847003
190,0.2730723683724696,0.5186560787847003
191,0.34129645371420947,0.5186560787847003
192,0.15825031221854077,0.5186560787847003
193,0.24190167928485895,0.5186560787847003
194,0.20390648406993664,0.5186560787847003
195,0.2269110823417998,0.5186560787847003
196,0.36256782786900255,0.5186560787847003
197,0.2765969881547914,0.5186560787847003
198,0.36473064828726504,0.5186560787847003
199,0.488761717402759,0.5186560787847003
200,0.7195405462193702,0.5186560787847003
201,0.61388321221999,0.5186560787847003
202,0.49139021770515195,0.5186560787847003
203,0.7321693627210616,0.5186560787847003
204,0.6631747133713798,0.5186560787847003
205,0.7823619037438043,0.5186560787847003
206,0.7591148552042231,0.5186560787847003
207,0.8066817150907328,0.5186560787847003
208,0.8998518809996294,0.5186560787847003
209,0.6064382394157443,0.5186560787847003
210,0.6242179914024966,0.5186560787847003
211,0.6464287095177352,0.5186560787847003
212,0.6042685346439877,0.5186560787847003
213,0.4679331496068915,0.5186560787847003
214,0.5414809558972898,0.5186560787847003
215,0.41435390652474624,0.5186560787847003
216,0.2968225565180871,0.5186560787847003
217,0.36090079664853636,0.5186560787847003
218,0.31823645701734776,0.5186560787847003
219,0.2633235518741671,0.5186560787847003
220,0.20839687842029164,0.5186560787847003
221,0.42833411958003276,0.5186560787847003
222,0.28387093372405925,0.5186560787847003
223,0.3723150131656358,0.5186560787847003
224,0.44519600660311875,0.5186560787847003
225,0.5827967714834627,0.5186560787847003
226,0.6673986906014384,0.5186560787847003
227,0.6840383582065237,0.5186560787847003
228,0.6530034756810548,0.5186560787847003
229,1.0278442976144908,0.5186560787847003
230,0.8987999197444014,0.5186560787847003
231,0.9000596058119051,0.5186560787847003
232,0.7433196377801745,0.5186560787847003
233,0.8579226713089658,0.5186560787847003
234,0.7486295088007745,0.5186560787847003
235,0.46806533631040576,0.5186560787847003
236,0.7343069284310701,0.5186560787847003
237,0.7973382449726591,0.5186560787847003
238,0.5435226910903074,0.5186560787847003
239,0.4803107166867311,0.5186560787847003
240,0.40016421920941014,0.5186560787847003
241,0.33416463668784613,0.5186560787847003
242,0.27853627702572126,0.5186560787847003
243,0.029441183324871945,0.5186560787847003
244,0.1990678754792949,0.5186560787847003
245,0.24016347103626848,0.5186560787847003
246,0.36722353641502764,0.5186560787847003
247,0.45971469348850197,0.5186560787847003
248,0.48372143383090577,0.5186560787847003
249,0.42012978940400947,0.5186560787847003
250,0.7539282466629643,0.5186560787847003
251,0.45004210433821223,0.5186560787847003
252,0.6267042201283817,0.5186560787847003
253,0.7145214115647476,0.5186560787847003
254,0.7099092126897404,0.5186560787847003
255,0.7638421269847523,0.5186560787847003
256,0.7843530053212905,0.5186560787847003
257,0.7810281364880314,0.5186560787847003
258,0.6747780959614792,0.5186560787847003
259,0.6581763949455389,0.5186560787847003
260,0.6637691927676307,0.5186560787847003
261,0.5281049715073729,0.5186560787847003
262,0.5706225417836697,0.5186560787847003
263,0.5915257681446903,0.5186560787847003
264,0.46430551268655756,0.5186560787847003
265,0.3964462584345491,0.5186560787847003
266,0.2813683612017624,0.5186560787847003
267,0.28470663290589604,0.5186560787847003
268,0.5064268340138627,0.5186560787847003
269,0.279761075739954,0.5186560787847003
270,0.21581455800831972,0.5186560787847003
271,0.07239222868865416,0.5186560787847003
272,0.4757314725992765,0.5186560787847003
273,0.40081302629072524,0.5186560787847003
274,0.4687924426789484,0.5186560787847003
275,0.5832791987645363,0.5186560787847003
276,0.5562944937875247,0.5186560787847003
277,0.6586245137170139,0.5186560787847003
278,0.657629507161296,0.5186560787847003
279,0.8167879906726532,0.5186560787847003
280,0.7391528635807032,0.5186560787847003
281,0.7624492288194074,0.5186560787847003
282,0.8383557992387529,0.5186560787847003
283,0.6610213170343459,0.5186560787847003
284,0.6515443802268746,0.5186560787847003
285,0.6980317763269568,0.5186560787847003
286,0.6165701711177821,0.5186560787847003
287,0.5667266874313256,0.5186560787847003
288,0.22441547110784898,0.5186560787847003
289,0.6250751249693645,0.5186560787847003
290,0.4007816816786357,0.5186560787847003
291,0.31357036827248747,0.5186560787847003
292,0.36493345954147594,0.5186560787847003
293,0.36736399783183904,0.5186560787847003
294,0.43201351054720294,0.5186560787847003
295,0.31514676635347527,0.5186560787847003
296,0.3244405997576161,0.5186560787847003
297,0.29028607571034104,0.5186560787847003
298,0.10292722430105801,0.5186560787847003
299,0.5434249110194447,0.5186560787847003
300,0.37033569653724013,0.5186560787847003
301,0.6133356691723248,0.5186560787847003
302,0.5360792218928957,0.5186560787847003
303,0.7745256613414087,0.5186560787847003
304,0.8462074302663605,0.5186560787847003
305,0.6897413798008475,0.5186560787847003
306,0.6895008538293222,0.5186560787847003
307,0.754590358587447,0.5186560787847003
308,0.6120034131472134,0.5186560787847003
309,0.7599676451787919,0.5186560787847003
310,0.7593846441190877,0.5186560787847003
311,0.5843551068765229,0.5186560787847003
312,0.5175117564427614,0.5186560787847003
313,0.6709918547807667,0.5186560787847003
314,0.3660831036992251,0.5186560787847003
315,0.4132978651742142,0.5186560787847003
316,0.3248762792591811,0.5186560787847003
317,0.23946229150373,0.5186560787847003
318,0.2543788701395186,0.5186560787847003
319,0.2638985182592293,0.5186560787847003
320,0.27706746371507485,0.5186560787847003
321,0.37893191368292156,0.5186560787847003
322,0.25743110185000145,0.5186560787847003
323,0.23321133625445356,0.5186560787847003
324,0.5161418588448902,0.5186560787847003
325,0.587353563387573,0.5186560787847003
326,0.5019638123420929,0.5186560787847003
327,0.7549190958264036,0.5186560787847003
328,0.7575465103606087,0.5186560787847003
329,0.7972767778474412,0.5186560787847003
330,0.8354413441439437,0.5186560787847003
331,0.8533195196236273,0.5186560787847003
332,0.7515030088756225,0.5186560787847003
333,0.721126758745568,0.5186560787847003
334,0.7249483391371432,0.5186560787847003
335,0.593908976962268,0.5186560787847003
336,0.5516334055711165,0.5186560787847003
337,0.4825843768281884,0.5186560787847003
338,0.33078524194023673,0.5186560787847003
339,0.3418943702089391,0.5186560787847003
340,0.26712339567742194,0.5186560787847003
341,0.22621921061901595,0.5186560787847003
342,0.3356851866491639,0.5186560787847003
343,0.15342123975814914,0.5186560787847003
344,0.2391748250751625,0.5186560787847003
345,0.17878335287183225,0.5186560787847003
346,0.3869711133988307,0.5186560787847003
347,0.4560974958039971,0.5186560787847003
348,0.4908367458279841,0.5186560787847003
349,0.3593989701408853,0.5186560787847003
350,0.5329097110684234,0.5186560787847003
351,0.6898080600762642,0.5186560787847003
352,0.8744952942183287,0.5186560787847003
353,0.6121682610295248,0.5186560787847003
354,0.5983957868913593,0.5186560787847003
355,0.7691698231487583,0.5186560787847003
356,0.6989873675618526,0.5186560787847003
357,0.7840674229881526,0.5186560787847003
358,0.6777615548057505,0.5186560787847003
359,0.7358242602975773,0.5186560787847003
360,0.6005291351123209,0.5186560787847003
361,0.5636811372247441,0.5186560787847003
362,0.7928823887899852,0.5186560787847003
363,0.4859593676307166,0.5186560787847003
364,0.4459750203470264,0.5186560787847003
365,0.40872736893026895,0.5186560787847003
366,0.3010199575220146,0.5186560787847003
367,0.29877147588112657,0.5186560787847003
368,0.4481452784224789,0.5186560787847003
369,0.25497538576335865,0.5186560787847003
370,0.3327207502805457,0.5186560787847003
371,0.23102317966207844,0.5186560787847003
372,0.44807713137827854,0.5186560787847003
373,0.2872816006253734,0.5186560787847003
374,0.4250657459266888,0.5186560787847003
375,0.5155890916071288,0.5186560787847003
376,0.5652045487009075,0.5186560787847003
377,0.5561641265714146,0.5186560787847003
378,0.8452954862232842,0.5186560787847003
379,0.6762519003201675,0.5186560787847003
380,0.8195666374805479,0.5186560787847003
381,0.9041087044353,0.5186560787847003
382,0.6942902187009837,0.5186560787847003
383,0.5642943533376286,0.5186560787847003
384,0.5412808458389488,0.5186560787847003
385,0.569173332099808,0.5186560787847003
386,0.4834251907989441,0.5186560787847003
387,0.7802871502471684,0.5186560787847003
388,0.5188980945211787,0.5186560787847003
389,0.35743318830993825,0.5186560787847003
390,0.3426308592972383,0.5186560787847003
391,0.6183866834262173,0.5186560787847003
392,0.20628986188406495,0.5186560787847003
393,0.274151238869013,0.5186560787847003
394,0.2453846031923679,0.5186560787847003
395,0.2793032012382321,0.5186560787847003
396,0.1850527949862445,0.5186560787847003
397,0.2916646341861603,0.5186560787847003
398,0.33607654750321014,0.5186560787847003
399,0.44022269543318165,0.5186560787847003
400,0.6789274814323446,0.5186560787847003
401,0.5333329649381744,0.5186560787847003
402,0.5089508696194334,0.5186560787847003
403,0.7369027922163879,0.5186560787847003
404,0.6706388103804074,0.5186560787847003
405,0.6361901252421357,0.5186560787847003
406,0.7877219368694615,0.5186560787847003
407,0.8150598528236264,0.5186560787847003
408,0.7333683193871328,0.5186560787847003
409,0.6383520187899729,0.5186560787847003
410,0.7070455028292616,0.5186560787847003
411,0.653154727780781,0.5186560787847003
412,0.6317540618839299,0.5186560787847003
413,0.37825434980702816,0.5186560787847003
414,0.37561006697198573,0.5186560787847003
415,0.447215729583974,0.5186560787847003
416,0.004325963431025676,0.5186560787847003
417,0.29581256241140486,0.5186560787847003
418,0.2215274651677582,0.5186560787847003
419,0.19774766161231672,0.5186560787847003
420,0.10064324817083606,0.5186560787847003
421,0.12100113111783617,0.5186560787847003
422,0.31233499586649394,0.5186560787847003
423,0.3657674197969899,0.5186560787847003
424,0.48919272989319257,0.5186560787847003
425,0.5869630824314676,0.5186560787847003
426,0.5593017345816907,0.5186560787847003
427,0.7365557933115787,0.5186560787847003
428,0.7316183373643503,0.5186560787847003
429,0.8694128543675526,0.5186560787847003
430,0.6913651105532139,0.5186560787847003
431,0.7842875263952175,0.5186560787847003
432,0.709615922015217,0.5186560787847003
433,0.790545631730437,0.5186560787847003
434,0.7792075883965187,0.5186560787847003
435,0.748206555514765,0.5186560787847003
436,0.5222679682806941,0.5186560787847003
437,0.474395626241148,0.5186560787847003
438,0.4989981330918479,0.5186560787847003
439,0.5159208750257575,0.5186560787847003
440,0.40813684016494345,0.5186560787847003
441,0.4012979470836311,0.5186560787847003
442,0.30950539792361365,0.5186560787847003
443,0.22615883413189683,0.5186560787847003
444,0.27165405092275585,0.5186560787847003
445,0.1476141205485322,0.5186560787847003
446,0.23908942964534335,0.5186560787847003
447,0.2833041871190353,0.5186560787847003
448,0.44795104702272776,0.5186560787847003
449,0.46272641569527856,0.5186560787847003
450,0.6626061543920696,0.5186560787847003
451,0.6927495276679171,0.5186560787847003
452,0.789735686591746,0.5186560787847003
453,0.6553954193187846,0.5186560787847003
454,0.5800449537937409,0.5186560787847003
455,0.7514382053407004,0.5186560787847003
456,0.6506682388269045,0.5186560787847003
457,0.9678355882569025,0.5186560787847003
458,0.737701627811858,0.5186560787847003
459,0.6559265093624387,0.5186560787847003
460,0.6660274364244054,0.5186560787847003
461,0.47659461433094075,0.5186560787847003
462,0.6783428269145234,0.5186560787847003
463,0.5397844216133625,0.5186560787847003
464,0.44004235708087613,0.5186560787847003
465,0.38889446458585053,0.5186560787847003
466,0.3249311217225618,0.5186560787847003
467,0.1783936443551727,0.5186560787847003
468,0.2855932799283498,0.5186560787847003
469,0.17250720052055032,0.5186560787847003
470,0.31627339520462394,0.5186560787847003
471,0.2641420642980737,0.5186560787847003
472,0.3132697324703253,0.5186560787847003
473,0.5598445284901716,0.5186560787847003
474,0.6112344172604094,0.5186560787847003
475,0.493007043855027,0.5186560787847003
476,0.6675932840921603,0.5186560787847003
477,0.7933828222885198,0.5186560787847003
478,0.6739539295825341,0.5186560787847003
479,0.7209160252799001,0.5186560787847003
480,0.7794662805096748,0.5186560787847003
481,0.7779005247723387,0.5186560787847003
482,0.641014695723106,0.5186560787847003
483,0.8855940154974633,0.5186560787847003
484,0.7219754673378034,0.5186560787847003
485,0.7438205275259087,0.5186560787847003
486,0.7145048045309286,0.5186560787847003
487,0.7557676769860803,0.5186560787847003
488,0.7196086754276663,0.5186560787847003
489,0.25838245681958283,0.5186560787847003
490,0.3697663360340643,0.5186560787847003
491,0.331537331351189,0.5186560787847003
492,0.3315142979593466,0.5186560787847003
493,0.20789098741144083,0.5186560787847003
494,0.23567985645915945,0.5186560787847003
495,0.39068819019421164,0.5186560787847003
496,0.24078351198104278,0.5186560787847003
497,0.43830062589866586,0.5186560787847003
498,0.4292691884156726,0.5186560787847003
499,0.41034761764238353,0.5186560787847003
500,0.48871641758545487,0.5186560787847003
501,0.5457099121782817,0.5186560787847003
502,0.6663860433903912,0.5186560787847003
503,0.9257395108869306,0.5186560787847003
504,0.9488077805240651,0.5186560787847003
505,0.7148588732323379,0.5186560787847003
506,0.7653176829745627,0.5186560787847003
507,0.7299848924964683,0.5186560787847003
508,1.039380840244934,0.5186560787847003
509,0.8622510868439078,0.5186560787847003
510,0.7799701798276784,0.5186560787847003
511,-0.635888321600055,-0.681396196816783
512,-0.6356689517586048,-0.681396196816783
513,-0.8103876745746194,-0.681396196816783
514,-0.6113403734284557,-0.681396196816783
515,-0.9408275453729483,-0.681396196816783
516,-0.8926728389055255,-0.681396196816783
517,-0.8351382571864715,-0.681396196816783
518,-1.1131474670726988,-0.681396196816783
519,-0.7592629870689636,-0.681396196816783
520,-0.8392638868800031,-0.681396196816783
521,-0.9499032315206173,-0.681396196816783
522,-0.9723126850368561,-0.681396196816783
523,-0.8442107914297975,-0.681396196816783
524,-0.7658464526920542,-0.681396196816783
525,-0.8057908846183583,-0.681396196816783
526,-0.6167276551171694,-0.681396196816783
527,-0.511243038222323,-0.681396196816783
528,-0.47733488723392126,-0.681396196816783
529,-0.5350938763133857,-0.681396196816783
530,-0.5255322670054078,-0.681396196816783
531,-0.48204770147406073,-0.681396196816783
532,-0.24848444192199548,-0.681396196816783
533,-0.4971433882705182,-0.681396196816783
534,-0.4860585409062651,-0.681396196816783
535,-0.5492066765835462,-0.681396196816783
536,-0.5286343574098917,-0.681396196816783
537,-0.7333625289714285,-0.681396196816783
538,-0.6652005908461971,-0.681396196816783
539,-0.7618565511700516,-0.681396196816783
540,-0.9824298157352106,-0.681396196816783
541,-0.9082341345810461,-0.681396196816783
542,-0.9027444057565629,-0.681396196816783
543,-0.9139266622869737,-0.681396196816783
544,-1.038779008020916,-0.681396196816783
545,-0.9060028861241398,-0.681396196816783
546,-0.8089884187858666,-0.681396196816783
547,-0.9495909066026093,-0.681396196816783
548,-0.8537272885113969,-0.681396196816783
549,-0.7138711121343893,-0.681396196816783
550,-0.8301279465961474,-0.681396196816783
551,-0.6229806800109621,-0.681396196816783
552,-0.5876993874250062,-0.681396196816783
553,-0.6672564556588105,-0.681396196816783
554,-0.47186964785209584,-0.681396196816783
555,-0.33038346364716986,-0.681396196816783
556,-0.5169578998180497,-0.681396196816783
557,-0.40188992597024886,-0.681396196816783
558,-0.40016299602330774,-0.681396196816783
559,-0.4282767356382783,-0.681396196816783
560,-0.47128144536570193,-0.681396196816783
561,-0.5584599938616216,-0.681396196816783
562,-0.7171171113938453,-0.681396196816783
563,-0.6771914168101714,-0.681396196816783
564,-0.6363933139133913,-0.681396196816783
565,-0.8374099291775747,-0.681396196816783
566,-1.021051850912673,-0.681396196816783
567,-0.9579448091192492,-0.681396196816783
568,-0.9659350921484282,-0.681396196816783
569,-1.1402373274941722,-0.681396196816783
570,-0.8740465761894001,-0.681396196816783
571,-0.7166286461150568,-0.681396196816783
572,-0.6811040281658116,-0.681396196816783
573,-0.8013121292185659,-0.681396196816783
574,-0.7545232290343424,-0.681396196816783
575,-0.633505708108998,-0.681396196816783
576,-0.555786829454006,-0.681396196816783
577,-0.5271610159085464,-0.681396196816783
578,-0.5482729454473797,-0.681396196816783
579,-0.49239362346062443,-0.681396196816783
580,-0.41305843938062725,-0.681396196816783
581,-0.4326189531039924,-0.681396196816783
582,-0.4113376269568029,-0.681396196816783
583,-0.42244272865683663,-0.681396196816783
584,-0.6311576822615667,-0.681396196816783
585,-0.698040052370586,-0.681396196816783
586,-0.6767007410815858,-0.681396196816783
587,-0.7300410950334889,-0.681396196816783
588,-0.7501731690261034,-0.681396196816783
589,-0.9556197952180304,-0.681396196816783
590,-0.9008771667426961,-0.681396196816783
591,-0.9037299192296655,-0.681396196816783
592,-0.8038742757608386,-0.681396196816783
593,-0.8643784924125502,-0.681396196816783
594,-1.0047186280265408,-0.681396196816783
595,-0.8564254631664221,-0.681396196816783
596,-0.8659735237799862,-0.681396196816783
597,-0.6909739852686565,-0.681396196816783
598,-0.759437158055247,-0.681396196816783
599,-0.6503169992736917,-0.681396196816783
600,-0.7719985083208957,-0.681396196816783
601,-0.4473252750670769,-0.681396196816783
602,-0.6302352160643473,-0.681396196816783
603,-0.34903074440738013,-0.681396196816783
604,-0.3448591358582305,-0.681396196816783
605,-0.4624234853577667,-0.681396196816783
606,-0.4450015246756851,-0.681396196816783
607,-0.455717838311396,-0.681396196816783
608,-0.4079628410592778,-0.681396196816783
609,-0.25481434601708514,-0.681396196816783
610,-0.46797596572152544,-0.681396196816783
611,-0.6550314075191466,-0.681396196816783
612,-0.5664280702109987,-0.681396196816783
613,-0.67508114894296,-0.681396196816783
614,-0.7353350043228781,-0.681396196816783
615,-0.7618908504633857,-0.681396196816783
616,-0.825928399312259,-0.681396196816783
617,-0.6653336634647171,-0.681396196816783
618,-0.8671912865155595,-0.681396196816783
619,-0.9415138074505929,-0.681396196816783
620,-0.929550759586372,-0.681396196816783
621,-1.0368104302573062,-0.681396196816783
622,-0.8045816692506844,-0.681396196816783
623,-0.9504302604203604,-0.681396196816783
624,-0.7565579967561533,-0.681396196816783
625,-0.5108604600331947,-0.681396196816783
626,-0.5557396725403317,-0.681396196816783
627,-0.5174306172073178,-0.681396196816783
628,-0.5244313717999114,-0.681396196816783
629,-0.3824875596536046,-0.681396196816783
630,-0.36399471767334457,-0.681396196816783
631,-0.3450766887523026,-0.681396196816783
632,-0.444804082088619,-0.681396196816783
633,-0.6054111327007045,-0.681396196816783
634,-0.3471093813985149,-0.681396196816783
635,-0.5296034912016587,-0.681396196816783
636,-0.6571500660830141,-0.681396196816783
637,-0.6516184313292559,-0.681396196816783
638,-0.8125044301963991,-0.681396196816783
639,-0.7611153406289305,-0.681396196816783
640,-0.9077354740981867,-0.681396196816783
641,-0.9317213188946086,-0.681396196816783
642,-0.9516893768611734,-0.681396196816783
643,-0.8542970341459357,-0.681396196816783
644,-1.1082637633732997,-0.681396196816783
645,-1.1321894063392413,-0.681396196816783
646,-0.9362521231188836,-0.681396196816783
647,-0.8292657906578625,-0.681396196816783
648,-0.756039924392582,-0.681396196816783
649,-0.8800296820322301,-0.681396196816783
650,-0.821132447176123,-0.681396196816783
651,-0.7614920364159649,-0.681396196816783
652,-0.47690605130925257,-0.681396196816783
653,-0.4929339680114668,-0.681396196816783
654,-0.538061472786004,-0.681396196816783
655,-0.5575180141644771,-0.681396196816783
656,-0.4471687874644182,-0.681396196816783
657,-0.5837588340847892,-0.681396196816783
658,-0.5192233326555156,-0.681396196816783
659,-0.5109779972997537,-0.681396196816783
660,-0.5193732894008303,-0.681396196816783
661,-0.5663902701497517,-0.681396196816783
662,-0.6669826330299167,-0.681396196816783
663,-0.5551825337355127,-0.681396196816783
664,-0.6580728607387264,-0.681396196816783
665,-0.6465585668798586,-0.681396196816783
666,-0.8540263110398087,-0.681396196816783
667,-0.7440210275324906,-0.681396196816783
668,-1.113468671194084,-0.681396196816783
669,-0.9546482651270187,-0.681396196816783
670,-0.9704429668008325,-0.681396196816783
671,-1.0352728295287992,-0.681396196816783
672,-0.6715172820452525,-0.681396196816783
673,-0.633745379779507,-0.681396196816783
674,-0.7314347904565954,-0.681396196816783
675,-0.6132128181094492,-0.681396196816783
676,-0.4654676537552311,-0.681396196816783
677,-0.6883340388264877,-0.681396196816783
678,-0.4463164786509093,-0.681396196816783
679,-0.40770868823961837,-0.681396196816783
680,-0.5118236617439728,-0.681396196816783
681,-0.35193109176617365,-0.681396196816783
682,-0.5429497368482405,-0.681396196816783
683,-0.36083274074641497,-0.681396196816783
684,-0.6708189348437055,-0.681396196816783
685,-0.4960846547888028,-0.681396196816783
686,-0.7084711614632314,-0.681396196816783
687,-0.733079876706254,-0.681396196816783
688,-0.5513651918716912,-0.681396196816783
689,-0.6724167811634335,-0.681396196816783
690,-0.8096977867264814,-0.681396196816783
691,-0.8446523441185352,-0.681396196816783
692,-0.9095463761616798,-0.681396196816783
693,-0.9874811759345066,-0.681396196816783
694,-0.8392795520024243,-0.681396196816783
695,-0.8896101569714332,-0.681396196816783
696,-0.8230845622341094,-0.681396196816783
697,-0.9028356864262513,-0.681396196816783
698,-0.7795534966049652,-0.681396196816783
699,-0.7152175639596643,-0.681396196816783
700,-0.6079226482119825,-0.681396196816783
701,-0.49092064732084734,-0.681396196816783
702,-0.5636821526310469,-0.681396196816783
703,-0.48992669074034434,-0.681396196816783
704,-0.40374145735354966,-0.681396196816783
705,-0.547674910174043,-0.681396196816783
706,-0.2815146736041035,-0.681396196816783
707,-0.44370773316291556,-0.681396196816783
708,-0.4450835737711476,-0.681396196816783
709,-0.4846482917691495,-0.681396196816783
710,-0.6096587414685385,-0.681396196816783
711,-0.6241182949393802,-0.681396196816783
712,-0.7015586275631658,-0.681396196816783
713,-0.7143429014282879,-0.681396196816783
714,-0.7942507980843561,-0.681396196816783
715,-0.8243869079319343,-0.681396196816783
716,-0.9331446361497201,-0.681396196816783
717,-0.9016508366943935,-0.681396196816783
718,-1.0326975552002282,-0.681396196816783
719,-0.910192736739443,-0.681396196816783
720,-0.988464812956228,-0.681396196816783
721,-0.9256315869938814,-0.681396196816783
722,-0.8072026117823315,-0.681396196816783
723,-0.7006624321197561,-0.681396196816783
724,-0.581727322076931,-0.681396196816783
725,-0.6539253223387623,-0.681396196816783
726,-0.5922798758009415,-0.681396196816783
727,-0.5429825866867941,-0.681396196816783
728,-0.5692409150031255,-0.681396196816783
729,-0.5377135203772847,-0.681396196816783
730,-0.6184228088258301,-0.681396196816783
731,-0.3576021970221456,-0.681396196816783
732,-0.41354782532428314,-0.681396196816783
733,-0.5024643885375628,-0.681396196816783
734,-0.4717794849694895,-0.681396196816783
735,-0.48116483761704343,-0.681396196816783
736,-0.7362378810701151,-0.681396196816783
737,-0.5768980023354,-0.681396196816783
738,-0.6351115558430125,-0.681396196816783
739,-0.8401331002244281,-0.681396196816783
740,-0.9005118536725047,-0.681396196816783
741,-0.8451350293608169,-0.681396196816783
742,-0.8238441075267814,-0.681396196816783
743,-0.7881247550113689,-0.681396196816783
744,-0.8814181450423195,-0.681396196816783
745,-0.9073674783997041,-0.681396196816783
746,-0.8927550499639629,-0.681396196816783
747,-0.8301003462161679,-0.681396196816783
748,-0.7132740538744555,-0.681396196816783
749,-0.8530979171915763,-0.681396196816783
750,-0.8596473187150825,-0.681396196816783
751,-0.6703008098167955,-0.681396196816783
752,-0.5300621784702126,-0.681396196816783
753,-0.3897429200980612,-0.681396196816783
754,-0.5383168328982745,-0.681396196816783
755,-0.5996422378332313,-0.681396196816783
756,-0.34440749949451493,-0.681396196816783
757,-0.40293896930269574,-0.681396196816783
758,-0.3488714596507934,-0.681396196816783
759,-0.4005200750752666,-0.681396196816783
760,-0.47183723399332334,-0.681396196816783
761,-0.49422477888712213,-0.681396196816783
762,-0.5047968766449001,-0.681396196816783
763,-0.7749274027958097,-0.681396196816783
764,-0.783133525285471,-0.681396196816783
765,-0.863963330477282,-0.681396196816783
766,-1.0161289681816974,-0.681396196816783
767,-1.008792269592367,-0.681396196816783
768,-0.9374294232865795,-0.681396196816783
769,-1.164580150005649,-0.681396196816783
770,-0.7614605937784652,-0.681396196816783
771,-1.0752322016708344,-0.681396196816783
772,-0.9376001312462292,-0.681396196816783
773,-0.7104242811821048,-0.681396196816783
774,-0.8430276940179301,-0.681396196816783
775,-0.6457166842264721,-0.681396196816783
776,-0.654225542278252,-0.681396196816783
777,-0.7144204334856789,-0.681396196816783
778,-0.5388749873209228,-0.681396196816783
779,-0.4579821321353783,-0.681396196816783
780,-0.5540324573161008,-0.681396196816783
781,-0.3663905069138238,-0.681396196816783
782,-0.492471787879609,-0.681396196816783
783,-0.5846145399445933,-0.681396196816783
784,-0.6177894648956758,-0.681396196816783
785,-0.6132779745271532,-0.681396196816783
786,-0.7077650451590811,-0.681396196816783
787,-0.5657849571988623,-0.681396196816783
788,-0.6467475421792837,-0.681396196816783
789,-0.6000186519944402,-0.681396196816783
790,-0.8316373866643019,-0.681396196816783
791,-0.8519101389012728,-0.681396196816783
792,-1.070148284273985,-0.681396196816783
793,-0.8845485820470054,-0.681396196816783
794,-0.8044350006264565,-0.681396196816783
795,-0.9529140307932777,-0.681396196816783
796,-0.7577201996405589,-0.681396196816783
797,-0.8710341736814692,-0.681396196816783
798,-0.7925361282034331,-0.681396196816783
799,-0.8358493796367019,-0.681396196816783
800,-0.7847942171216743,-0.681396196816783
801,-0.7038715605763316,-0.681396196816783
802,-0.5374865612465526,-0.681396196816783
803,-0.46902983823438604,-0.681396196816783
804,-0.3215074767116768,-0.681396196816783
805,-0.5661404862328965,-0.681396196816783
806,-0.45368706450825935,-0.681396196816783
807,-0.34616252201915976,-0.681396196816783
808,-0.3872801184541512,-0.681396196816783
809,-0.4488854100476857,-0.681396196816783
810,-0.568714130947601,-0.681396196816783
811,-0.6599512387761479,-0.681396196816783
812,-0.64537835714864,-0.681396196816783
813,-0.5762025972380899,-0.681396196816783
814,-0.6610580792198121,-0.681396196816783
815,-0.7724225481551912,-0.681396196816783
816,-0.8077886732390911,-0.681396196816783
817,-0.9822317565052983,-0.681396196816783
818,-0.9952773316169263,-0.681396196816783
819,-0.8963859400469214,-0.681396196816783
820,-0.9349458499795076,-0.681396196816783
821,-0.8297534047662638,-0.681396196816783
822,-0.8294066835152336,-0.681396196816783
823,-0.7883983629242217,-0.681396196816783
824,-0.8015535601502574,-0.681396196816783
825,-0.7647737266787773,-0.681396196816783
826,-0.7322617764159282,-0.681396196816783
827,-0.5149584157963657,-0.681396196816783
828,-0.6206500152840195,-0.681396196816783
829,-0.45089176269745657,-0.681396196816783
830,-0.23551564376483322,-0.681396196816783
831,-0.4636709138107218,-0.681396196816783
832,-0.4046606512882936,-0.681396196816783
833,-0.7156594127681191,-0.681396196816783
834,-0.47674836641998736,-0.681396196816783
835,-0.490813464758873,-0.681396196816783
836,-0.6024224231107829,-0.681396196816783
837,-0.7075986863430324,-0.681396196816783
838,-0.626739936594584,-0.681396196816783
839,-0.7546396471821534,-0.681396196816783
840,-0.6953057743208082,-0.681396196816783
841,-0.9075926803336279,-0.681396196816783
842,-0.8232199738553878,-0.681396196816783
843,-0.9177948971014995,-0.681396196816783
844,-1.0094252193211688,-0.681396196816783
845,-0.9878499547227857,-0.681396196816783
846,-0.716328093700436,-0.681396196816783
847,-0.8919417849818726,-0.681396196816783
848,-0.9301384644869318,-0.681396196816783
849,-0.7729488670117018,-0.681396196816783
850,-0.6534505822508943,-0.681396196816783
851,-0.6096283529169464,-0.681396196816783
852,-0.5559291553891039,-0.681396196816783
853,-0.45489452804278074,-0.681396196816783
854,-0.3794158508961648,-0.681396196816783
855,-0.40411254827552606,-0.681396196816783
856,-0.31415052501543145,-0.681396196816783
857,-0.5283919850200199,-0.681396196816783
858,-0.684768806513665,-0.681396196816783
859,-0.5862617183734873,-0.681396196816783
860,-0.6760720093447419,-0.681396196816783
861,-0.5143502317322657,-0.681396196816783
862,-0.6441655760449461,-0.681396196816783
863,-0.5387655249721828,-0.681396196816783
864,-0.7399480289751318,-0.681396196816783
865,-0.78036423098679,-0.681396196816783
866,-0.874992870760726,-0.681396196816783
867,-0.743208911855343,-0.681396196816783
868,-0.9055449595903602,-0.681396196816783
869,-0.9318118724242175,-0.681396196816783
870,-0.6816338363432436,-0.681396196816783
871,-0.8565675211548189,-0.681396196816783
872,-0.9345020165876415,-0.681396196816783
873,-0.6818859292063956,-0.681396196816783
874,-0.7808602401823524,-0.681396196816783
875,-0.5911632835292758,-0.681396196816783
876,-0.5990699633079457,-0.681396196816783
877,-0.5464662408769678,-0.681396196816783
878,-0.41819667469656885,-0.681396196816783
879,1.2800389225567397,1.0631287157451996
880,1.2153720663933987,1.0631287157451996
881,1.2301375953397427,1.0631287157451996
882,1.268634622717974,1.0631287157451996
883,1.3992869805861026,1.0631287157451996
884,1.2804371030274895,1.0631287157451996
885,1.2446183627662568,1.0631287157451996
886,1.190546436068085,1.0631287157451996
887,1.068959909881589,1.0631287157451996
888,0.9028713805307611,1.0631287157451996
889,0.9879574281390364,1.0631287157451996
890,1.0968984662046963,1.0631287157451996
891,0.92286008028811,1.0631287157451996
892,0.6130732885887114,1.0631287157451996
893,0.82612966262204,1.0631287157451996
894,0.8548059808445335,1.0631287157451996
895,0.887307082202408,1.0631287157451996
896,0.7320705318283006,1.0631287157451996
897,0.8933969967484381,1.0631287157451996
898,0.9503824155757361,1.0631287157451996
899,0.9074340645970695,1.0631287157451996
900,0.258894646411464,0.04035674402185527
901,0.12428356795315956,0.04035674402185527
902,0.13756708497420445,0.04035674402185527
903,0.23477399519307607,0.04035674402185527
904,0.4576773178367206,0.04035674402185527
905,0.3470013133867279,0.04035674402185527
906,0.2701335222542942,0.04035674402185527
907,0.3797244406510827,0.04035674402185527
908,0.251675620723078,0.04035674402185527
909,0.32620242434169294,0.04035674402185527
910,0.07357542832831754,0.04035674402185527
911,0.1786103799966173,0.04035674402185527
912,0.14355551984472767,0.04035674402185527
913,-0.006877890933683864,0.04035674402185527
914,-0.061562958403790655,0.04035674402185527
915,0.030138878850869258,0.04035674402185527
916,-0.2884377564815715,0.04035674402185527
917,-0.22586139351525247,0.04035674402185527
918,-0.27932874599077473,0.04035674402185527
919,-0.2889862615114245,0.04035674402185527
920,-0.09885966043926135,0.04035674402185527
921,0.03936085652692917,0.04035674402185527
922,-0.24113601986127473,0.04035674402185527
923,-0.047262020956339926,0.04035674402185527
924,-0.09212499869198203,0.04035674402185527
925,-0.007141233060872272,0.04035674402185527
926,0.021045138926272373,0.04035674402185527
927,0.31953772848086115,0.04035674402185527
928,-0.026720528729264253,0.04035674402185527
929,0.13880704896378313,0.04035674402185527
930,0.33075813283370115,0.04035674402185527
931,0.5422507635367524,0.04035674402185527
932,0.3902707536511199,0.04035674402185527
933,0.17944948281946366,0.04035674402185527
934,0.4234882384910881,0.04035674402185527
935,0.28107336103679664,0.04035674402185527
936,0.1122852765723789,0.04035674402185527
937,0.008623662101096587,0.04035674402185527
938,-0.11274471452639767,0.04035674402185527
939,-0.05596560756254159,0.04035674402185527
940,-0.09228277416803908,0.04035674402185527
941,-0.09028336738061823,0.04035674402185527
942,-0.41746144557147397,0.04035674402185527
943,-0.1546960867728062,0.04035674402185527
944,-0.3145008054579007,0.04035674402185527
945,-0.17499009040455213,0.04035674402185527
946,-0.1386583348217317,0.04035674402185527
947,-0.014893934657906532,0.04035674402185527
948,-0.07770383357890334,0.04035674402185527
949,-0.1403154722944231,0.04035674402185527
950,-0.05816873918930531,0.04035674402185527
951,0.024052876608430737,0.04035674402185527
952,0.15941371431450208,0.04035674402185527
953,0.2614621546003689,0.04035674402185527
954,0.08268020856590028,0.04035674402185527
955,0.3457390767756097,0.04035674402185527
956,0.21590211927338515,0.04035674402185527
957,0.18330142579619568,0.04035674402185527
958,0.3785522383915646,0.04035674402185527
959,0.20959916871973544,0.04035674402185527
960,0.11476420112824134,0.04035674402185527
961,0.34458312995047785,0.04035674402185527
962,-0.06058159788791759,0.04035674402185527
963,0.03464482081501255,0.04035674402185527
964,0.026161922569781976,0.04035674402185527
965,-0.3188397676767401,0.04035674402185527
966,-0.0962408636233918,0.04035674402185527
967,-0.11329786792857127,0.04035674402185527
968,-0.05878438494111776,0.04035674402185527
969,-0.3070768394768522,0.04035674402185527
970,-0.21036733480725578,0.04035674402185527
971,-0.13253571178781465,0.04035674402185527
972,-0.06737297962540928,0.04035674402185527
973,-0.10889086008197182,0.04035674402185527
974,0.0037934879796108767,0.04035674402185527
975,0.014708466105735328,0.04035674402185527
976,0.11025354628200015,0.04035674402185527
977,0.27964256110648683,0.04035674402185527
978,0.23786701037845198,0.04035674402185527
979,0.34819572522259373,0.04035674402185527
980,0.15122306943443617,0.04035674402185527
981,0.3688501477218795,0.04035674402185527
982,0.5791688315281804,0.04035674402185527
983,0.3307973403561073,0.04035674402185527
984,0.22327655960838358,0.04035674402185527
985,0.1624340963373067,0.04035674402185527
986,0.02429746669000596,0.04035674402185527
987,0.1643905113025392,0.04035674402185527
988,-0.06917929522831041,0.04035674402185527
989,-0.1430320142512621,0.04035674402185527
990,-0.03520886462868379,0.04035674402185527
991,-0.297155505512942,0.04035674402185527
992,0.006252061901810602,0.04035674402185527
993,-0.06092140569268917,0.04035674402185527
994,-0.09667662138269287,0.04035674402185527
995,-0.09992563439041438,0.04035674402185527
996,-0.15310220308356498,0.04035674402185527
997,-0.32870077961836214,0.04035674402185527
998,-0.2905896206955848,0.04035674402185527
999,-0.01366085934419034,0.04035674402185527
1000,-0.03391905031630728,0.04035674402185527
1001,0.11809520572918442,0.04035674402185527
1002,0.3232611153411,0.04035674402185527
1003,0.2399329199146939,0.04035674402185527
1004,0.15401309071020647,0.04035674402185527
1005,0.24700954118577662,0.04035674402185527
1006,0.3259625416556571,0.04035674402185527
1007,0.490437055392405,0.04035674402185527
1008,0.21737662470681274,0.04035674402185527
1009,0.3101310375209887,0.04035674402185527
1010,0.11168962052194539,0.04035674402185527
1011,0.055438664975194576,0.04035674402185527
1012,-0.007681285103078864,0.04035674402185527
1013,0.1399776338985298,0.04035674402185527
1014,-0.047147155052384704,0.04035674402185527
1015,0.04619613579751032,0.04035674402185527
1016,-0.1255282075026534,0.04035674402185527
1017,-0.245061684989075,0.04035674402185527
1018,-0.18639254366857255,0.04035674402185527
1019,-0.2582526360823154,0.04035674402185527
1020,-0.26740115319880553,0.04035674402185527
1021,-0.12887633982783578,0.04035674402185527
1022,-0.13491493294433837,0.04035674402185527
1023,-0.2681517005884494,0.04035674402185527
1024,-0.1999152338183986,0.04035674402185527
1025,-0.010744045447344273,0.04035674402185527
1026,0.18228470539729846,0.04035674402185527
1027,0.21377873048632118,0.04035674402185527
1028,0.3289315913313845,0.04035674402185527
1029,0.2959099342412508,0.04035674402185527
1030,0.1604517668125595,0.04035674402185527
1031,0.4382169376441624,0.04035674402185527
1032,0.47580629824535425,0.04035674402185527
1033,0.22627248637790343,0.04035674402185527
1034,0.2440556948734489,0.04035674402185527
1035,0.21673502785477455,0.04035674402185527
1036,0.1678254592162537,0.04035674402185527
1037,0.14756402097662216,0.04035674402185527
1038,-0.0032740471540670564,0.04035674402185527
1039,-0.0713506131952054,0.04035674402185527
1040,-0.11539358704363,0.04035674402185527
1041,-0.19891880519854463,0.04035674402185527
1042,-0.24260402300472472,0.04035674402185527
1043,-0.37590109480650413,0.04035674402185527
1044,-0.1692857823251377,0.04035674402185527
1045,-0.042879646860496584,0.04035674402185527
1046,-0.40437595792909486,0.04035674402185527
1047,-0.23944639629782066,0.04035674402185527
1048,0.03936085052501219,0.04035674402185527
1049,-0.038987100005402744,0.04035674402185527
1050,0.119385682575808,0.04035674402185527
1051,0.01719773894363904,0.04035674402185527
1052,0.14092798287102704,0.04035674402185527
1053,0.35832106283484627,0.04035674402185527
1054,0.1854715041009408,0.04035674402185527
1055,0.41606118341082343,0.04035674402185527
1056,0.06853022612331366,0.04035674402185527
1057,0.3299085515859104,0.04035674402185527
1058,0.18353730502965138,0.04035674402185527
1059,0.27793075871052697,0.04035674402185527
1060,0.10629758166893788,0.04035674402185527
1061,0.07361609251591186,0.04035674402185527
1062,-0.20140992221365706,0.04035674402185527
1063,0.027770937986873533,0.04035674402185527
1064,-0.03653361850113564,0.04035674402185527
1065,-0.29990904524921824,0.04035674402185527
1066,0.01944638925758302,0.04035674402185527
1067,0.027103368594447952,0.04035674402185527
1068,-0.3471656816892095,0.04035674402185527
1069,-0.245541754840195,0.04035674402185527
1070,-0.3695068681201155,0.04035674402185527
1071,-0.14257903242649533,0.04035674402185527
1072,-0.21529120510351096,0.04035674402185527
1073,-0.04161253540728306,0.04035674402185527
1074,-0.12299079115377297,0.04035674402185527
1075,0.048314501459054804,0.04035674402185527
1076,0.2520810143857565,0.04035674402185527
1077,0.0702847449122509,0.04035674402185527
1078,0.2611368734483241,0.04035674402185527
1079,0.3871109594122911,0.04035674402185527
1080,0.10177681215984287,0.04035674402185527
1081,0.38592109102421285,0.04035674402185527
1082,0.23748138635608873,0.04035674402185527
1083,0.281121208105368,0.04035674402185527
1084,0.040864824880122094,0.04035674402185527
1085,0.14222310084412898,0.04035674402185527
1086,0.04450474003622093,0.04035674402185527
1087,0.11580289606483908,0.04035674402185527
1088,-0.08983778940630818,0.04035674402185527
1089,-0.30545373035301104,0.04035674402185527
1090,-0.13282706237682096,0.04035674402185527
1091,-0.27550481638035457,0.04035674402185527
1092,-0.25296309323258304,0.04035674402185527
1093,-0.3001048343369559,0.04035674402185527
1094,-0.17652318763102098,0.04035674402185527
1095,-0.2502360086963059,0.04035674402185527
1096,-0.16108067124386088,0.04035674402185527
1097,-0.13574975999310934,0.04035674402185527
1098,-0.10730580919309124,0.04035674402185527
1099,0.10614330564337801,0.04035674402185527
1100,0.1751168667590397,0.04035674402185527
1101,0.06482368938000611,0.04035674402185527
1102,0.13445794101730696,0.04035674402185527
1103,0.17877664900575285,0.04035674402185527
1104,0.33085796195355965,0.04035674402185527
1105,0.314923268562199,0.04035674402185527
1106,0.3247072652809847,0.04035674402185527
1107,0.3660267564740749,0.04035674402185527
1108,0.3444823596605099,0.04035674402185527
1109,0.3266458475257608,0.04035674402185527
1110,0.33859001975162534,0.04035674402185527
1111,0.2649019432455806,0.04035674402185527
1112,0.2549085116829255,0.04035674402185527
1113,-0.1127884370605852,0.04035674402185527
1114,-0.05982148261439074,0.04035674402185527
1115,-0.19986772995466084,0.04035674402185527
1116,-0.28574054557873146,0.04035674402185527
1117,-0.05133098110527526,0.04035674402185527
1118,-0.017812819363398902,0.04035674402185527
1119,-0.1635243963943628,0.04035674402185527
1120,-0.2947884388834895,0.04035674402185527
1121,-0.140919190499603,0.04035674402185527
1122,-0.10160909514091174,0.04035674402185527
1123,0.041274030290590846,0.04035674402185527
1124,0.04117752383515925,0.04035674402185527
1125,-0.014079690797236762,0.04035674402185527
1126,0.09628071189903542,0.04035674402185527
1127,0.09510336121177566,0.04035674402185527
1128,0.044405013082311956,0.04035674402185527
1129,0.2599656122458833,0.04035674402185527
1130,0.3304848697088465,0.04035674402185527
1131,0.3656899128919927,0.04035674402185527
1132,0.3520558241609838,0.04035674402185527
1133,0.2819715147593384,0.04035674402185527
1134,0.13322118660930482,0.04035674402185527
1135,0.4533302229198387,0.04035674402185527
1136,0.3525781672032632,0.04035674402185527
1137,0.12326802464094515,0.04035674402185527
1138,-0.20128524754582433,0.04035674402185527
1139,-0.13818359225258736,0.04035674402185527
1140,-0.17363771965491473,0.04035674402185527
1141,-0.13728598972625666,0.04035674402185527
1142,-0.25292625752540415,0.04035674402185527
1143,-0.2674268464268952,0.04035674402185527
1144,-0.06612159846089227,0.04035674402185527
1145,-0.2593010426975035,0.04035674402185527
1146,-0.0908132223388678,0.04035674402185527
1147,-0.14029376149178166,0.04035674402185527
1148,-0.08950545013564581,0.04035674402185527
1149,-0.02042552239982228,0.04035674402185527
1150,0.032211677727518324,0.04035674402185527
1151,0.018388399338253467,0.04035674402185527
1152,0.21231632309429438,0.04035674402185527
1153,0.2450630746228167,0.04035674402185527
1154,0.24540377579317305,0.04035674402185527
1155,0.3007174542951477,0.04035674402185527
1156,0.2199815400437171,0.04035674402185527
1157,0.23045267694988655,0.04035674402185527
1158,0.24059457085372613,0.04035674402185527
1159,0.3017924935838348,0.04035674402185527
1160,0.31624475598862967,0.04035674402185527
1161,0.0150892102319643,0.04035674402185527
1162,0.22546295674900768,0.04035674402185527
1163,0.11364227941730283,0.04035674402185527
1164,-0.050866119025346004,0.04035674402185527
1165,-0.022398300946158287,0.04035674402185527
1166,-0.1589539696242649,0.04035674402185527
1167,-0.13303705968339,0.04035674402185527
1168,-0.18867128617363765,0.04035674402185527
1169,-0.17061979968600746,0.04035674402185527
1170,-0.33880525320501237,0.04035674402185527
1171,-0.30109552071219997,0.04035674402185527
1172,0.04941658695885803,0.04035674402185527
1173,0.05393781596045098,0.04035674402185527
1174,0.04631899743786591,0.04035674402185527
1175,0.04792745654546743,0.04035674402185527
1176,0.22977369336528736,0.04035674402185527
1177,0.1646180037102546,0.04035674402185527
1178,0.1409488083699641,0.04035674402185527
1179,0.29104679026924224,0.04035674402185527
1180,0.3661944208799338,0.04035674402185527
1181,0.24747285867805743,0.04035674402185527
1182,0.24291938607841387,0.04035674402185527
1183,0.2820043708764849,0.04035674402185527
1184,0.12682484107164138,0.04035674402185527
1185,0.21188349320321076,0.04035674402185527
1186,0.1563545014895035,0.04035674402185527
1187,0.035037625685520296,0.04035674402185527
1188,-0.21231937779814977,0.04035674402185527
1189,0.06871908755014469,0.04035674402185527
1190,-0.06284496592007144,0.04035674402185527
1191,-0.22239578400684545,0.04035674402185527
1192,-0.20574458725617414,0.04035674402185527
1193,-0.09271253134220495,0.04035674402185527
1194,-0.2603102605732847,0.04035674402185527
1195,-0.0945848548898944,0.04035674402185527
1196,-0.22017756943860672,0.04035674402185527
1197,-0.24176436062653728,0.04035674402185527
1198,-0.12875820919296055,0.04035674402185527
1199,0.07941335647451371,0.04035674402185527
1200,-0.03330717373634757,0.04035674402185527
1201,0.0872726037412849,0.04035674402185527
1202,0.3477009005741839,0.04035674402185527
1203,0.2116504995034732,0.04035674402185527
1204,0.33831608913318223,0.04035674402185527
1205,0.1753586133208452,0.04035674402185527
1206,0.13510483809247648,0.04035674402185527
1207,0.32046701315799764,0.04035674402185527
1208,0.30225697470615986,0.04035674402185527
1209,0.33023638148494144,0.04035674402185527
1210,0.23028672620868368,0.04035674402185527
1211,0.3340240635633052,0.04035674402185527
1212,-0.09031491760647903,0.04035674402185527
1213,0.05506398757567532,0.04035674402185527
1214,0.11511796023773745,0.04035674402185527
1215,0.055424635035970324,0.04035674402185527
1216,-0.13692117608272608,0.04035674402185527
1217,-0.18043976706195422,0.04035674402185527
1218,-0.2147890661472924,0.04035674402185527
1219,-0.14024982716582818,0.04035674402185527
1220,-0.0742276360390294,0.04035674402185527
1221,-0.1642539140478137,0.04035674402185527
1222,-0.10041343865434714,0.04035674402185527
1223,-0.09838162516024844,0.04035674402185527
1224,0.00803572226711844,0.04035674402185527
1225,-0.08126854366420258,0.04035674402185527
1226,0.18847579157245947,0.04035674402185527
1227,0.19175190256848237,0.04035674402185527
1228,0.191931657153392,0.04035674402185527
1229,0.26182954086016397,0.04035674402185527
1230,0.21604718279489343,0.04035674402185527
1231,0.2489145204459851,0.04035674402185527
1232,0.18514687325258156,0.04035674402185527
1233,0.19732184673963707,0.04035674402185527
1234,0.2871561374380652,0.04035674402185527
1235,0.13586963101759456,0.04035674402185527
1236,0.04031655566059908,0.04035674402185527
1237,0.1471025470348736,0.04035674402185527
1238,-0.16105521417501292,0.04035674402185527
1239,-0.0860138892283592,0.04035674402185527
1240,-0.23715947419952849,0.04035674402185527
1241,-0.12100522604109704,0.04035674402185527
1242,-0.21089048971725616,0.04035674402185527
1243,-0.18637795472808913,0.04035674402185527
1244,-0.17759994182586455,0.04035674402185527
1245,-0.1940653597806451,0.04035674402185527
1246,-0.03400687687342299,0.04035674402185527
1247,-0.33110823148699126,0.04035674402185527
1248,-0.15422318948625247,0.04035674402185527
1249,0.0038893237912769885,0.04035674402185527
1250,-0.03797598324460828,0.04035674402185527
1251,0.031216083136244556,0.04035674402185527
1252,0.09648942369477669,0.04035674402185527
1253,0.18917455216380505,0.04035674402185527
1254,0.11181035784485101,0.04035674402185527
1255,0.26224219051821607,0.04035674402185527
1256,0.22544146879571797,0.04035674402185527
1257,0.24680299606280076,0.04035674402185527
1258,0.3883726020410177,0.04035674402185527
1259,0.09819194729415857,0.04035674402185527
1260,0.3289661944744906,0.04035674402185527
1261,0.0009668416939583313,0.04035674402185527
1262,-0.09937710312539917,0.04035674402185527
1263,-0.08496528200741135,0.04035674402185527
1264,0.01004810724346801,0.04035674402185527
1265,-0.18518967030430422,0.04035674402185527
1266,-0.04232564089725899,0.04035674402185527
1267,-0.3269960705031736,0.04035674402185527
1268,-0.10229650384785488,0.04035674402185527
1269,-0.1499346857299125,0.04035674402185527
1270,-0.29120162209793404,0.04035674402185527
1271,-0.0845322394400469,0.04035674402185527
1272,-0.030863059815746996,0.04035674402185527
1273,-0.05794415135646261,0.04035674402185527
1274,-0.014578408846795225,0.04035674402185527
1275,-0.039740236105628296,0.04035674402185527
1276,-0.04036741113538712,0.04035674402185527
1277,0.07034014722672433,0.04035674402185527
1278,0.1721313319300022,0.04035674402185527
1279,0.25665919242024116,0.04035674402185527
1280,0.33779217976322795,0.04035674402185527
1281,0.44345616703980734,0.04035674402185527
1282,0.422065195522671,0.04035674402185527
1283,0.28090535354170754,0.04035674402185527
1284,0.28580109649565155,0.04035674402185527
1285,0.3984048421297161,0.04035674402185527
1286,0.16003547443208072,0.04035674402185527
1287,0.004109601287374379,0.04035674402185527
1288,-0.12780531629547118,0.04035674402185527
1289,-0.10460703936022185,0.04035674402185527
1290,-0.14767728251238305,0.04035674402185527
1291,-0.282280554705854,0.04035674402185527
1292,-0.24528082694173295,0.04035674402185527
1293,-0.2855455484691734,0.04035674402185527
1294,-0.16516303923379883,0.04035674402185527
1295,-0.16964166368325728,0.04035674402185527
1296,-0.09895909835064992,0.04035674402185527
1297,0.07110357193524994,0.04035674402185527
1298,-0.2193678671519075,0.04035674402185527
1299,0.05382191489149496,0.04035674402185527
1300,0.13044037587870766,0.04035674402185527
1301,0.04935678174496254,0.04035674402185527
1302,0.11630191052423387,0.04035674402185527
1303,0.1459743561845226,0.04035674402185527
1304,0.33279470908592695,0.04035674402185527
1305,0.15771431834808206,0.04035674402185527
1306,0.3383661926814935,0.04035674402185527
1307,0.30648707126906294,0.04035674402185527
1308,0.1489082376959946,0.04035674402185527
1309,0.22662839650050748,0.04035674402185527
1310,0.14766498618930685,0.04035674402185527
1311,0.08061847182516603,0.04035674402185527
1312,0.10446878559304949,0.04035674402185527
1313,0.009709483201621207,0.04035674402185527
1314,0.114148225585629,0.04035674402185527
1315,0.06335885035222187,0.04035674402185527
1316,-0.27668097826716925,0.04035674402185527
1317,-0.11737551108922961,0.04035674402185527
1318,-0.15256232695154137,0.04035674402185527
1319,-0.10511567690109416,0.04035674402185527
1320,-0.3400280855710441,0.04035674402185527
1321,-0.19036112640865963,0.04035674402185527
1322,-0.181352419644246,0.04035674402185527
1323,-0.13101447093961383,0.04035674402185527
1324,-0.05062460980368398,0.04035674402185527
1325,0.058229508194017045,0.04035674402185527
1326,0.16520587241111462,0.04035674402185527
1327,0.16723050819916435,0.04035674402185527
1328,0.031184723154693117,0.04035674402185527
1329,0.21703067462876663,0.04035674402185527
1330,0.3545044617967698,0.04035674402185527
1331,0.05962904978638339,0.04035674402185527
1332,0.19128762638748828,0.04035674402185527
1333,0.35331867260995786,0.04035674402185527
1334,0.14529903196559643,0.04035674402185527
1335,0.16650962017761872,0.04035674402185527
1336,-0.01959487610141454,0.04035674402185527
1337,0.16728068721295722,0.04035674402185527
1338,0.0660797682884156,0.04035674402185527
1339,-0.019513353752150027,0.04035674402185527
1340,-0.3282034130119573,0.04035674402185527
1341,-0.2567336709193499,0.04035674402185527
1342,-0.18396797309090157,0.04035674402185527
1343,-0.132084865815555,0.04035674402185527
1344,-0.18793047024096401,0.04035674402185527
1345,-0.2498831224054645,0.04035674402185527
1346,-0.09423659367820614,0.04035674402185527
1347,0.027262035477008006,0.04035674402185527
1348,-0.1150304250650872,0.04035674402185527
1349,-0.07549736824876649,0.04035674402185527
1350,-0.11157068005913819,0.04035674402185527
1351,0.07759589635764647,0.04035674402185527
1352,0.1368669471070424,0.04035674402185527
1353,0.2401032677396693,0.04035674402185527
1354,0.16186910106206473,0.04035674402185527
1355,0.13726990154399082,0.04035674402185527
1356,0.4370421987512217,0.04035674402185527
1357,0.3845559423070321,0.04035674402185527
1358,0.14035666684176726,0.04035674402185527
1359,0.2755369207276226,0.04035674402185527
1360,0.1705156508538911,0.04035674402185527
1361,0.09994848439076581,0.04035674402185527
1362,-0.11729553924783995,0.04035674402185527
1363,0.25458892640968206,0.04035674402185527
1364,0.030115476993482784,0.04035674402185527
1365,-0.10180763661700407,0.04035674402185527
1366,-0.2574580574042337,0.04035674402185527
1367,-0.28534298271528097,0.04035674402185527
1368,-0.13396677225297668,0.04035674402185527
1369,-0.16168946991148853,0.04035674402185527
1370,-0.14413043606077347,0.04035674402185527
1371,-0.2028545446772106,0.04035674402185527
1372,-0.3222582927256257,0.04035674402185527
1373,-0.028288275245823002,0.04035674402185527
1374,-0.11919303687334881,0.04035674402185527
1375,0.09711715214189229,0.04035674402185527
1376,0.11561148763220845,0.04035674402185527
1377,0.38501117048170863,0.04035674402185527
1378,0.23518612701514868,0.04035674402185527
1379,0.07195352392648222,0.04035674402185527
1380,-0.0342567336629373,0.04035674402185527
1381,0.26197675257093656,0.04035674402185527
1382,0.08967093179101887,0.04035674402185527
1383,0.44543196357200543,0.04035674402185527
1384,0.24414251537955728,0.04035674402185527
1385,0.23768739337506917,0.04035674402185527
1386,-0.030858413584756925,0.04035674402185527
1387,-0.02400276085904993,0.04035674402185527
1388,-0.10126393881245227,0.04035674402185527
1389,-0.1324460636973261,0.04035674402185527
1390,-0.24742845478417458,0.04035674402185527
1391,-0.1267522328998206,0.04035674402185527
1392,-0.4122626221834159,0.04035674402185527
1393,-0.21889668973024262,0.04035674402185527
1394,-0.2582167847187704,0.04035674402185527
1395,-0.16005629563839716,0.04035674402185527
1396,-0.300018838821962,0.04035674402185527
1397,0.0569823191718995,0.04035674402185527
1398,0.009780799798486228,0.04035674402185527
1399,0.10055672933485489,0.04035674402185527
1400,0.17020333556037695,0.04035674402185527
1401,0.1163245370712554,0.04035674402185527
1402,0.14789029134718287,0.04035674402185527
1403,0.08551915790187656,0.04035674402185527
1404,0.32520589207758116,0.04035674402185527
1405,0.14681222499494787,0.04035674402185527
1406,0.20799899012488113,0.04035674402185527
1407,0.2536738869883078,0.04035674402185527
1408,0.3857216676064592,0.04035674402185527
1409,0.14347920828782457,0.04035674402185527
1410,0.32926843243149256,0.04035674402185527
1411,0.3462749030350716,0.04035674402185527
1412,0.13088691652222087,0.04035674402185527
1413,0.13317935084488702,0.04035674402185527
1414,-0.11214701098703637,0.04035674402185527
1415,-0.2091774467963718,0.04035674402185527
1416,-0.18598296509863457,0.04035674402185527
1417,-0.3056295428889565,0.04035674402185527
1418,-0.14223793679805194,0.04035674402185527
1419,-0.017030643478608165,0.04035674402185527
1420,-0.39155339775364006,0.04035674402185527
1421,-0.13454017871137902,0.04035674402185527
1422,-0.013880164389003802,0.04035674402185527
1423,-0.2027527281490618,0.04035674402185527
1424,-0.052533948329227864,0.04035674402185527
1425,-0.06792029917291467,0.04035674402185527
1426,-0.029486768565736003,0.04035674402185527
1427,0.1455791459585289,0.04035674402185527
1428,0.3254905113652665,0.04035674402185527
1429,0.24019802870728268,0.04035674402185527
1430,0.22497704087073822,0.04035674402185527
1431,0.46806225550453584,0.04035674402185527
1432,0.2725079700218136,0.04035674402185527
1433,0.10902361506621439,0.04035674402185527
1434,0.07766403395232,0.04035674402185527
1435,0.1452314903458145,0.04035674402185527
1436,0.07241787572301087,0.04035674402185527
1437,0.045965600302883526,0.04035674402185527
1438,0.08380368007275703,0.04035674402185527
1439,-0.04122416938768439,0.04035674402185527
1440,-0.005643034449939702,0.04035674402185527
1441,-0.09381498123074578,0.04035674402185527
1442,-0.20506421178167322,0.04035674402185527
1443,-0.2444436364661922,0.04035674402185527
1444,-0.17763244229372482,0.04035674402185527
1445,-0.3956141221616598,0.04035674402185527
1446,-0.09653165742213171,0.04035674402185527
1447,-0.17655746570853625,0.04035674402185527
1448,0.011001876679258837,0.04035674402185527
1449,-0.16928033613108034,0.04035674402185527
1450,0.018839712597367886,0.04035674402185527
1451,0.09892356688778542,0.04035674402185527
1452,0.2543021310141421,0.04035674402185527
1453,0.3669453628377595,0.04035674402185527
1454,0.31028124145378566,0.04035674402185527
1455,0.4053190355278665,0.04035674402185527
1456,0.4316086966029639,0.04035674402185527
1457,0.2332430542157362,0.04035674402185527
1458,0.24340261832122168,0.04035674402185527
1459,0.363574090446124,0.04035674402185527
1460,0.1833652065859102,0.04035674402185527
1461,0.057514441151812035,0.04035674402185527
1462,-0.06552021927419442,0.04035674402185527
1463,-0.019126150294580698,0.04035674402185527
1464,-0.05390688292541787,0.04035674402185527
1465,-0.07367162282750744,0.04035674402185527
1466,-0.09401476222644352,0.04035674402185527
1467,-0.3708807612669155,0.04035674402185527
1468,-0.21251087012522074,0.04035674402185527
1469,-0.1669067976122174,0.04035674402185527
1470,-0.30956747234221477,0.04035674402185527
1471,-0.5064655375436349,0.04035674402185527
1472,-0.11184161315029552,0.04035674402185527
1473,-0.02576149453714255,0.04035674402185527
1474,0.04403769256644295,0.04035674402185527
1475,0.045672060229077376,0.04035674402185527
1476,-0.012965068751766728,0.04035674402185527
1477,0.18778730292636178,0.04035674402185527
1478,0.11466905634869162,0.04035674402185527
1479,0.21846353282192013,0.04035674402185527
1480,0.24174647709510405,0.04035674402185527
1481,0.19628926551981915,0.04035674402185527
1482,0.22865054858215325,0.04035674402185527
1483,0.33654649283630234,0.04035674402185527
1484,0.1105147763083753,0.04035674402185527
1485,0.30324683688405935,0.04035674402185527
1486,0.259681579828677,0.04035674402185527
1487,0.2622137853314129,0.04035674402185527
1488,0.09445423555842514,0.04035674402185527
1489,-0.1484527400598223,0.04035674402185527
1490,-0.26478602831970244,0.04035674402185527
1491,-0.11503227690672269,0.04035674402185527
1492,-0.3410690441583042,0.04035674402185527
1493,-0.26268281914030583,0.04035674402185527
1494,-0.042986202156984205,0.04035674402185527
1495,-0.34534558211158217,0.04035674402185527
1496,-0.09573089783295055,0.04035674402185527
1497,-0.11252675903725207,0.04035674402185527
1498,0.0753954794137748,0.04035674402185527
1499,-0.09156737278518771,0.04035674402185527
1500,0.06643982012740561,0.04035674402185527
1501,0.17519572872701358,0.04035674402185527
1502,0.04443965172899705,0.04035674402185527
1503,0.22437893568823075,0.04035674402185527
1504,0.05311269899758246,0.04035674402185527
1505,0.46498460351045434,0.04035674402185527
1506,0.31906741152506984,0.04035674402185527
1507,0.29283223286490356,0.04035674402185527
1508,0.26365735997315265,0.04035674402185527
1509,0.23359238942381724,0.04035674402185527
1510,0.11891413296537576,0.04035674402185527
1511,0.23413164529902214,0.04035674402185527
1512,0.023798856826244927,0.04035674402185527
1513,-0.06007490980156577,0.04035674402185527
1514,-0.09234891872334984,0.04035674402185527
1515,-0.013384435941957137,0.04035674402185527
1516,-0.054126734776626634,0.04035674402185527
1517,-0.2799409476981257,0.04035674402185527
1518,-0.2807207845696594,0.04035674402185527
1519,-0.20443530151217906,0.04035674402185527
1520,-0.34545595004373875,0.04035674402185527
1521,-0.23778472295768655,0.04035674402185527
1522,-0.04763044998108171,0.04035674402185527
1523,-0.26688911788547437,0.04035674402185527
1524,-0.1630808948814695,0.04035674402185527
1525,-0.07582219715275691,0.04035674402185527
1526,0.2114066502938321,0.04035674402185527
1527,0.19854342936350355,0.04035674402185527
1528,0.2188414410937879,0.04035674402185527
1529,0.20244776583321952,0.04035674402185527
1530,0.4326114184605344,0.04035674402185527
1531,0.3524435001117597,0.04035674402185527
1532,0.3410875788885455,0.04035674402185527
1533,0.3189947983103432,0.04035674402185527
1534,0.22887988906939988,0.04035674402185527
1535,0.17262572014188232,0.04035674402185527
1536,0.39096100700761655,0.04035674402185527
1537,-0.06486995514496009,0.04035674402185527
1538,0.024413576342855816,0.04035674402185527
1539,-0.07226511941091536,0.04035674402185527
1540,-0.09255690630671551,0.04035674402185527
1541,-0.15529282587582413,0.04035674402185527
1542,-0.16012510057029414,0.04035674402185527
1543,-0.14719817925073062,0.04035674402185527
1544,-0.29286812857932915,0.04035674402185527
1545,-0.11410964925063762,0.04035674402185527
1546,-0.20929104007961333,0.04035674402185527
1547,-0.2809520731881038,0.04035674402185527
1548,-1.2235465214191568,-1.07737009870733
1549,-1.2677289553872146,-1.07737009870733
1550,-1.0845119291306915,-1.07737009870733
1551,-0.8737357074537884,-1.07737009870733
1552,-0.9089465004824883,-1.07737009870733
1553,-0.9776116788574764,-1.07737009870733
1554,-0.7895802567773393,-1.07737009870733
1555,-0.7906637862546804,-1.07737009870733
1556,-0.8395813383477361,-1.07737009870733
1557,-0.7806145856254748,-1.07737009870733
1558,-0.7706915932421017,-1.07737009870733
1559,-1.157948615151868,-1.07737009870733
1560,-0.9900705899735369,-1.07737009870733
1561,-1.1938414690952295,-1.07737009870733
1562,-1.1433877945201956,-1.07737009870733
1563,-0.9866356490144189,-1.07737009870733
1564,-1.1921619671118278,-1.07737009870733
1565,-1.0436841519323448,-1.07737009870733
1566,-1.299349967220016,-1.07737009870733
1567,-1.2872968083584067,-1.07737009870733
1568,-1.3808315539435538,-1.07737009870733
1569,-1.363958713204175,-1.07737009870733
1570,-1.551083581847788,-1.07737009870733
1571,-1.3532798072627157,-1.07737009870733
1572,-1.2110322394228659,-1.07737009870733
1573,-1.1718719825488362,-1.07737009870733
1574,-1.1607566400681457,-1.07737009870733
1575,-0.980174269121295,-1.07737009870733
1576,-1.143297214652345,-1.07737009870733
1577,-1.0359632344374996,-1.07737009870733
1578,-0.9360484536499393,-1.07737009870733
1579,-0.8364197231322464,-1.07737009870733
1580,-0.7985236516314991,-1.07737009870733
1581,-0.8026064258356517,-1.07737009870733
1582,-0.8519959277530663,-1.07737009870733
1583,-0.7672745824280676,-1.07737009870733
1584,-0.8012416933287738,-1.07737009870733
1585,-0.8210222824917953,-1.07737009870733
1586,-0.873900862282239,-1.07737009870733
1587,-1.129028217807581,-1.07737009870733
1588,-1.1496802355246702,-1.07737009870733
1589,-1.07577386721446,-1.07737009870733
1590,-1.3382992590967153,-1.07737009870733
1591,-1.3273745981856229,-1.07737009870733
1592,-1.2251725420819686,-1.07737009870733
1593,-1.4256914351282637,-1.07737009870733
1594,-1.3877902295390865,-1.07737009870733
1595,-1.4314347977925121,-1.07737009870733
1596,-1.3817536072299859,-1.07737009870733
1597,-1.4866781803865856,-1.07737009870733
1598,-1.0988676430473396,-1.07737009870733
1599,-1.1110682756285863,-1.07737009870733
1600,-0.908273578405716,-1.07737009870733
1601,-0.8689788454844917,-1.07737009870733
1602,-1.0923626642455802,-1.07737009870733
1603,-0.8591232794282608,-1.07737009870733
1604,-0.9403377929408522,-1.07737009870733
1605,-0.8859361635286309,-1.07737009870733
1606,-0.7271759999126756,-1.07737009870733
1607,-0.8929638778998492,-1.07737009870733
1608,-0.8479470435464368,-1.07737009870733
1609,-0.8935584137270184,-1.07737009870733
1610,-1.0333420661322332,-1.07737009870733
1611,-0.9484988908571714,-1.07737009870733
1612,-1.1227740832004334,-1.07737009870733
1613,-0.9482556465238985,-1.07737009870733
1614,-1.3829513611006514,-1.07737009870733
1615,-1.243255261497679,-1.07737009870733
1616,-1.1196286981554624,-1.07737009870733
1617,-1.396101086078923,-1.07737009870733
1618,-1.4263560110928255,-1.07737009870733
1619,-1.324509942792342,-1.07737009870733
1620,-1.4335135261399774,-1.07737009870733
1621,-1.3301029060581415,-1.07737009870733
1622,-1.1317177319416447,-1.07737009870733
1623,-1.1184587978059066,-1.07737009870733
1624,-1.1650777157290408,-1.07737009870733
1625,-1.1429741892637733,-1.07737009870733
1626,-1.0769378932530742,-1.07737009870733
1627,-1.0387134273290115,-1.07737009870733
1628,-0.8146432175092494,-1.07737009870733
1629,-0.7988858079345842,-1.07737009870733
1630,-0.8474640079458198,-1.07737009870733
1631,-0.762192350283117,-1.07737009870733
1632,-0.7925239608530688,-1.07737009870733
1633,-0.848829844360786,-1.07737009870733
1634,-0.6537997920686431,-1.07737009870733
1635,-0.9921357510470725,-1.07737009870733
1636,-0.8833906993349625,-1.07737009870733
1637,-1.0763480618904695,-1.07737009870733
1638,-1.286867353164383,-1.07737009870733
1639,-1.1007612494328913,-1.07737009870733
1640,-1.3398196796851591,-1.07737009870733
1641,-1.2690479109529589,-1.07737009870733
1642,-1.5223523266098085,-1.07737009870733
1643,-1.3203974585145044,-1.07737009870733
1644,-1.448062067678732,-1.07737009870733
1645,-1.459124030666052,-1.07737009870733
1646,-1.3171565589824579,-1.07737009870733
1647,-1.382866868731818,-1.07737009870733
1648,-1.3002368749759046,-1.07737009870733
1649,-1.2076441904077875,-1.07737009870733
1650,-1.173871280630851,-1.07737009870733
1651,-1.004112908200527,-1.07737009870733
1652,-0.9821808213440544,-1.07737009870733
1653,-0.9355263268736562,-1.07737009870733
1654,-0.624533898886512,-1.07737009870733
1655,-0.8489809992483989,-1.07737009870733
1656,-0.7931522683626326,-1.07737009870733
1657,-0.8326364920836522,-1.07737009870733
1658,-0.8152134928983334,-1.07737009870733
1659,-0.8870857070234882,-1.07737009870733
1660,-0.889891543658911,-1.07737009870733
1661,-0.8387054145043616,-1.07737009870733
1662,-1.0148524330529844,-1.07737009870733
1663,-1.062989800196143,-1.07737009870733
1664,-1.0720358405837593,-1.07737009870733
1665,-1.3762064042506583,-1.07737009870733
1666,-1.4013564927443405,-1.07737009870733
1667,-1.2305707292881176,-1.07737009870733
1668,-1.2537804121979406,-1.07737009870733
1669,-1.3422313025285584,-1.07737009870733
1670,-1.3786986220987623,-1.07737009870733
1671,-1.0804791361431456,-1.07737009870733
1672,-1.1969095809242618,-1.07737009870733
1673,-1.1711233597436717,-1.07737009870733
1674,-1.1314683822157308,-1.07737009870733
1675,-0.9653380481648344,-1.07737009870733
1676,-1.07936424208846,-1.07737009870733
1677,-0.8826128369568984,-1.07737009870733
1678,-0.9342699280743452,-1.07737009870733
1679,-0.8289654437487386,-1.07737009870733
1680,-0.8254600954614723,-1.07737009870733
1681,-0.9454774500953215,-1.07737009870733
1682,-0.7517439153019494,-1.07737009870733
1683,-0.9643821266079559,-1.07737009870733
1684,-0.9548633714224466,-1.07737009870733
1685,-0.9317277600086025,-1.07737009870733
1686,-0.9205048496172334,-1.07737009870733
1687,-1.1549994704723692,-1.07737009870733
1688,-0.9853851476147396,-1.07737009870733
1689,-1.2035487428575447,-1.07737009870733
1690,-1.2654944288978562,-1.07737009870733
1691,-1.2481130344706415,-1.07737009870733
1692,-1.426932481503679,-1.07737009870733
1693,-1.3298446273279456,-1.07737009870733
1694,-1.288644181953004,-1.07737009870733
1695,-1.1936981317673543,-1.07737009870733
1696,-1.2711472019859515,-1.07737009870733
1697,-1.2250914299596127,-1.07737009870733
1698,-1.2465634765314546,-1.07737009870733
1699,-1.1690705389725566,-1.07737009870733
1700,-0.986456379726196,-1.07737009870733
1701,-0.9723199025374427,-1.07737009870733
1702,-0.9349281200450039,-1.07737009870733
1703,-0.9730369354897828,-1.07737009870733
1704,-0.9787417233271407,-1.07737009870733
1705,-0.8552104115614464,-1.07737009870733
1706,-0.9431681810857103,-1.07737009870733
1707,-0.7652595372899879,-1.07737009870733
1708,-0.7017624534172238,-1.07737009870733
1709,-0.961476274564708,-1.07737009870733
1710,-0.8026581228849512,-1.07737009870733
1711,-0.972564124106869,-1.07737009870733
1712,-1.223257651605402,-1.07737009870733
1713,-1.1674846270346428,-1.07737009870733
1714,-1.0543050737864275,-1.07737009870733
1715,-1.0859801569061462,-1.07737009870733
1716,-1.3205479968759035,-1.07737009870733
1717,-1.2767907529887907,-1.07737009870733
1718,-1.2942077479611127,-1.07737009870733
1719,-1.461419005135578,-1.07737009870733
1720,-1.374253237040955,-1.07737009870733
1721,-1.3310771478217909,-1.07737009870733
1722,-1.0293555092796811,-1.07737009870733
1723,-1.2624431341290994,-1.07737009870733
1724,-0.9866560593424312,-1.07737009870733
1725,-1.1195784761737184,-1.07737009870733
1726,-0.9310877947895346,-1.07737009870733
1727,-1.0145693565827225,-1.07737009870733
1728,-1.1059380416574638,-1.07737009870733
1729,-0.9084098832129303,-1.07737009870733
1730,-0.8124235861410886,-1.07737009870733
1731,-0.8095933295224396,-1.07737009870733
1732,-0.7735254505813545,-1.07737009870733
1733,-0.8588406997232492,-1.07737009870733
1734,-0.7880346353104791,-1.07737009870733
1735,-0.8639868576165781,-1.07737009870733
1736,-1.1098534937111508,-1.07737009870733
1737,-0.9947141069004091,-1.07737009870733
1738,-1.0645188842412083,-1.07737009870733
1739,-0.9742054826457934,-1.07737009870733
1740,-1.2420281653435694,-1.07737009870733
1741,-1.5090650100896257,-1.07737009870733
1742,-1.3279624929008427,-1.07737009870733
1743,-1.3149445225811884,-1.07737009870733
1744,-1.5145070165753605,-1.07737009870733
1745,-1.2723803853871283,-1.07737009870733
1746,-1.0698141582579201,-1.07737009870733
1747,-1.498830766383203,-1.07737009870733
1748,-1.3366531678683349,-1.07737009870733
1749,-1.1439491975732905,-1.07737009870733
1750,-0.9853066559323979,-1.07737009870733
1751,-1.0090141792706135,-1.07737009870733
1752,-0.7677050152424543,-1.07737009870733
1753,-0.859178361989492,-1.07737009870733
1754,-0.8827320728711677,-1.07737009870733
1755,-0.8186612473193949,-1.07737009870733
1756,-0.808402474144041,-1.07737009870733
1757,-0.8147221898923318,-1.07737009870733
1758,-0.8448022958696882,-1.07737009870733
1759,-0.8991893433478125,-1.07737009870733
1760,-0.9019443918260656,-1.07737009870733
1761,-1.0150209182475531,-1.07737009870733
1762,-0.9626609629990608,-1.07737009870733
1763,-1.0518930668773316,-1.07737009870733
1764,-1.1295053247308693,-1.07737009870733
1765,-1.0529655930245467,-1.07737009870733
1766,-1.2537664583311985,-1.07737009870733
1767,-1.209749397106285,-1.07737009870733
1768,-1.3218060610053686,-1.07737009870733
1769,-1.2722308904906727,-1.07737009870733
1770,-1.2888029595088502,-1.07737009870733
1771,-1.2483647333250076,-1.07737009870733
1772,-1.3656314355929553,-1.07737009870733
1773,-1.212608231755039,-1.07737009870733
1774,-1.123398152212973,-1.07737009870733
1775,-1.0728423585791906,-1.07737009870733
1776,-1.0547644763900224,-1.07737009870733
1777,-0.9145040593251919,-1.07737009870733
1778,-0.8688031508464757,-1.07737009870733
1779,-0.8383543819395964,-1.07737009870733
1780,-0.8305830164131139,-1.07737009870733
1781,-0.7077836525152515,-1.07737009870733
1782,-0.6920100775074067,-1.07737009870733
1783,-0.9315179140738127,-1.07737009870733
1784,-0.9144563031725245,-1.07737009870733
1785,-1.0926022101678134,-1.07737009870733
1786,-0.9092229775415208,-1.07737009870733
1787,-0.9221218919039629,-1.07737009870733
1788,-1.2374668268323974,-1.07737009870733
1789,-1.1746656547055074,-1.07737009870733
1790,-1.3987122631342113,-1.07737009870733
1791,-1.2405946871556655,-1.07737009870733
1792,-1.3269600606529075,-1.07737009870733
1793,-1.3364207428472255,-1.07737009870733
1794,-1.5381272566264728,-1.07737009870733
1795,-1.3242513579575421,-1.07737009870733
1796,-1.4161399501156442,-1.07737009870733
1797,-1.2989802887132726,-1.07737009870733
1798,-1.1411091960576438,-1.07737009870733
1799,-1.1647517947962418,-1.07737009870733
1800,-0.8564502302973427,-1.07737009870733
1801,-1.1220355451486905,-1.07737009870733
1802,-0.8771205961372747,-1.07737009870733
1803,-0.971646307814356,-1.07737009870733
1804,-0.8740073498333063,-1.07737009870733
1805,-0.6916088207745033,-1.07737009870733
1806,-0.870089658563165,-1.07737009870733
1807,-0.8230330758837179,-1.07737009870733
1808,-0.6699319167100936,-1.07737009870733
1809,-0.8944874933307847,-1.07737009870733
1810,-1.1010364206690844,-1.07737009870733
1811,-0.8942013902927145,-1.07737009870733
1812,-0.9362603760006363,-1.07737009870733
1813,-0.8608471976809633,-1.07737009870733
1814,-1.2278343794602264,-1.07737009870733
1815,-1.280322735750361,-1.07737009870733
1816,-1.2415112627257092,-1.07737009870733
1817,-1.202999606261609,-1.07737009870733
1818,-1.2838591354612203,-1.07737009870733
1819,-1.3807310691155397,-1.07737009870733
1820,-1.236314563410008,-1.07737009870733
1821,-1.3349594021751408,-1.07737009870733
1822,-1.2301862190281954,-1.07737009870733
1823,-0.9785186423938226,-1.07737009870733
1824,-1.0934611704164037,-1.07737009870733
1825,-1.185207074061344,-1.07737009870733
1826,-1.2466038570358913,-1.07737009870733
1827,-0.9620200842443458,-1.07737009870733
1828,-0.8161313461797715,-1.07737009870733
1829,-0.8069793265241729,-1.07737009870733
1830,-0.9127657784376473,-1.07737009870733
1831,-0.5800363261746093,-1.07737009870733
1832,-0.8738846555350945,-1.07737009870733
1833,-0.7313539746021215,-1.07737009870733
1834,-0.6405095787273373,-1.07737009870733
1835,-0.9518801349496396,-1.07737009870733
1836,-1.024707376089041,-1.07737009870733
1837,-1.1671755321210338,-1.07737009870733
1838,-1.1440290560480835,-1.07737009870733
1839,-1.1026702922349707,-1.07737009870733
1840,-1.329629290095052,-1.07737009870733
1841,-1.3532030983309191,-1.07737009870733
1842,-1.465063167862329,-1.07737009870733
1843,-1.338457448520369,-1.07737009870733
1844,-1.333484746509007,-1.07737009870733
1845,-1.306201666282419,-1.07737009870733
1846,-1.3948750045471026,-1.07737009870733
1847,-1.1913818824205848,-1.07737009870733
1848,-1.1302744317887716,-1.07737009870733
1849,-1.1329386208874654,-1.07737009870733
1850,-1.1362500152581396,-1.07737009870733
1851,-0.9725452969971922,-1.07737009870733
1852,-0.8428305364000246,-1.07737009870733
1853,-0.834284075851178,-1.07737009870733
1854,-0.989116346618234,-1.07737009870733
1855,-0.8539739160497626,-1.07737009870733
1856,-1.0725891464719313,-1.07737009870733
1857,-0.8231360231769016,-1.07737009870733
1858,-0.7264721517964435,-1.07737009870733
1859,-0.7577237432870432,-1.07737009870733
1860,-0.8265891471330893,-1.07737009870733
1861,-1.0212849448870627,-1.07737009870733
1862,-1.0841634563501155,-1.07737009870733
1863,-1.0147078734541222,-1.07737009870733
1864,-1.2284631772462116,-1.07737009870733
1865,-1.1180083529171625,-1.07737009870733
1866,-1.2079605924650485,-1.07737009870733
1867,-1.3841575652296776,-1.07737009870733
1868,-1.54069058778335,-1.07737009870733
1869,-1.5590644194818948,-1.07737009870733
1870,-1.262763901761871,-1.07737009870733
1871,-1.3473791201335836,-1.07737009870733
1872,-1.2496145358212423,-1.07737009870733
1873,-1.1531888535291988,-1.07737009870733
1874,-1.3776525839599587,-1.07737009870733
1875,-0.8335314123256069,-1.07737009870733
1876,-1.015121443148546,-1.07737009870733
1877,-0.9126612458322793,-1.07737009870733
1878,-0.9292872314908216,-1.07737009870733
1879,-0.9532147521419454,-1.07737009870733
1880,-0.732198023193363,-1.07737009870733
1881,-0.8186524140171733,-1.07737009870733
1882,-0.8825294971275068,-1.07737009870733
1883,-0.9570861450764447,-1.07737009870733
1884,-0.8867104492088594,-1.07737009870733
1885,-0.8920738171536547,-1.07737009870733
1886,-1.1820330983802276,-1.07737009870733
1887,-1.1718218850120585,-1.07737009870733
1888,-1.016209686191632,-1.07737009870733
1889,-1.0366323271856732,-1.07737009870733
1890,-1.1415075977669558,-1.07737009870733
1891,-1.3483526351629147,-1.07737009870733
1892,-1.3972451455523327,-1.07737009870733
1893,-1.3463808826290555,-1.07737009870733
1894,-1.5703823444592366,-1.07737009870733
1895,-1.338045083820436,-1.07737009870733
1896,-1.2078601765747472,-1.07737009870733
1897,-1.304453816096721,-1.07737009870733
1898,-1.0589162261758482,-1.07737009870733
1899,-1.0307182924162288,-1.07737009870733
1900,-1.1331376686274526,-1.07737009870733
1901,-1.0746884193074688,-1.07737009870733
1902,-0.9482726602547694,-1.07737009870733
1903,-0.9454132352583797,-1.07737009870733
1904,-0.9493817839374662,-1.07737009870733
1905,-0.9087147457671045,-1.07737009870733
1906,-0.6989823209481469,-1.07737009870733
1907,-0.8657255588160913,-1.07737009870733
1908,-0.6182855926961535,-1.07737009870733
1909,-0.8144236801460396,-1.07737009870733
1910,-0.9583778369019083,-1.07737009870733
1911,-1.129777185730242,-1.07737009870733
1912,-0.8027296759206779,-1.07737009870733
1913,-1.1733452628471008,-1.07737009870733
1914,-1.1402075509943166,-1.07737009870733
1915,-1.1398614136738612,-1.07737009870733
1916,-1.2698421483932103,-1.07737009870733
1917,-1.297028044516662,-1.07737009870733
1918,-1.292274777339642,-1.07737009870733
1919,-1.282865678427596,-1.07737009870733
1920,-1.526981379146176,-1.07737009870733
1921,-1.1500434445222383,-1.07737009870733
1922,-1.0545265234690662,-1.07737009870733
1923,-1.0625416727991452,-1.07737009870733
1924,-1.0514034800994059,-1.07737009870733
1925,-0.8840126076600461,-1.07737009870733
1926,-1.0933831195053159,-1.07737009870733
1927,-1.1098567601892304,-1.07737009870733
1928,-1.0300944873869367,-1.07737009870733
1929,-0.8296430061848433,-1.07737009870733
1930,-0.8364103683130879,-1.07737009870733
1931,-0.9106417088229283,-1.07737009870733
1932,-0.8104184990481745,-1.07737009870733
1933,-0.8709741666238602,-1.07737009870733
1934,-0.9582213183829569,-1.07737009870733
1935,-1.0268659908619011,-1.07737009870733
1936,-0.973683481144875,-1.07737009870733
1937,-1.1329530314331704,-1.07737009870733
1938,-1.0526581587886037,-1.07737009870733
1939,-1.3129920954573007,-1.07737009870733
1940,-1.2611065056420143,-1.07737009870733
1941,-1.2603221893091936,-1.07737009870733
1942,-1.3991118288219693,-1.07737009870733
1943,-1.373658163541369,-1.07737009870733
1944,-1.273924359273388,-1.07737009870733
1945,-1.2110838033564955,-1.07737009870733
1946,-1.142860972693463,-1.07737009870733
1947,-1.2107999008976176,-1.07737009870733
1948,-1.38260197941515,-1.07737009870733
1949,-1.3249492298334427,-1.07737009870733
1950,-1.1286725631123948,-1.07737009870733
1951,-0.9842192802464274,-1.07737009870733
1952,-0.9197023624719235,-1.07737009870733
1953,-1.1035699570269575,-1.07737009870733
1954,-0.8388550716768026,-1.07737009870733
1955,-0.8368020023743672,-1.07737009870733
1956,-0.7857031739815248,-1.07737009870733
1957,-0.6957701926731521,-1.07737009870733
1958,-0.8253730283157238,-1.07737009870733
1959,-0.9511612943413252,-1.07737009870733
1960,-0.9056665715190331,-1.07737009870733
1961,-1.02936238395925,-1.07737009870733
1962,-1.094174729574448,-1.07737009870733
1963,-1.2634007639345777,-1.07737009870733
1964,-1.0787304541441118,-1.07737009870733
1965,-1.2251642190470862,-1.07737009870733
1966,-1.3299858604149046,-1.07737009870733
1967,-1.2675849530131011,-1.07737009870733
1968,-1.1457655660993546,-1.07737009870733
1969,-1.4198432677340018,-1.07737009870733
1970,-1.348511741392561,-1.07737009870733
1971,-1.041305018617986,-1.07737009870733
1972,-1.2990305500134205,-1.07737009870733
1973,-1.1041348363529986,-1.07737009870733
1974,-0.9562661823044857,-1.07737009870733
1975,-1.283497606022821,-1.07737009870733
1976,-1.009281317125306,-1.07737009870733
1977,-0.9980500687480037,-1.07737009870733
1978,-0.8478583909820581,-1.07737009870733
1979,-0.8826066068896128,-1.07737009870733
1980,-0.8504331187321331,-1.07737009870733
1981,-0.8524000453710803,-1.07737009870733
1982,-0.7310911579852658,-1.07737009870733
1983,-0.9567993699887832,-1.07737009870733
1984,-0.8613275356245755,-1.07737009870733
1985,-0.844621871092646,-1.07737009870733
1986,-0.9262806604059451,-1.07737009870733
1987,-1.1167926495517873,-1.07737009870733
1988,-0.91691136628174,-1.07737009870733
1989,-0.9737405859425078,-1.07737009870733
1990,-1.1340436537490375,-1.07737009870733
1991,-1.238501239563686,-1.07737009870733
1992,-1.190903906492227,-1.07737009870733
1993,-1.1658508420420999,-1.07737009870733
1994,-1.3229223640332364,-1.07737009870733
1995,-1.5263961301227247,-1.07737009870733
1996,-1.053110939480168,-1.07737009870733
1997,-1.2672791592840427,-1.07737009870733
1998,-1.1922963067437782,-1.07737009870733
1999,-1.089737289118223,-1.07737009870733
2000,-0.9922867362989414,-1.07737009870733
2001,-1.1075732286397248,-1.07737009870733
2002,-1.024641329635097,-1.07737009870733
2003,-0.9315933043933902,-1.07737009870733
2004,-0.794105341907345,-1.07737009870733
2005,-0.7139892177361945,-1.07737009870733
2006,-0.7591315946508442,-1.07737009870733
2007,-0.6637008147003238,-1.07737009870733
2008,-0.8324785903257037,-1.07737009870733
2009,-1.016050198137906,-1.07737009870733
2010,-0.9272010792726122,-1.07737009870733
2011,-0.8131394553175275,-1.07737009870733
2012,-1.21624977067961,-1.07737009870733
2013,-1.2217452512134719,-1.07737009870733
2014,-1.3725966642447869,-1.07737009870733
2015,-1.558838050871307,-1.07737009870733
2016,-1.2280409939948418,-1.07737009870733
2017,-1.407786350696496,-1.07737009870733
2018,-1.2533071384619903,-1.07737009870733
2019,-1.4550418312425317,-1.07737009870733
2020,-1.3829450454278638,-1.07737009870733
2021,-1.2904906285808182,-1.07737009870733
2022,-1.180122341220974,-1.07737009870733
2023,-1.1574857531729075,-1.07737009870733
2024,-1.340018823794489,-1.07737009870733
2025,-1.2606373110241889,-1.07737009870733
2026,-1.3489437181232322,-1.07737009870733
2027,-1.1162808667113442,-1.07737009870733
2028,-0.9406775991898452,-1.07737009870733
2029,-0.9222943484459373,-1.07737009870733
2030,-0.8756102505589868,-1.07737009870733
2031,-0.7223755801308043,-1.07737009870733
2032,-0.9075221416421553,-1.07737009870733
2033,-0.8851903886862804,-1.07737009870733
2034,-0.7736925246214346,-1.07737009870733
2035,-1.0180156913612837,-1.07737009870733
2036,-1.0619752715483473,-1.07737009870733
2037,-1.0999718029027659,-1.07737009870733
2038,-1.1173456779475646,-1.07737009870733
2039,-1.1299531974485155,-1.07737009870733
2040,-1.2102565660764413,-1.07737009870733
2041,-1.4053942866164553,-1.07737009870733
2042,-1.2886036875268116,-1.07737009870733
2043,-1.3008996143646747,-1.07737009870733
2044,-1.2924116690337673,-1.07737009870733
2045,-1.211397336681026,-1.07737009870733
2046,-1.5032867243827628,-1.07737009870733
2047,-1.380969645827725,-1.07737009870733
2048,-1.3314295867660484,-1.07737009870733
2049,-1.2228928831653076,-1.07737009870733
2050,-1.2114494994408105,-1.07737009870733
2051,-1.2043937386997214,-1.07737009870733
2052,-0.8804795706919725,-1.07737009870733
2053,-0.800973357089783,-1.07737009870733
2054,-0.7835751188049351,-1.07737009870733
2055,-0.8819885072056196,-1.07737009870733
2056,-0.8064398747534053,-1.07737009870733
2057,-1.0358129994880414,-1.07737009870733
2058,-0.9860145096368461,-1.07737009870733
2059,-0.8445877965216744,-1.07737009870733
2060,-0.901227798236761,-1.07737009870733
2061,-0.829439488232645,-1.07737009870733
2062,-0.9774538470588895,-1.07737009870733
2063,-1.103978044399529,-1.07737009870733
2064,-1.1330778453756056,-1.07737009870733
2065,-1.1606015018609037,-1.07737009870733
2066,-1.2993329599235317,-1.07737009870733
2067,-1.4449715091576345,-1.07737009870733
2068,-1.2285866197789364,-1.07737009870733
2069,-1.5028052984095028,-1.07737009870733
2070,-1.2864171859956737,-1.07737009870733
2071,-1.4037407648891163,-1.07737009870733
2072,-1.3207061024675797,-1.07737009870733
2073,-1.3722806950432809,-1.07737009870733
2074,-1.0845524820503816,-1.07737009870733
2075,-1.1102622395203854,-1.07737009870733
2076,-0.9633456096152413,-1.07737009870733
2077,-1.070645530179618,-1.07737009870733
2078,-0.8159491389748499,-1.07737009870733
2079,-0.9175944733100863,-1.07737009870733
2080,-0.7848986024392874,-1.07737009870733
2081,-0.8688685431694204,-1.07737009870733
2082,-0.8425915001566152,-1.07737009870733
2083,-0.8582525185502061,-1.07737009870733
2084,-0.9250493354739933,-1.07737009870733
2085,-0.8958627497539217,-1.07737009870733
2086,-1.0523321972476336,-1.07737009870733
2087,-1.086107666078577,-1.07737009870733
2088,-1.1878050306183656,-1.07737009870733
2089,-0.9075934372638749,-1.07737009870733
2090,-1.198545822479907,-1.07737009870733
2091,-1.0666023797784079,-1.07737009870733
2092,-1.1563357083717112,-1.07737009870733
2093,-1.3018214365505116,-1.07737009870733
2094,-1.5040161752096608,-1.07737009870733
2095,-1.3863080185082823,-1.07737009870733
2096,-1.2549317630667367,-1.07737009870733
2097,-1.3926520577623847,-1.07737009870733
2098,-1.250541723245885,-1.07737009870733
2099,-1.0484081599563793,-1.07737009870733
2100,-1.1539406289427356,-1.07737009870733
2101,-1.0772800797710458,-1.07737009870733
2102,-1.1325349052014058,-1.07737009870733
2103,-0.6548349344110962,-1.07737009870733
2104,-0.8828524941818533,-1.07737009870733
2105,-0.8237307435708555,-1.07737009870733
2106,-0.8325670344029064,-1.07737009870733
2107,-0.9248238653709913,-1.07737009870733
2108,-0.857749040206646,-1.07737009870733
2109,-0.9829037088613377,-1.07737009870733
2110,-1.008880531463024,-1.07737009870733
2111,-1.013064004180019,-1.07737009870733
2112,-1.0480110615810223,-1.07737009870733
2113,-1.2025284765734987,-1.07737009870733
2114,-0.9974412843101412,-1.07737009870733
2115,-1.1783463430359007,-1.07737009870733
2116,-1.2440204235557781,-1.07737009870733
2117,-1.2129276638732904,-1.07737009870733
2118,-1.4229212839243937,-1.07737009870733
2119,-1.4715358837182977,-1.07737009870733
2120,-1.3696838494092523,-1.07737009870733
2121,-1.3308573736061209,-1.07737009870733
2122,-1.1169539118457115,-1.07737009870733
2123,-1.1985520599474202,-1.07737009870733
2124,-1.2001393241954652,-1.07737009870733
2125,-1.1754503909293992,-1.07737009870733
2126,-1.0897927457637961,-1.07737009870733
2127,-0.9573824246342633,-1.07737009870733
2128,-0.9850789661928705,-1.07737009870733
2129,-0.8032112830186632,-1.07737009870733
2130,-0.883682874529398,-1.07737009870733
2131,-0.8622098757065537,-1.07737009870733
2132,-0.6554682985915916,-1.07737009870733
2133,-0.8183482082294401,-1.07737009870733
2134,-0.8647762546050523,-1.07737009870733
2135,-0.8594376192182298,-1.07737009870733
2136,-0.9699771121540894,-1.07737009870733
2137,-1.1732297037203312,-1.07737009870733
2138,-1.1404715289524734,-1.07737009870733
2139,-1.0863112525778964,-1.07737009870733
2140,-1.3954963735060035,-1.07737009870733
2141,-1.3996489545785464,-1.07737009870733
2142,-1.392057038487664,-1.07737009870733
2143,-1.3051818823730912,-1.07737009870733
2144,-1.5155735229325606,-1.07737009870733
2145,-1.3351879796074417,-1.07737009870733
2146,-1.0962374574975655,-1.07737009870733
2147,-1.2750196195891337,-1.07737009870733
2148,-1.2634203136052184,-1.07737009870733
2149,-1.1810911326290316,-1.07737009870733
2150,-0.9895653760784554,-1.07737009870733
2151,-1.0005904580677405,-1.07737009870733
2152,-1.0600140908039275,-1.07737009870733
2153,-0.8188775628884584,-1.07737009870733
2154,-0.8208736979564418,-1.07737009870733
2155,-0.8833091387362954,-1.07737009870733
2156,-0.9289683114662328,-1.07737009870733
2157,-0.75242396324842,-1.07737009870733
2158,-0.7600912426237844,-1.07737009870733
2159,-0.9016103677830942,-1.07737009870733
2160,-0.9311377249357623,-1.07737009870733
2161,-1.0698682917973426,-1.07737009870733
2162,-1.1410275717469978,-1.07737009870733
2163,-1.2055673325279008,-1.07737009870733
2164,-1.1731414047643258,-1.07737009870733
2165,-1.3603490011760018,-1.07737009870733
2166,-1.1565512872877772,-1.07737009870733
2167,-1.3759772926684342,-1.07737009870733
2168,-1.346078003036016,-1.07737009870733
2169,-1.3030117188399613,-1.07737009870733
2170,-1.4455482817267844,-1.07737009870733
2171,-1.414137364108519,-1.07737009870733
2172,-1.1691899134961683,-1.07737009870733
2173,-1.1868396489368007,-1.07737009870733
2174,-1.1322776024826857,-1.07737009870733
2175,-1.1063947255969466,-1.07737009870733
2176,-1.052003248468421,-1.07737009870733
2177,-0.9035073369362633,-1.07737009870733
2178,-0.7394298110760742,-1.07737009870733
2179,-0.9729216635579696,-1.07737009870733
2180,-0.873952089313814,-1.07737009870733
2181,-0.9166051346547952,-1.07737009870733
2182,-0.6961453152701488,-1.07737009870733
2183,-0.8177079666967999,-1.07737009870733
2184,-0.9284466609221673,-1.07737009870733
2185,-0.9018359879671183,-1.07737009870733
2186,-0.9089550186679733,-1.07737009870733
2187,-1.1217403351027893,-1.07737009870733
2188,-1.2655877970706546,-1.07737009870733
2189,-1.210808147565596,-1.07737009870733
2190,-1.0656694263641167,-1.07737009870733
2191,-1.267350002847235,-1.07737009870733
2192,-1.124328378499663,-1.07737009870733
2193,-1.338111765875187,-1.07737009870733
2194,-1.3658204139743089,-1.1083486707077501
2195,-1.403437608946672,-1.1083486707077501
2196,-1.3474902935460134,-1.1083486707077501
2197,-1.4350872867140858,-1.1083486707077501
2198,-1.3242900170089238,-1.1083486707077501
2199,-1.3204176849273002,-1.1083486707077501
2200,-1.0590717609146065,-1.1083486707077501
2201,-1.043515524395227,-1.1083486707077501
2202,-0.8764856043048184,-1.1083486707077501
2203,-0.8724705010858608,-1.1083486707077501
2204,-0.8364688740494958,-1.1083486707077501
2205,-0.8224948175793725,-1.1083486707077501
2206,-0.9710132595073719,-1.1083486707077501
2207,-0.7574894650094778,-1.1083486707077501
2208,-1.0652203884710658,-1.1083486707077501
2209,-0.8159713107727165,-1.1083486707077501
2210,-0.870805239941454,-1.1083486707077501
2211,-1.0820920021673932,-1.1083486707077501
2212,-1.1934558399221407,-1.1083486707077501
2213,-1.1065172404241186,-1.1083486707077501
2214,-1.0714135784375725,-1.1083486707077501
2215,-1.1516046957567254,-1.1083486707077501
2216,-1.1591553796045644,-1.1083486707077501
2217,-1.3485316932103437,-1.1083486707077501
2218,-1.1475126116356198,-1.1083486707077501
2219,-1.38865194202388,-1.1083486707077501
2220,-1.4191426886065317,-1.1083486707077501
2221,-1.3156921714239105,-1.1083486707077501
2222,-1.4099897258000427,-1.1083486707077501
2223,-1.1020477263022872,-1.1083486707077501
2224,-1.1683616190022157,-1.1083486707077501
2225,-1.016725876248521,-1.1083486707077501
2226,-0.9700963242811265,-1.1083486707077501
2227,-1.0588027263366038,-1.1083486707077501
2228,-0.8969669060941234,-1.1083486707077501
2229,-1.051830862647717,-1.1083486707077501
2230,-0.6843397461617321,-1.1083486707077501
2231,-0.9559352497372166,-1.1083486707077501
2232,-0.7619922502471086,-1.1083486707077501
2233,-0.9512524824320798,-1.1083486707077501
2234,-1.0245329202604319,-1.1083486707077501
2235,-0.9627756040490396,-1.1083486707077501
2236,-0.8410485919897399,-1.1083486707077501
2237,-1.0664707181800854,-1.1083486707077501
2238,-1.0804042313142053,-1.1083486707077501
2239,-1.4147088938253582,-1.1083486707077501
2240,-1.0865663072123897,-1.1083486707077501
2241,-1.1504369929625993,-1.1083486707077501
2242,-1.2558880801873105,-1.1083486707077501
2243,-1.4793970005187187,-1.1083486707077501
2244,-1.2891370385295027,-1.1083486707077501
2245,-1.4060706048270857,-1.1083486707077501
2246,-1.3560886054260075,-1.1083486707077501
2247,-1.372922742550312,-1.1083486707077501
2248,-1.2858655323846908,-1.1083486707077501
2249,-1.0261800176083145,-1.1083486707077501
2250,-1.2081031997616256,-1.1083486707077501
2251,-1.1964757211827262,-1.1083486707077501
2252,-0.781943637276741,-1.1083486707077501
2253,-0.8112508011665515,-1.1083486707077501
2254,-0.7959736523744046,-1.1083486707077501
2255,-0.9821060377233042,-1.1083486707077501
2256,-0.7605890958243202,-1.1083486707077501
2257,-0.8722856109217609,-1.1083486707077501
2258,-0.7426492360340388,-1.1083486707077501
2259,-1.0527677806591056,-1.1083486707077501
2260,-0.7690425211912127,-1.1083486707077501
2261,-1.1139335521003497,-1.1083486707077501
2262,-1.1429567652630388,-1.1083486707077501
2263,-1.1693254823325063,-1.1083486707077501
2264,-1.2199102077641124,-1.1083486707077501
2265,-1.4167948177151857,-1.1083486707077501
2266,-1.1931413159906674,-1.1083486707077501
2267,-1.5592981300061188,-1.1083486707077501
2268,-1.3848502890450511,-1.1083486707077501
2269,-1.1884126486881934,-1.1083486707077501
2270,-1.2204276334753563,-1.1083486707077501
2271,-1.4121236524889726,-1.1083486707077501
2272,-1.4310059835934485,-1.1083486707077501
2273,-1.3203007640106967,-1.1083486707077501
2274,-0.9011347169379613,-1.1083486707077501
2275,-1.0479450506341312,-1.1083486707077501
2276,-1.0876411932433787,-1.1083486707077501
2277,-1.0358917261399254,-1.1083486707077501
2278,-0.77942171307628,-1.1083486707077501
2279,-0.9474857489015412,-1.1083486707077501
2280,-0.8655510363238941,-1.1083486707077501
2281,-0.7786754045915685,-1.1083486707077501
2282,-0.8074112127053957,-1.1083486707077501
2283,-1.1324210292845256,-1.1083486707077501
2284,-0.8254941860584567,-1.1083486707077501
2285,-1.0647310957369167,-1.1083486707077501
2286,-0.8695125168154335,-1.1083486707077501
2287,-1.2319004738341028,-1.1083486707077501
2288,-1.0822959579405385,-1.1083486707077501
2289,-1.1964366733935858,-1.1083486707077501
2290,-1.309783335442406,-1.1083486707077501
2291,-1.2208081097864358,-1.1083486707077501
2292,-1.391131834748036,-1.1083486707077501
2293,-1.21299822067224,-1.1083486707077501
2294,-1.3293081752210094,-1.1083486707077501
2295,-1.4421288691005572,-1.1083486707077501
2296,-1.39207363872576,-1.1083486707077501
2297,-1.3607958095873414,-1.1083486707077501
2298,-1.1562098799783596,-1.1083486707077501
2299,-1.2481303396199548,-1.1083486707077501
2300,-1.0694579894358993,-1.1083486707077501
2301,-1.1308756549601904,-1.1083486707077501
2302,-0.9610202810752776,-1.1083486707077501
2303,-0.8466665108508717,-1.1083486707077501
2304,-0.8349367763542495,-1.1083486707077501
2305,-0.8285162341217083,-1.1083486707077501
2306,-0.8709135026907666,-1.1083486707077501
2307,-0.9797687701358424,-1.1083486707077501
2308,-0.7128271312155556,-1.1083486707077501
2309,-0.8946006878097388,-1.1083486707077501
2310,-0.9492150850711374,-1.1083486707077501
2311,-0.949919945872063,-1.1083486707077501
2312,-1.1468198552625304,-1.1083486707077501
2313,-1.230134351601824,-1.1083486707077501
2314,-1.234337544745976,-1.1083486707077501
2315,-1.165927392965736,-1.1083486707077501
2316,-1.3185253348557524,-1.1083486707077501
2317,-1.5439568997909046,-1.1083486707077501
2318,-1.1699846871348452,-1.1083486707077501
2319,-1.423150395050295,-1.1083486707077501
2320,-1.3456497694879528,-1.1083486707077501
2321,-1.3339925501902694,-1.1083486707077501
2322,-1.1218174267703909,-1.1083486707077501
2323,-1.1128237810089894,-1.1083486707077501
2324,-1.09748895949342,-1.1083486707077501
2325,-1.0460978836009411,-1.1083486707077501
2326,-0.9281715886153988,-1.1083486707077501
2327,-0.8875815593581586,-1.1083486707077501
2328,-0.8838415794889624,-1.1083486707077501
2329,-0.9467514033333421,-1.1083486707077501
2330,-1.057156876084487,-1.1083486707077501
2331,-0.7980418299864349,-1.1083486707077501
2332,-0.6669840002099283,-1.1083486707077501
2333,-0.8507650245925045,-1.1083486707077501
2334,-0.8481042636297867,-1.1083486707077501
2335,-0.9169726185058084,-1.1083486707077501
2336,-1.043726773213895,-1.1083486707077501
2337,-1.0255150829084339,-1.1083486707077501
2338,-1.140166327223512,-1.1083486707077501
2339,-1.0926777982904095,-1.1083486707077501
2340,-1.4074590501249906,-1.1083486707077501
2341,-1.220457937501335,-1.1083486707077501
2342,-1.4891839242318141,-1.1083486707077501
2343,-1.5457507384880136,-1.1083486707077501
2344,-1.4580019458361375,-1.1083486707077501
2345,-1.4136636077219031,-1.1083486707077501
2346,-1.3964205249274044,-1.1083486707077501
2347,-1.1878749617254363,-1.1083486707077501
2348,-1.115350593756301,-1.1083486707077501
2349,-1.0897665666321432,-1.1083486707077501
2350,-1.0974552341295525,-1.1083486707077501
2351,-1.0741844729805023,-1.1083486707077501
2352,-1.1874725928430672,-1.1083486707077501
2353,-1.0203862707300915,-1.1083486707077501
2354,-0.8783727091812648,-1.1083486707077501
2355,-0.6438242625588324,-1.1083486707077501
2356,-0.7154333443709533,-1.1083486707077501
2357,-0.9088502802025995,-1.1083486707077501
2358,-1.0960826510930128,-1.1083486707077501
2359,-0.8087401812843996,-1.1083486707077501
2360,-0.934489085535764,-1.1083486707077501
2361,-1.0375517485172576,-1.1083486707077501
2362,-1.0139090147214371,-1.1083486707077501
2363,-1.2554779726102554,-1.1083486707077501
2364,-1.220520513283982,-1.1083486707077501
2365,-1.2736053144847137,-1.1083486707077501
2366,-1.2544987182925351,-1.1083486707077501
2367,-1.4191609238650285,-1.1083486707077501
2368,-1.4830313326954152,-1.1083486707077501
2369,-1.362959708857392,-1.1083486707077501
2370,-1.4701457358791932,-1.1083486707077501
2371,-1.447163664527638,-1.1083486707077501
2372,-1.2722976987249384,-1.1083486707077501
2373,-1.1774232776797333,-1.1083486707077501
2374,-1.181092222673966,-1.1083486707077501
2375,-1.122837723180866,-1.1083486707077501
2376,-0.8807435538234595,-1.1083486707077501
2377,-0.9015314304784673,-1.1083486707077501
2378,-0.7217683036510103,-1.1083486707077501
2379,-0.7845127437344456,-1.1083486707077501
2380,-0.8868985757893086,-1.1083486707077501
2381,-0.9447608160977753,-1.1083486707077501
2382,-0.8338876594182836,-1.1083486707077501
2383,-0.7058721536453911,-1.1083486707077501
2384,-0.8691584091857949,-1.1083486707077501
2385,-0.8466266225372757,-1.1083486707077501
2386,-0.9278302629024303,-1.1083486707077501
2387,-1.0027281806459385,-1.1083486707077501
2388,-1.2895501323989653,-1.1083486707077501
2389,-1.1440026287947698,-1.1083486707077501
2390,-1.1597313775916969,-1.1083486707077501
2391,-1.295720554054939,-1.1083486707077501
2392,-1.1970659386820584,-1.1083486707077501
2393,-1.4769592337687398,-1.1083486707077501
2394,-1.4238638819191758,-1.1083486707077501
2395,-1.4602183770659543,-1.1083486707077501
2396,-1.4240820576633844,-1.1083486707077501
2397,-1.1735597253555474,-1.1083486707077501
2398,0.6053584389297182,0.6904690940682107
2399,0.7837818666156383,0.6904690940682107
2400,0.8581327750308694,0.6904690940682107
2401,0.800481023583266,0.6904690940682107
2402,0.9448301653417147,0.6904690940682107
2403,0.9511343052092028,0.6904690940682107
2404,0.9371736556005495,0.6904690940682107
2405,0.953546776084871,0.6904690940682107
2406,0.8159867600982276,0.6904690940682107
2407,0.983102081133459,0.6904690940682107
2408,0.9824110565253109,0.6904690940682107
2409,0.9568852313697752,0.6904690940682107
2410,0.6933695557435815,0.6904690940682107
2411,0.909769142003167,0.6904690940682107
2412,0.7450018812711675,0.6904690940682107
2413,0.800070869376762,0.6904690940682107
2414,0.44211191555792684,0.6904690940682107
2415,0.43735972029003584,0.6904690940682107
2416,0.5598178989485052,0.6904690940682107
2417,0.4653597418524422,0.6904690940682107
2418,0.5057008528379181,0.6904690940682107
2419,0.4279476074775663,0.6904690940682107
2420,0.2042414755066426,0.6904690940682107
2421,0.33511125454659735,0.6904690940682107
2422,0.5710936217575251,0.6904690940682107
2423,0.505100641931292,0.6904690940682107
2424,0.6397838205945536,0.6904690940682107
2425,0.6074984237375003,0.6904690940682107
2426,0.7387034375674526,0.6904690940682107
2427,0.9056341872395268,0.6904690940682107
2428,0.8215426233274493,0.6904690940682107
2429,0.8556717530821161,0.6904690940682107
2430,1.0366438865827101,0.6904690940682107
2431,0.9274155553598978,0.6904690940682107
2432,0.9584841553934801,0.6904690940682107
2433,0.9380984558796832,0.6904690940682107
2434,0.9272295510075239,0.6904690940682107
2435,0.8268333536954953,0.6904690940682107
2436,0.9928045778577673,0.6904690940682107
2437,0.6943325359414173,0.6904690940682107
2438,0.7002719236024906,0.6904690940682107
2439,0.6736148212445606,0.6904690940682107
2440,0.6551573193732314,0.6904690940682107
2441,0.5316920053522222,0.6904690940682107
2442,0.6032089040404258,0.6904690940682107
2443,0.4735737175371929,0.6904690940682107
2444,0.49373412797383864,0.6904690940682107
2445,0.5405240204894703,0.6904690940682107
2446,0.48727183219654935,0.6904690940682107
2447,0.39890340300492033,0.6904690940682107
2448,0.584145467273617,0.6904690940682107
2449,0.5971214191772293,0.6904690940682107
2450,0.6704636826376422,0.6904690940682107
2451,0.7246635622392228,0.6904690940682107
2452,0.7421437176440439,0.6904690940682107
2453,0.7720149782910595,0.6904690940682107
2454,0.7635328809023355,0.6904690940682107
2455,0.6656794930072948,0.6904690940682107
2456,0.8769922908159506,0.6904690940682107
2457,0.855113649930084,0.6904690940682107
2458,0.9169217792803963,0.6904690940682107
2459,0.8762011372289457,0.6904690940682107
2460,0.753005658086385,0.6904690940682107
2461,0.8075041578327539,0.6904690940682107
2462,0.9385640330780167,0.6904690940682107
2463,0.670642921395583,0.6904690940682107
2464,0.521391946054482,0.6904690940682107
2465,0.7656155547794202,0.6904690940682107
2466,0.6532492519238867,0.6904690940682107
2467,0.5468639512224114,0.6904690940682107
2468,0.4929750123506985,0.6904690940682107
2469,0.41670974810198663,0.6904690940682107
2470,0.4846128929331547,0.6904690940682107
2471,0.4152564569004486,0.6904690940682107
2472,0.5322430762751285,0.6904690940682107
2473,0.45773452339001874,0.6904690940682107
2474,0.6064627038881294,0.6904690940682107
2475,0.8794598063612885,0.6904690940682107
2476,0.856190352090321,0.6904690940682107
2477,0.8499226016996271,0.6904690940682107
2478,0.7127934405393674,0.6904690940682107
2479,0.8700098506226225,0.6904690940682107
2480,0.999932046791809,0.6904690940682107
2481,0.8638135469941071,0.6904690940682107
2482,0.8225749435384319,0.6904690940682107
2483,0.9443053038655832,0.6904690940682107
2484,0.9716986784783905,0.6904690940682107
2485,0.81557883866086,0.6904690940682107
2486,0.7364752825180875,0.6904690940682107
2487,0.6891459722682813,0.6904690940682107
2488,0.5458572386344827,0.6904690940682107
2489,0.7531616395318026,0.6904690940682107
2490,0.522778686828434,0.6904690940682107
2491,0.4015246027410566,0.6904690940682107
2492,0.4977124124205172,0.6904690940682107
2493,0.5390580265463379,0.6904690940682107
2494,0.3522192707676285,0.6904690940682107
2495,0.5097639827355944,0.6904690940682107
2496,0.3273347091644079,0.6904690940682107
2497,0.5409831324406835,0.6904690940682107
2498,0.2993598121736364,0.6904690940682107
2499,0.7212864521097018,0.6904690940682107
2500,0.7766866701856259,0.6904690940682107
2501,0.7394484679708345,0.6904690940682107
2502,0.8296363776796185,0.6904690940682107
2503,0.8974445490633499,0.6904690940682107
2504,0.9656384891732797,0.6904690940682107
2505,1.1111984732798,0.6904690940682107
2506,0.8644492461170823,0.6904690940682107
2507,0.8965694068198797,0.6904690940682107
2508,0.9874352950508609,0.6904690940682107
2509,1.0210398217760812,0.6904690940682107
2510,1.0018541537883483,0.6904690940682107
2511,0.9155613815501694,0.6904690940682107
2512,0.7565631031289649,0.6904690940682107
2513,0.56204323498807,0.6904690940682107
2514,0.47836177989128215,0.6904690940682107
2515,0.4590013514579038,0.6904690940682107
2516,0.4964320603722252,0.6904690940682107
2517,0.5214665499243728,0.6904690940682107
2518,0.46178629482983635,0.6904690940682107
2519,0.4277919226605627,0.6904690940682107
2520,0.39606648694774566,0.6904690940682107
2521,0.4150064247937695,0.6904690940682107
2522,0.39080069420638763,0.6904690940682107
2523,0.452870996769399,0.6904690940682107
2524,0.6286613012537147,0.6904690940682107
2525,0.7381190363270828,0.6904690940682107
2526,0.7634850753888545,0.6904690940682107
2527,0.8827413297308422,0.6904690940682107
2528,0.9666144522393997,0.6904690940682107
2529,0.8579401792398911,0.6904690940682107
2530,1.0477392003196564,0.6904690940682107
2531,0.9595347449969198,0.6904690940682107
2532,1.0822605612742124,0.6904690940682107
2533,0.9089062861200551,0.6904690940682107
2534,0.9642654186349424,0.6904690940682107
2535,0.7181546553436929,0.6904690940682107
2536,0.7677907533893366,0.6904690940682107
2537,0.6323596525886959,0.6904690940682107
2538,0.7618302626314782,0.6904690940682107
2539,0.6263385107897943,0.6904690940682107
2540,0.5946104889643788,0.6904690940682107
2541,0.6025969752388088,0.6904690940682107
2542,0.37384632514232896,0.6904690940682107
2543,0.49786962594146883,0.6904690940682107
2544,0.29678421255313625,0.6904690940682107
2545,0.45945797745543016,0.6904690940682107
2546,0.46863734183671635,0.6904690940682107
2547,0.5320067999754665,0.6904690940682107
2548,0.49726286435593003,0.6904690940682107
2549,0.5789839170756865,0.6904690940682107
2550,0.5543591218412877,0.6904690940682107
2551,0.863932926887644,0.6904690940682107
2552,0.7956299923573737,0.6904690940682107
2553,0.9164026795447331,0.6904690940682107
2554,1.0133845048216477,0.6904690940682107
2555,0.9537272013602499,0.6904690940682107
2556,0.9945000434445703,0.6904690940682107
2557,0.6657576101480849,0.6904690940682107
2558,1.1158973814129984,0.6904690940682107
2559,0.8215117066602614,0.6904690940682107
2560,0.8520368974568399,0.6904690940682107
2561,0.62575091533744,0.6904690940682107
2562,0.48933686936099396,0.6904690940682107
2563,0.5495857460333277,0.6904690940682107
2564,0.413037863447494,0.6904690940682107
2565,0.5901923767661587,0.6904690940682107
2566,0.565521539620983,0.6904690940682107
2567,0.31630741950262503,0.6904690940682107
2568,0.3397146570188616,0.6904690940682107
2569,0.4097998517568596,0.6904690940682107
2570,0.2969088347618874,0.6904690940682107
2571,0.39631940305801283,0.6904690940682107
2572,0.7798350430456502,0.6904690940682107
2573,0.658796606326146,0.6904690940682107
2574,0.5624544340171406,0.6904690940682107
2575,0.8145063723687793,0.6904690940682107
2576,0.6515680760599915,0.6904690940682107
2577,0.8404225530377434,0.6904690940682107
2578,0.9872467782244423,0.6904690940682107
2579,0.9251242396296003,0.6904690940682107
2580,0.9579904654878544,0.6904690940682107
2581,1.0067130563206015,0.6904690940682107
2582,0.9948241295273824,0.6904690940682107
2583,0.8264657079750777,0.6904690940682107
2584,0.9305210420627958,0.6904690940682107
2585,0.8486849163462986,0.6904690940682107
2586,0.796953321697527,0.6904690940682107
2587,0.7977478261407882,0.6904690940682107
2588,0.6634200466263639,0.6904690940682107
2589,0.6468701526049765,0.6904690940682107
2590,0.5807297967600444,0.6904690940682107
2591,0.5569745194270073,0.6904690940682107
2592,0.3753521614236156,0.6904690940682107
2593,0.46376761226773333,0.6904690940682107
2594,0.26074572712455835,0.6904690940682107
2595,0.41571264567851723,0.6904690940682107
2596,0.504245689379764,0.6904690940682107
2597,0.44711286001399564,0.6904690940682107
2598,0.43072667378996743,0.6904690940682107
2599,0.44308867152800435,0.6904690940682107
2600,0.8221004646636039,0.6904690940682107
2601,0.7926878995282196,0.6904690940682107
2602,0.6639058441362726,0.6904690940682107
2603,0.8793445828957587,0.6904690940682107
2604,0.8801692505295451,0.6904690940682107
2605,0.897103658052955,0.6904690940682107
2606,1.0093454463675324,0.6904690940682107
2607,0.9290006512490311,0.6904690940682107
2608,0.7957544048328837,0.6904690940682107
2609,0.8707470715597944,0.6904690940682107
2610,0.7542749185192923,0.6904690940682107
2611,0.7847459429813654,0.6904690940682107
2612,0.7301684391701725,0.6904690940682107
2613,0.7329799131113799,0.6904690940682107
2614,0.5555234826058684,0.6904690940682107
2615,0.44262833828551307,0.6904690940682107
2616,0.5348392964594527,0.6904690940682107
2617,0.3807500905212414,0.6904690940682107
2618,0.5127696573925123,0.6904690940682107
2619,0.5310449790853465,0.6904690940682107
2620,0.5408479650078886,0.6904690940682107
2621,0.5234279491639813,0.6904690940682107
2622,0.5133759522276011,0.6904690940682107
2623,0.583906168144674,0.6904690940682107
2624,0.7523594133049987,0.6904690940682107
2625,0.7799778391475191,0.6904690940682107
2626,0.6212788017825992,0.6904690940682107
2627,0.6567731969386272,0.6904690940682107
2628,0.9054794783500185,0.6904690940682107
2629,0.9309972903801006,0.6904690940682107
2630,0.8159163953723166,0.6904690940682107
2631,0.9447492045155669,0.6904690940682107
2632,0.9623292982844778,0.6904690940682107
2633,0.8915642143500988,0.6904690940682107
2634,0.9446301992364206,0.6904690940682107
2635,0.7014938519431135,0.6904690940682107
2636,0.759768964937185,0.6904690940682107
2637,0.47946573020005123,0.6904690940682107
2638,0.760653444939431,0.6904690940682107
2639,0.662556409268718,0.6904690940682107
2640,0.7485775376608897,0.6904690940682107
2641,0.4067329650484699,0.6904690940682107
2642,0.39797805187840307,0.6904690940682107
2643,0.49869863714956686,0.6904690940682107
2644,0.507546543012774,0.6904690940682107
2645,0.4851371120695773,0.6904690940682107
2646,0.4518643766110395,0.6904690940682107
2647,0.6998390778867164,0.6904690940682107
2648,0.6486434028961277,0.6904690940682107
2649,0.50842866854992,0.6904690940682107
2650,0.774656206011765,0.6904690940682107
2651,0.7197006405300128,0.6904690940682107
2652,0.9659800370050677,0.6904690940682107
2653,0.7131911818198151,0.6904690940682107
2654,0.9060820186612252,0.6904690940682107
2655,0.7769377629379348,0.6904690940682107
2656,0.9632449958208055,0.6904690940682107
2657,0.9550364321591208,0.6904690940682107
2658,0.7600726949829373,0.6904690940682107
2659,1.1108025359344231,0.6904690940682107
2660,0.9520638655716102,0.6904690940682107
2661,0.8807561150831399,0.6904690940682107
2662,0.6679616966382106,0.6904690940682107
2663,0.7072130146509091,0.6904690940682107
2664,0.42319770747382424,0.6904690940682107
2665,0.44536799814476524,0.6904690940682107
2666,0.379785169455816,0.6904690940682107
2667,0.3698237424746183,0.6904690940682107
2668,0.2970822300096414,0.6904690940682107
2669,0.33586159762320267,0.6904690940682107
2670,0.3458835123820265,0.6904690940682107
2671,0.6845727996226316,0.6904690940682107
2672,0.5287129577618301,0.6904690940682107
2673,0.4040824928065976,0.6904690940682107
2674,0.4690351416141133,0.6904690940682107
2675,0.9665833724668054,0.6904690940682107
2676,0.6273470972248387,0.6904690940682107
2677,0.7939443668133904,0.6904690940682107
2678,1.0542977449081439,0.6904690940682107
2679,0.8865435454514466,0.6904690940682107
2680,0.8486060228095165,0.6904690940682107
2681,0.8931814305320805,0.6904690940682107
2682,0.8746512966911705,0.6904690940682107
2683,0.9616151017677599,0.6904690940682107
2684,0.7992219111588199,0.6904690940682107
2685,0.8824263123826097,0.6904690940682107
2686,0.7646116487744657,0.6904690940682107
2687,0.7751367947151191,0.6904690940682107
2688,0.8202124199345596,0.6904690940682107
2689,0.8163503223539854,0.6904690940682107
2690,0.508410466735638,0.6904690940682107
2691,0.40841802250531956,0.6904690940682107
2692,0.4560664683765737,0.6904690940682107
2693,0.55979375203782,0.6904690940682107
2694,0.36586091607153237,0.6904690940682107
2695,0.5034356347569573,0.6904690940682107
2696,0.5859024738869381,0.6904690940682107
2697,0.5482002796318618,0.6904690940682107
2698,0.6783145552092547,0.6904690940682107
2699,0.5918077920726843,0.6904690940682107
2700,0.9033613945885759,0.6904690940682107
2701,0.6869749470480101,0.6904690940682107
2702,0.9157653294233924,0.6904690940682107
2703,0.8619258447040697,0.6904690940682107
2704,1.0794532758082556,0.6904690940682107
2705,0.9487719796545183,0.6904690940682107
2706,1.1370932429382241,0.6904690940682107
2707,0.7508014388250239,0.6904690940682107
2708,0.9595952415911515,0.6904690940682107
2709,1.00185112584247,0.6904690940682107
2710,0.7384085180880964,0.6904690940682107
2711,0.6964307720396106,0.6904690940682107
2712,0.7282052121820508,0.6904690940682107
2713,0.5906336412268592,0.6904690940682107
2714,0.6983657101060968,0.6904690940682107
2715,0.5507574353621248,0.6904690940682107
2716,0.35358991432436504,0.6904690940682107
2717,0.39511529244613475,0.6904690940682107
2718,0.6635615884104379,0.6904690940682107
2719,0.37096337359449305,0.6904690940682107
2720,0.42989881261989016,0.6904690940682107
2721,0.3992801594398704,0.6904690940682107
2722,0.49914847650877614,0.6904690940682107
2723,0.5763861973641764,0.6904690940682107
2724,0.5696993918452373,0.6904690940682107
2725,0.8219484015706846,0.6904690940682107
2726,0.6455071172144993,0.6904690940682107
2727,0.8606961025783851,0.6904690940682107
2728,0.8110951978335033,0.6904690940682107
2729,0.869927121155742,0.6904690940682107
2730,0.8078721676019998,0.6904690940682107
2731,1.0643720695556724,0.6904690940682107
2732,0.8866256739227795,0.6904690940682107
2733,0.8867050932712752,0.6904690940682107
2734,0.9488623794028215,0.6904690940682107
2735,0.8915336668462311,0.6904690940682107
2736,0.8127478396644672,0.6904690940682107
2737,0.8696951551020788,0.6904690940682107
2738,0.8617091024002118,0.6904690940682107
2739,0.6634067323741605,0.6904690940682107
2740,0.41335727213997236,0.6904690940682107
2741,0.6051869386775992,0.6904690940682107
2742,0.5244999837321359,0.6904690940682107
2743,0.43522996156065674,0.6904690940682107
2744,0.5415901656518605,0.6904690940682107
2745,0.36927194349229964,0.6904690940682107
2746,0.49505228010978364,0.6904690940682107
2747,0.6554435186826046,0.6904690940682107
2748,0.5558762880354899,0.6904690940682107
2749,0.5580518948902434,0.6904690940682107
2750,0.6874101211771628,0.6904690940682107
2751,0.6618100817933903,0.6904690940682107
2752,0.7261589341597362,0.6904690940682107
2753,0.8622834485463804,0.6904690940682107
2754,0.9560829281229457,0.6904690940682107
2755,0.9405736340260602,0.6904690940682107
2756,0.9093951196609467,0.6904690940682107
2757,0.8559157149457759,0.6904690940682107
2758,0.9475719349837819,0.6904690940682107
2759,0.9938758745064412,0.6904690940682107
2760,0.8904276351585028,0.6904690940682107
2761,0.9042494220382798,0.6904690940682107
2762,0.8549699321002309,0.6904690940682107
2763,0.5843098246588689,0.6904690940682107
2764,0.4138832794550115,0.6904690940682107
2765,0.4731931642869327,0.6904690940682107
2766,0.5572480740906012,0.6904690940682107
2767,0.39054626321301333,0.6904690940682107
2768,0.4491887457113369,0.6904690940682107
2769,0.5800492542928612,0.6904690940682107
2770,0.45388092308052075,0.6904690940682107
2771,0.37513835207863533,0.6904690940682107
2772,0.5830208941047182,0.6904690940682107
2773,0.5316428205573205,0.6904690940682107
2774,0.6845878930411214,0.6904690940682107
2775,0.8287331265675189,0.6904690940682107
2776,0.6760364650367466,0.6904690940682107
2777,0.9873924395356679,0.6904690940682107
2778,1.0116968023779869,0.6904690940682107
2779,0.7797171033622262,0.6904690940682107
2780,0.9276866064642136,0.6904690940682107
2781,0.9891914494488918,0.6904690940682107
2782,0.9533170858369651,0.6904690940682107
2783,0.9184613965597967,0.6904690940682107
2784,0.8943943475742511,0.6904690940682107
2785,0.7457916318167508,0.6904690940682107
2786,0.8541419167456195,0.6904690940682107
2787,0.7039378925546972,0.6904690940682107
2788,0.6653551158877319,0.6904690940682107
2789,0.38457387876849364,0.6904690940682107
2790,0.5384853227742115,0.6904690940682107
2791,0.549852001663758,0.6904690940682107
2792,0.42478436792589336,0.6904690940682107
2793,0.5500977715066131,0.6904690940682107
2794,0.4843026521586061,0.6904690940682107
2795,0.5006579313090631,0.6904690940682107
2796,0.23026193671124362,0.6904690940682107
2797,0.4388833368064857,0.6904690940682107
2798,0.5884929559273032,0.6904690940682107
2799,0.46716634428671067,0.6904690940682107
2800,0.8320272437733265,0.6904690940682107
2801,0.7417968046769814,0.6904690940682107
2802,0.9066297560443772,0.6904690940682107
2803,0.8421678560968718,0.6904690940682107
2804,0.9843593296184023,0.6904690940682107
2805,0.9821197434998533,0.6904690940682107
2806,0.9457401376289245,0.6904690940682107
2807,0.759939095996093,0.6904690940682107
2808,0.9598065492146179,0.6904690940682107
2809,0.8215956210529599,0.6904690940682107
2810,0.9706904088983483,0.6904690940682107
2811,0.7213002949463698,0.6904690940682107
2812,0.6216698896492703,0.6904690940682107
2813,0.7869835119308044,0.6904690940682107
2814,0.7047090551655336,0.6904690940682107
2815,0.4377673416417953,0.6904690940682107
2816,0.5766848582588708,0.6904690940682107
2817,0.3792377844419258,0.6904690940682107
2818,0.3945410050949777,0.6904690940682107
2819,0.3626653639234787,0.6904690940682107
2820,0.38027486904263585,0.6904690940682107
2821,0.38097935999267557,0.6904690940682107
2822,0.5678317146242771,0.6904690940682107
2823,0.5259530892759624,0.6904690940682107
2824,0.5273984419342075,0.6904690940682107
2825,0.7902886714789601,0.6904690940682107
2826,0.6953423125679167,0.6904690940682107
2827,0.6388588708447962,0.6904690940682107
2828,0.8829182580169305,0.6904690940682107
2829,0.8407158045971024,0.6904690940682107
2830,0.9692861383112108,0.6904690940682107
2831,0.9446772479582612,0.6904690940682107
2832,0.8287593128788705,0.6904690940682107
2833,0.784350919152767,0.6904690940682107
2834,0.656341654678481,0.6904690940682107
2835,0.8629889777662711,0.6904690940682107
2836,0.6631326047015085,0.6904690940682107
2837,0.6055423863496328,0.6904690940682107
2838,0.5432749053692395,0.6904690940682107
2839,0.638791881770269,0.6904690940682107
2840,0.6690218394317947,0.6904690940682107
2841,0.5646220957374437,0.6904690940682107
2842,0.5359628726795944,0.6904690940682107
2843,0.5176433646674924,0.6904690940682107
2844,0.3813838770153119,0.6904690940682107
2845,0.3043612439180678,0.6904690940682107
2846,0.5013229293101003,0.6904690940682107
2847,0.4249833926065997,0.6904690940682107
2848,0.6049645549580545,0.6904690940682107
2849,0.5369969924837371,0.6904690940682107
2850,0.560738089728063,0.6904690940682107
2851,0.7314716347415366,0.6904690940682107
2852,0.8400635657875628,0.6904690940682107
2853,0.7123865102740822,0.6904690940682107
2854,0.9392848393168856,0.6904690940682107
2855,0.8770889000603211,0.6904690940682107
2856,1.027887756540492,0.6904690940682107
2857,1.1032890581434607,0.6904690940682107
2858,0.9172675113260328,0.6904690940682107
2859,0.8307138219725517,0.6904690940682107
2860,0.7125680213314708,0.6904690940682107
2861,0.7529122637879234,0.6904690940682107
2862,0.8396240146961643,0.6904690940682107
2863,0.7555756790283418,0.6904690940682107
2864,0.7364218730404735,0.6904690940682107
2865,0.5603225781082775,0.6904690940682107
2866,0.44934108370826636,0.6904690940682107
2867,0.4578681136557716,0.6904690940682107
2868,0.379058033549281,0.6904690940682107
2869,0.49201377390844603,0.6904690940682107
2870,0.356735274500116,0.6904690940682107
2871,0.48439235926416097,0.6904690940682107
2872,0.3974309095986084,0.6904690940682107
2873,0.5979960276113834,0.6904690940682107
2874,0.5488217193442572,0.6904690940682107
2875,0.6527373275231727,0.6904690940682107
2876,0.7680810758646972,0.6904690940682107
2877,0.8510803312359263,0.6904690940682107
2878,0.8589801359868751,0.6904690940682107
2879,0.7830572965365059,0.6904690940682107
2880,0.9228803334766912,0.6904690940682107
2881,0.9277644742137663,0.6904690940682107
2882,0.9486415031814199,0.6904690940682107
2883,0.9770503496099243,0.6904690940682107
2884,0.9578917003750006,0.6904690940682107
2885,0.6407408749486203,0.6904690940682107
2886,0.693024030628833,0.6904690940682107
2887,0.8078632586014771,0.6904690940682107
2888,0.7410420902602524,0.6904690940682107
2889,0.487715872871555,0.6904690940682107
2890,0.5840846880400967,0.6904690940682107
2891,0.4895440351962488,0.6904690940682107
2892,0.3398397879495195,0.6904690940682107
2893,0.5140167768018602,0.6904690940682107
2894,0.4937245118274489,0.6904690940682107
2895,0.5954396719877164,0.6904690940682107
2896,0.37241053777488575,0.6904690940682107
2897,0.4672452762231267,0.6904690940682107
2898,0.5525793585626336,0.6904690940682107
2899,0.5297303471079862,0.6904690940682107
2900,0.7019029268063461,0.6904690940682107
2901,0.8262566477910247,0.6904690940682107
2902,0.8278300783981697,0.6904690940682107
2903,1.0291296436666935,0.6904690940682107
2904,0.969927095056853,0.6904690940682107
2905,0.9698034359826992,0.6904690940682107
2906,0.9530714302861525,0.6904690940682107
2907,0.8686159921233509,0.6904690940682107
2908,0.891905045952761,0.6904690940682107
2909,0.8199826424025405,0.6904690940682107
2910,0.8032746967490245,0.6904690940682107
2911,0.7834793744538335,0.6904690940682107
2912,0.6068471745891223,0.6904690940682107
2913,0.7264398898198473,0.6904690940682107
2914,0.703062981569391,0.6904690940682107
2915,0.5670740888225213,0.6904690940682107
2916,0.5466170638292416,0.6904690940682107
2917,0.3845170081367769,0.6904690940682107
2918,0.3552020437342968,0.6904690940682107
2919,0.4098067470736644,0.6904690940682107
2920,0.45317372561867253,0.6904690940682107
2921,0.5032494716986573,0.6904690940682107
2922,0.5226829647253858,0.6904690940682107
2923,0.5213783676717055,0.6904690940682107
2924,0.773085156804056,0.6904690940682107
2925,0.6884355495348801,0.6904690940682107
2926,0.7602707969061349,0.6904690940682107
2927,0.8623444949832623,0.6904690940682107
2928,0.8327385879285681,0.6904690940682107
2929,1.0297435186875459,0.6904690940682107
2930,1.0583122736021602,0.6904690940682107
2931,0.9006331537802927,0.6904690940682107
2932,0.9106917774617731,0.6904690940682107
2933,0.7892855401986675,0.6904690940682107
2934,0.9721996737431426,0.6904690940682107
2935,0.7058618439197476,0.6904690940682107
2936,0.9480974774580324,0.6904690940682107
2937,0.8004073753859395,0.6904690940682107
2938,0.7519032846952647,0.6904690940682107
2939,0.3031776484611619,0.6904690940682107
2940,0.7191156767933752,0.6904690940682107
2941,0.4841703046006157,0.6904690940682107
2942,0.3806273609691685,0.6904690940682107
2943,0.31996318663985246,0.6904690940682107
2944,0.44914061720429443,0.6904690940682107
2945,0.4197834612384539,0.6904690940682107
2946,0.46331231116428073,0.6904690940682107
2947,0.4175755774257769,0.6904690940682107
2948,0.5621865608118934,0.6904690940682107
2949,0.6325733050443311,0.6904690940682107
2950,0.7372664265438891,0.6904690940682107
2951,0.9866859222199319,0.6904690940682107
2952,0.6101239163421667,0.6904690940682107
2953,0.8297377828079644,0.6904690940682107
2954,0.8777415570549307,0.6904690940682107
2955,0.7839886910803798,0.6904690940682107
2956,0.8136493407780037,0.6904690940682107
2957,1.008265875599166,0.6904690940682107
2958,0.8734870963894985,0.6904690940682107
2959,0.9543620261115513,0.6904690940682107
2960,0.8446238008983169,0.6904690940682107
2961,0.810026728058172,0.6904690940682107
2962,0.4256124887479376,0.6904690940682107
2963,0.763403538872894,0.6904690940682107
2964,0.5044298148001027,0.6904690940682107
2965,0.5027255434947022,0.6904690940682107
2966,0.44446146086787097,0.6904690940682107
2967,0.5012001701005879,0.6904690940682107
2968,0.45847382514769097,0.6904690940682107
2969,0.45000452583570727,0.6904690940682107
2970,0.48398304461446606,0.6904690940682107
2971,0.3766174868093492,0.6904690940682107
2972,0.5442380372531437,0.6904690940682107
2973,0.6028192800358406,0.6904690940682107
2974,0.4764979041514731,0.6904690940682107
2975,0.6300745684958922,0.6904690940682107
2976,0.7279995796706628,0.6904690940682107
2977,1.0127077056995268,0.6904690940682107
2978,0.6732903955723504,0.6904690940682107
2979,1.0648857338395696,0.6904690940682107
2980,0.8456326664476881,0.6904690940682107
2981,0.8758555891409017,0.6904690940682107
2982,1.1038553267123612,0.6904690940682107
2983,0.8741321964184152,0.6904690940682107
2984,0.933024284054824,0.6904690940682107
2985,0.9460861427489551,0.6904690940682107
2986,0.9981811651342077,0.6904690940682107
2987,0.5967631798274303,0.6904690940682107
2988,0.6752959337337584,0.6904690940682107
2989,0.786974026013556,0.6904690940682107
2990,0.6401767708438524,0.6904690940682107
2991,0.5543381279907783,0.6904690940682107
2992,0.3507572223896729,0.6904690940682107
2993,0.46210018091288674,0.6904690940682107
2994,0.46077484958317727,0.6904690940682107
2995,0.4990960505764592,0.6904690940682107
2996,0.4245838945363846,0.6904690940682107
2997,0.32788496797006605,0.6904690940682107
2998,0.5216548229754623,0.6904690940682107
2999,0.7082029509992128,0.6904690940682107
3000,0.70048710378061,0.6904690940682107
3001,0.7197091560905748,0.6904690940682107
3002,0.7575577850807418,0.6904690940682107
3003,0.9091076529997122,0.6904690940682107
3004,0.8895950992873527,0.6904690940682107
3005,0.7593170612191191,0.6904690940682107
3006,1.0273129608202205,0.6904690940682107
3007,0.9075704551606172,0.6904690940682107
3008,0.7960203281132388,0.6904690940682107
3009,1.1182293606920597,0.6904690940682107
3010,0.8964129026401876,0.6904690940682107
3011,0.7763397507402496,0.6904690940682107
3012,0.8002090934140753,0.6904690940682107
3013,0.4320939610688664,0.6904690940682107
3014,0.4694698893213932,0.6904690940682107
3015,0.6508490259924629,0.6904690940682107
3016,0.3373356729757101,0.6904690940682107
3017,0.5160104836774266,0.6904690940682107
3018,0.48179047031038513,0.6904690940682107
3019,0.37112447086928035,0.6904690940682107
3020,0.45261468694111107,0.6904690940682107
3021,0.20616472402297517,0.6904690940682107
3022,0.43834561547308193,0.6904690940682107
3023,0.754218850338253,0.6904690940682107
3024,0.6148770157920367,0.6904690940682107
3025,0.6785347259031246,0.6904690940682107
3026,0.537386717253324,0.6904690940682107
3027,0.7588800696336996,0.6904690940682107
3028,1.0286848966670203,0.6904690940682107
3029,0.9630695480560076,0.6904690940682107
3030,0.7955555249398261,0.6904690940682107
3031,0.8929954568898455,0.6904690940682107
3032,0.7775553711476599,0.6904690940682107
3033,0.8742696140713957,0.6904690940682107
3034,0.9464202248270905,0.6904690940682107
3035,0.7762122565839769,0.6904690940682107
3036,0.8706505896555973,0.6904690940682107
3037,0.7086823874468092,0.6904690940682107
3038,0.8078904126434869,0.6904690940682107
3039,0.5718469944122531,0.6904690940682107
3040,0.694033559077605,0.6904690940682107
3041,-1.7736910003353534,-1.5576643615748698
3042,-1.8681521306068518,-1.5576643615748698
3043,-1.7814800650406832,-1.5576643615748698
3044,-1.87496825357509,-1.5576643615748698
3045,-1.7994225295684232,-1.5576643615748698
3046,-2.074744025846406,-1.5576643615748698
3047,-1.8142866533924935,-1.5576643615748698
3048,-1.613196249687261,-1.5576643615748698
3049,-1.657685821132336,-1.5576643615748698
3050,-1.6361691523071742,-1.5576643615748698
3051,-1.5400477557890808,-1.5576643615748698
3052,-1.5067029435201598,-1.5576643615748698
3053,-1.4814034321865184,-1.5576643615748698
3054,-1.3217792025696342,-1.5576643615748698
3055,-1.3009447378753936,-1.5576643615748698
3056,-1.1715002669690437,-1.5576643615748698
3057,-1.2708981527896814,-1.5576643615748698
3058,-1.1354473610608669,-1.5576643615748698
3059,-1.203748784840912,-1.5576643615748698
3060,-1.3458683319537281,-1.5576643615748698
3061,-1.4656079185872652,-1.5576643615748698
3062,-1.6200642360698625,-1.5576643615748698
3063,-1.6764524900544107,-1.5576643615748698
3064,-1.5803428806590853,-1.5576643615748698
3065,-1.639546730712429,-1.5576643615748698
3066,-1.4923725861669208,-1.5576643615748698
3067,-1.7548759927640414,-1.5576643615748698
3068,-1.809984825686951,-1.5576643615748698
3069,-1.8632599124260736,-1.5576643615748698
3070,-1.720904464908137,-1.5576643615748698
3071,-1.6515432888791737,-1.5576643615748698
3072,-1.8226815214345264,-1.5576643615748698
3073,-1.6303015119085371,-1.5576643615748698
3074,-1.6722192900562047,-1.5576643615748698
3075,-1.5579971640596892,-1.5576643615748698
3076,-1.619453121314187,-1.5576643615748698
3077,-1.3117555031868482,-1.5576643615748698
3078,-1.3097756434245502,-1.5576643615748698
3079,-1.2739823074173087,-1.5576643615748698
3080,-1.2822089059715973,-1.5576643615748698
3081,-1.2080827873357436,-1.5576643615748698
3082,-1.2896985704440835,-1.5576643615748698
3083,-1.4532839532942363,-1.5576643615748698
3084,-1.4204592484588148,-1.5576643615748698
3085,-1.2958887455573886,-1.5576643615748698
3086,-1.5227070388739692,-1.5576643615748698
3087,-1.5643749175490096,-1.5576643615748698
3088,-1.542936394581019,-1.5576643615748698
3089,-1.6311364214215993,-1.5576643615748698
3090,-1.6977118893138665,-1.5576643615748698
3091,-1.7971959277882168,-1.5576643615748698
3092,-1.857494295519169,-1.5576643615748698
3093,-1.8130048763136637,-1.5576643615748698
3094,-1.7917921430535289,-1.5576643615748698
3095,-2.027480701846501,-1.5576643615748698
3096,-1.8839344270488576,-1.5576643615748698
3097,-1.6945540085722923,-1.5576643615748698
3098,-1.7001574186301118,-1.5576643615748698
3099,-1.6496306925698279,-1.5576643615748698
3100,-1.524902349127562,-1.5576643615748698
3101,-1.4377230709986684,-1.5576643615748698
3102,-1.3111849836666476,-1.5576643615748698
3103,-1.2804440265615176,-1.5576643615748698
3104,-1.2405476975622292,-1.5576643615748698
3105,-1.3640023807987653,-1.5576643615748698
3106,-1.513361887418157,-1.5576643615748698
3107,-1.1865298234740906,-1.5576643615748698
3108,-1.309201141039908,-1.5576643615748698
3109,-1.4450655824972993,-1.5576643615748698
3110,-1.1950618443014143,-1.5576643615748698
3111,-1.6425450638418133,-1.5576643615748698
3112,-1.6461252149862384,-1.5576643615748698
3113,-1.4906417289622977,-1.5576643615748698
3114,-1.6851069401979846,-1.5576643615748698
3115,-1.683942791777243,-1.5576643615748698
3116,-1.8401806693081109,-1.5576643615748698
3117,-1.7902814423117808,-1.5576643615748698
3118,-1.84447518372645,-1.5576643615748698
3119,-1.7532194233447236,-1.5576643615748698
3120,-1.7904654753865192,-1.5576643615748698
3121,-1.8815140873662854,-1.5576643615748698
3122,-1.794589005739037,-1.5576643615748698
3123,-1.6750330607730008,-1.5576643615748698
3124,-1.7581701667325402,-1.5576643615748698
3125,-1.626557137324996,-1.5576643615748698
3126,-1.522120211021539,-1.5576643615748698
3127,-1.4561848810173996,-1.5576643615748698
3128,-1.3050300293496189,-1.5576643615748698
3129,-1.5088325661135547,-1.5576643615748698
3130,-1.1745546048402475,-1.5576643615748698
3131,-1.199485942100405,-1.5576643615748698
3132,-1.2244133569372537,-1.5576643615748698
3133,-1.4116431883330867,-1.5576643615748698
3134,-1.4733556006964879,-1.5576643615748698
3135,-1.3351929564333174,-1.5576643615748698
3136,-1.4882359918857775,-1.5576643615748698
3137,-1.6240914509882267,-1.5576643615748698
3138,-1.5763115356928545,-1.5576643615748698
3139,-1.7463344672020158,-1.5576643615748698
3140,-1.718151814433771,-1.5576643615748698
3141,-1.9079178720827032,-1.5576643615748698
3142,-1.9456841440859043,-1.5576643615748698
3143,-1.8643587165861701,-1.5576643615748698
3144,-1.6929678730734095,-1.5576643615748698
3145,-1.9483592312655547,-1.5576643615748698
3146,-1.6951883175013696,-1.5576643615748698
3147,-1.5944356936919284,-1.5576643615748698
3148,-1.6841821169580056,-1.5576643615748698
3149,-1.6983293025112567,-1.5576643615748698
3150,-1.5509572256780224,-1.5576643615748698
3151,-1.4875886210064908,-1.5576643615748698
3152,-1.349101130864412,-1.5576643615748698
3153,-1.3530527435647903,-1.5576643615748698
3154,-1.2052301843520568,-1.5576643615748698
3155,-1.4125235045054552,-1.5576643615748698
3156,-1.4632064681401409,-1.5576643615748698
3157,-1.3230477726359156,-1.5576643615748698
3158,-1.3249589691679797,-1.5576643615748698
3159,-1.437256220515715,-1.5576643615748698
3160,-1.4443463222354325,-1.5576643615748698
3161,-1.5459913042296196,-1.5576643615748698
3162,-1.4186953073285788,-1.5576643615748698
3163,-1.4044433111642114,-1.5576643615748698
3164,-1.7230180909790964,-1.5576643615748698
3165,-1.8445006935743937,-1.5576643615748698
3166,-1.9350805604121157,-1.5576643615748698
3167,-1.8243101527029195,-1.5576643615748698
3168,-1.7106990484525146,-1.5576643615748698
3169,-1.7277436494278073,-1.5576643615748698
3170,-1.8139974154658485,-1.5576643615748698
3171,-1.7369942650274326,-1.5576643615748698
3172,-1.8827980016634693,-1.5576643615748698
3173,-1.4492915235717516,-1.5576643615748698
3174,-1.6881758870708907,-1.5576643615748698
3175,-1.7369730601922087,-1.5576643615748698
3176,-1.6330805187760113,-1.5576643615748698
3177,-1.421690409771499,-1.5576643615748698
3178,-1.436441381681202,-1.5576643615748698
3179,-1.3556969956034846,-1.5576643615748698
3180,-1.3549796178800793,-1.5576643615748698
3181,-1.3334056212826764,-1.5576643615748698
3182,-1.262141869335468,-1.5576643615748698
3183,-1.3387315672803113,-1.5576643615748698
3184,-1.2952219338720652,-1.5576643615748698
3185,-1.420074154867508,-1.5576643615748698
3186,-1.5013356656597048,-1.5576643615748698
3187,-1.643188016960939,-1.5576643615748698
3188,-1.6071189200579057,-1.5576643615748698
3189,-1.4728759416140849,-1.5576643615748698
3190,-1.7103493703710957,-1.5576643615748698
3191,-1.774778103355233,-1.5576643615748698
3192,-1.9795492768562795,-1.5576643615748698
3193,-1.8397096994970024,-1.5576643615748698
3194,-1.5938499450624306,-1.5576643615748698
3195,-1.841114198990721,-1.5576643615748698
3196,-1.8646051909540582,-1.5576643615748698
3197,-1.5732974226695213,-1.5576643615748698
3198,-1.76159317138008,-1.5576643615748698
3199,-1.5493095582554244,-1.5576643615748698
3200,-1.6609685848833013,-1.5576643615748698
3201,-1.4857137240793457,-1.5576643615748698
3202,-1.476060536900519,-1.5576643615748698
3203,-1.379551151320782,-1.5576643615748698
3204,-1.174789466021652,-1.5576643615748698
3205,-1.081939817091263,-1.5576643615748698
3206,-1.2284681254360068,-1.5576643615748698
3207,-1.2009347843489864,-1.5576643615748698
3208,-1.2734646096886877,-1.5576643615748698
3209,-1.2747094715646248,-1.5576643615748698
3210,-1.3825887119612834,-1.5576643615748698
3211,-1.6380639494485028,-1.5576643615748698
3212,-1.4130109240506206,-1.5576643615748698
3213,-1.441041499560225,-1.5576643615748698
3214,-1.6932969646981317,-1.5576643615748698
3215,-1.8489223792726632,-1.5576643615748698
3216,-1.6205858378832656,-1.5576643615748698
3217,-1.708196747225036,-1.5576643615748698
3218,-1.8904924190872936,-1.5576643615748698
3219,-1.8462291955606813,-1.5576643615748698
3220,-1.650985191299408,-1.5576643615748698
3221,-1.7628917758365117,-1.5576643615748698
3222,-1.9171680197611316,-1.5576643615748698
3223,-1.7554448277123726,-1.5576643615748698
3224,-1.7616537729685025,-1.5576643615748698
3225,-1.5399488059064506,-1.5576643615748698
3226,-1.6052483877650112,-1.5576643615748698
3227,-1.5226417247963209,-1.5576643615748698
3228,-1.4934257283272379,-1.5576643615748698
3229,-1.1973221095495679,-1.5576643615748698
3230,-1.4617887931743334,-1.5576643615748698
3231,-1.3903347543450455,-1.5576643615748698
3232,-1.2495511093090605,-1.5576643615748698
3233,-1.1498675469474529,-1.5576643615748698
3234,-1.2224431723108915,-1.5576643615748698
3235,-1.1953572939379644,-1.5576643615748698
3236,-1.5986748665649804,-1.5576643615748698
3237,-1.76875069579729,-1.5576643615748698
3238,-1.5394143305673684,-1.5576643615748698
3239,-1.535283624578227,-1.5576643615748698
3240,-1.7506384678317954,-1.5576643615748698
3241,-1.8104383796755807,-1.5576643615748698
3242,-1.567499929437817,-1.5576643615748698
3243,-1.881289224818145,-1.5576643615748698
3244,-1.7441227747307066,-1.5576643615748698
3245,-1.7802745386483974,-1.5576643615748698
3246,-1.7902659367173692,-1.5576643615748698
3247,-1.580611133368625,-1.5576643615748698
3248,-1.8808688327920555,-1.5576643615748698
3249,-1.5833311213883718,-1.5576643615748698
3250,-1.548912958912797,-1.5576643615748698
3251,-1.466734599406631,-1.5576643615748698
3252,-1.4253942285032868,-1.5576643615748698
3253,-1.4464977061566222,-1.5576643615748698
3254,-1.3982673477203593,-1.5576643615748698
3255,-1.3530712058532888,-1.5576643615748698
3256,-1.2555139570048173,-1.5576643615748698
3257,-1.2835289339952132,-1.5576643615748698
3258,-1.43558217649539,-1.5576643615748698
3259,-1.2656982755004917,-1.5576643615748698
3260,-1.3809837983639748,-1.5576643615748698
3261,-1.4707876434137641,-1.5576643615748698
3262,-1.4560355362549726,-1.5576643615748698
3263,-1.572224058646698,-1.5576643615748698
3264,-1.7162314363101583,-1.5576643615748698
3265,-1.6173910526680975,-1.5576643615748698
3266,-1.6983825824026797,-1.5576643615748698
3267,-1.8100124300597393,-1.5576643615748698
3268,-1.9286173594219753,-1.5576643615748698
3269,-1.7583683343862078,-1.5576643615748698
3270,-1.8781341149889499,-1.5576643615748698
3271,-1.8407403903632464,-1.5576643615748698
3272,-1.5503302642876162,-1.5576643615748698
3273,-1.7615727409366122,-1.5576643615748698
3274,-1.6727241295040405,-1.5576643615748698
3275,-1.6095128503476241,-1.5576643615748698
3276,-1.5654679963019345,-1.5576643615748698
3277,-1.2477447740472862,-1.5576643615748698
3278,-1.320990846820567,-1.5576643615748698
3279,-1.375763045017299,-1.5576643615748698
3280,-1.2535990221200488,-1.5576643615748698
3281,-1.3316329912144185,-1.5576643615748698
3282,-1.2412052647661178,-1.5576643615748698
3283,-1.2305618009511459,-1.5576643615748698
3284,-1.3035059770638138,-1.5576643615748698
3285,-1.4845881032127144,-1.5576643615748698
3286,-1.5368714186943455,-1.5576643615748698
3287,-1.5421045233850346,-1.5576643615748698
3288,-1.652798970531092,-1.5576643615748698
3289,-1.6564986919831215,-1.5576643615748698
3290,-1.7306706752637415,-1.5576643615748698
3291,-1.7444716362758401,-1.5576643615748698
3292,-1.7078133051890063,-1.5576643615748698
3293,-1.8015747839008611,-1.5576643615748698
3294,-1.7276266935268887,-1.5576643615748698
3295,-1.791963563007125,-1.5576643615748698
3296,-1.8523351820506777,-1.5576643615748698
3297,-1.5635325109495848,-1.5576643615748698
3298,-1.5699742755278663,-1.5576643615748698
3299,-1.4964577819855425,-1.5576643615748698
3300,-1.6231933783581032,-1.5576643615748698
3301,-1.6308790093363386,-1.5576643615748698
3302,-1.5192430669736685,-1.5576643615748698
3303,-1.1674007461953642,-1.5576643615748698
3304,-1.4778611045905463,-1.5576643615748698
3305,-1.2607924750102795,-1.5576643615748698
3306,-1.3626548195352524,-1.5576643615748698
3307,-1.2047629784203278,-1.5576643615748698
3308,-1.5351096155988007,-1.5576643615748698
3309,-1.4351884192464213,-1.5576643615748698
3310,-1.340510613695435,-1.5576643615748698
3311,-1.4360132386899487,-1.5576643615748698
3312,-1.7283373012934735,-1.5576643615748698
3313,-1.6277621251267045,-1.5576643615748698
3314,-1.8398114296133716,-1.5576643615748698
3315,-1.7399828928725205,-1.5576643615748698
3316,-1.643343464967459,-1.5576643615748698
3317,-1.8076519755273834,-1.5576643615748698
3318,-1.7295728108261215,-1.5576643615748698
3319,-1.7956682309450804,-1.5576643615748698
3320,-1.7658089170429792,-1.5576643615748698
3321,-1.878686482186736,-1.5576643615748698
3322,-1.698116257227916,-1.5576643615748698
3323,-1.7783823905495277,-1.5576643615748698
3324,-1.770841329285472,-1.5576643615748698
3325,-1.6193255712222803,-1.5576643615748698
3326,-1.5119732879202257,-1.5576643615748698
3327,-1.3500573697228697,-1.5576643615748698
3328,-1.475376623561686,-1.5576643615748698
3329,-1.2516202552095865,-1.5576643615748698
3330,-1.2697513302047538,-1.5576643615748698
3331,-1.1068979601769762,-1.5576643615748698
3332,-1.2879374989889318,-1.5576643615748698
3333,-1.2924501590211301,-1.5576643615748698
3334,-1.3243402144469618,-1.5576643615748698
3335,-1.3027353888874416,-1.5576643615748698
3336,-1.4573965173187553,-1.5576643615748698
3337,-1.6234181294070527,-1.5576643615748698
3338,-1.548388540631002,-1.5576643615748698
3339,-1.577665097517935,-1.5576643615748698
3340,-1.8365957108895667,-1.5576643615748698
3341,-1.6839701019358486,-1.5576643615748698
3342,-1.723796680686673,-1.5576643615748698
3343,-1.7357178428558426,-1.5576643615748698
3344,-1.8419322706788708,-1.5576643615748698
3345,-1.9229213559392924,-1.5576643615748698
3346,-1.8235244712313272,-1.5576643615748698
3347,-1.5018851726684188,-1.5576643615748698
3348,-1.8599061722666606,-1.5576643615748698
3349,-1.5449901382117293,-1.5576643615748698
3350,-1.560965935014062,-1.5576643615748698
3351,-1.4126720932629462,-1.5576643615748698
3352,-1.6432681161034326,-1.5576643615748698
3353,-1.2802061371966742,-1.5576643615748698
3354,-1.2246983148150512,-1.5576643615748698
3355,-1.3868989866595718,-1.5576643615748698
3356,-1.2651758905664294,-1.5576643615748698
3357,-1.2817988260105802,-1.5576643615748698
3358,-1.51943105179513,-1.5576643615748698
3359,-1.4386145909701415,-1.5576643615748698
3360,-1.5144632445760053,-1.5576643615748698
3361,-1.6151402740859333,-1.5576643615748698
3362,-1.5974890327761098,-1.5576643615748698
3363,-1.6109908688551602,-1.5576643615748698
3364,-1.7020059775190552,-1.5576643615748698
3365,-1.5875245277430912,-1.5576643615748698
3366,-1.8642725393553414,-1.5576643615748698
3367,-1.8349152590088602,-1.5576643615748698
3368,-1.8675504837772297,-1.5576643615748698
3369,-1.7766486805845372,-1.5576643615748698
3370,-1.8269794813832552,-1.5576643615748698
3371,-1.681729368234875,-1.5576643615748698
3372,-1.6835949420412721,-1.5576643615748698
3373,-1.725055117142154,-1.5576643615748698
3374,-1.4496228408797456,-1.5576643615748698
3375,-1.5003123363522437,-1.5576643615748698
3376,-1.5050183177036378,-1.5576643615748698
3377,-1.6178358992789226,-1.5576643615748698
3378,-1.2670271980935184,-1.5576643615748698
3379,-1.3043779389537562,-1.5576643615748698
3380,-1.3645680657714436,-1.5576643615748698
3381,-1.2083444741221265,-1.5576643615748698
3382,-1.4509227090351178,-1.5576643615748698
3383,-1.3820435083961642,-1.5576643615748698
3384,-1.4220625833115048,-1.5576643615748698
3385,-1.4364669876960756,-1.5576643615748698
3386,-1.5942277361449408,-1.5576643615748698
3387,-1.564737180296076,-1.5576643615748698
3388,-1.5361187391207036,-1.5576643615748698
3389,-1.636117953827084,-1.5576643615748698
3390,-1.5448829088140053,-1.5576643615748698
3391,-1.7132591635981587,-1.5576643615748698
3392,-1.8573378177984026,-1.5576643615748698
3393,-1.8142356690719585,-1.5576643615748698
3394,-1.8812854214650319,-1.5576643615748698
3395,-1.8364223722892357,-1.5576643615748698
3396,-1.9534654858288125,-1.5576643615748698
3397,-1.7440102154682982,-1.5576643615748698
3398,-1.9365871455614498,-1.5576643615748698
3399,-1.5732708651345435,-1.5576643615748698
3400,-1.6112333348147405,-1.5576643615748698
3401,-1.3884561518111278,-1.5576643615748698
3402,-1.4980658936155864,-1.5576643615748698
3403,-1.3586056059235925,-1.5576643615748698
3404,-1.2494679150357255,-1.5576643615748698
3405,-1.3395554698955867,-1.5576643615748698
3406,-1.3026483762064356,-1.5576643615748698
3407,-1.3269840181114527,-1.5576643615748698
3408,-1.338898399791104,-1.5576643615748698
3409,-1.318894892465465,-1.5576643615748698
3410,-1.3489680409882472,-1.5576643615748698
3411,-1.4261105895974362,-1.5576643615748698
3412,-1.5351120270665137,-1.5576643615748698
3413,-1.6324227773531088,-1.5576643615748698
3414,-1.6299447589063674,-1.5576643615748698
3415,-1.7444070103679217,-1.5576643615748698
3416,-1.815089522132754,-1.5576643615748698
3417,-1.7276171472867299,-1.5576643615748698
3418,-1.6065576261143035,-1.5576643615748698
3419,-2.08515539819117,-1.5576643615748698
3420,-1.91825614314593,-1.5576643615748698
3421,-1.5335138768566905,-1.5576643615748698
3422,-1.7493765078037022,-1.5576643615748698
3423,-1.8466933622210664,-1.5576643615748698
3424,-1.5626519502276182,-1.5576643615748698
3425,-1.524423856635763,-1.5576643615748698
3426,-1.4096751323631065,-1.5576643615748698
3427,-1.3615823722145108,-1.5576643615748698
3428,-1.3418905635165561,-1.5576643615748698
3429,-1.4989661128465743,-1.5576643615748698
3430,-1.5809163793339254,-1.5576643615748698
3431,-1.4271664136000046,-1.5576643615748698
3432,-1.3274102675811883,-1.5576643615748698
3433,-1.340874928893149,-1.5576643615748698
3434,-1.3127949557808143,-1.5576643615748698
3435,-1.4334811777876901,-1.5576643615748698
3436,-1.4049623262045288,-1.5576643615748698
3437,-1.4900112362680416,-1.5576643615748698
3438,-1.492952009397414,-1.5576643615748698
3439,-1.780876913308749,-1.5576643615748698
3440,-1.74083391223569,-1.5576643615748698
3441,-1.7502049240090356,-1.5576643615748698
3442,-1.7198722769079087,-1.5576643615748698
3443,-1.9098068211159485,-1.5576643615748698
3444,-1.7391219924481125,-1.5576643615748698
3445,-1.89045800176254,-1.5576643615748698
3446,-1.8327337772340253,-1.5576643615748698
3447,-1.7726131124301256,-1.5576643615748698
3448,-1.5589330755328576,-1.5576643615748698
3449,-1.810170548626643,-1.5576643615748698
3450,-1.4800315581367527,-1.5576643615748698
3451,-1.4032392123901656,-1.5576643615748698
3452,-1.3073407259539889,-1.5576643615748698
3453,-1.3680564988154351,-1.5576643615748698
3454,-1.2015551778362286,-1.5576643615748698
3455,-1.243387711440743,-1.5576643615748698
3456,-1.256215278298188,-1.5576643615748698
3457,-1.2877265296829266,-1.5576643615748698
3458,-1.369006032389779,-1.5576643615748698
3459,-1.3304183885403176,-1.5576643615748698
3460,-1.3768366175579883,-1.5576643615748698
3461,-1.4051488099333076,-1.5576643615748698
3462,-1.4278479111935174,-1.5576643615748698
3463,-1.6898707446058543,-1.5576643615748698
3464,-1.5861625358325813,-1.5576643615748698
3465,-1.615766234547525,-1.5576643615748698
3466,-1.7735542201843222,-1.5576643615748698
3467,-1.8250147052327226,-1.5576643615748698
3468,-1.8021955768477693,-1.5576643615748698
3469,-1.8921422968538641,-1.5576643615748698
3470,-1.8263046030325911,-1.5576643615748698
3471,-1.7513324199526044,-1.5576643615748698
3472,-1.6325200328893916,-1.5576643615748698
3473,-1.6985260928621444,-1.5576643615748698
3474,-1.586667338165418,-1.5576643615748698
3475,-1.5674411672616877,-1.5576643615748698
3476,-1.4523137122926364,-1.5576643615748698
3477,-1.5226597657960137,-1.5576643615748698
3478,-1.276215700610683,-1.5576643615748698
3479,-1.2723648408425188,-1.5576643615748698
3480,-1.3807008172872752,-1.5576643615748698
3481,-1.2875665777111167,-1.5576643615748698
3482,-1.3850432882900712,-1.5576643615748698
3483,-1.288901493257797,-1.5576643615748698
3484,-1.3260299282833004,-1.5576643615748698
3485,-1.4520304107516289,-1.5576643615748698
3486,-1.4772430386502686,-1.5576643615748698
3487,-1.4345506649862296,-1.5576643615748698
3488,-1.6436392321317772,-1.5576643615748698
3489,-1.6827684261896767,-1.5576643615748698
3490,-1.7564466463757153,-1.5576643615748698
3491,-1.7057378296636858,-1.5576643615748698
3492,-1.635588284536822,-1.5576643615748698
3493,-1.7500802026055549,-1.5576643615748698
3494,-1.9686797173413135,-1.5576643615748698
3495,-2.046095059909877,-1.5576643615748698
3496,-1.9287048708963563,-1.5576643615748698
3497,-1.6092872740823867,-1.5576643615748698
3498,-1.751108350746938,-1.5576643615748698
3499,-1.541080395503554,-1.5576643615748698
3500,-1.7189922450459159,-1.5576643615748698
3501,-1.3978194563954864,-1.5576643615748698
3502,-1.4967435461133916,-1.5576643615748698
3503,-1.5402994751874273,-1.5576643615748698
3504,-1.417256964366253,-1.5576643615748698
3505,-1.2878540809758188,-1.5576643615748698
3506,-1.3607406765495902,-1.5576643615748698
3507,-1.5878540364707399,-1.5576643615748698
3508,-1.2884037501656707,-1.5576643615748698
3509,-1.1597757331526177,-1.5576643615748698
3510,-1.3812596206780312,-1.5576643615748698
3511,-1.375792836681229,-1.5576643615748698
3512,-1.6798569379193797,-1.5576643615748698
3513,-1.634349023624819,-1.5576643615748698
3514,-1.5712140988683354,-1.5576643615748698
3515,-1.705536823248747,-1.5576643615748698
3516,-1.818378993383375,-1.5576643615748698
3517,-2.056007424027882,-1.5576643615748698
3518,-1.8188722737388945,-1.5576643615748698
3519,1.665127398596829,1.7061843233773197
3520,1.54842328251764,1.7061843233773197
3521,1.412171819633204,1.7061843233773197
3522,1.514200753339246,1.7061843233773197
3523,1.60925422994832,1.7061843233773197
3524,1.6628864829351901,1.7061843233773197
3525,1.524953968251201,1.7061843233773197
3526,1.8899820213123217,1.7061843233773197
3527,1.8425131219643347,1.7061843233773197
3528,1.8176870218979215,1.7061843233773197
3529,1.9175789640387715,1.7061843233773197
3530,1.9444777245942753,1.7061843233773197
3531,2.100491912977835,1.7061843233773197
3532,1.980170078826904,1.7061843233773197
3533,1.9649150173273284,1.7061843233773197
3534,1.7991784017324945,1.7061843233773197
3535,1.943092434122918,1.7061843233773197
3536,1.7682546226222822,1.7061843233773197
3537,1.7343402319959587,1.7061843233773197
3538,1.8051944450787416,1.7061843233773197
3539,1.6703544223032567,1.7061843233773197
3540,1.5636577572376236,1.7061843233773197
3541,1.6299420720156206,1.7061843233773197
3542,1.4427016240400294,1.7061843233773197
3543,1.487220550662057,1.7061843233773197
3544,1.6068167996171938,1.7061843233773197
3545,1.5456834143164522,1.7061843233773197
3546,1.3615645795818683,1.7061843233773197
3547,1.5272080129447203,1.7061843233773197
3548,1.4660537852677833,1.7061843233773197
3549,1.7808022504799919,1.7061843233773197
3550,1.7326565887148706,1.7061843233773197
3551,1.7565650306276994,1.7061843233773197
3552,-1.3777108612260758,-1.6734649386562812
3553,-1.4670723320926762,-1.6734649386562812
3554,-1.2992536679237228,-1.6734649386562812
3555,-1.6334369840065515,-1.6734649386562812
3556,-1.3994441369595623,-1.6734649386562812
3557,-1.289428622034128,-1.6734649386562812
3558,-1.3302410824252966,-1.6734649386562812
3559,-1.4233975353302568,-1.6734649386562812
3560,-1.4511522068643847,-1.6734649386562812
3561,-1.5341832590966944,-1.6734649386562812
3562,-1.6591277401368982,-1.6734649386562812
3563,-1.7923604639492516,-1.6734649386562812
3564,-1.8325461635071363,-1.6734649386562812
3565,-1.653685302359656,-1.6734649386562812
3566,-1.9037366402582072,-1.6734649386562812
3567,-1.8405535235718418,-1.6734649386562812
3568,-1.966395703212544,-1.6734649386562812
3569,-1.9046340530422121,-1.6734649386562812
3570,-1.8276722920343895,-1.6734649386562812
3571,-1.8669074388517266,-1.6734649386562812
3572,-1.7628520565257948,-1.6734649386562812
3573,-1.7010849320345867,-1.6734649386562812
3574,-1.6622647142572224,-1.6734649386562812
3575,-1.4913030430080245,-1.6734649386562812
3576,-1.649003116822257,-1.6734649386562812
3577,-1.6153047363331783,-1.6734649386562812
3578,-1.4001740708491508,-1.6734649386562812
3579,-1.5811060650458288,-1.6734649386562812
3580,-1.5265971421609332,-1.6734649386562812
3581,-1.4525949872613704,-1.6734649386562812
3582,-1.3963672334503825,-1.6734649386562812
3583,-1.4308919187906706,-1.6734649386562812
3584,-1.5441123526773937,-1.6734649386562812
3585,-1.5014637071128647,-1.6734649386562812
3586,-1.5602670099249178,-1.6734649386562812
3587,-1.4809163902746247,-1.6734649386562812
3588,-1.7730916804395285,-1.6734649386562812
3589,-1.6926523841588068,-1.6734649386562812
3590,-1.76426315048027,-1.6734649386562812
3591,-1.880436667448922,-1.6734649386562812
3592,-2.0674966794271907,-1.6734649386562812
3593,-2.0165898204115016,-1.6734649386562812
3594,-1.9294113941201378,-1.6734649386562812
3595,-1.8681116486073155,-1.6734649386562812
3596,-1.8823905970696873,-1.6734649386562812
3597,-1.7701081116214388,-1.6734649386562812
3598,-1.7403634229339677,-1.6734649386562812
3599,-1.8496384152002936,-1.6734649386562812
3600,-1.7594787188397538,-1.6734649386562812
3601,-1.6114892909439251,-1.6734649386562812
3602,-1.5107665111785817,-1.6734649386562812
3603,-1.3748769116438455,-1.6734649386562812
3604,-1.470178421191804,-1.6734649386562812
3605,-1.324347388207935,-1.6734649386562812
3606,-1.3804177815677152,-1.6734649386562812
3607,-1.2039495813638514,-1.6734649386562812
3608,-1.444456959080332,-1.6734649386562812
3609,-1.6057726890240203,-1.6734649386562812
3610,-1.4860887834554777,-1.6734649386562812
3611,-1.4925041402823283,-1.6734649386562812
3612,-1.7328128825815003,-1.6734649386562812
3613,-1.8444740815926877,-1.6734649386562812
3614,-1.6322166401358336,-1.6734649386562812
3615,-1.674743924401104,-1.6734649386562812
3616,-1.7356594911313676,-1.6734649386562812
3617,-2.207211217970707,-1.6734649386562812
3618,-1.9714328143152822,-1.6734649386562812
3619,-1.8930834885815873,-1.6734649386562812
3620,-1.7064220218174186,-1.6734649386562812
3621,-1.8832746462144032,-1.6734649386562812
3622,-1.7397263640826248,-1.6734649386562812
3623,-1.562656490133434,-1.6734649386562812
3624,-1.7368270809758142,-1.6734649386562812
3625,-1.8067659120847295,-1.6734649386562812
3626,-1.6361953672408123,-1.6734649386562812
3627,-1.564078024246512,-1.6734649386562812
3628,-1.4062805444812472,-1.6734649386562812
3629,-1.402648772173911,-1.6734649386562812
3630,-1.455354017255533,-1.6734649386562812
3631,-1.3583562265077997,-1.6734649386562812
3632,-1.558774942846602,-1.6734649386562812
3633,-1.457020125287491,-1.6734649386562812
3634,-1.4842059759453505,-1.6734649386562812
3635,-1.669025977976069,-1.6734649386562812
3636,-1.4600758735768173,-1.6734649386562812
3637,-1.6413056361641842,-1.6734649386562812
3638,-1.5152238803814835,-1.6734649386562812
3639,-1.786904791448162,-1.6734649386562812
3640,-1.9359647536303422,-1.6734649386562812
3641,-1.9892373600864184,-1.6734649386562812
3642,-1.9259208816529632,-1.6734649386562812
3643,-1.9659416947450934,-1.6734649386562812
3644,-1.6819868318751579,-1.6734649386562812
3645,-1.9569283538586453,-1.6734649386562812
3646,-1.9281790738230664,-1.6734649386562812
3647,-1.9574156501200164,-1.6734649386562812
3648,-2.009254328811457,-1.6734649386562812
3649,-1.6687024520483291,-1.6734649386562812
3650,-1.625172767095019,-1.6734649386562812
3651,-1.6440669313821825,-1.6734649386562812
3652,-1.5604166101200305,-1.6734649386562812
3653,-1.5641194558172435,-1.6734649386562812
3654,-1.5290416786112913,-1.6734649386562812
3655,-1.463474004173899,-1.6734649386562812
3656,-1.4590832435694503,-1.6734649386562812
3657,-1.436064553409496,-1.6734649386562812
3658,-1.371980915760675,-1.6734649386562812
3659,-1.298683740301986,-1.6734649386562812
3660,-1.4596890250024481,-1.6734649386562812
3661,-1.5799923277658092,-1.6734649386562812
3662,-1.6298419766443961,-1.6734649386562812
3663,-1.742919824149359,-1.6734649386562812
3664,-1.8179238802510769,-1.6734649386562812
3665,-1.7926926805113514,-1.6734649386562812
3666,-1.7640397425224503,-1.6734649386562812
3667,-1.9932585105595986,-1.6734649386562812
3668,-1.9671740168322966,-1.6734649386562812
3669,-1.889065074175561,-1.6734649386562812
3670,-1.957332410957191,-1.6734649386562812
3671,-1.9578588902790641,-1.6734649386562812
3672,-1.9932433264943437,-1.6734649386562812
3673,-1.6900233058630447,-1.6734649386562812
3674,-1.6381499276912543,-1.6734649386562812
3675,-1.7267126404001312,-1.6734649386562812
3676,-1.595636465748691,-1.6734649386562812
3677,-1.4235268958656189,-1.6734649386562812
3678,-1.2912163086429629,-1.6734649386562812
3679,-1.3046247004559086,-1.6734649386562812
3680,-1.4545684779731143,-1.6734649386562812
3681,-1.378704959306551,-1.6734649386562812
3682,-1.4312591660542604,-1.6734649386562812
3683,-1.390285781467321,-1.6734649386562812
3684,-1.4375066877193001,-1.6734649386562812
3685,-1.6791658320076939,-1.6734649386562812
3686,-1.4527570859515577,-1.6734649386562812
3687,-1.6060044360947845,-1.6734649386562812
3688,-1.7806074655683273,-1.6734649386562812
3689,-1.658802963056496,-1.6734649386562812
3690,-1.8235705117142094,-1.6734649386562812
3691,-1.8412387160906787,-1.6734649386562812
3692,-1.845753431772211,-1.6734649386562812
3693,-1.7636738730206454,-1.6734649386562812
3694,-1.9974650317352187,-1.6734649386562812
3695,-2.035603128215684,-1.6734649386562812
3696,-0.6405399061053776,-0.5800708546751792
3697,-0.63462591236417,-0.5800708546751792
3698,-0.7690157792058412,-0.5800708546751792
3699,-0.5742049625219806,-0.5800708546751792
3700,-0.5700816458123095,-0.5800708546751792
3701,-0.5936644927253866,-0.5800708546751792
3702,-0.5071531130718603,-0.5800708546751792
3703,-0.4437648958249054,-0.5800708546751792
3704,-0.4278362667268042,-0.5800708546751792
3705,-0.31988021436494274,-0.5800708546751792
3706,-0.452789216722542,-0.5800708546751792
3707,-0.4237092207987198,-0.5800708546751792
3708,-0.46145660103068087,-0.5800708546751792
3709,-0.4531323510647973,-0.5800708546751792
3710,-0.3243769192830672,-0.5800708546751792
3711,-0.42571727714731067,-0.5800708546751792
3712,-0.6199003001696369,-0.5800708546751792
3713,-0.5837413172062738,-0.5800708546751792
3714,-0.6299153015133546,-0.5800708546751792
3715,-0.7226415837415558,-0.5800708546751792
3716,-0.6014699582887884,-0.5800708546751792
3717,-0.7604585392681913,-0.5800708546751792
3718,-0.9107590956213112,-0.5800708546751792
3719,-0.8348902226046119,-0.5800708546751792
3720,-0.7669810085553975,-0.5800708546751792
3721,-0.6923813993755665,-0.5800708546751792
3722,-0.8143234262743502,-0.5800708546751792
3723,-0.7094610432732465,-0.5800708546751792
3724,-0.481875539632274,-0.5800708546751792
3725,-0.4591319535496992,-0.5800708546751792
3726,-0.43988866702421375,-0.5800708546751792
3727,-0.46689096534048624,-0.5800708546751792
3728,-0.500009980473674,-0.5800708546751792
3729,-0.380257581682955,-0.5800708546751792
3730,-0.3991578015964873,-0.5800708546751792
3731,-0.13303122446656812,-0.5800708546751792
3732,-0.11820231824069108,-0.5800708546751792
3733,-0.3419616944717241,-0.5800708546751792
3734,-0.44641453062387104,-0.5800708546751792
3735,-0.4329853447195805,-0.5800708546751792
3736,-0.4793537440960366,-0.5800708546751792
3737,-0.3986660618563768,-0.5800708546751792
3738,-0.6593312494122796,-0.5800708546751792
3739,-0.85526423154012,-0.5800708546751792
3740,-0.8813605012646689,-0.5800708546751792
3741,-0.8799649114217621,-0.5800708546751792
3742,-0.7751797726482174,-0.5800708546751792
3743,-0.757675285774921,-0.5800708546751792
3744,-0.7875921737840872,-0.5800708546751792
3745,-0.8453273910531601,-0.5800708546751792
3746,-0.887169370782914,-0.5800708546751792
3747,-0.8200575731259636,-0.5800708546751792
3748,-0.5372070011274687,-0.5800708546751792
3749,-0.6898041001904613,-0.5800708546751792
3750,-0.47265517353954506,-0.5800708546751792
3751,-0.564055982656202,-0.5800708546751792
3752,-0.2849335864440855,-0.5800708546751792
3753,-0.3271834689286348,-0.5800708546751792
3754,-0.3617681266021643,-0.5800708546751792
3755,-0.34222010040280587,-0.5800708546751792
3756,-0.42013259091517774,-0.5800708546751792
3757,-0.16159279022724646,-0.5800708546751792
3758,-0.20727214634556523,-0.5800708546751792
3759,-0.47339853544769184,-0.5800708546751792
3760,-0.43556367728262974,-0.5800708546751792
3761,-0.5003688669030808,-0.5800708546751792
3762,-0.613562341326473,-0.5800708546751792
3763,-0.7588240446156864,-0.5800708546751792
3764,-0.6421259926083476,-0.5800708546751792
3765,-0.7265164785150224,-0.5800708546751792
3766,-0.8147945544018373,-0.5800708546751792
3767,-0.6717224231483085,-0.5800708546751792
3768,-1.064467447793149,-0.5800708546751792
3769,-0.817988227323238,-0.5800708546751792
3770,-0.781130918203562,-0.5800708546751792
3771,-0.8911375395175585,-0.5800708546751792
3772,-0.6674098525655868,-0.5800708546751792
3773,-0.846564061062422,-0.5800708546751792
3774,-0.7025487149612734,-0.5800708546751792
3775,-0.5698363920252286,-0.5800708546751792
3776,-0.40129320006212604,-0.5800708546751792
3777,-0.6547182120243256,-0.5800708546751792
3778,-0.3183503891319964,-0.5800708546751792
3779,-0.3152408882357559,-0.5800708546751792
3780,-0.35241390862012556,-0.5800708546751792
3781,-0.3982748306526388,-0.5800708546751792
3782,-0.17160947073588842,-0.5800708546751792
3783,-0.41081666264886807,-0.5800708546751792
3784,-0.40745544792226274,-0.5800708546751792
3785,-0.5624719426094856,-0.5800708546751792
3786,-0.542810945165749,-0.5800708546751792
3787,-0.7109696772057981,-0.5800708546751792
3788,-0.5411937582788462,-0.5800708546751792
3789,-0.7463786311771133,-0.5800708546751792
3790,-0.6554899849230977,-0.5800708546751792
3791,-0.7073084067986941,-0.5800708546751792
3792,-0.8938915961738542,-0.5800708546751792
3793,-0.6959844446707936,-0.5800708546751792
3794,-0.7854465808021673,-0.5800708546751792
3795,-0.7846299205942909,-0.5800708546751792
3796,-0.8355291481066369,-0.5800708546751792
3797,-0.8682222176130594,-0.5800708546751792
3798,-0.7002507094709425,-0.5800708546751792
3799,-0.6608310441760764,-0.5800708546751792
3800,-0.5141425723819512,-0.5800708546751792
3801,-0.41794367350380524,-0.5800708546751792
3802,-0.36704984365917515,-0.5800708546751792
3803,-0.32568695037058265,-0.5800708546751792
3804,-0.4305413732608284,-0.5800708546751792
3805,-0.24817308120149395,-0.5800708546751792
3806,-0.34328990726608455,-0.5800708546751792
3807,-0.05847572110900301,-0.5800708546751792
3808,-0.4497352891019937,-0.5800708546751792
3809,-0.21517298902780738,-0.5800708546751792
3810,-0.5089013560468667,-0.5800708546751792
3811,-0.4197979229494681,-0.5800708546751792
3812,-0.5469303720672505,-0.5800708546751792
3813,-0.6280127696203432,-0.5800708546751792
3814,-0.7747564046879435,-0.5800708546751792
3815,-0.6729598542063934,-0.5800708546751792
3816,-0.8746719418371678,-0.5800708546751792
3817,-0.9150293841571032,-0.5800708546751792
3818,-0.887772572257958,-0.5800708546751792
3819,-0.9320657212601555,-0.5800708546751792
3820,-0.8174006837908631,-0.5800708546751792
3821,-1.9271245209937131,-1.6092438960835345
3822,-1.8605539488470575,-1.6092438960835345
3823,-1.7280716534425944,-1.6092438960835345
3824,-1.6420812224723575,-1.6092438960835345
3825,-1.489174680815253,-1.6092438960835345
3826,-1.7205595917799679,-1.6092438960835345
3827,-1.6296553217989944,-1.6092438960835345
3828,-1.3892585754626638,-1.6092438960835345
3829,-1.5286852872743457,-1.6092438960835345
3830,-1.3440212198174526,-1.6092438960835345
3831,-1.4870343681545422,-1.6092438960835345
3832,-1.3319475682459845,-1.6092438960835345
3833,-1.4343922230290924,-1.6092438960835345
3834,-1.372512519823812,-1.6092438960835345
3835,-1.4794289112962034,-1.6092438960835345
3836,-1.533092516912482,-1.6092438960835345
3837,-1.5479416478633166,-1.6092438960835345
3838,-1.643330897204123,-1.6092438960835345
3839,-1.6794522524455409,-1.6092438960835345
3840,-1.6257569631475355,-1.6092438960835345
3841,-1.8712182055068305,-1.6092438960835345
3842,-1.868856801469714,-1.6092438960835345
3843,-1.9205665833404693,-1.6092438960835345
3844,-1.994840604115929,-1.6092438960835345
3845,-1.757462455623834,-1.6092438960835345
3846,-1.7808887613162934,-1.6092438960835345
3847,-1.8560185789121606,-1.6092438960835345
3848,-1.8338281654218733,-1.6092438960835345
3849,-1.7727796736567951,-1.6092438960835345
3850,-1.5885270079495222,-1.6092438960835345
3851,-1.4977559110025709,-1.6092438960835345
3852,-1.536097279092305,-1.6092438960835345
3853,-1.3722728048589392,-1.6092438960835345
3854,-1.4583846283610917,-1.6092438960835345
3855,-1.4856947155045233,-1.6092438960835345
3856,-1.6406030201797865,-1.6092438960835345
3857,-1.6026968961126722,-1.6092438960835345
3858,-1.4415664548719715,-1.6092438960835345
3859,-1.3793840548427263,-1.6092438960835345
3860,-1.648952462165604,-1.6092438960835345
3861,-1.3711406089664147,-1.6092438960835345
3862,-1.6740857972722543,-1.6092438960835345
3863,-1.6576168202468864,-1.6092438960835345
3864,-1.6066024527839162,-1.6092438960835345
3865,-1.7495471977700476,-1.6092438960835345
3866,-1.8549055669792291,-1.6092438960835345
3867,-1.8662014943991188,-1.6092438960835345
3868,-1.896266601952652,-1.6092438960835345
3869,-2.0789221165999305,-1.6092438960835345
3870,-1.8948867800164644,-1.6092438960835345
3871,-1.8841504261696456,-1.6092438960835345
3872,-1.7715692142770574,-1.6092438960835345
3873,-1.8005824247100013,-1.6092438960835345
3874,-1.587553716930383,-1.6092438960835345
3875,-1.3647211555083951,-1.6092438960835345
3876,-1.4901195976579413,-1.6092438960835345
3877,-1.4917429293144624,-1.6092438960835345
3878,-1.4152639915305103,-1.6092438960835345
3879,-1.2835957301810224,-1.6092438960835345
3880,-1.419030715060373,-1.6092438960835345
3881,-1.3110000383256042,-1.6092438960835345
3882,-1.2298722063350134,-1.6092438960835345
3883,-1.4215941822102327,-1.6092438960835345
3884,-1.333142865311819,-1.6092438960835345
3885,-1.3750422403451261,-1.6092438960835345
3886,-1.7198436228575331,-1.6092438960835345
3887,-1.6836909037200412,-1.6092438960835345
3888,-1.8701564150865218,-1.6092438960835345
3889,-1.6246850202715437,-1.6092438960835345
3890,-1.5546544823919584,-1.6092438960835345
3891,-1.715620476204366,-1.6092438960835345
3892,-1.7210456262078373,-1.6092438960835345
3893,-1.9639132663560865,-1.6092438960835345
3894,-1.8054225217064834,-1.6092438960835345
3895,-1.7985302775335432,-1.6092438960835345
3896,-1.82935164441945,-1.6092438960835345
3897,-1.74759812516773,-1.6092438960835345
3898,-1.8052675786461179,-1.6092438960835345
3899,-1.7297362874266449,-1.6092438960835345
3900,-1.6529580447969534,-1.6092438960835345
3901,-1.4255835754767192,-1.6092438960835345
3902,-1.4047759836429141,-1.6092438960835345
3903,-1.3956251026457538,-1.6092438960835345
3904,-1.4568166837543437,-1.6092438960835345
3905,-1.1916765188955667,-1.6092438960835345
3906,-1.3502111422162013,-1.6092438960835345
3907,-1.3941314213103475,-1.6092438960835345
3908,-1.3244432757936377,-1.6092438960835345
3909,-1.4970339534017694,-1.6092438960835345
3910,-1.4824016004081095,-1.6092438960835345
3911,-1.527235584184203,-1.6092438960835345
3912,-1.733688716830051,-1.6092438960835345
3913,-1.5317638083073029,-1.6092438960835345
3914,-1.8030831327719214,-1.6092438960835345
3915,-1.7217728372933176,-1.6092438960835345
3916,-1.7426276368295943,-1.6092438960835345
3917,-2.121249692168814,-1.6092438960835345
3918,-1.9451525137168693,-1.6092438960835345
3919,-2.028136940812601,-1.6092438960835345
3920,-1.850781768402951,-1.6092438960835345
3921,-1.9534170582411448,-1.6092438960835345
3922,-1.8872856462628964,-1.6092438960835345
3923,-1.818745617684416,-1.6092438960835345
3924,-1.6668558119174883,-1.6092438960835345
3925,-1.5830093740675888,-1.6092438960835345
3926,-1.664699072557377,-1.6092438960835345
3927,-1.5707472081916913,-1.6092438960835345
3928,-1.3601563176130367,-1.6092438960835345
3929,-1.5153507857980553,-1.6092438960835345
3930,-1.3843488035746465,-1.6092438960835345
3931,-1.436397909052215,-1.6092438960835345
3932,-1.1454282354148684,-1.6092438960835345
3933,-1.3775579883097977,-1.6092438960835345
3934,-1.44234783813387,-1.6092438960835345
3935,-1.4998160381453312,-1.6092438960835345
3936,-1.4852023065244062,-1.6092438960835345
3937,-1.495885804271187,-1.6092438960835345
3938,-1.6454442275346075,-1.6092438960835345
3939,-1.6190226356486468,-1.6092438960835345
3940,-1.5000286993251035,-1.6092438960835345
3941,-1.7205802387542544,-1.6092438960835345
3942,-1.9023998231219188,-1.6092438960835345
3943,-1.8818712858731155,-1.6092438960835345
3944,-1.8504766931355365,-1.6092438960835345
3945,-1.9831994659921126,-1.6092438960835345
3946,-1.8762410643928356,-1.6092438960835345
3947,-1.7062628124915682,-1.6092438960835345
3948,-1.8237044372253979,-1.6092438960835345
3949,-1.6302680570478492,-1.6092438960835345
3950,-1.4264605234735968,-1.6092438960835345
3951,-1.6816990783551609,-1.6092438960835345
3952,-1.503738738870356,-1.6092438960835345
3953,-1.4687912174453859,-1.6092438960835345
3954,-1.5164168585636166,-1.6092438960835345
3955,-1.4750939587041763,-1.6092438960835345
3956,-1.2769663788808616,-1.6092438960835345
3957,-1.2686067717312095,-1.6092438960835345
3958,-1.363953549746196,-1.6092438960835345
3959,-1.334391902837948,-1.6092438960835345
3960,-1.5475584931821464,-1.6092438960835345
3961,-1.6871521073472586,-1.6092438960835345
3962,-1.6063937754586435,-1.6092438960835345
3963,-1.8052899977105539,-1.6092438960835345
3964,-1.6725246222828938,-1.6092438960835345
3965,-1.6793442753535952,-1.6092438960835345
3966,-1.6625336628915153,-1.6092438960835345
3967,-2.0982899943194213,-1.6092438960835345
3968,-1.909728253622175,-1.6092438960835345
3969,-1.7598405247997708,-1.6092438960835345
3970,-1.6240421574102513,-1.6092438960835345
3971,-1.897990558976329,-1.6092438960835345
3972,-1.7085528111613146,-1.6092438960835345
3973,-1.6824797845203359,-1.6092438960835345
3974,-1.5966779615386684,-1.6092438960835345
3975,-1.5840249482668494,-1.6092438960835345
3976,-1.4706675042469972,-1.6092438960835345
3977,-1.480661814210688,-1.6092438960835345
3978,-1.480115146650992,-1.6092438960835345
3979,-1.2283594649765797,-1.6092438960835345
3980,-1.2875346484553103,-1.6092438960835345
3981,-1.308488487663624,-1.6092438960835345
3982,-1.5355615059392194,-1.6092438960835345
3983,-1.118169543561597,-1.6092438960835345
3984,-1.2818210335468185,-1.6092438960835345
3985,-1.291139327653349,-1.6092438960835345
3986,-1.4745311702755557,-1.6092438960835345
3987,-1.624136910564487,-1.6092438960835345
3988,-1.6857165000167633,-1.6092438960835345
3989,-1.6696724721920577,-1.6092438960835345
3990,-1.8047692432174864,-1.6092438960835345
3991,-1.7856040590377207,-1.6092438960835345
3992,-1.7346684892784832,-1.6092438960835345
3993,-1.7211848797350042,-1.6092438960835345
3994,-1.8343976876953418,-1.6092438960835345
3995,-1.7347043067739754,-1.6092438960835345
3996,-1.8596198325162043,-1.6092438960835345
3997,-1.8039919793451122,-1.6092438960835345
3998,-1.869050667438763,-1.6092438960835345
3999,-1.5082773701589114,-1.6092438960835345
4000,-1.5257249807269815,-1.6092438960835345
4001,-1.5133991705788765,-1.6092438960835345
4002,-1.5418516580455552,-1.6092438960835345
4003,-1.2838260517809166,-1.6092438960835345
4004,-1.3443185529263326,-1.6092438960835345
4005,-1.244298814052755,-1.6092438960835345
4006,-1.3597515478287785,-1.6092438960835345
4007,-1.467754165410056,-1.6092438960835345
4008,-1.5162837832141647,-1.6092438960835345
4009,-1.3249117051467094,-1.6092438960835345
4010,-1.5336350341907499,-1.6092438960835345
4011,-1.5105972025634546,-1.6092438960835345
4012,-1.5345434352388632,-1.6092438960835345
4013,-1.6091706489108946,-1.6092438960835345
4014,-1.6403896124003514,-1.6092438960835345
4015,-1.821213468775812,-1.6092438960835345
4016,-1.7933804910720288,-1.6092438960835345
4017,-1.87847668394899,-1.6092438960835345
4018,-1.8445024782910011,-1.6092438960835345
4019,-1.8773180406776957,-1.6092438960835345
4020,-1.79363648736057,-1.6092438960835345
4021,-1.7214681501779665,-1.6092438960835345
4022,-1.8154214572076204,-1.6092438960835345
4023,-1.5205196416790725,-1.6092438960835345
4024,-1.830462551029361,-1.6092438960835345
4025,-1.6660904424816938,-1.6092438960835345
4026,-1.4397215564099732,-1.6092438960835345
4027,-1.5073185621381884,-1.6092438960835345
4028,-1.306247908558645,-1.6092438960835345
4029,-1.3469156491820133,-1.6092438960835345
4030,-1.277186585112082,-1.6092438960835345
4031,-1.4179746577172427,-1.6092438960835345
4032,-1.2617827121187002,-1.6092438960835345
4033,-1.283508456550017,-1.6092438960835345
4034,-1.3959488719574904,-1.6092438960835345
4035,-1.6465899058166362,-1.6092438960835345
4036,-1.4218902478896518,-1.6092438960835345
4037,-1.4197569053119787,-1.6092438960835345
4038,-1.6663581779956071,-1.6092438960835345
4039,-1.6431006914540003,-1.6092438960835345
4040,-1.7054873686772813,-1.6092438960835345
4041,-1.9776453475336997,-1.6092438960835345
4042,-1.8174115914297246,-1.6092438960835345
4043,-1.765906945228002,-1.6092438960835345
4044,-1.9439073853357731,-1.6092438960835345
4045,-1.8604053314994458,-1.6092438960835345
4046,-1.8784772103161347,-1.6092438960835345
4047,-1.8329501106240387,-1.6092438960835345
4048,-1.7161610489255277,-1.6092438960835345
4049,-1.4920958284050272,-1.6092438960835345
4050,-1.6954609753677494,-1.6092438960835345
4051,-1.5674750193296383,-1.6092438960835345
4052,-1.3930882658186563,-1.6092438960835345
4053,-1.5713095163308795,-1.6092438960835345
4054,-1.437559572847986,-1.6092438960835345
4055,-1.3098366251788707,-1.6092438960835345
4056,-1.2891949269252194,-1.6092438960835345
4057,-1.3192208788313238,-1.6092438960835345
4058,-1.386923886992362,-1.6092438960835345
4059,-1.4805710127212144,-1.6092438960835345
4060,-1.5718332233934238,-1.6092438960835345
4061,-1.4686501642719996,-1.6092438960835345
4062,-1.535132878878178,-1.6092438960835345
4063,-1.547625794731111,-1.6092438960835345
4064,-1.6760726826763377,-1.6092438960835345
4065,-1.8201059719551023,-1.6092438960835345
4066,-1.790118904754116,-1.6092438960835345
4067,-1.7175470028973319,-1.6092438960835345
4068,-1.9349487883231091,-1.6092438960835345
4069,-1.896340161135873,-1.6092438960835345
4070,-1.848998952234065,-1.6092438960835345
4071,-1.8487017701637463,-1.6092438960835345
4072,-1.6487139770211323,-1.6092438960835345
4073,-1.8321729789264491,-1.6092438960835345
4074,-1.6072685952692352,-1.6092438960835345
4075,-1.6160853712817738,-1.6092438960835345
4076,-1.3825861239144541,-1.6092438960835345
4077,-1.4275642637342945,-1.6092438960835345
4078,-1.1493991033382007,-1.6092438960835345
4079,-1.1851134468651687,-1.6092438960835345
4080,-1.3686143907444204,-1.6092438960835345
4081,-1.4015548294400904,-1.6092438960835345
4082,-1.427495781752134,-1.6092438960835345
4083,-1.3914995972920996,-1.6092438960835345
4084,-1.4499488352188352,-1.6092438960835345
4085,-1.4566608716579357,-1.6092438960835345
4086,-1.4963516413819025,-1.6092438960835345
4087,-1.5376322783863554,-1.6092438960835345
4088,-1.5590673117745264,-1.6092438960835345
4089,-1.6694808056118318,-1.6092438960835345
4090,-1.7963727878687012,-1.6092438960835345
4091,-1.8567245674758404,-1.6092438960835345
4092,-1.7836981122437412,-1.6092438960835345
4093,-1.7358235691292052,-1.6092438960835345
4094,-1.7398098249339926,-1.6092438960835345
4095,-1.8808866058833331,-1.6092438960835345
4096,-1.9251405152086059,-1.6092438960835345
4097,-1.6256226341113618,-1.6092438960835345
4098,-1.6460660413780441,-1.6092438960835345
4099,-2.095789521150191,-1.6092438960835345
4100,-1.5935811955606938,-1.6092438960835345
4101,-1.5975519071929354,-1.6092438960835345
4102,-1.5149285872753586,-1.6092438960835345
4103,-1.4707242350480612,-1.6092438960835345
4104,-1.3882173391163568,-1.6092438960835345
4105,-1.3467858416183263,-1.6092438960835345
4106,-1.3719868586700965,-1.6092438960835345
4107,-1.2571530097551284,-1.6092438960835345
4108,-1.3443824108889242,-1.6092438960835345
4109,-1.3426844284417325,-1.6092438960835345
4110,-1.5995732651263328,-1.6092438960835345
4111,-1.3722763870624983,-1.6092438960835345
4112,-1.7217800935925092,-1.6092438960835345
4113,-1.575117369306474,-1.6092438960835345
4114,-1.6768018714458686,-1.6092438960835345
4115,-1.8149885503662981,-1.6092438960835345
4116,-1.617458622369885,-1.6092438960835345
4117,-1.7753786357197725,-1.6092438960835345
4118,-1.9101651467171794,-1.6092438960835345
4119,-1.8697247449443177,-1.6092438960835345
4120,-1.7702974147545099,-1.6092438960835345
4121,-2.0441074942365187,-1.6092438960835345
4122,-1.9641948422456992,-1.6092438960835345
4123,-1.6442266468901883,-1.6092438960835345
4124,-1.568194991805663,-1.6092438960835345
4125,-1.701022788814345,-1.6092438960835345
4126,-1.5037719651980235,-1.6092438960835345
4127,-1.3835243833739694,-1.6092438960835345
4128,-1.5149058169328342,-1.6092438960835345
4129,-1.4367990382846574,-1.6092438960835345
4130,-1.3978766738985582,-1.6092438960835345
4131,-1.302700734778086,-1.6092438960835345
4132,-1.277015757329502,-1.6092438960835345
4133,-1.3963289057233281,-1.6092438960835345
4134,-1.474197474488342,-1.6092438960835345
4135,-1.5169610672815677,-1.6092438960835345
4136,-1.6010536598094185,-1.6092438960835345
4137,-1.3533505188734734,-1.6092438960835345
4138,-1.5686891413559292,-1.6092438960835345
4139,-1.7449684919898534,-1.6092438960835345
4140,-1.887954060486696,-1.6092438960835345
4141,-1.7724517195566798,-1.6092438960835345
4142,-1.8507547642306634,-1.6092438960835345
4143,-2.044073156063815,-1.6092438960835345
4144,-1.9575490162242934,-1.6092438960835345
4145,-2.027937244746773,-1.6092438960835345
4146,-2.07148370034797,-1.6092438960835345
4147,-1.8992760023259692,-1.6092438960835345
4148,-1.8197579880663375,-1.6092438960835345
4149,-1.511483648454706,-1.6092438960835345
4150,-1.4599868857890204,-1.6092438960835345
4151,-1.5459365495125936,-1.6092438960835345
4152,-1.4791125772563827,-1.6092438960835345
4153,-1.4656127860652033,-1.6092438960835345
4154,-1.3662979421842163,-1.6092438960835345
4155,-1.3727846734697442,-1.6092438960835345
4156,-1.371810301145007,-1.6092438960835345
4157,-1.2618389355580217,-1.6092438960835345
4158,-1.1080026359744988,-1.6092438960835345
4159,-1.2362740182893934,-1.6092438960835345
4160,-1.5746153823665676,-1.6092438960835345
4161,-1.656455321613373,-1.6092438960835345
4162,-1.6436890643157966,-1.6092438960835345
4163,-1.5341793023943369,-1.6092438960835345
4164,-1.6450680832368052,-1.6092438960835345
4165,-1.8006122953964663,-1.6092438960835345
4166,-1.7942331185063711,-1.6092438960835345
4167,-1.8621465962832067,-1.6092438960835345
4168,-1.9124022065112676,-1.6092438960835345
4169,-1.8022972452473276,-1.6092438960835345
4170,-1.8296496131968965,-1.6092438960835345
4171,-1.7000967655815988,-1.6092438960835345
4172,-1.8712465759659478,-1.6092438960835345
4173,-1.7783371661378922,-1.6092438960835345
4174,-1.5571197577841225,-1.6092438960835345
4175,-1.3182070826191692,-1.6092438960835345
4176,-1.6094960909031581,-1.6092438960835345
4177,-1.4672634917596286,-1.6092438960835345
4178,-1.4626005758980705,-1.6092438960835345
4179,-1.402978125280822,-1.6092438960835345
4180,-1.4858358572850665,-1.6092438960835345
4181,-1.4287074377364928,-1.6092438960835345
4182,-1.1815979325647947,-1.6092438960835345
4183,-1.3914526132440772,-1.6092438960835345
4184,-1.3272573473388138,-1.6092438960835345
4185,-1.5817479128458494,-1.6092438960835345
4186,-1.6673770569609583,-1.6092438960835345
4187,-1.5450400791459924,-1.6092438960835345
4188,-1.7471438320855741,-1.6092438960835345
4189,-1.710629328072153,-1.6092438960835345
4190,-1.8002328772012568,-1.6092438960835345
4191,-2.0011093859077995,-1.6092438960835345
4192,-1.9296363219683041,-1.6092438960835345
4193,-1.6999082081271193,-1.6092438960835345
4194,-1.7324675723569967,-1.6092438960835345
4195,-1.8437289149770282,-1.6092438960835345
4196,-1.9118480169654657,-1.6092438960835345
4197,-1.851685311679702,-1.6092438960835345
4198,-1.6487278943357948,-1.6092438960835345
4199,-1.7224437180675842,-1.6092438960835345
4200,-1.753609007163698,-1.6092438960835345
4201,-1.5350758731953589,-1.6092438960835345
4202,-1.5594167450386256,-1.6092438960835345
4203,-1.3784214476289065,-1.6092438960835345
4204,-1.3011746714617936,-1.6092438960835345
4205,-1.5061532462914367,-1.6092438960835345
4206,-1.3824121988621196,-1.6092438960835345
4207,-1.561062736493282,-1.6092438960835345
4208,-1.4485866215559313,-1.6092438960835345
4209,-1.2694719948391393,-1.6092438960835345
4210,-1.5398688179509035,-1.6092438960835345
4211,-1.511784473591309,-1.6092438960835345
4212,-1.4930699794087414,-1.6092438960835345
4213,-1.7248544042866716,-1.6092438960835345
4214,-1.6196510691461914,-1.6092438960835345
4215,-1.7658698475183046,-1.6092438960835345
4216,-1.9454649634509316,-1.6092438960835345
4217,-1.7874916497718503,-1.6092438960835345
4218,-1.839562776967901,-1.6092438960835345
4219,-1.9967050168132148,-1.6092438960835345
4220,-1.7530490172029636,-1.6092438960835345
4221,-2.027988941799353,-1.6092438960835345
4222,-1.54949872868643,-1.6092438960835345
4223,-1.612844377312967,-1.6092438960835345
4224,-1.5972016601826076,-1.6092438960835345
4225,-1.7191610386007972,-1.6092438960835345
4226,-1.3275250722011906,-1.6092438960835345
4227,-1.3808619338132186,-1.6092438960835345
4228,-1.4870185092058892,-1.6092438960835345
4229,-1.4291844234173225,-1.6092438960835345
4230,-1.2046887143456269,-1.6092438960835345
4231,-1.2616843765561683,-1.6092438960835345
4232,-1.3680458804732445,-1.6092438960835345
4233,-1.3536562729777168,-1.6092438960835345
4234,-1.5009255771122292,-1.6092438960835345
4235,-1.4367274557104774,-1.6092438960835345
4236,-1.4825088680066918,-1.6092438960835345
4237,-1.4765325991867935,-1.6092438960835345
4238,-1.6511858859215212,-1.6092438960835345
4239,-1.6724914121001628,-1.6092438960835345
4240,-1.779818625052651,-1.6092438960835345
4241,-1.7381691977638065,-1.6092438960835345
4242,-1.8060704940367363,-1.6092438960835345
4243,-1.6888034858255394,-1.6092438960835345
4244,-1.9632046002267511,-1.6092438960835345
4245,-1.7191921099518261,-1.6092438960835345
4246,-1.8783724686486145,-1.6092438960835345
4247,-1.893596705553304,-1.6092438960835345
4248,-1.7651109785271357,-1.6092438960835345
4249,-1.5750565846842557,-1.6092438960835345
4250,-1.587094053889675,-1.6092438960835345
4251,-1.6009248388242165,-1.6092438960835345
4252,-1.4147392008098487,-1.6092438960835345
4253,-1.4893308962798706,-1.6092438960835345
4254,-1.3709012975982806,-1.6092438960835345
4255,-1.3051392052549555,-1.6092438960835345
4256,-1.2764166653353022,-1.6092438960835345
4257,-1.2327224723087173,-1.6092438960835345
4258,-1.568054589238537,-1.6092438960835345
4259,-1.563853065271907,-1.6092438960835345
4260,-1.4220528233832546,-1.6092438960835345
4261,-1.5977057739998173,-1.6092438960835345
4262,-1.4989558475939904,-1.6092438960835345
4263,-1.6933017196281122,-1.6092438960835345
4264,-1.7497289618808531,-1.6092438960835345
4265,-1.8711526544879555,-1.6092438960835345
4266,-1.8803108607165053,-1.6092438960835345
4267,-1.8494805585723473,-1.6092438960835345
4268,-1.7250179319427,-1.6092438960835345
4269,-1.9304722574791169,-1.6092438960835345
4270,-1.7923275353990453,-1.6092438960835345
4271,-1.8941129694003376,-1.6092438960835345
4272,-1.7766073431305143,-1.6092438960835345
4273,-1.8850187441672581,-1.6092438960835345
4274,-1.5883557971600972,-1.6092438960835345
4275,-1.5470366536942715,-1.6092438960835345
4276,-1.690217685091121,-1.6092438960835345
4277,-1.4206611934588982,-1.6092438960835345
4278,-1.4780132409874478,-1.6092438960835345
4279,-1.3382942203346126,-1.6092438960835345
4280,-1.2655874546243673,-1.6092438960835345
4281,-1.3554222935826377,-1.6092438960835345
4282,-1.303661937394554,-1.6092438960835345
4283,-1.4406139668657123,-1.6092438960835345
4284,-1.24932374395147,-1.6092438960835345
4285,-1.425489700623721,-1.6092438960835345
4286,-1.7376338943823733,-1.6092438960835345
4287,-1.4328788935010557,-1.6092438960835345
4288,-1.705514630991493,-1.6092438960835345
4289,-1.778496628518357,-1.6092438960835345
4290,-1.633661206236078,-1.6092438960835345
4291,-1.646200245271557,-1.6092438960835345
4292,-1.9270542790790284,-1.6092438960835345
4293,-1.837723664115702,-1.6092438960835345
4294,-2.0598316619584187,-1.6092438960835345
4295,-1.8157235834543013,-1.6092438960835345
4296,-1.9195842935523262,-1.6092438960835345
4297,-1.7577436409647709,-1.6092438960835345
4298,-1.786135105912764,-1.6092438960835345
4299,-1.7024739269475364,-1.6092438960835345
4300,-1.645386549158666,-1.6092438960835345
4301,-1.4712305418643006,-1.6092438960835345
4302,-1.4817264359834519,-1.6092438960835345
4303,-1.5939482823898141,-1.6092438960835345
4304,-1.45170099897986,-1.6092438960835345
4305,-1.284847658156203,-1.6092438960835345
4306,-1.2531938295488922,-1.6092438960835345
4307,-1.2262733189872899,-1.6092438960835345
4308,-1.4035364054395014,-1.6092438960835345
4309,-1.5035516085113023,-1.6092438960835345
4310,-1.2797275284769665,-1.6092438960835345
4311,-1.531943967127758,-1.6092438960835345
4312,-1.4860991207108682,-1.6092438960835345
4313,-1.5491114012105278,-1.6092438960835345
4314,-1.8540599278402883,-1.6092438960835345
4315,-1.7239931878441461,-1.6092438960835345
4316,-2.0491478784829655,-1.6092438960835345
4317,-2.1168117689252544,-1.6092438960835345
4318,-1.7953205510972838,-1.6092438960835345
4319,-2.044488485862035,-1.6092438960835345
4320,-1.8463561353727873,-1.6092438960835345
4321,-2.011216074366674,-1.6092438960835345
4322,-1.763110859627189,-1.6092438960835345
4323,-1.8356206475525911,-1.6092438960835345
4324,-1.7309176277155487,-1.6092438960835345
4325,-1.5664985925611163,-1.6092438960835345
4326,-1.489169399512312,-1.6092438960835345
4327,-1.587788604745477,-1.6092438960835345
4328,-1.5363632796058029,-1.6092438960835345
4329,-1.1984761116686455,-1.6092438960835345
4330,-1.4451110867347974,-1.6092438960835345
4331,-1.2542599202371574,-1.6092438960835345
4332,-1.2964898441811585,-1.6092438960835345
4333,-1.39067682149947,-1.6092438960835345
4334,-1.4957750053098686,-1.6092438960835345
4335,-1.493990121448068,-1.6092438960835345
4336,-1.423912243053315,-1.6092438960835345
4337,-1.6528627705021246,-1.6092438960835345
4338,-1.539021806436024,-1.6092438960835345
4339,-1.6971882234079787,-1.6092438960835345
4340,-1.8066197890571203,-1.6092438960835345
4341,-1.9087031619935892,-1.6092438960835345
4342,-1.818052337334385,-1.6092438960835345
4343,-1.8980838399509612,-1.6092438960835345
4344,-1.697567015547166,-1.6092438960835345
4345,-1.8245123737788833,-1.6092438960835345
4346,-1.7593446813369795,-1.6092438960835345
4347,-1.698649441992363,-1.6092438960835345
4348,-1.6142033836088656,-1.6092438960835345
4349,-1.7340841661916833,-1.6092438960835345
4350,-1.66283015280305,-1.6092438960835345
4351,-1.550081973418014,-1.6092438960835345
4352,-1.4051101578811425,-1.6092438960835345
4353,-1.3345956075219205,-1.6092438960835345
4354,-1.2163051151714566,-1.6092438960835345
4355,-1.1504596433265002,-1.6092438960835345
4356,-1.3337328536443909,-1.6092438960835345
4357,-1.3092764655746525,-1.6092438960835345
4358,-1.1807334343524205,-1.6092438960835345
4359,-1.369629590020917,-1.6092438960835345
4360,-1.6960251468802163,-1.6092438960835345
4361,-1.4008337282469938,-1.6092438960835345
4362,-1.6915016601676798,-1.6092438960835345
4363,-1.8144489800485755,-1.6092438960835345
4364,-1.6517287860367036,-1.6092438960835345
4365,-1.7540852531136422,-1.6092438960835345
4366,-1.7716169307535277,-1.6092438960835345
4367,-1.8147190369370445,-1.6092438960835345
4368,-1.9919541169858412,-1.6092438960835345
4369,-1.742071542196822,-1.6092438960835345
4370,-1.716961601905683,-1.6092438960835345
4371,-1.6186666761167843,-1.6092438960835345
4372,-1.6758908166027282,-1.6092438960835345
4373,-1.6084629327006577,-1.6092438960835345
4374,-1.6958058943771743,-1.6092438960835345
4375,-1.7639528253854113,-1.6092438960835345
4376,-1.5783894987426743,-1.6092438960835345
4377,-1.5263807156137064,-1.6092438960835345
4378,-1.4059935507222727,-1.6092438960835345
4379,-1.5270619199687803,-1.6092438960835345
4380,-1.3982205183449554,-1.6092438960835345
4381,-1.3920975050693425,-1.6092438960835345
4382,-1.3515035857882287,-1.6092438960835345
4383,-1.3505634650952256,-1.6092438960835345
4384,-1.3859191367949624,-1.6092438960835345
4385,-1.4079455545315405,-1.6092438960835345
4386,-1.6139432502770705,-1.6092438960835345
4387,-1.501299933648926,-1.6092438960835345
4388,-1.6933893084826859,-1.6092438960835345
4389,-1.7851792335529504,-1.6092438960835345
4390,-1.7447291757594676,-1.6092438960835345
4391,-1.7261716030742356,-1.6092438960835345
4392,-1.7645665561508486,-1.6092438960835345
4393,-2.0003078442239466,-1.6092438960835345
4394,-1.8413698869984352,-1.6092438960835345
4395,-1.84278443078407,-1.6092438960835345
4396,-1.8862555063404236,-1.6092438960835345
4397,-1.7399498370841409,-1.6092438960835345
4398,-1.8197869176301835,-1.6092438960835345
4399,-1.7789408503332678,-1.6092438960835345
4400,-1.638472970853635,-1.6092438960835345
4401,-1.4088910226192197,-1.6092438960835345
4402,-1.3614750665698336,-1.6092438960835345
4403,-1.4950451939168765,-1.6092438960835345
4404,-1.3895536904875927,-1.6092438960835345
4405,-1.3994848106429694,-1.6092438960835345
4406,-1.3718829885855104,-1.6092438960835345
4407,-1.2544972137013457,-1.6092438960835345
4408,-1.123017575969214,-1.6092438960835345
4409,-1.3361537955362657,-1.6092438960835345
4410,-1.5098568470754827,-1.6092438960835345
4411,-1.5129466142779249,-1.6092438960835345
4412,-1.713916682519118,-1.6092438960835345
4413,-1.8706903395539776,-1.6092438960835345
4414,-1.7528182875031102,-1.6092438960835345
4415,-1.597763643181637,-1.6092438960835345
4416,-1.7480476416917392,-1.6092438960835345
4417,-1.923630373164546,-1.6092438960835345
4418,-1.947671545034432,-1.6092438960835345
4419,-1.90429373385876,-1.6092438960835345
4420,-1.7292621912705726,-1.6092438960835345
4421,-1.8118000896201003,-1.6092438960835345
4422,-1.750933790872221,-1.6092438960835345
4423,-1.7180688096811179,-1.6092438960835345
4424,-1.6202405982478314,-1.6092438960835345
4425,-1.5837333137404268,-1.6092438960835345
4426,-1.5825882635040978,-1.6092438960835345
4427,-1.4986750258342543,-1.6092438960835345
4428,-1.6323461834895097,-1.6092438960835345
4429,-1.5351988579756373,-1.6092438960835345
4430,-1.383529499730372,-1.6092438960835345
4431,-1.185100226578687,-1.6092438960835345
4432,-1.4614796172138285,-1.6092438960835345
4433,-1.5557763413201344,-1.6092438960835345
4434,-1.3175885897988686,-1.6092438960835345
4435,-1.4793170336067964,-1.6092438960835345
4436,-1.5551076565991921,-1.6092438960835345
4437,-1.6549683999542124,-1.6092438960835345
4438,-1.5539000739814408,-1.6092438960835345
4439,-1.8175280127206406,-1.6092438960835345
4440,-1.7007964668921347,-1.6092438960835345
4441,-1.7202773921807948,-1.6092438960835345
4442,-1.9105515253596304,-1.6092438960835345
4443,-1.9345669167603223,-1.6092438960835345
4444,-1.9918241542806858,-1.6092438960835345
4445,-1.9177316345901563,-1.6092438960835345
4446,-1.69850816386074,-1.6092438960835345
4447,-1.6859147183756882,-1.6092438960835345
4448,-1.8034609760752214,-1.6092438960835345
4449,-1.7913447858377807,-1.6092438960835345
4450,-1.7032546438425895,-1.6092438960835345
4451,-1.5039423834324777,-1.6092438960835345
4452,-1.299991484833063,-1.6092438960835345
4453,-1.4558227485138704,-1.6092438960835345
4454,-1.3782992225537507,-1.6092438960835345
4455,-1.346158534993199,-1.6092438960835345
4456,-1.5033405760844494,-1.6092438960835345
4457,-1.3302388122363686,-1.6092438960835345
4458,-1.32029666686041,-1.6092438960835345
4459,-1.4365883745739472,-1.6092438960835345
4460,-1.3310774787219026,-1.6092438960835345
4461,-1.5285676831291886,-1.6092438960835345
4462,-1.752779033919234,-1.6092438960835345
4463,-1.5063818389814725,-1.6092438960835345
4464,-1.6698238644126329,-1.6092438960835345
4465,-1.7771714522406519,-1.6092438960835345
4466,-1.9016617695335563,-1.6092438960835345
4467,-1.8041551483195846,-1.6092438960835345
4468,-2.1022671773018917,-1.6092438960835345
4469,-1.7670928404101496,-1.6092438960835345
4470,-1.8573944790497434,-1.6092438960835345
4471,-2.0348745089142817,-1.6092438960835345
4472,-1.835433805659403,-1.6092438960835345
4473,-1.4338753090403085,-1.6092438960835345
4474,-1.5095486638151931,-1.6092438960835345
4475,-1.527587449211888,-1.6092438960835345
4476,-1.709166858247909,-1.6092438960835345
4477,-1.4184764163698709,-1.6092438960835345
4478,-1.3657634221878086,-1.6092438960835345
4479,-1.2647052671747347,-1.6092438960835345
4480,-1.2938674686773597,-1.6092438960835345
4481,-1.2797136514742549,-1.6092438960835345
4482,-1.1339726632015106,-1.6092438960835345
4483,-1.3242185704862401,-1.6092438960835345
4484,-1.294380416708277,-1.6092438960835345
4485,-1.5860193406356777,-1.6092438960835345
4486,-1.6248215445821337,-1.6092438960835345
4487,-1.6732154193996127,-1.6092438960835345
4488,-1.7225110739540115,-1.6092438960835345
4489,-1.6536237343394489,-1.6092438960835345
4490,-1.67888411918193,-1.6092438960835345
4491,-1.8745833633856255,-1.6092438960835345
4492,-1.8520248418219905,-1.6092438960835345
4493,-1.8566088174853654,-1.6092438960835345
4494,-1.7922382249119508,-1.6092438960835345
4495,-1.8006167828931414,-1.6092438960835345
4496,-1.9825937279212769,-1.6092438960835345
4497,-1.7998834501501964,-1.6092438960835345
4498,-1.912449424059158,-1.6092438960835345
4499,-1.7879406893302663,-1.6092438960835345
4500,-1.8064346459705887,-1.6092438960835345
4501,-1.4664723307856584,-1.6092438960835345
4502,-1.5850513539432658,-1.6092438960835345
4503,-1.2089566142984094,-1.6092438960835345
4504,-1.4490667788244456,-1.6092438960835345
4505,-1.428855334481999,-1.6092438960835345
4506,-1.1869207933109513,-1.6092438960835345
4507,-1.3826720919301088,-1.6092438960835345
4508,-1.47383312069556,-1.6092438960835345
4509,-1.4429699888442173,-1.6092438960835345
4510,-1.482291620104111,-1.6092438960835345
4511,-1.6575562022334958,-1.6092438960835345
4512,-1.5205545265086289,-1.6092438960835345
4513,-1.6362107841753277,-1.6092438960835345
4514,-1.86328309125549,-1.6092438960835345
4515,-1.6596716186215372,-1.6092438960835345
4516,-1.781863183949874,-1.6092438960835345
4517,-1.8690272180414058,-1.6092438960835345
4518,-1.722788742103434,-1.6092438960835345
4519,-1.6330815517403852,-1.6092438960835345
4520,-1.8122679188261637,-1.6092438960835345
4521,-1.6241352937354279,-1.6092438960835345
4522,-1.620027032452513,-1.6092438960835345
4523,-1.6365885764551447,-1.6092438960835345
4524,-1.8283469986833512,-1.6092438960835345
4525,-1.511172765674666,-1.6092438960835345
4526,-1.5854303478069018,-1.6092438960835345
4527,-1.3961774076987215,-1.6092438960835345
4528,-1.5545169177124196,-1.6092438960835345
4529,-1.4814074441113583,-1.6092438960835345
4530,-1.2919150271081692,-1.6092438960835345
4531,-1.1277113663029876,-1.6092438960835345
4532,-1.3218614089704703,-1.6092438960835345
4533,-1.3295622668206393,-1.6092438960835345
4534,-1.4007765369325504,-1.6092438960835345
4535,-1.6523516917891021,-1.6092438960835345
4536,-1.3772499968421439,-1.6092438960835345
4537,-1.37348885105043,-1.6092438960835345
4538,-1.718722217460927,-1.6092438960835345
4539,-1.5937920252966462,-1.6092438960835345
4540,-1.7587921087676734,-1.6092438960835345
4541,-1.7523423055744438,-1.6092438960835345
4542,-1.8189741327371491,-1.6092438960835345
4543,-1.8163272366574539,-1.6092438960835345
4544,-1.7453072058112276,-1.6092438960835345
4545,-1.7958961402913522,-1.6092438960835345
4546,-1.8903161387969594,-1.6092438960835345
4547,-1.5575924895918662,-1.6092438960835345
4548,-1.782093679207988,-1.6092438960835345
4549,-1.7653500927737729,-1.6092438960835345
4550,-1.5853202323099658,-1.6092438960835345
4551,-1.637441294112521,-1.6092438960835345
4552,-1.544193150174106,-1.6092438960835345
4553,-1.2199614320501482,-1.6092438960835345
4554,-1.4119184718930375,-1.6092438960835345
4555,-1.3444849890455146,-1.6092438960835345
4556,-1.3103887018053133,-1.6092438960835345
4557,-1.4953356510031774,-1.6092438960835345
4558,-1.3597224367693146,-1.6092438960835345
4559,-1.3465815832861971,-1.6092438960835345
4560,-1.4486556493841138,-1.6092438960835345
4561,-1.6758732757849117,-1.6092438960835345
4562,-1.4949385802710289,-1.6092438960835345
4563,-1.781503318089214,-1.6092438960835345
4564,-1.7999270852127918,-1.6092438960835345
4565,-1.7300003424507011,-1.6092438960835345
4566,-1.9308567252653912,-1.6092438960835345
4567,-1.8571408169209387,-1.6092438960835345
4568,-1.7465447850429185,-1.6092438960835345
4569,-1.9378368156571835,-1.6092438960835345
4570,-1.7551032446977122,-1.6092438960835345
4571,-1.895894659419402,-1.6092438960835345
4572,-1.7998940071144411,-1.6092438960835345
4573,-1.7368293752754296,-1.6092438960835345
4574,-1.6488767476985358,-1.6092438960835345
4575,-1.748028428125027,-1.6092438960835345
4576,-1.4854560929512883,-1.6092438960835345
4577,-1.6461710631639532,-1.6092438960835345
4578,-1.4681005078303349,-1.6092438960835345
4579,-1.3066523786453452,-1.6092438960835345
4580,-1.3523607626358656,-1.6092438960835345
4581,-1.5840649870561312,-1.6092438960835345
4582,-1.3596452102708059,-1.6092438960835345
4583,-1.3404032975977016,-1.6092438960835345
4584,-1.2691221793341665,-1.6092438960835345
4585,-1.4223126573669018,-1.6092438960835345
4586,-1.4565721199473471,-1.6092438960835345
4587,-1.8143244315997413,-1.6092438960835345
4588,-1.6431511652292972,-1.6092438960835345
4589,-1.816517811227451,-1.6092438960835345
4590,-1.7175676987968196,-1.6092438960835345
4591,-1.7048244467423173,-1.6092438960835345
4592,-1.8701211801388617,-1.6092438960835345
4593,-2.211868233160654,-1.6092438960835345
4594,-2.054356130441679,-1.6092438960835345
4595,-1.8695454014319168,-1.6092438960835345
4596,-1.9196507297500638,-1.6092438960835345
4597,-1.7147341134736,-1.6092438960835345
4598,-1.8560336014999355,-1.6092438960835345
4599,-1.7873714277837722,-1.6092438960835345
4600,-1.4032265643104858,-1.6092438960835345
4601,-1.7018510473528907,-1.6092438960835345
4602,-1.6449074123901568,-1.6092438960835345
4603,-1.4803953651567898,-1.6092438960835345
4604,-1.420505660681068,-1.6092438960835345
4605,-1.2797367019189132,-1.6092438960835345
4606,-1.3690491921631516,-1.6092438960835345
4607,-1.3189886767940446,-1.6092438960835345
4608,-1.3997182259896013,-1.6092438960835345
4609,-1.498288214864495,-1.6092438960835345
4610,-1.5571821751589996,-1.6092438960835345
4611,-1.4499713958298588,-1.6092438960835345
4612,-1.6153736646550205,-1.6092438960835345
4613,-1.5873476693436033,-1.6092438960835345
4614,-1.673372993611936,-1.6092438960835345
4615,-1.6574294756155248,-1.6092438960835345
4616,-1.8299219205785437,-1.6092438960835345
4617,-1.9111941516022626,-1.6092438960835345
4618,-1.9960306718888323,-1.6092438960835345
4619,-1.712067662352884,-1.6092438960835345
4620,-1.8343598497651286,-1.6092438960835345
4621,-1.9175185995636952,-1.6092438960835345
4622,-1.8405436437082643,-1.6092438960835345
4623,-1.7785071566856538,-1.6092438960835345
4624,-1.5586977896647938,-1.6092438960835345
4625,-1.5472706112854564,-1.6092438960835345
4626,-1.3600109079928928,-1.6092438960835345
4627,-1.3998253532997014,-1.6092438960835345
4628,-1.5062186697749678,-1.6092438960835345
4629,-1.4383586829425954,-1.6092438960835345
4630,-1.3324880040236673,-1.6092438960835345
4631,-1.3450919605352225,-1.6092438960835345
4632,-1.4453953758576013,-1.6092438960835345
4633,-1.629967071890993,-1.6092438960835345
4634,-1.3541413790211299,-1.6092438960835345
4635,-1.484167825893336,-1.6092438960835345
4636,-1.4527123320793334,-1.6092438960835345
4637,-1.3780274159934782,-1.6092438960835345
4638,-1.6560903198700856,-1.6092438960835345
4639,-1.4292409193525564,-1.6092438960835345
4640,-1.6535640684958055,-1.6092438960835345
4641,-1.8054307286955598,-1.6092438960835345
4642,-1.9634574600309709,-1.6092438960835345
4643,-1.845465507722553,-1.6092438960835345
4644,-1.9019322186894307,-1.6092438960835345
4645,-1.8729514072146136,-1.6092438960835345
4646,-1.7618096130543754,-1.6092438960835345
4647,-1.7475041211289795,-1.6092438960835345
4648,-1.8125186516848115,-1.6092438960835345
4649,-1.734105694141015,-1.6092438960835345
4650,-1.6125916294480405,-1.6092438960835345
4651,-1.358581449072542,-1.6092438960835345
4652,-1.5457352196049743,-1.6092438960835345
4653,-1.2664511534393008,-1.6092438960835345
4654,-1.3821905313234546,-1.6092438960835345
4655,-1.2710812235982445,-1.6092438960835345
4656,-1.3474116623127141,-1.6092438960835345
4657,-1.551474333188233,-1.6092438960835345
4658,-1.4069363033570137,-1.6092438960835345
4659,-1.4852019560969176,-1.6092438960835345
4660,-1.5773193265127547,-1.6092438960835345
4661,-1.474012273146023,-1.6092438960835345
4662,-1.5194349562213327,-1.6092438960835345
4663,-1.468407477779519,-1.6092438960835345
4664,-1.7077768989478321,-1.6092438960835345
4665,-1.7483568127669262,-1.6092438960835345
4666,-1.8233384085206632,-1.6092438960835345
4667,-1.987892044964076,-1.6092438960835345
4668,-1.8869574029015408,-1.6092438960835345
4669,-1.7998831956709467,-1.6092438960835345
4670,-1.7756137646058872,-1.6092438960835345
4671,-1.7674650981483966,-1.6092438960835345
4672,-1.8965493755921923,-1.6092438960835345
4673,-1.7418875377691534,-1.6092438960835345
4674,-1.5711801730892179,-1.6092438960835345
4675,-1.6347604692507365,-1.6092438960835345
4676,-1.5428247290816142,-1.6092438960835345
4677,-1.4662403337424625,-1.6092438960835345
4678,-1.695200545982875,-1.6092438960835345
4679,-1.4691297580058633,-1.6092438960835345
4680,-1.3085656350219774,-1.6092438960835345
4681,-1.3121208872168553,-1.6092438960835345
4682,-1.3529236761360757,-1.6092438960835345
4683,-1.4887732689842461,-1.6092438960835345
4684,-1.2950984727559438,-1.6092438960835345
4685,-1.3615063279725017,-1.6092438960835345
4686,-1.6219844125594924,-1.6092438960835345
4687,-1.6625829540514772,-1.6092438960835345
4688,-1.5591611532282168,-1.6092438960835345
4689,-1.6414118395117374,-1.6092438960835345
4690,-1.7644477415768227,-1.6092438960835345
4691,-1.9179681247674987,-1.6092438960835345
4692,-1.8174380598010749,-1.6092438960835345
4693,-1.8545834685530387,-1.6092438960835345
4694,-1.8486064723309354,-1.6092438960835345
4695,-1.8034495882846129,-1.6092438960835345
4696,-2.0162658488325182,-1.6092438960835345
4697,-1.7885139618510346,-1.6092438960835345
4698,-1.6215785987391773,-1.6092438960835345
4699,-1.566639714435804,-1.6092438960835345
4700,-1.5924245190983592,-1.6092438960835345
4701,-1.4499373895336405,-1.6092438960835345
4702,-1.469529700699489,-1.6092438960835345
4703,-1.3972800540596646,-1.6092438960835345
4704,-1.290472281676157,-1.6092438960835345
4705,-1.1806074378363878,-1.6092438960835345
4706,-1.3654812549111588,-1.6092438960835345
4707,-1.440307035597026,-1.6092438960835345
4708,-1.3381753883209868,-1.6092438960835345
4709,-1.280122675021178,-1.6092438960835345
4710,-1.359562390202354,-1.6092438960835345
4711,-1.5353240540767008,-1.6092438960835345
4712,-1.5695323734188995,-1.6092438960835345
4713,-1.6716391986787853,-1.6092438960835345
4714,-1.7455997838154507,-1.6092438960835345
4715,-1.6413264607709033,-1.6092438960835345
4716,-1.6381664389828792,-1.6092438960835345
4717,-1.832014734579475,-1.6092438960835345
4718,-1.906677041647609,-1.6092438960835345
4719,-1.968862788747963,-1.6092438960835345
4720,-1.9339479581127583,-1.6092438960835345
4721,-1.8401760645820697,-1.6092438960835345
4722,-1.904517296712959,-1.6092438960835345
4723,-1.7508812683722612,-1.6092438960835345
4724,-1.7608034784917077,-1.6092438960835345
4725,-1.8885091255800537,-1.6092438960835345
4726,-1.5675103721162589,-1.6092438960835345
4727,-1.50844014147614,-1.6092438960835345
4728,-1.4763466670791285,-1.807920621357817
4729,-1.4667908367389437,-1.807920621357817
4730,-1.6285059846410703,-1.807920621357817
4731,-1.4582976493102187,-1.807920621357817
4732,-1.6593299992513022,-1.807920621357817
4733,-1.4490323743161322,-1.807920621357817
4734,-1.4615706848836445,-1.807920621357817
4735,-1.6583296645502157,-1.807920621357817
4736,-1.7140626779247403,-1.807920621357817
4737,-1.6257827733107852,-1.807920621357817
4738,-1.6730518198769777,-1.807920621357817
4739,-1.9471265248251668,-1.807920621357817
4740,-2.0481171465503127,-1.807920621357817
4741,-2.1990972652033727,-1.807920621357817
4742,-2.081526512858734,-1.807920621357817
4743,-2.0622887734206463,-1.807920621357817
4744,-2.030283990484118,-1.807920621357817
4745,-2.1009320788035644,-1.807920621357817
4746,-2.0155053372404748,-1.807920621357817
4747,-1.8954695999412265,-1.807920621357817
4748,-1.8819531945349173,-1.807920621357817
4749,-1.9828218109658282,-1.807920621357817
4750,-1.70418377900656,-1.807920621357817
4751,-1.8528858586828505,-1.807920621357817
4752,-1.7431775373752878,-1.807920621357817
4753,-1.619509076114021,-1.807920621357817
4754,-1.7035473356297848,-1.807920621357817
4755,-1.6988332201178276,-1.807920621357817
4756,-1.491763796419949,-1.807920621357817
4757,-1.6984080704946627,-1.807920621357817
4758,-1.7322240454496234,-1.807920621357817
4759,-1.610662353861298,-1.807920621357817
4760,-1.5780580304998,-1.807920621357817
4761,-1.6602720036099083,-1.807920621357817
4762,-1.7825773938173286,-1.807920621357817
4763,-1.8992237699864367,-1.807920621357817
4764,-1.8253386612476714,-1.807920621357817
4765,-1.920138253808777,-1.807920621357817
4766,-2.0601125139231753,-1.807920621357817
4767,-1.9631020624056557,-1.807920621357817
4768,-2.1870807144309374,-1.807920621357817
4769,-2.010503599504322,-1.807920621357817
4770,-1.9718794684864807,-1.807920621357817
4771,-1.8671466376807144,-1.807920621357817
4772,-2.0919369499880403,-1.807920621357817
4773,-2.042643626991469,-1.807920621357817
4774,-1.9576321695592775,-1.807920621357817
4775,-1.7749379246994907,-1.807920621357817
4776,-1.7424503010188666,-1.807920621357817
4777,-1.70870141143784,-1.807920621357817
4778,-1.6669271530456955,-1.807920621357817
4779,-1.800467804963847,-1.807920621357817
4780,-1.589189537633381,-1.807920621357817
4781,-1.7185484547279415,-1.807920621357817
4782,-1.6759196575511148,-1.807920621357817
4783,-1.5028281956029035,-1.807920621357817
4784,-1.491645405984233,-1.807920621357817
4785,-1.6265748271770553,-1.807920621357817
4786,-1.7209534163807085,-1.807920621357817
4787,-1.6462943225404887,-1.807920621357817
4788,-2.119883008080501,-1.807920621357817
4789,-1.6671122630977473,-1.807920621357817
4790,-2.0297520247234258,-1.807920621357817
4791,-2.0545324945639236,-1.807920621357817
4792,-1.8759692198793307,-1.807920621357817
4793,-2.1921020709910874,-1.807920621357817
4794,-1.9820946632743834,-1.807920621357817
4795,-1.9841842367277258,-1.807920621357817
4796,-2.0501365021508806,-1.807920621357817
4797,-1.9055057207793267,-1.807920621357817
4798,-1.7963697168102652,-1.807920621357817
4799,-1.8654484629577426,-1.807920621357817
4800,-1.8659545702124904,-1.807920621357817
4801,-1.7915161716001455,-1.807920621357817
4802,-1.6979333388826765,-1.807920621357817
4803,-1.4785963485338252,-1.807920621357817
4804,-1.7757568594946227,-1.807920621357817
4805,-1.5505129952047985,-1.807920621357817
4806,-1.528551418386901,-1.807920621357817
4807,-1.5263884292245766,-1.807920621357817
4808,-1.4512796449486043,-1.807920621357817
4809,-1.5117249112072209,-1.807920621357817
4810,-1.9089293956481952,-1.807920621357817
4811,-1.6622562505452358,-1.807920621357817
4812,-1.7493086946464782,-1.807920621357817
4813,-1.860329822313974,-1.807920621357817
4814,-1.8350971405600482,-1.807920621357817
4815,-2.072310370220561,-1.807920621357817
4816,-2.160963356237721,-1.807920621357817
4817,-1.8951056080170154,-1.807920621357817
4818,-2.036994662687931,-1.807920621357817
4819,-2.2707181151222113,-1.807920621357817
4820,-1.9411202542111123,-1.807920621357817
4821,-2.2164348833086516,-1.807920621357817
4822,-2.0976365965499073,-1.807920621357817
4823,-1.8102388585470486,-1.807920621357817
4824,-1.919591873805612,-1.807920621357817
4825,-1.7303598050358926,-1.807920621357817
4826,-1.6903281301954127,-1.807920621357817
4827,-1.748340976530713,-1.807920621357817
4828,-1.56140085797157,-1.807920621357817
4829,-1.7146884936456885,-1.807920621357817
4830,-1.580382279870694,-1.807920621357817
4831,-1.6313038595401808,-1.807920621357817
4832,-1.5283647877419226,-1.807920621357817
4833,-1.5126265015576486,-1.807920621357817
4834,-1.5180519790621996,-1.807920621357817
4835,-1.7626878328407158,-1.807920621357817
4836,-1.740464106228459,-1.807920621357817
4837,-1.7393781122044272,-1.807920621357817
4838,-1.9762189194658384,-1.807920621357817
4839,-1.7396983381994282,-1.807920621357817
4840,-1.8334378078968374,-1.807920621357817
4841,-1.8842494020180103,-1.807920621357817
4842,-2.2941625175656073,-1.807920621357817
4843,-1.8921953569250516,-1.807920621357817
4844,-2.1253912989393986,-1.807920621357817
4845,-1.9766980717710219,-1.807920621357817
4846,-2.0479374838239415,-1.807920621357817
4847,-1.9344309436011904,-1.807920621357817
4848,-1.9421848031255502,-1.807920621357817
4849,-1.8492885665217127,-1.807920621357817
4850,-1.623984231314846,-1.807920621357817
4851,-1.67072775839034,-1.807920621357817
4852,-1.5246976730530553,-1.807920621357817
4853,-1.6506232439457889,-1.807920621357817
4854,-1.7387781251133017,-1.807920621357817
4855,-1.5461191488896762,-1.807920621357817
4856,-1.5282180081667114,-1.807920621357817
4857,-1.529478215571867,-1.807920621357817
4858,-1.5962688410630772,-1.807920621357817
4859,-1.3645433474492408,-1.807920621357817
4860,-1.5595284835895324,-1.807920621357817
4861,-1.630692482107241,-1.807920621357817
4862,-1.794732973694102,-1.807920621357817
4863,-1.7496888241147321,-1.807920621357817
4864,-1.9654670280892879,-1.807920621357817
4865,-1.8510724815709703,-1.807920621357817
4866,-1.9845502760633353,-1.807920621357817
4867,-1.8848907108605506,-1.807920621357817
4868,-2.0850392560272333,-1.807920621357817
4869,-2.099553858407122,-1.807920621357817
4870,-1.9718435093434121,-1.807920621357817
4871,-1.9331882842423793,-1.807920621357817
4872,-2.1877372752303654,-1.807920621357817
4873,-1.9690075662419706,-1.807920621357817
4874,-1.9690572862617781,-1.807920621357817
4875,-1.6861904385851105,-1.807920621357817
4876,-1.7586733237961714,-1.807920621357817
4877,-1.7574626246441007,-1.807920621357817
4878,-1.533905095895976,-1.807920621357817
4879,-1.4403452297396127,-1.807920621357817
4880,-1.4395467289387933,-1.807920621357817
4881,-1.698645340299767,-1.807920621357817
4882,-1.3223008995053789,-1.807920621357817
4883,-1.7583648530551048,-1.807920621357817
4884,-1.728797315458802,-1.807920621357817
4885,-1.6793548807404386,-1.807920621357817
4886,-1.822857261188902,-1.807920621357817
4887,-1.884931244733391,-1.807920621357817
4888,-1.7666628618319036,-1.807920621357817
4889,-2.1224411704319133,-1.807920621357817
4890,-1.931488160226389,-1.807920621357817
4891,-1.9799307529963526,-1.807920621357817
4892,-1.9291181865430667,-1.807920621357817
4893,-2.172972181248369,-1.807920621357817
4894,-2.1071577753857635,-1.807920621357817
4895,-2.047542844301474,-1.807920621357817
4896,-1.896017943196715,-1.807920621357817
4897,-2.070640597161602,-1.807920621357817
4898,-1.7434389379584692,-1.807920621357817
4899,-1.8704420462391278,-1.807920621357817
4900,-1.7671328777566353,-1.807920621357817
4901,-1.8115439108888,-1.807920621357817
4902,-1.5666430128526025,-1.807920621357817
4903,-1.6801634894100919,-1.807920621357817
4904,-1.5382600949433596,-1.807920621357817
4905,-1.3664320236563796,-1.807920621357817
4906,-1.7656533897430093,-1.807920621357817
4907,-1.614610899960344,-1.807920621357817
4908,-1.610573706696747,-1.807920621357817
4909,-1.6282884212786624,-1.807920621357817
4910,-1.7085317796460966,-1.807920621357817
4911,-1.6089078961574559,-1.807920621357817
4912,-1.821129957969789,-1.807920621357817
4913,-1.7679274604979116,-1.807920621357817
4914,-2.0724873027621267,-1.807920621357817
4915,-2.0300263147664963,-1.807920621357817
4916,-1.8373166952272912,-1.807920621357817
4917,-2.073722565001395,-1.807920621357817
4918,-2.213531282168947,-1.807920621357817
4919,-2.067211221743373,-1.807920621357817
4920,-2.0431369260789007,-1.807920621357817
4921,-1.8956465141513648,-1.807920621357817
4922,-2.0309579841508616,-1.807920621357817
4923,-1.6045490870577457,-1.807920621357817
4924,-1.811668813803627,-1.807920621357817
4925,-1.7671194713127651,-1.807920621357817
4926,-1.6500730895526505,-1.807920621357817
4927,-1.6300587027347238,-1.807920621357817
4928,-1.6715036152855163,-1.807920621357817
4929,-1.6290789962388033,-1.807920621357817
4930,-1.495855381417384,-1.807920621357817
4931,-1.3556537689296837,-1.807920621357817
4932,-1.357270696247272,-1.807920621357817
4933,-1.589950281894683,-1.807920621357817
4934,-1.7365819146016461,-1.807920621357817
4935,-1.6811438997481059,-1.807920621357817
4936,-1.677552024520251,-1.807920621357817
4937,-1.7333699972090266,-1.807920621357817
4938,-1.9562126803507063,-1.807920621357817
4939,-1.8146228795237447,-1.807920621357817
4940,-1.975255932491345,-1.807920621357817
4941,-1.9811242342102837,-1.807920621357817
4942,-1.9823075675235304,-1.807920621357817
4943,-2.150489508669407,-1.807920621357817
4944,-1.9855490100601454,-1.807920621357817
4945,-2.049622778159171,-1.807920621357817
4946,-1.9969288005054149,-1.807920621357817
4947,-1.7667623170173192,-1.807920621357817
4948,-1.9972891338791112,-1.807920621357817
4949,-1.9010967979475761,-1.807920621357817
4950,-1.703784160037476,-1.807920621357817
4951,-1.637497709464194,-1.807920621357817
4952,-1.7469256280193075,-1.807920621357817
4953,-1.5595200344624378,-1.807920621357817
4954,-1.5889356881035217,-1.807920621357817
4955,-1.6715149954836264,-1.807920621357817
4956,-1.6678510744381503,-1.807920621357817
4957,-1.6179419478692254,-1.807920621357817
4958,-1.443599844101239,-1.807920621357817
4959,-1.6659872839080188,-1.807920621357817
4960,-1.6820521848782546,-1.807920621357817
4961,-1.6646415063238176,-1.807920621357817
4962,-1.6898057508254116,-1.807920621357817
4963,-1.7983160030021987,-1.807920621357817
4964,-1.764040374564396,-1.807920621357817
4965,-1.9449436020533655,-1.807920621357817
4966,-1.970138559122062,-1.807920621357817
4967,-2.1458850887613674,-1.807920621357817
4968,-1.9329432268174402,-1.807920621357817
4969,-2.078677187463512,-1.807920621357817
4970,-2.0934105991794576,-1.807920621357817
4971,-2.053039129382838,-1.807920621357817
4972,-1.8968946437008865,-1.807920621357817
4973,-2.1041816234743265,-1.807920621357817
4974,-1.9588046572806455,-1.807920621357817
4975,-1.8209451521487892,-1.807920621357817
4976,-1.7510151152800866,-1.807920621357817
4977,-1.4705613688446828,-1.807920621357817
4978,-1.5179355750410806,-1.807920621357817
4979,-1.6235893605898377,-1.807920621357817
4980,-1.3842125842117787,-1.807920621357817
4981,-1.5306559647837634,-1.807920621357817
4982,-1.4496290767464752,-1.807920621357817
4983,-1.5556624002404265,-1.807920621357817
4984,-1.4559390110019044,-1.807920621357817
4985,-1.7358386929107397,-1.807920621357817
4986,-1.7441355725637697,-1.807920621357817
4987,-1.7802528647376883,-1.807920621357817
4988,-1.7338561573367823,-1.807920621357817
4989,-2.013425979358691,-1.807920621357817
4990,-1.8382344284669971,-1.807920621357817
4991,-2.113840686825243,-1.807920621357817
4992,-1.988583574114735,-1.807920621357817
4993,-1.9868690209740967,-1.807920621357817
4994,-2.033809600611283,-1.807920621357817
4995,-2.162169226576036,-1.807920621357817
4996,-2.132389053464214,-1.807920621357817
4997,-1.9961677285237125,-1.807920621357817
4998,-1.9257813309498908,-1.807920621357817
4999,-1.7478185539690947,-1.807920621357817
